Class,address,age,block,creator,direction,inter_direction,txFee,txhash,txn_type,type,value
0,0x006bea43baa3f7a6f765f14f10a1a1b08334ef45,1537705591,6386686.0,0xaf773cb251d81178a611ba74e279bbaddce560c2,IN,3,0.00214872,0x5b858161fa88f1624d06ffab28c31c7b95cc56a87529132ce82a082cdfd0456c,external,0,0 Ether
0,0x006bea43baa3f7a6f765f14f10a1a1b08334ef45,1518051659,5052098.0,0xaf773cb251d81178a611ba74e279bbaddce560c2,IN,3,0.00110056,0x7f24f2c998745c834ff7098e41d205399a28426729b402f8951b7491c467e177,external,0,0 Ether
0,0x006bea43baa3f7a6f765f14f10a1a1b08334ef45,1515142118,4859097.0,0xaf773cb251d81178a611ba74e279bbaddce560c2,IN,3,0.00110056,0xa2a73ff86556ebca155d9ae4e0415a5a475537974ed779cc953fa9d44377f99d,external,0,0 Ether
