Class,address,age,block,creator,direction,inter_direction,txFee,txhash,txn_type,type,value
0,0x006bea43baa3f7a6f765f14f10a1a1b08334ef45,1505239839,4267954.0,0xaf773cb251d81178a611ba74e279bbaddce560c2,IN,3,0.00047191,0x0a193d74149419da9e91b0f46845ed1c369cb4b1692fada169cd2e21a679058b,external,0,0 Ether
0,0x006bea43baa3f7a6f765f14f10a1a1b08334ef45,1504754454,4247867.0,0xaf773cb251d81178a611ba74e279bbaddce560c2,IN,3,0.0008422000000000001,0x7d9894677a580d0c778e670dff460d61a03cf624eb51489abc6a2eb34cf292af,external,0,0 Ether
