Class,address,age,block,creator,direction,inter_direction,txFee,txhash,txn_type,type,value
0,0x006bea43baa3f7a6f765f14f10a1a1b08334ef45,1503010990,4172339.0,0xaf773cb251d81178a611ba74e279bbaddce560c2,IN,3,0.00113184,0x84cbdf877ea366dc34af0294133fe3b4e9d1fe98fc0024a4f60c7a843b8f6871,external,0,0 Ether
0,0x006bea43baa3f7a6f765f14f10a1a1b08334ef45,1528263364,5742326.0,0xaf773cb251d81178a611ba74e279bbaddce560c2,IN,3,0.00073281,0x9ea594ffe745994e20c486860c86374b15cf1d7c77e225011438e2240354a2d9,external,0,0 Ether
