Class,address,age,block,creator,direction,inter_direction,txFee,txhash,txn_type,type,value
1,0xbeefd8fb3b5778f99e021afa2e41e0614af6af11,1540032519,6551859.0,0x300758881bf3756b6cb5b2e96f545d7b3566ce3a,OUT,2,0.0,0x8ac701565eb353dba160807eaa4eee8a5bde552ed3053f74f047900e16059fce,internal,call,0.035073586611722 Ether
1,0xbeefd8fb3b5778f99e021afa2e41e0614af6af11,1539428237,6509052.0,0x300758881bf3756b6cb5b2e96f545d7b3566ce3a,OUT,2,0.0,0x752c6a65cc9f4d4777f4105d81d65db77af57836be8a28073e6175230c568089,internal,call,0.000013147561928 Ether
1,0xbeefd8fb3b5778f99e021afa2e41e0614af6af11,1539427896,0.0,0x300758881bf3756b6cb5b2e96f545d7b3566ce3a,OUT,2,0.0,0x65337f29091c6bfd216bab4ed80ebe529405f2c7f4cbb0ee6ad5ead8ee894da8,internal,call,0.003341671990121 Ether
1,0xbeefd8fb3b5778f99e021afa2e41e0614af6af11,1540203247,6563898.0,0x300758881bf3756b6cb5b2e96f545d7b3566ce3a,OUT,2,0.0,0x73a9ee12619b56e9beed7e9dc7725a1e1fe95d7fef4d3ac0c5bcec4712b37b50,internal,call,0.009892718628459 Ether
1,0xbeefd8fb3b5778f99e021afa2e41e0614af6af11,1539430009,6509176.0,0x300758881bf3756b6cb5b2e96f545d7b3566ce3a,OUT,2,0.0,0x010468e4cddfaa692b53fd89e4681cde505283d16bbe383951a64e1d6606ac0f,internal,call,0.000101893604944 Ether
