Class,address,age,block,creator,direction,inter_direction,txFee,txhash,txn_type,type,value
0,0x8d12a197cb00d4747a1fe03395095ce2a5cc6819,1531836955,5982963.0,0x1ed014aec47fae44c9e55bac7662c0b78ae61798,OUT,2,0.0,0x94d4e1c6cd6103e97d70f52e57ad85c6be2914b4505a970e96ba55454942a28e,internal,call,0.00347 Ether
0,0x8d12a197cb00d4747a1fe03395095ce2a5cc6819,1533026612,6064134.0,0x1ed014aec47fae44c9e55bac7662c0b78ae61798,OUT,2,0.0,0x25bab85bb827398eb7050737e47e6039ebe08a961288076975d30baddee730be,internal,call,0.00269519 Ether
