Class,address,age,block,creator,direction,inter_direction,txFee,txhash,txn_type,type,value
1,0x7b307c1f0039f5d38770e15f8043b3dd26da5e8f,1539871981,6540524.0,0xe1f3294e25bb72a2fb53addb82aa1a033797e6e3,OUT,2,0.0,0x8e7ef5a66d45900ea7c529793d2e3fb2498fe0cb2e608ae072d71d6b933c5c9c,internal,call,0.027876334520145 Ether
1,0x7b307c1f0039f5d38770e15f8043b3dd26da5e8f,1540213654,6564651.0,0xe1f3294e25bb72a2fb53addb82aa1a033797e6e3,OUT,2,0.0,0x68dd9ab1f6234baee3036b1c58f3dc1ece7f651fa8c35cc969bfdc52722f9164,internal,call,0.054912828459139 Ether
1,0x7b307c1f0039f5d38770e15f8043b3dd26da5e8f,1539699588,6528276.0,0xe1f3294e25bb72a2fb53addb82aa1a033797e6e3,OUT,2,0.0,0x1c037b618b4d4b4ea04d17d76620d080d26b606a0a4b4f50eb32b179155a2dc3,internal,call,0.026758823069345 Ether
1,0x7b307c1f0039f5d38770e15f8043b3dd26da5e8f,1539576390,6516519.0,0xe1f3294e25bb72a2fb53addb82aa1a033797e6e3,OUT,2,0.0,0xd94f3369db910e06a8a53c775a8a907bb376f3310b6f77919b91da45a6c49226,internal,call,0.089715002785359 Ether
1,0x7b307c1f0039f5d38770e15f8043b3dd26da5e8f,1538445562,6438863.0,0xe1f3294e25bb72a2fb53addb82aa1a033797e6e3,OUT,2,0.0,0xab168d9de8dbabfedbb7690e56bd8e5df49262cdae5452acaeb899883902f60f,internal,call,0.025184419322033 Ether
1,0x7b307c1f0039f5d38770e15f8043b3dd26da5e8f,1538980486,6477101.0,0xe1f3294e25bb72a2fb53addb82aa1a033797e6e3,OUT,2,0.0,0x005bc2ba6009499079c5a989a2848635d8e4419e8abd56c041954d2794766e48,internal,call,0.047486270691403 Ether
1,0x7b307c1f0039f5d38770e15f8043b3dd26da5e8f,1537920101,6401836.0,0xe1f3294e25bb72a2fb53addb82aa1a033797e6e3,OUT,2,0.0,0x17db22497998d2efd91d8ae3246d95838c05d53561e2342b5312be36b725be49,internal,call,0.023145402203389 Ether
1,0x7b307c1f0039f5d38770e15f8043b3dd26da5e8f,1538200651,6421633.0,0xe1f3294e25bb72a2fb53addb82aa1a033797e6e3,OUT,2,0.0,0xb346c021aaeebc5e8485a0a87f2d61ef499abfe1421e04798916d2604132b690,internal,call,0.028936503152542 Ether
1,0x7b307c1f0039f5d38770e15f8043b3dd26da5e8f,1538689523,6456237.0,0xe1f3294e25bb72a2fb53addb82aa1a033797e6e3,OUT,2,0.0,0x34f758f1c5146d90cd968e393618418dc8981320af844e7de8c8b86ad1d327ba,internal,call,0.039543063026861 Ether
