Class,address,age,block,creator,direction,inter_direction,txFee,txhash,txn_type,type,value
0,0x06012c8cf97bead5deae237070f9587f8e7a266d,1546426050,6999154.0,0xba52c75764d6f594735dc735be7f1830cdf58ddf,IN,3,0.00025093,0x453f4c57af5954dcb3ea6e711e799c7db4d011d5b240c7a3bc767f1a5284b8f0,external,0,0 Ether
0,0x06012c8cf97bead5deae237070f9587f8e7a266d,1546423740,6998967.0,0xba52c75764d6f594735dc735be7f1830cdf58ddf,IN,3,0.00051358,0x551a15c8c69fed201b2bee41f557b4e6905a2b6209df4a144040a56f6ed4e0b8,external,0,0 Ether
