Class,address,age,block,creator,direction,inter_direction,txFee,txhash,txn_type,type,value
0,0x07e3c70653548b04f0a75970c1f81b4cbbfb606f,1515277967,4867598.0,0x3e2c6a3b6861d84d98753a2c9fa4f96c65c2ea4f,IN,3,0.00164965,0x0bff023b0a4efc7d01d0d5c6b9335d00ee26dc7a0aff2ab88ba088f91ac88b97,external,0,0 Ether
0,0x07e3c70653548b04f0a75970c1f81b4cbbfb606f,1515371239,4873539.0,0x3e2c6a3b6861d84d98753a2c9fa4f96c65c2ea4f,IN,3,0.00232177,0x0fe35baaa51694ae15c80b8717f10ad0fa21e6517fe4fd3d971df9f215e98f5a,external,0,0 Ether
0,0x07e3c70653548b04f0a75970c1f81b4cbbfb606f,1514110562,4789853.0,0x3e2c6a3b6861d84d98753a2c9fa4f96c65c2ea4f,IN,3,0.00180582,0x145edd4be5988c55f3047988cc9bf3bf70663d8e1ae3b9209321beae530f1b18,external,0,0 Ether
