Class,address,age,block,creator,direction,inter_direction,txFee,txhash,txn_type,type,value
0,0x0777f76d195795268388789343068e4fcd286919,1535040549,6199083.0,0xbea8c2f97fa34dc1cfdd7acbdc8226fb1c8c7473,IN,3,0.00067828,0x3a6c8004f1f2df729020531dacad68c8343996aa1722fa051edf49a792d4e58d,external,0,0.216 Ether
0,0x0777f76d195795268388789343068e4fcd286919,1535561658,6234740.0,0xbea8c2f97fa34dc1cfdd7acbdc8226fb1c8c7473,IN,3,0.00067103,0xb1dc2578554c32ed6b9018484932bd804491493e3637e6ca9e423830b899cd78,external,0,0.216 Ether
