Class,address,age,block,creator,direction,inter_direction,txFee,txhash,txn_type,type,value
0,0x0777f76d195795268388789343068e4fcd286919,1533240114,6078727.0,0xbea8c2f97fa34dc1cfdd7acbdc8226fb1c8c7473,IN,3,0.0004324,0x31611e01580b8cf685f94c504254009140384bf70d65c84b61838cd78005439f,external,0,0.012 Ether
0,0x0777f76d195795268388789343068e4fcd286919,1533239624,6078687.0,0xbea8c2f97fa34dc1cfdd7acbdc8226fb1c8c7473,IN,3,0.00042392,0x45036e88c916b5dae98978ba0e922732610dccefb610b1ceda463a84a2a0fdd6,external,0,0.012 Ether
0,0x0777f76d195795268388789343068e4fcd286919,1533130483,6071225.0,0xbea8c2f97fa34dc1cfdd7acbdc8226fb1c8c7473,IN,3,0.00033914,0x69a1b7bab6c52d80a9066d16bde578054867575c7a5456b44b15e6ebd2d6f322,external,0,0.012 Ether
0,0x0777f76d195795268388789343068e4fcd286919,1534677301,6177154.0,0xbea8c2f97fa34dc1cfdd7acbdc8226fb1c8c7473,IN,3,0.00019754,0x810254f403de6f258909f61490ba3a07a091d920684de4d921ccd0557dc6de43,external,0,0.012 Ether
0,0x0777f76d195795268388789343068e4fcd286919,1534677375,6177157.0,0xbea8c2f97fa34dc1cfdd7acbdc8226fb1c8c7473,IN,3,0.00019754,0xab0dc678abfd8b288b9dec522efaaf14517de0ff9a75c79d683f3c78404df421,external,0,0.012 Ether
0,0x0777f76d195795268388789343068e4fcd286919,1534677239,6177151.0,0xbea8c2f97fa34dc1cfdd7acbdc8226fb1c8c7473,IN,3,0.00019754,0xb2c8d9703e42cbb044bbcb1193c0aef2f073999272638b6547102e93d59d430a,external,0,0.012 Ether
