Class,address,age,block,creator,direction,inter_direction,txFee,txhash,txn_type,type,value
0,0x07e3c70653548b04f0a75970c1f81b4cbbfb606f,1506888054,4329408.0,0x3e2c6a3b6861d84d98753a2c9fa4f96c65c2ea4f,IN,3,0.00108349,0x1b9897a2403816d7df46a06ee23c8e50219d1cdd8b69d3f96ff8e1c6771ebac6,external,0,0 Ether
0,0x07e3c70653548b04f0a75970c1f81b4cbbfb606f,1508542291,4400589.0,0x3e2c6a3b6861d84d98753a2c9fa4f96c65c2ea4f,IN,3,0.00018294,0x756e533d789a109deabefdf3762b61341182055f97bf8b8727d5480bb7dbb457,external,0,0 Ether
0,0x07e3c70653548b04f0a75970c1f81b4cbbfb606f,1510121334,4514121.0,0x3e2c6a3b6861d84d98753a2c9fa4f96c65c2ea4f,IN,3,0.00018243,0x772325b112cf8c0af1a139c7e32ea0e5a380ea51686a717a148ab3cb6d5760d3,external,0,0 Ether
0,0x07e3c70653548b04f0a75970c1f81b4cbbfb606f,1507061559,4335128.0,0x3e2c6a3b6861d84d98753a2c9fa4f96c65c2ea4f,IN,3,0.00036486,0xa29474190f05706e77e591212fa1849ac79a894d5c9a841773f22f58039a53fc,external,0,0 Ether
