Class,address,age,block,creator,direction,inter_direction,txFee,txhash,txn_type,type,value
0,0x0777f76d195795268388789343068e4fcd286919,1545819608,6957642.0,0xbea8c2f97fa34dc1cfdd7acbdc8226fb1c8c7473,IN,3,0.00118699,0x7312cfc4eacd2336fcf7ec7500635085fe9977328546e62e8fcdcddb76007ec5,external,0,0.012 Ether
0,0x0777f76d195795268388789343068e4fcd286919,1546836177,7022902.0,0xbea8c2f97fa34dc1cfdd7acbdc8226fb1c8c7473,IN,3,0.00135657,0x7f17e5ae0b8c9ff59fc134ec6eaaa19178937df139e60f67e335d1c2281a0824,external,0,0.012 Ether
