Class,address,age,block,creator,direction,inter_direction,txFee,txhash,txn_type,type,value
0,0x07e3c70653548b04f0a75970c1f81b4cbbfb606f,1539329425,6501948.0,0x3e2c6a3b6861d84d98753a2c9fa4f96c65c2ea4f,IN,3,0.00187287,0x66d63aaee9ed7df5d68084a7849dad0aa9afb54735ecea5dc9c7c0ff663deb5c,external,0,0 Ether
0,0x07e3c70653548b04f0a75970c1f81b4cbbfb606f,1515693515,4893712.0,0x3e2c6a3b6861d84d98753a2c9fa4f96c65c2ea4f,IN,3,0.00051659,0x85a3126ad91ee49f2996379b029887d819cba3011625b4f974c3ea37f741ef34,external,0,0 Ether
0,0x07e3c70653548b04f0a75970c1f81b4cbbfb606f,1514841127,4839897.0,0x3e2c6a3b6861d84d98753a2c9fa4f96c65c2ea4f,IN,3,0.00051659,0xad9b5715616bc63d8ad99efbd3cc43e49e0d254c3d9a750f1b526572efe10606,external,0,0 Ether
