Class,address,age,block,creator,direction,inter_direction,txFee,txhash,txn_type,type,value
0,0x8d12a197cb00d4747a1fe03395095ce2a5cc6819,1533272958,6080918.0,0x1ed014aec47fae44c9e55bac7662c0b78ae61798,OUT,2,0.0,0x5a7a81b04a295dc89083ab548a83e901f9bea34764ebf7023e33a0ef58085417,internal,call,0.049500000000292 Ether
0,0x8d12a197cb00d4747a1fe03395095ce2a5cc6819,1532087763,5999864.0,0x1ed014aec47fae44c9e55bac7662c0b78ae61798,OUT,2,0.0,0xfc34aec3dc065cdb856371e6f767748e6cb4e9f494006a7833fa5798e1d9ba9d,internal,call,0.010021688615 Ether
