Class,address,age,block,creator,direction,inter_direction,txFee,txhash,txn_type,type,value
0,0x07e3c70653548b04f0a75970c1f81b4cbbfb606f,1513815733,4770160.0,0x3e2c6a3b6861d84d98753a2c9fa4f96c65c2ea4f,IN,3,0.0022401,0x0981f58cca0c4ff97da6e0cc4a119015af798ec8d95c8efebacadd6f75ce258a,external,0,0 Ether
0,0x07e3c70653548b04f0a75970c1f81b4cbbfb606f,1505036658,4259530.0,0x3e2c6a3b6861d84d98753a2c9fa4f96c65c2ea4f,IN,3,0.00018294,0x5347d43b2a0612655fc712fb8b1bfadb7ed5f6e28f74a812508b35b63a993f45,external,0,0 Ether
0,0x07e3c70653548b04f0a75970c1f81b4cbbfb606f,1510285675,4525914.0,0x3e2c6a3b6861d84d98753a2c9fa4f96c65c2ea4f,IN,3,0.00018294,0x7fe7ac786c9066d20da5fb30c24dfcc66cdc7281943780a35dba3f6fd2348d26,external,0,0 Ether
