Class,address,age,block,creator,direction,inter_direction,txFee,txhash,txn_type,type,value
0,0x08f5a9235b08173b7569f83645d2c7fb55e8ccd8,1514331389,4805261.0,0x5e9c071070343395106991556d3eb0651edff8cf,IN,3,2.211e-05,0x23ca91dad0c9d02b01049439cfd27ff1577d6f61f64fa57dbdd86c7b097fa3ae,external,0,0 Ether
0,0x08f5a9235b08173b7569f83645d2c7fb55e8ccd8,1514355309,4806926.0,0x5e9c071070343395106991556d3eb0651edff8cf,IN,3,0.00044224,0x4b895c9d0cf3e86d5bfa3bdb3131b688f668fadb7d3902ca540c4d50add616bf,external,0,0 Ether
0,0x08f5a9235b08173b7569f83645d2c7fb55e8ccd8,1514342734,4806035.0,0x5e9c071070343395106991556d3eb0651edff8cf,IN,3,0.00044224,0x4bbd8622acbd14153c849391e53511f8eafc4e5bb80aa6cd547d758bae2cdc9d,external,0,0 Ether
0,0x08f5a9235b08173b7569f83645d2c7fb55e8ccd8,1514336707,4805636.0,0x5e9c071070343395106991556d3eb0651edff8cf,IN,3,0.00044224,0x8cc7e98d69857a4aa516b1a0eb7bc0aa62462fbe715075022fff4e99d4ddaca7,external,0,0 Ether
