Class,address,age,block,creator,direction,inter_direction,txFee,txhash,txn_type,type,value
0,0x08f5a9235b08173b7569f83645d2c7fb55e8ccd8,1546429191,6999346.0,0x5e9c071070343395106991556d3eb0651edff8cf,IN,3,0.00014768,0x36eb0518a0509ed97d7a947bfbe33b413b70f30ff8808614061995351a59892b,external,0,0 Ether
0,0x08f5a9235b08173b7569f83645d2c7fb55e8ccd8,1538569579,6447659.0,0x5e9c071070343395106991556d3eb0651edff8cf,IN,3,0.00029536,0x3fc008150bd939ba8af2f41ba2742232fd68f327445bc97cc76aabfaba1b33a7,external,0,0 Ether
