Class,address,age,block,creator,direction,inter_direction,txFee,txhash,txn_type,type,value
0,0x964f35fae36d75b1e72770e244f6595b68508cf5,1524280266,5479633.0,0x8007ce15acda724689760b4ba493d4766f973649,OUT,2,0.0,0xe40bfc2ef1d65f248e152ee3a37ca24f38c7391795ffc42b68485b1254b5433b,internal,call,0.845342519218077 Ether
0,0x964f35fae36d75b1e72770e244f6595b68508cf5,1523942386,5456951.0,0x8007ce15acda724689760b4ba493d4766f973649,OUT,2,0.0,0x05314dc47a149276b48821d38c0fd9f05cf70691e273be2609179c2a9ce0b64e,internal,call,0.925414980792902 Ether
