Class,address,age,block,creator,direction,inter_direction,txFee,txhash,txn_type,type,value
0,0x09678741bd50c3e74301f38fbd0136307099ae5d,1513343694,4739025.0,0xa38f728c9431a4248753c63423518faf4de63e18,IN,3,0.0007235000000000001,0x3449c326e28c4c66038ef4f1c971343ef3407a8d591674984c4b501e79e39da5,external,0,1.01011 Ether
0,0x09678741bd50c3e74301f38fbd0136307099ae5d,1513400731,4742803.0,0xa38f728c9431a4248753c63423518faf4de63e18,IN,3,0.00018071,0x383eccd5bbdf6f92769cbe052cffdb7194064b699323f051c3412df010ded274,external,0,1.57478 Ether
0,0x09678741bd50c3e74301f38fbd0136307099ae5d,1513496110,4749177.0,0xa38f728c9431a4248753c63423518faf4de63e18,IN,3,0.00045177,0x52aacc600033a5c3f59b75a0693ebf801c0cb89d3cd6bcb7387778b976d05f9d,external,0,3.19911 Ether
0,0x09678741bd50c3e74301f38fbd0136307099ae5d,1513510927,4750191.0,0xa38f728c9431a4248753c63423518faf4de63e18,IN,3,0.00036175,0x841c68774a023580342a05189e405b74ce2c9231a0fbaaeb0f53d7bcece31a6b,external,0,0.87374 Ether
