Class,address,age,block,creator,direction,inter_direction,txFee,txhash,txn_type,type,value
1,0x536a6ba0d913d5d6a4ce2c6eb7ed0de3c0f0b89e,1537706509,6386750.0,0xb648cc3367571c9166e966d1eb97de3f9ebfb8fd,OUT,2,0.0,0x5f44357e72fe10dea35b0169ad8550dcfc05fe9b162db26dd168ff0abc54d61f,internal,call,0.00525 Ether
1,0x536a6ba0d913d5d6a4ce2c6eb7ed0de3c0f0b89e,1537445645,6368444.0,0xb648cc3367571c9166e966d1eb97de3f9ebfb8fd,OUT,2,0.0,0x7c6e31994906bbb287d4a49e529935d91494eb7452bec518851d84f4cc8b61b8,internal,call,0.00525 Ether
