Class,address,age,block,creator,direction,inter_direction,txFee,txhash,txn_type,type,value
0,0x09678741bd50c3e74301f38fbd0136307099ae5d,1526256429,5611179.0,0xa38f728c9431a4248753c63423518faf4de63e18,IN,3,0.00087575,0xa816711097811633b59b728a495a9c6cf793b7fa96ed417c246cd3257e437d30,external,0,0.1 Ether
0,0x09678741bd50c3e74301f38fbd0136307099ae5d,1526257874,5611268.0,0xa38f728c9431a4248753c63423518faf4de63e18,IN,3,0.00106839,0xae35c7aadc66f8b8f1e9dc70ac3010bd861ae100384318adb7ac4bef4058c4f1,external,0,0.1 Ether
