Class,address,age,block,creator,direction,inter_direction,txFee,txhash,txn_type,type,value
0,0x09678741bd50c3e74301f38fbd0136307099ae5d,1520251712,5202685.0,0xa38f728c9431a4248753c63423518faf4de63e18,IN,3,0.00027106,0x5168c7204c8bcc8e0ef1323b508953a1aa1c8d924f1ababda8ee011cd2af7350,external,0,0.02548 Ether
