Class,address,age,block,creator,direction,inter_direction,txFee,txhash,txn_type,type,value
0,0x09678741bd50c3e74301f38fbd0136307099ae5d,1519869235,5176558.0,0xa38f728c9431a4248753c63423518faf4de63e18,IN,3,0.00027031,0x279877651f3e34c8314d5895cc394d7b406ec28f8e190e04e33b40d4dfe0e600,external,0,0.01024 Ether
0,0x09678741bd50c3e74301f38fbd0136307099ae5d,1519866079,5176358.0,0xa38f728c9431a4248753c63423518faf4de63e18,IN,3,0.00036175,0x76384533f2be1c1c6cfc955ce9a008313a12112d6bc306582e9be854254db882,external,0,0.08893 Ether
0,0x09678741bd50c3e74301f38fbd0136307099ae5d,1519926218,5180465.0,0xa38f728c9431a4248753c63423518faf4de63e18,IN,3,0.00018087,0x7926f665dcc660156e4343e84f606824dcf7b209fe68f7d521ad2466999bf538,external,0,0.40298 Ether
0,0x09678741bd50c3e74301f38fbd0136307099ae5d,1519874521,5176906.0,0xa38f728c9431a4248753c63423518faf4de63e18,IN,3,0.00027131,0x871b977aa2529f4863d7dfc49e270a3cf8cf3ac911949f840513ce42416a338a,external,0,0.20389 Ether
0,0x09678741bd50c3e74301f38fbd0136307099ae5d,1519874949,5176936.0,0xa38f728c9431a4248753c63423518faf4de63e18,IN,3,0.00020832,0x951cdc0111037a76942c4d47a9b495b6d5212ecb98f0414cd89c805bc37a5daa,external,0,0.01018 Ether
