Class,address,age,block,creator,direction,inter_direction,txFee,txhash,txn_type,type,value
0,0x09678741bd50c3e74301f38fbd0136307099ae5d,1520308603,5206535.0,0xa38f728c9431a4248753c63423518faf4de63e18,IN,3,0.00018087,0x5550a8cbeb3483b56c3d83d86c225c2901935e48385bd9bfa0f025ddbc5cd675,external,0,0.66023 Ether
0,0x09678741bd50c3e74301f38fbd0136307099ae5d,1520318881,5207245.0,0xa38f728c9431a4248753c63423518faf4de63e18,IN,3,0.00036175,0xb0a8aab436ed3cdb65116fa9452ac90185489636a3966855af8ab105155f7651,external,0,3.21484 Ether
