Class,address,age,block,creator,direction,inter_direction,txFee,txhash,txn_type,type,value
0,0x09678741bd50c3e74301f38fbd0136307099ae5d,1520785967,5236131.0,0xa38f728c9431a4248753c63423518faf4de63e18,IN,3,0.00018071,0x3b88e6caa1c45b37032d2c6ee02a612bb84308d96af9617194954d40d943316e,external,0,0.05836 Ether
0,0x09678741bd50c3e74301f38fbd0136307099ae5d,1520761586,5237439.0,0xa38f728c9431a4248753c63423518faf4de63e18,IN,3,0.00018071,0x94e34782463baee3c8859347e35304daeec723ee528c92e84d4ea82ccd451ac9,external,0,0.04334 Ether
0,0x09678741bd50c3e74301f38fbd0136307099ae5d,1520758366,5237225.0,0xa38f728c9431a4248753c63423518faf4de63e18,IN,3,0.00018071,0x9e0aea9ec089c056782b90c94fdc1995a6ddd547f88a342a5f1046e64b9647cf,external,0,0.05758 Ether
