Class,address,age,block,creator,direction,inter_direction,txFee,txhash,txn_type,type,value
0,0x0abdace70d3790235af448c88547603b945604ea,1524464846,5492190.0,0x395abb8b97268480229e6c3784a545daee325a83,IN,3,0.00053761,0x12f8beb541ee8beb02c3a1b3b6e959c681c063d8ee26bae9b356ab86fddb5850,external,0,0 Ether
0,0x0abdace70d3790235af448c88547603b945604ea,1524789685,5513880.0,0x395abb8b97268480229e6c3784a545daee325a83,IN,3,0.00053793,0x2588c47456aa7b8ff798eedf39d6d66f20a1c4c83aca44de41c4300d027520a8,external,0,0 Ether
0,0x0abdace70d3790235af448c88547603b945604ea,1524479939,5493163.0,0x395abb8b97268480229e6c3784a545daee325a83,IN,3,0.00043034,0x4aa4e1748dfddc7d89f083ca12cc628e1e63b8ecd55991116c045e7f65e1466a,external,0,0 Ether
