Class,address,age,block,creator,direction,inter_direction,txFee,txhash,txn_type,type,value
0,0x0abdace70d3790235af448c88547603b945604ea,1537591880,6375682.0,0x395abb8b97268480229e6c3784a545daee325a83,IN,3,0.00137677,0x476cb941e5cda721af340aa3534297eace45fca45fe136cf2ca73f0a9e6327f7,external,0,0 Ether
0,0x0abdace70d3790235af448c88547603b945604ea,1515349661,4872207.0,0x395abb8b97268480229e6c3784a545daee325a83,IN,3,0.0107587,0x90ab9a432f4d209fae003e367c9e30d7c1b9db9d8998c57b0dcba08983c70af6,external,0,0 Ether
