Class,address,age,block,creator,direction,inter_direction,txFee,txhash,txn_type,type,value
0,0x0abdace70d3790235af448c88547603b945604ea,1515302996,4869175.0,0x395abb8b97268480229e6c3784a545daee325a83,IN,3,0.00852528,0x5389d11369e62f560158a61eaf628951ac4672e50998f2179448254580726568,external,0,0 Ether
0,0x0abdace70d3790235af448c88547603b945604ea,1515429936,4874533.0,0x395abb8b97268480229e6c3784a545daee325a83,IN,3,0.00667039,0x55e4596fd23f6cfc1ec690b92644d9ab88c49d062d9d49c7c026553390dee18d,external,0,0 Ether
0,0x0abdace70d3790235af448c88547603b945604ea,1515753376,4897435.0,0x395abb8b97268480229e6c3784a545daee325a83,IN,3,0.00537935,0x967aff02a890a8be3b0b6b5728c2f64cc16fbab099290eeb819d89898b48c58b,external,0,0 Ether
