Class,address,age,block,creator,direction,inter_direction,txFee,txhash,txn_type,type,value
0,0x0b76544f6c413a555f309bf76260d1e02377c02a,1527201191,5672940.0,0xe9a24f8628006c7f33f91c0248e10e62a121b516,IN,3,0.00040115,0x1c5fd9dae67deb8acf08624aaf847f1472c9191116dace7bfee1ebd06774bfac,external,0,0 Ether
0,0x0b76544f6c413a555f309bf76260d1e02377c02a,1526474750,5625508.0,0xe9a24f8628006c7f33f91c0248e10e62a121b516,IN,3,0.00017058,0x6c2c37d9932c93c125b61e41c8b56a631efae6d70ee425eb216a297b4c14838f,external,0,0 Ether
