Class,address,age,block,creator,direction,inter_direction,txFee,txhash,txn_type,type,value
0,0x0b76544f6c413a555f309bf76260d1e02377c02a,1527148322,5669460.0,0xe9a24f8628006c7f33f91c0248e10e62a121b516,IN,3,0.00078934,0x237daba0e8e54aa682be211391ddfaad496861cf4d2ff72417ef60d3207e9eae,external,0,0 Ether
0,0x0b76544f6c413a555f309bf76260d1e02377c02a,1526965486,5657624.0,0xe9a24f8628006c7f33f91c0248e10e62a121b516,IN,3,0.00069774,0x9a384608abfd15e5ba6f6cf921ef9b6826f73b9950d8085202c779ea70708081,external,0,0 Ether
0,0x0b76544f6c413a555f309bf76260d1e02377c02a,1526935178,5655672.0,0xe9a24f8628006c7f33f91c0248e10e62a121b516,IN,3,0.00034836,0x9c29e83ab04942b7625e09b33e4523319d05e6094401ed60d43f979fe189db5b,external,0,0 Ether
