Class,address,age,block,creator,direction,inter_direction,txFee,txhash,txn_type,type,value
0,0x0b76544f6c413a555f309bf76260d1e02377c02a,1527579341,5697721.0,0xe9a24f8628006c7f33f91c0248e10e62a121b516,IN,3,0.00060196,0x3c712ee4f6ea2540ccee34d56f917a2991191bce8c83c3548b7895adafa59875,external,0,0 Ether
0,0x0b76544f6c413a555f309bf76260d1e02377c02a,1527520310,5693890.0,0xe9a24f8628006c7f33f91c0248e10e62a121b516,IN,3,0.00019169,0x71e21f20671defa9609d83ef26422d0b1f4e343ec30810811bed24a4cc57aadc,external,0,0 Ether
