Class,address,age,block,creator,direction,inter_direction,txFee,txhash,txn_type,type,value
0,0x0b76544f6c413a555f309bf76260d1e02377c02a,1517018047,4981218.0,0xe9a24f8628006c7f33f91c0248e10e62a121b516,IN,3,0.0011532,0x0162aff993db4c14a447ca4887ca24778176d3c71da4d5fe9c3fdabd566c3064,external,0,0 Ether
0,0x0b76544f6c413a555f309bf76260d1e02377c02a,1517016724,4981134.0,0xe9a24f8628006c7f33f91c0248e10e62a121b516,IN,3,0.0014454000000000001,0x9af9eb8851f4d986ef05e3586dce6f0c1c9890693fe5ef2e8247932b27a9d93a,external,0,0 Ether
