Class,address,age,block,creator,direction,inter_direction,txFee,txhash,txn_type,type,value
0,0x0b76544f6c413a555f309bf76260d1e02377c02a,1516048622,4916204.0,0xe9a24f8628006c7f33f91c0248e10e62a121b516,IN,3,0.001256,0x2d67bd90663ab03bc9919d8d8ab482e24ea3a16d8a73b747f69aa0b761ee899a,external,0,0 Ether
0,0x0b76544f6c413a555f309bf76260d1e02377c02a,1516059997,4916967.0,0xe9a24f8628006c7f33f91c0248e10e62a121b516,IN,3,0.0012077,0x2fd5d1dd99ec1ce50ab7a24fa24c07c0a38e7ea068236b74e165e51abdee83e4,external,0,0 Ether
0,0x0b76544f6c413a555f309bf76260d1e02377c02a,1516047440,4916127.0,0xe9a24f8628006c7f33f91c0248e10e62a121b516,IN,3,0.001256,0x76583ce92656235b24d77c722969a27e4410c58bbc185a3a9369dd0b118b5609,external,0,0 Ether
0,0x0b76544f6c413a555f309bf76260d1e02377c02a,1516036604,4915416.0,0xe9a24f8628006c7f33f91c0248e10e62a121b516,IN,3,0.001256,0x8c94aa4ec983bcdf7aed168f81bdd94879744e330859c8e4dfeb1f353876c2b2,external,0,0 Ether
0,0x0b76544f6c413a555f309bf76260d1e02377c02a,1516058620,4916879.0,0xe9a24f8628006c7f33f91c0248e10e62a121b516,IN,3,0.001256,0x8d28d556ef270572c11ed26cb0d285569da3c26c3af977ad1eb225f0679763b2,external,0,0 Ether
0,0x0b76544f6c413a555f309bf76260d1e02377c02a,1516050581,4916342.0,0xe9a24f8628006c7f33f91c0248e10e62a121b516,IN,3,0.001256,0x9e2eea2c9b6164c03a33f5726b12a3c64e29047b816e2ec1580464f83ef33938,external,0,0 Ether
0,0x0b76544f6c413a555f309bf76260d1e02377c02a,1516038979,4915564.0,0xe9a24f8628006c7f33f91c0248e10e62a121b516,IN,3,0.001256,0xb0baf983340702fedb58eec8ba60dfbbcb4e594b350ae81b14a9743e1fc7e86f,external,0,0 Ether
