Class,address,age,block,creator,direction,inter_direction,txFee,txhash,txn_type,type,value
1,0xb10ea0d397db942a1083a4af9c6074ab63bc8c8b,1539066294,6483210.0,0x65b041db3135ed5f76d9486aa56f8ca5dc9a3f5e,OUT,2,0.0,0xa41c63209de9d48384bb257f2c48fefe5d436097c0ab0ce5340e44e0ac4a3f5e,internal,call,0.000036610169491 Ether
1,0xb10ea0d397db942a1083a4af9c6074ab63bc8c8b,1539065956,6483183.0,0x65b041db3135ed5f76d9486aa56f8ca5dc9a3f5e,OUT,2,0.0,0x1717f0b850ac1fb58ea46a98e4d2198ea3b42a7866bd17d4d6a6c8b5acb2f07d,internal,call,0.007115932203389 Ether
1,0xb10ea0d397db942a1083a4af9c6074ab63bc8c8b,1539260417,6497017.0,0x65b041db3135ed5f76d9486aa56f8ca5dc9a3f5e,OUT,2,0.0,0xb861a700a31f56d3c5a25affd9ec64384364134bf1a125a512f340de97146c55,internal,call,0.000010047457627 Ether
1,0xb10ea0d397db942a1083a4af9c6074ab63bc8c8b,1539260330,6497011.0,0x65b041db3135ed5f76d9486aa56f8ca5dc9a3f5e,OUT,2,0.0,0x6ea5adf019401f39806ddc414c4d2f26b2adc3c78b2f98035c25d6ddf1df290b,internal,call,0.023110827118644 Ether
1,0xb10ea0d397db942a1083a4af9c6074ab63bc8c8b,1540038733,6552305.0,0x65b041db3135ed5f76d9486aa56f8ca5dc9a3f5e,OUT,2,0.0,0x98d969f74f836fb72fe5cd118a2db574020d937a410014b5f8b52b0944702777,internal,call,0.061569145762711 Ether
1,0xb10ea0d397db942a1083a4af9c6074ab63bc8c8b,1540643718,6595165.0,0x65b041db3135ed5f76d9486aa56f8ca5dc9a3f5e,OUT,2,0.0,0x8e79c148b03b09f2cf4663c79e828e86b3b5725de94da9eb7fc010839738781e,internal,call,0.07177233898305 Ether
1,0xb10ea0d397db942a1083a4af9c6074ab63bc8c8b,1539519658,6515538.0,0x65b041db3135ed5f76d9486aa56f8ca5dc9a3f5e,OUT,2,0.0,0x5063a69dbe33ae1c32b915338153127070569841336933849c3a9dfad38b1e71,internal,call,0.031014827118644 Ether
1,0xb10ea0d397db942a1083a4af9c6074ab63bc8c8b,1538992571,6477935.0,0x65b041db3135ed5f76d9486aa56f8ca5dc9a3f5e,OUT,2,0.0,0xaeac75b344cedad94e2024c7ffefafeb1eb41cdd06b6430f1162fd478363c75b,internal,call,0.008216949152542 Ether
1,0xb10ea0d397db942a1083a4af9c6074ab63bc8c8b,1540990487,6619719.0,0x65b041db3135ed5f76d9486aa56f8ca5dc9a3f5e,OUT,2,0.0,0x3163811d7a83348554bb551c81857d38dad8b941cbea53efe99bf4255d9bd3a3,internal,call,0.041117545762711 Ether
