Class,address,age,block,creator,direction,inter_direction,txFee,txhash,txn_type,type,value
0,0x0d8775f648430679a709e98d2b0cb6250d2887ef,1541930598,6686019.0,0x3095a47305efd248f6ce272c2db01297a91e8c41,IN,3,0.00217602,0x034215cd95c6611e49547cb83fbd794dd1135cf13e237c14445774898035e988,external,0,0 Ether
0,0x0d8775f648430679a709e98d2b0cb6250d2887ef,1541686903,6668781.0,0x3095a47305efd248f6ce272c2db01297a91e8c41,IN,3,0.00013593,0x3fdc0e8edf02b972c510f5221d3d5100cf595f12cfc8952d9e3a41ffc03e40a9,external,0,0 Ether
0,0x0d8775f648430679a709e98d2b0cb6250d2887ef,1541930443,6686012.0,0x3095a47305efd248f6ce272c2db01297a91e8c41,IN,3,0.00513334,0x5730b6b6575f8116eee8ec7ee9d4d5910e3ceb1f2f7fe94d02f1499f307a5962,external,0,0 Ether
