Class,address,age,block,creator,direction,inter_direction,txFee,txhash,txn_type,type,value
0,0x0d8775f648430679a709e98d2b0cb6250d2887ef,1546664197,7011760.0,0x3095a47305efd248f6ce272c2db01297a91e8c41,IN,3,0.00031149,0x56d548ef647017a0de482f00a9f45bf5ef76f34212363974e7cda2bd3342b123,external,0,0 Ether
0,0x0d8775f648430679a709e98d2b0cb6250d2887ef,1538752189,6460659.0,0x3095a47305efd248f6ce272c2db01297a91e8c41,IN,3,0.00023362,0x4b5621c3aeaba6b77810a9c8ccf2fe264b926bde3358165368957af71df5373d,external,0,0 Ether
