Class,address,age,block,creator,direction,inter_direction,txFee,txhash,txn_type,type,value
0,0x0d8775f648430679a709e98d2b0cb6250d2887ef,1546011917,6970784.0,0x3095a47305efd248f6ce272c2db01297a91e8c41,IN,3,0.00046724,0x577bab3a00d610640af70df1bf1151178b3127cb2cd09bdce9494eed79b2d6b5,external,0,0 Ether
0,0x0d8775f648430679a709e98d2b0cb6250d2887ef,1546056624,6970895.0,0x3095a47305efd248f6ce272c2db01297a91e8c41,IN,3,0.00041532,0xa6da674490a0076d01d20058890f3cd2e53dfe447fc48f51fb83f14e030aedac,external,0,0 Ether
