Class,address,age,block,creator,direction,inter_direction,txFee,txhash,txn_type,type,value
0,0x0d8775f648430679a709e98d2b0cb6250d2887ef,1542844824,6750493.0,0x3095a47305efd248f6ce272c2db01297a91e8c41,IN,3,0.00131112,0x0dfaac38b121092d998734bad36306989ddbfc4e6e47db7d3d47b85b9bd34a12,external,0,0 Ether
0,0x0d8775f648430679a709e98d2b0cb6250d2887ef,1542904222,6751656.0,0x3095a47305efd248f6ce272c2db01297a91e8c41,IN,3,0.00131496,0x1ce2e649ab855598d1233b5af6d9ba3d50fc596baa916fa0577224b507dd15b4,external,0,0 Ether
0,0x0d8775f648430679a709e98d2b0cb6250d2887ef,1546551917,7007350.0,0x3095a47305efd248f6ce272c2db01297a91e8c41,IN,3,0.00131496,0x4a5051b1586424c59288dd46fe2ad14a9f46dcd2163a578d39ed1cc793c45b0f,external,0,0 Ether
