Class,address,age,block,creator,direction,inter_direction,txFee,txhash,txn_type,type,value
0,0x0d8775f648430679a709e98d2b0cb6250d2887ef,1542620790,6734803.0,0x3095a47305efd248f6ce272c2db01297a91e8c41,IN,3,0.00056966,0x0bbe2160e280ddc83381c7e8b426beab828c1ca9bbe3aa072af835cf9831b6a9,external,0,0 Ether
0,0x0d8775f648430679a709e98d2b0cb6250d2887ef,1541798094,6676596.0,0x3095a47305efd248f6ce272c2db01297a91e8c41,IN,3,0.00036296,0x5622d5b5b3bc882dccd327a47cd330649eaa1d4c2007191761a024d3846dba55,external,0,0 Ether
