Class,address,age,block,creator,direction,inter_direction,txFee,txhash,txn_type,type,value
0,0x0d8775f648430679a709e98d2b0cb6250d2887ef,1543947308,6827957.0,0x3095a47305efd248f6ce272c2db01297a91e8c41,IN,3,0.00103704,0x33f43a84572126cbe12fe5f983dfb4b2b5fe8816f24c849756691a10fb764e81,external,0,0 Ether
0,0x0d8775f648430679a709e98d2b0cb6250d2887ef,1542386329,6715239.0,0x3095a47305efd248f6ce272c2db01297a91e8c41,IN,3,0.00057107,0x3ca394178b8f81db7c7e5d18cf9ab61b9494f9a31c39dc13285837cfeb0bb095,external,0,0 Ether
