Class,address,age,block,creator,direction,inter_direction,txFee,txhash,txn_type,type,value
0,0x0e0989b1f9b8a38983c2ba8053269ca62ec9b195,1511863222,4639113.0,0x67d8e69b4b58822f7e7de2fe08ace2b019f209bb,IN,3,0.00045446,0x3b57cf7c30e424623b9bd7e14c9ff9107f57b5bca1bbbdc02f40312ef1b26c51,external,0,0 Ether
0,0x0e0989b1f9b8a38983c2ba8053269ca62ec9b195,1505372843,4273459.0,0x67d8e69b4b58822f7e7de2fe08ace2b019f209bb,IN,3,0.0007442999999999999,0x771f542d3b15590abe4762a4cd65c5647cc488fd5fc2950ed35bba48c3b4466d,external,0,0 Ether
