Class,address,age,block,creator,direction,inter_direction,txFee,txhash,txn_type,type,value
0,0x0e0989b1f9b8a38983c2ba8053269ca62ec9b195,1517279895,4999271.0,0x67d8e69b4b58822f7e7de2fe08ace2b019f209bb,IN,3,0.0004443000000000001,0x6ce31c9541aade99c9c32b04e2f2c5f01ae9cc6d62470b3eafc0a7a1171cb13b,external,0,0 Ether
0,0x0e0989b1f9b8a38983c2ba8053269ca62ec9b195,1517183902,4992721.0,0x67d8e69b4b58822f7e7de2fe08ace2b019f209bb,IN,3,0.0004443000000000001,0xaff8a36e71a1957f252809ff9e01c9e5c27a7c7cead92985c594cd95e066dd3f,external,0,0 Ether
