Class,address,age,block,creator,direction,inter_direction,txFee,txhash,txn_type,type,value
0,0x0f33bb20a282a7649c7b3aff644f084a9348e933,1537408826,6365884.0,0x20c84e76c691e38e81eae5ba60f655b8c388718d,IN,3,0.00019005,0x716755ec3747a613a945e147a781478d20308fb536938ba532cade8984e563c0,external,0,0 Ether
0,0x0f33bb20a282a7649c7b3aff644f084a9348e933,1528337989,5747155.0,0x20c84e76c691e38e81eae5ba60f655b8c388718d,IN,3,0.00085857,0xb39e76c6de61e8765efe8a328940466ee7d28bab23656347ab48766736a6d1ab,external,0,0 Ether
