Class,address,age,block,creator,direction,inter_direction,txFee,txhash,txn_type,type,value
0,0x0f5d2fb29fb7d3cfee444a200298f468908cc942,1532613305,6035651.0,0xa66d83716c7cfe425b44d0f7ef92de263468fb3d,IN,3,0.00044626,0x498cc96d2ff91613d531e42e812d9360f3facc1e98e0aa969c0ebc4e4d10e2f0,external,0,0 Ether
0,0x0f5d2fb29fb7d3cfee444a200298f468908cc942,1529695546,5837822.0,0xa66d83716c7cfe425b44d0f7ef92de263468fb3d,IN,3,0.00044626,0x990664568d88a1303d59cb3972727f01b8546b8fbea7e8f52f952599ce490be9,external,0,0 Ether
