Class,address,age,block,creator,direction,inter_direction,txFee,txhash,txn_type,type,value
1,0x4e8ecf79ade5e2c49b9e30d795517a81e0bf00b8,1535182894,6211746.0,0xf39e044e1ab204460e06e87c6dca2c6319fc69e3,OUT,2,0.0,0x7d16be280adf30acf0aaf6b9db9db498ba74dbf326c703895b593c236f8572b4,internal,call,0.050757237487906 Ether
1,0x4e8ecf79ade5e2c49b9e30d795517a81e0bf00b8,1533033686,6064651.0,0xf39e044e1ab204460e06e87c6dca2c6319fc69e3,OUT,2,0.0,0x0d564470fd09233e816b010c5a3686f39d266805a3c0b37203500671aad3c02c,internal,call,0.11829514512945 Ether
1,0x4e8ecf79ade5e2c49b9e30d795517a81e0bf00b8,1532919693,6056841.0,0xf39e044e1ab204460e06e87c6dca2c6319fc69e3,OUT,2,0.0,0xe4c4a6b0bb61966cd827a8d82a34f71f574820ab41d16ee22774f74cf351e689,internal,call,0.48256338885482 Ether
1,0x4e8ecf79ade5e2c49b9e30d795517a81e0bf00b8,1532846482,6051790.0,0xf39e044e1ab204460e06e87c6dca2c6319fc69e3,OUT,2,0.0,0xd07bb7dc44195c52ab9fc90745965304923767c4beb15c471398e654c21aa425,internal,call,0.298579233614205 Ether
1,0x4e8ecf79ade5e2c49b9e30d795517a81e0bf00b8,1532738965,0.0,0xf39e044e1ab204460e06e87c6dca2c6319fc69e3,OUT,2,0.0,0xa4030cb5f521fbb2efc8194f1a55edd46b25027d0ab4f453899e20e4697bb9c0,internal,call,0.70896729386735 Ether
1,0x4e8ecf79ade5e2c49b9e30d795517a81e0bf00b8,1532714159,0.0,0xf39e044e1ab204460e06e87c6dca2c6319fc69e3,OUT,2,0.0,0x0aa911fb001b3bf389cfac7da448f5cac2a9a4de23039ad68fdc24e1cec20330,internal,call,4.302848422608335 Ether
