Class,address,age,block,creator,direction,inter_direction,txFee,txhash,txn_type,type,value
0,0x138a35ee20e40f019e7e7c00386ab2ef42d66d1e,1543598692,6803643.0,0xe7af11370c3bab51230d8307454350bdf6d68f4a,IN,3,0.00109881,0x2575746bdeeab73732efccee721e1204f8870015a7efb2f58088685f099212c8,external,0,0 Ether
0,0x138a35ee20e40f019e7e7c00386ab2ef42d66d1e,1543531109,6798823.0,0xe7af11370c3bab51230d8307454350bdf6d68f4a,IN,3,0.00146509,0x34a77c7057d1de1fcb48ca5fec1dfc2d03a3f3ae64ce3c174e64e336da071d2e,external,0,0 Ether
0,0x138a35ee20e40f019e7e7c00386ab2ef42d66d1e,1543531674,6798869.0,0xe7af11370c3bab51230d8307454350bdf6d68f4a,IN,3,0.00146509,0x384824db888eba56893935133dbf68943475b47261931707fc46e22989e81fd8,external,0,0 Ether
0,0x138a35ee20e40f019e7e7c00386ab2ef42d66d1e,1543544633,6799803.0,0xe7af11370c3bab51230d8307454350bdf6d68f4a,IN,3,0.00366273,0x3ed0518c85370e9db0c8d5507a506e26308f681aa1c07fc3da9d17b3703b0082,external,0,0 Ether
0,0x138a35ee20e40f019e7e7c00386ab2ef42d66d1e,1543544633,6799803.0,0xe7af11370c3bab51230d8307454350bdf6d68f4a,IN,3,0.00366273,0x6f066f8a89583a0bdcb66f757191db4513e26c6693f75aefdf29910ea0a1920e,external,0,0 Ether
0,0x138a35ee20e40f019e7e7c00386ab2ef42d66d1e,1543544678,6799806.0,0xe7af11370c3bab51230d8307454350bdf6d68f4a,IN,3,0.00366273,0x7b9c9354f67392b2b46f40b5aab21fe70b0da26c68b858b567e8a5ac7164d801,external,0,0 Ether
0,0x138a35ee20e40f019e7e7c00386ab2ef42d66d1e,1543544252,6799772.0,0xe7af11370c3bab51230d8307454350bdf6d68f4a,IN,3,0.00366273,0x8873feb1d12d2362f02badfd0af79f59f8d13ed6eab60ff0d2f2e09e4ee11633,external,0,0 Ether
0,0x138a35ee20e40f019e7e7c00386ab2ef42d66d1e,1543531139,6798826.0,0xe7af11370c3bab51230d8307454350bdf6d68f4a,IN,3,0.00146509,0x8dd9d52367455f8dde252ab7f061b2a4043ef9a4c809cfaa9d52d5156a725490,external,0,0 Ether
