Class,address,age,block,creator,direction,inter_direction,txFee,txhash,txn_type,type,value
0,0x14f37b574242d366558db61f3335289a5035c506,1491127294,3464906.0,0x20f9bb9dfd0c18748debe6c534b13cb24f8dfd2d,IN,3,0.00102832,0x4224d83c74cb53f3530f1f58fd43a1339642ed814a27be739e4c01473c7ca098,external,0,0 Ether
0,0x14f37b574242d366558db61f3335289a5035c506,1492965039,3586411.0,0x20f9bb9dfd0c18748debe6c534b13cb24f8dfd2d,IN,3,0.00102832,0x5056d8df95693e7ebeef112cd3a84e8ddc6ba4d95f5f76379023c74a9e8a8d0e,external,0,0 Ether
