Class,address,age,block,creator,direction,inter_direction,txFee,txhash,txn_type,type,value
1,0x7b307c1f0039f5d38770e15f8043b3dd26da5e8f,1540265164,6568369.0,0xe1f3294e25bb72a2fb53addb82aa1a033797e6e3,OUT,2,0.0,0x5a82ccbd5977ce350d152629fb893e4708425d4c551e7fe9e392252f0f17c9b5,internal,call,0.001979661016949 Ether
1,0x7b307c1f0039f5d38770e15f8043b3dd26da5e8f,1539915419,6543546.0,0xe1f3294e25bb72a2fb53addb82aa1a033797e6e3,OUT,2,0.0,0xbd6e7e442223a63bfc51f10635d1e1118a18007199c2396109f6d1ff7bf0cfa5,internal,call,0.42264406779661 Ether
1,0x7b307c1f0039f5d38770e15f8043b3dd26da5e8f,1540204051,6563952.0,0xe1f3294e25bb72a2fb53addb82aa1a033797e6e3,OUT,2,0.0,0xbf5dcdd3a8786d963ce865df884f0260ae1c9fc9a0116ac1b1a5e4881f6d7e0b,internal,call,0.041735593220338 Ether
1,0x7b307c1f0039f5d38770e15f8043b3dd26da5e8f,1540261425,6568077.0,0xe1f3294e25bb72a2fb53addb82aa1a033797e6e3,OUT,2,0.0,0x82b508a120bf62ad6d3c98b75943b773c5b5b8dd7db6da6f1c52a7743a0d6938,internal,call,0.006549152542372 Ether
1,0x7b307c1f0039f5d38770e15f8043b3dd26da5e8f,1539038078,6481206.0,0xe1f3294e25bb72a2fb53addb82aa1a033797e6e3,OUT,2,0.0,0x1af1a3d3920624e99f366212ba3c5488fe998905b33854adea379514260547b8,internal,call,0.162630508474576 Ether
1,0x7b307c1f0039f5d38770e15f8043b3dd26da5e8f,1540116498,6557796.0,0xe1f3294e25bb72a2fb53addb82aa1a033797e6e3,OUT,2,0.0,0x0bcdb6425d06a7ebb06fa04d59e78796e8c848fb4a81656d5a19165f50c103ec,internal,call,0.046522033898305 Ether
1,0x7b307c1f0039f5d38770e15f8043b3dd26da5e8f,1540247663,6567111.0,0xe1f3294e25bb72a2fb53addb82aa1a033797e6e3,OUT,2,0.0,0x571ccfba0c77fe302c8234c4287ff8c97c63922c667cc6f53f818fd909f87db1,internal,call,0.021416949152542 Ether
1,0x7b307c1f0039f5d38770e15f8043b3dd26da5e8f,1540019520,6550934.0,0xe1f3294e25bb72a2fb53addb82aa1a033797e6e3,OUT,2,0.0,0x554d7773339f4ad1f183bbb0831045cf4ecd0a6facdf4bde7784d121f2cb5c66,internal,call,0.05008813559322 Ether
