Class,address,age,block,creator,direction,inter_direction,txFee,txhash,txn_type,type,value
0,0x168296bb09e24a88805cb9c33356536b980d3fc5,1533196936,6075734.0,0xe17c20292b2f1b0ff887dc32a73c259fae25f03b,IN,3,0.00021516,0x8b0ceee7cac846a558f296821a7dd7cefaa9ff40a6be39acbbac2f6fe5033fe5,external,0,0 Ether
0,0x168296bb09e24a88805cb9c33356536b980d3fc5,1541877733,6682256.0,0xe17c20292b2f1b0ff887dc32a73c259fae25f03b,IN,3,0.00088215,0x929a68e0056aa14d4e58288a6266154740f206edc3631760c773c2d80da864c9,external,0,0 Ether
0,0x168296bb09e24a88805cb9c33356536b980d3fc5,1536308102,6289179.0,0xe17c20292b2f1b0ff887dc32a73c259fae25f03b,IN,3,8.606e-05,0x9dd669e4383572614fb12fdcf275c15bdf2c21224c8aa86904187a2b70572da8,external,0,0 Ether
0,0x168296bb09e24a88805cb9c33356536b980d3fc5,1535693998,6246853.0,0xe17c20292b2f1b0ff887dc32a73c259fae25f03b,IN,3,6.454e-05,0x9e67fd26a2ba7c42920cc9fcab9cc763429d1f21e1b92018088b743da390c51e,external,0,0 Ether
