Class,address,age,block,creator,direction,inter_direction,txFee,txhash,txn_type,type,value
0,0x168296bb09e24a88805cb9c33356536b980d3fc5,1513367032,4740529.0,0xe17c20292b2f1b0ff887dc32a73c259fae25f03b,IN,3,0.0010726,0x0f24d657a72aab520a5014d52314dc935651beed6cd141a4c34ab7f7d3a7a03e,external,0,0 Ether
0,0x168296bb09e24a88805cb9c33356536b980d3fc5,1513366391,4740485.0,0xe17c20292b2f1b0ff887dc32a73c259fae25f03b,IN,3,0.0025694000000000003,0x433e8a321d3faf16fac167ba63bd533f905fe4347438442b916c41f93bbe58eb,external,0,0 Ether
0,0x168296bb09e24a88805cb9c33356536b980d3fc5,1513365560,4740436.0,0xe17c20292b2f1b0ff887dc32a73c259fae25f03b,IN,3,0.0025694000000000003,0x5adfb9fa8fcff6524412c555b95db967aee684c9f01955ed25a3371b730896f1,external,0,0 Ether
