Class,address,age,block,creator,direction,inter_direction,txFee,txhash,txn_type,type,value
0,0x459f7854776ed005b6ec63a88f834fdab0b6993e,1506954677,0.0,0xa7b0883a9e885177f30fcdc42b6e4a015f20e53b,OUT,2,0.0,0x5482fe344ca0e93699fcb948cb2e9deae6cc139798e2095f98c7ece949d48d12,internal,call,0.000001 Ether
0,0x459f7854776ed005b6ec63a88f834fdab0b6993e,1506610701,0.0,0xa7b0883a9e885177f30fcdc42b6e4a015f20e53b,OUT,2,0.0,0xdd201bddc0e8c3b581b179bb956eb88988a04fdaeb11438f85f49e785f33be03,internal,call,0.000001 Ether
