Class,address,age,block,creator,direction,inter_direction,txFee,txhash,txn_type,type,value
0,0x168296bb09e24a88805cb9c33356536b980d3fc5,1533262737,6080230.0,0xe17c20292b2f1b0ff887dc32a73c259fae25f03b,IN,3,0.00053315,0x3b8f929bc8c4205169a5a273a31ba86e180de12bba226ec5de7476f12b535fd4,external,0,0 Ether
0,0x168296bb09e24a88805cb9c33356536b980d3fc5,1532917994,6056715.0,0xe17c20292b2f1b0ff887dc32a73c259fae25f03b,IN,3,0.00057329,0x9c5db6ccd4e003a2129239537ed363347ed830cac3fadbd4bff178a5991befb8,external,0,0 Ether
0,0x168296bb09e24a88805cb9c33356536b980d3fc5,1539295071,6499541.0,0xe17c20292b2f1b0ff887dc32a73c259fae25f03b,IN,3,0.00021506,0x9eff048bd4ca680aec11a81c1c118329ed661d8627ae7bc3c7c73b4d7f880b98,external,0,0 Ether
0,0x168296bb09e24a88805cb9c33356536b980d3fc5,1532930998,6057623.0,0xe17c20292b2f1b0ff887dc32a73c259fae25f03b,IN,3,0.00125879,0xa4d1d56a0a96dace62a21fdba9123207cb62d6ac13d2924485b080afe0714a47,external,0,0 Ether
0,0x168296bb09e24a88805cb9c33356536b980d3fc5,1540511824,6585843.0,0xe17c20292b2f1b0ff887dc32a73c259fae25f03b,IN,3,0.00038274,0xabc2c273eba70a6bc7fd2e0e2ad69332be6ec9e9961b1b4ad1527d87cb717d52,external,0,0 Ether
