Class,address,age,block,creator,direction,inter_direction,txFee,txhash,txn_type,type,value
0,0x168296bb09e24a88805cb9c33356536b980d3fc5,1514854812,4840768.0,0xe17c20292b2f1b0ff887dc32a73c259fae25f03b,IN,3,0.00308712,0x223d891bd1d7359f82c358fda409c1d92112e9d00f1c2e0382b53b9b623bfbec,external,0,0 Ether
0,0x168296bb09e24a88805cb9c33356536b980d3fc5,1514881620,4842573.0,0xe17c20292b2f1b0ff887dc32a73c259fae25f03b,IN,3,0.00218328,0x33a3da6ef8bad1879150d14142d74d819b88e49667c96fa74ff7115aefaf2583,external,0,0 Ether
0,0x168296bb09e24a88805cb9c33356536b980d3fc5,1514857889,4840978.0,0xe17c20292b2f1b0ff887dc32a73c259fae25f03b,IN,3,0.00218328,0x5d5ab2f5d71b3f8bd678ac922c5f197ab36ab8e91acb23e4700a48a8c8fc82cb,external,0,0 Ether
0,0x168296bb09e24a88805cb9c33356536b980d3fc5,1514860410,4841143.0,0xe17c20292b2f1b0ff887dc32a73c259fae25f03b,IN,3,0.00271908,0x6f3605c1578c8cf38cf0615a2f8c6b66d8812c3f22ffaaea951766ea82065cb6,external,0,0 Ether
0,0x168296bb09e24a88805cb9c33356536b980d3fc5,1515557280,4882458.0,0xe17c20292b2f1b0ff887dc32a73c259fae25f03b,IN,3,0.00218712,0x7615ee9c81bf092aa6fd6d5018078ba5fed1328739c045ebafdc553486583f64,external,0,0 Ether
0,0x168296bb09e24a88805cb9c33356536b980d3fc5,1515454617,4878757.0,0xe17c20292b2f1b0ff887dc32a73c259fae25f03b,IN,3,0.00218712,0x809325521a6114bc52093db471a67c8b09d7954a91fc916d3ac1508f9babcd78,external,0,0 Ether
0,0x168296bb09e24a88805cb9c33356536b980d3fc5,1515238982,4865145.0,0xe17c20292b2f1b0ff887dc32a73c259fae25f03b,IN,3,0.00218712,0x8905d52355f1e15ad9d1839262ebed2f7dbef1626ab12e279be66e9946d7986f,external,0,0 Ether
0,0x168296bb09e24a88805cb9c33356536b980d3fc5,1515947140,4907006.0,0xe17c20292b2f1b0ff887dc32a73c259fae25f03b,IN,3,0.00127582,0x910613528615f611f4ecb21d2d337ed7261c04732599831b27d5cbeb1cb331c6,external,0,0 Ether
0,0x168296bb09e24a88805cb9c33356536b980d3fc5,1518622839,5091468.0,0xe17c20292b2f1b0ff887dc32a73c259fae25f03b,IN,3,0.00360241,0xbb344143a2bb24faa82bce8519e88ee8de4471dd0c67e9a9a51f89d84d966a1a,external,0,0 Ether
