Class,address,age,block,creator,direction,inter_direction,txFee,txhash,txn_type,type,value
0,0x177d39ac676ed1c67a2b268ad7f1e58826e5b0af,1518917708,5111901.0,0xa869b2674914ec42b66dafe65acac797cd241cba,IN,3,0.00045814,0x2e33af4afedcdf75a3c3ea851b448bfadea70cc2ecdd3d18072226f91f1b1e6b,external,0,0 Ether
0,0x177d39ac676ed1c67a2b268ad7f1e58826e5b0af,1515326531,4870706.0,0xa869b2674914ec42b66dafe65acac797cd241cba,IN,3,0.00311535,0x364b57cb802bd765be787defdcb883589822ec821878853bc27d6997bab669f4,external,0,0 Ether
