Class,address,age,block,creator,direction,inter_direction,txFee,txhash,txn_type,type,value
0,0x177d39ac676ed1c67a2b268ad7f1e58826e5b0af,1502991946,4171450.0,0xa869b2674914ec42b66dafe65acac797cd241cba,IN,3,0.00116395,0x1795aed87b037571eb3fcfce1e41f5ea1648caba73b9b3fb616b19fc293d9afd,external,0,0 Ether
0,0x177d39ac676ed1c67a2b268ad7f1e58826e5b0af,1512631442,4691554.0,0xa869b2674914ec42b66dafe65acac797cd241cba,IN,3,0.00317442,0x2104d3ce74a90dbc4ecc724c00afe07ef160fc003360224285de6aab1566e49c,external,0,0 Ether
0,0x177d39ac676ed1c67a2b268ad7f1e58826e5b0af,1513720422,4763932.0,0xa869b2674914ec42b66dafe65acac797cd241cba,IN,3,0.00178825,0x731e57cf7e9010842cb40c50e7a92ff29c940fb94a37b3f4a83eea617f0927a9,external,0,0 Ether
0,0x177d39ac676ed1c67a2b268ad7f1e58826e5b0af,1512957649,4713454.0,0xa869b2674914ec42b66dafe65acac797cd241cba,IN,3,0.00216656,0x7c424780002dd20cc1c4721cfba5d6df4badfcc2f1440e65b2f718180d1e11b6,external,0,0 Ether
0,0x177d39ac676ed1c67a2b268ad7f1e58826e5b0af,1509491810,4468908.0,0xa869b2674914ec42b66dafe65acac797cd241cba,IN,3,0.00030325,0x9ca262cf82215974340ba3071a3d25b3568811cf72551afbd22ce9c772d9151c,external,0,0 Ether
