Class,address,age,block,creator,direction,inter_direction,txFee,txhash,txn_type,type,value
0,0x177d39ac676ed1c67a2b268ad7f1e58826e5b0af,1512751881,4696796.0,0xa869b2674914ec42b66dafe65acac797cd241cba,IN,3,0.00137826,0x16d7f7a16d1f90c915f621f12df2769fa27c7248a675e8ba9e95364b844f8a52,external,0,0 Ether
0,0x177d39ac676ed1c67a2b268ad7f1e58826e5b0af,1513619129,4757426.0,0xa869b2674914ec42b66dafe65acac797cd241cba,IN,3,0.00048239,0xa0b714a95bce277c3ef6b2661a1d7be081258b36616ca59403a4e33fc50df0d4,external,0,0 Ether
