Class,address,age,block,creator,direction,inter_direction,txFee,txhash,txn_type,type,value
0,0x1a95b271b0535d15fa49932daba31ba612b52946,1503361718,4189345.0,0x32d09bec6f29581008f87eab16ee46a01ad9617b,IN,3,0.00156605,0x028e3c5aa5cb9f1892c6a352032ca9c2767a27d8c98cd2dd71d78be8f1b57e17,external,0,0 Ether
0,0x1a95b271b0535d15fa49932daba31ba612b52946,1511592173,4619934.0,0x32d09bec6f29581008f87eab16ee46a01ad9617b,IN,3,0.00044744,0x0fd884ff1bc4e5855fd2f67889dcf0fc0d8a2e76d89264c9b521b8064341411f,external,0,0 Ether
0,0x1a95b271b0535d15fa49932daba31ba612b52946,1506129668,4304203.0,0x32d09bec6f29581008f87eab16ee46a01ad9617b,IN,3,0.0037255,0x2fb553b641b1449a1301933e08a35af24d102e8535636580e556d815e1042495,external,0,0 Ether
0,0x1a95b271b0535d15fa49932daba31ba612b52946,1498264234,3922070.0,0x32d09bec6f29581008f87eab16ee46a01ad9617b,IN,3,0.0017852999999999999,0x93a3f8a6b79a42447c7f57ca582a655a95af04729e135b4f423d5d21f1364ad1,external,0,0 Ether
0,0x1a95b271b0535d15fa49932daba31ba612b52946,1532138463,6003271.0,0x32d09bec6f29581008f87eab16ee46a01ad9617b,IN,3,0.00065531,0xb0b08aca6a9fad7046fdaf5e6687e2cb7efd6bd14a0cd6b9be39ad7629053f95,external,0,0 Ether
