Class,address,age,block,creator,direction,inter_direction,txFee,txhash,txn_type,type,value
0,0x1a95b271b0535d15fa49932daba31ba612b52946,1500795696,4062946.0,0x32d09bec6f29581008f87eab16ee46a01ad9617b,IN,3,0.00051977,0x059d83a2aace844db300ab215193b472184e34e371fa437da34ce9db4972644e,external,0,0 Ether
0,0x1a95b271b0535d15fa49932daba31ba612b52946,1500709234,4058290.0,0x32d09bec6f29581008f87eab16ee46a01ad9617b,IN,3,0.0004536,0x2260b456fc95f39c5829e6e4cd83890e98b8fee1848b6458379d9653177744cb,external,0,0 Ether
0,0x1a95b271b0535d15fa49932daba31ba612b52946,1500727285,4059253.0,0x32d09bec6f29581008f87eab16ee46a01ad9617b,IN,3,0.0004536,0x917923059cb40d884f51d190e49ac75b037fe734ac813995f152e65bba497bbf,external,0,0 Ether
