Class,address,age,block,creator,direction,inter_direction,txFee,txhash,txn_type,type,value
0,0x1a95b271b0535d15fa49932daba31ba612b52946,1505485430,4278168.0,0x32d09bec6f29581008f87eab16ee46a01ad9617b,IN,3,0.00175057,0x8e90ea40dbaa0af1bc31dceb8c1ec04da1fc7b903f905e15eb443b22da32f72e,external,0,0 Ether
0,0x1a95b271b0535d15fa49932daba31ba612b52946,1537197188,6351081.0,0x32d09bec6f29581008f87eab16ee46a01ad9617b,IN,3,0.00021469,0x9254b21ae4a8b774b96b7b3419172745484982c22670da801f1f4d694f1c41f6,external,0,0 Ether
0,0x1a95b271b0535d15fa49932daba31ba612b52946,1518034872,5050951.0,0x32d09bec6f29581008f87eab16ee46a01ad9617b,IN,3,0.00059702,0xa6dd58356cb9755ba91a6da201e8b9f24478aed99c5f2f2d3fd5450702ecf953,external,0,0 Ether
