Class,address,age,block,creator,direction,inter_direction,txFee,txhash,txn_type,type,value
0,0xb1690c08e213a35ed9bab7b318de14420fb57d8c,1543958408,0.0,0xba52c75764d6f594735dc735be7f1830cdf58ddf,OUT,2,0.0,0xcc8e000864bf24ee3c60863b3a078ffe8455f00e80e68db33c7e7dd577eed397,internal,call,0.0048125 Ether
0,0xb1690c08e213a35ed9bab7b318de14420fb57d8c,1541961891,0.0,0xba52c75764d6f594735dc735be7f1830cdf58ddf,OUT,2,0.0,0x3740edf6d3802f7c423bf409671a9a6c8d79755be9955c4ee09bac3f5d1a690f,internal,call,0.001135037037037 Ether
