Class,address,age,block,creator,direction,inter_direction,txFee,txhash,txn_type,type,value
1,0x536a6ba0d913d5d6a4ce2c6eb7ed0de3c0f0b89e,1537964026,6404931.0,0xb648cc3367571c9166e966d1eb97de3f9ebfb8fd,OUT,2,0.0,0xa6695ad1d986e12356190c7895f23270641a0f21b3e0d101cdd19b0f97b829fa,internal,call,0.0025585 Ether
1,0x536a6ba0d913d5d6a4ce2c6eb7ed0de3c0f0b89e,1537827521,6395280.0,0xb648cc3367571c9166e966d1eb97de3f9ebfb8fd,OUT,2,0.0,0x7a17367787ebedb0a381e9d5cdf2640308c4f40c01ee0fcba74fa11bfe3c49a1,internal,call,0.0076755 Ether
1,0x536a6ba0d913d5d6a4ce2c6eb7ed0de3c0f0b89e,1537519542,6373534.0,0xb648cc3367571c9166e966d1eb97de3f9ebfb8fd,OUT,2,0.0,0x75c060c6e698c345746cfad7c9a49995fb263fdfe25183f5d5fe5ba1274d0e34,internal,call,0.0025585 Ether
