Class,address,age,block,creator,direction,inter_direction,txFee,txhash,txn_type,type,value
0,0x1d462414fe14cf489c7a21cac78509f4bf8cd7c0,1515749899,4897212.0,0x7702629d7192c4dc4dc4eb8b24d1edba0383ee8a,IN,3,0.00076299,0x1044b36a876a19d0e7cba7b72751117d7ebd3fe477b6da7a125cb4eb3ebaf87a,external,0,0 Ether
0,0x1d462414fe14cf489c7a21cac78509f4bf8cd7c0,1515400605,4875360.0,0x7702629d7192c4dc4dc4eb8b24d1edba0383ee8a,IN,3,0.0010875,0x18a02fc667cd1a43395d34675e8b276f0d47fa055fb0f274d79753b2d1300330,external,0,0 Ether
0,0x1d462414fe14cf489c7a21cac78509f4bf8cd7c0,1515401234,4875402.0,0x7702629d7192c4dc4dc4eb8b24d1edba0383ee8a,IN,3,0.0013800000000000002,0xa5ba43fffa309642301f76521fbdc2289bcf4ed3e6d355bda9145884e67e0035,external,0,0 Ether
0,0x1d462414fe14cf489c7a21cac78509f4bf8cd7c0,1515476893,4880154.0,0x7702629d7192c4dc4dc4eb8b24d1edba0383ee8a,IN,3,0.00086,0xab5e489faccc06cf352d724cc345bee8ccdfeca7bffa8f874b20b367ffaf0fec,external,0,0 Ether
