Class,address,age,block,creator,direction,inter_direction,txFee,txhash,txn_type,type,value
0,0x1fc7bd85293f3982f40d52698df8d26be89360d6,1518578015,5088452.0,0x9e7e799a8af24e5ab6064c9d516037bfe6cc9b8d,IN,3,3.451e-05,0x5f6f7bf0759c6a765b6b06a9b54ce089c2921910a765c9976e635749e4614b8d,external,0,0.00306 Ether
0,0x1fc7bd85293f3982f40d52698df8d26be89360d6,1518307180,5069856.0,0x9e7e799a8af24e5ab6064c9d516037bfe6cc9b8d,IN,3,0.00035787,0x6f80998aaa7a68fc5d8a7bffe446b4524ccce623d18e59c478bdade8fb096a07,external,0,0 Ether
0,0x1fc7bd85293f3982f40d52698df8d26be89360d6,1518307150,5069850.0,0x9e7e799a8af24e5ab6064c9d516037bfe6cc9b8d,IN,3,0.00035677,0x8eb22e38ab035953d60f733fac888d6a13cbe9c36ad4b440d3e080877d2d8aed,external,0,0 Ether
0,0x1fc7bd85293f3982f40d52698df8d26be89360d6,1518306023,5069767.0,0x9e7e799a8af24e5ab6064c9d516037bfe6cc9b8d,IN,3,0.00038605,0xa25a31af3904f5d149edec939d00617d16f8ac30104a0eb982bdcf0aecde6679,external,0,0 Ether
0,0x1fc7bd85293f3982f40d52698df8d26be89360d6,1518578169,5088465.0,0x9e7e799a8af24e5ab6064c9d516037bfe6cc9b8d,IN,3,3.431e-05,0xb11156b8e5355f9bf1c3d5f053acdd8996f525cff72fe7aae0dbf54f531cb7a1,external,0,0.002237 Ether
