Class,address,age,block,creator,direction,inter_direction,txFee,txhash,txn_type,type,value
0,0x1fc7bd85293f3982f40d52698df8d26be89360d6,1534688480,6177936.0,0x9e7e799a8af24e5ab6064c9d516037bfe6cc9b8d,IN,3,0.00017719999999999994,0x05331eb8e8ee460312e43d62ca9fa6dc8146ec1c7d343e82f73e05b0d9599820,external,0,0 Ether
0,0x1fc7bd85293f3982f40d52698df8d26be89360d6,1534686836,6177827.0,0x9e7e799a8af24e5ab6064c9d516037bfe6cc9b8d,IN,3,0.00115663,0x7563ff64d7ae77ba429fcb5190754595615cd509a3f676b352d2305c6a33b26f,external,0,0 Ether
