Class,address,age,block,creator,direction,inter_direction,txFee,txhash,txn_type,type,value
1,0xc656122eea83fcb49d546eaac18d5785c6681a0b,1541484460,6654445.0,0x6018106414ea98fd30854b1232febd66bc4df419,OUT,2,0.0,0xcce1d1748d8d34dc2e38a6bc5e217ffb334acc60cae84de75c82ab3158043cbd,internal,call,0.016105208333333 Ether
1,0xc656122eea83fcb49d546eaac18d5785c6681a0b,1540556815,6588999.0,0x6018106414ea98fd30854b1232febd66bc4df419,OUT,2,0.0,0xb81b17700610de5a9445ac40c36ce1127d0eb666f0641b126cd411259e2c47e1,internal,call,0.003330208333333 Ether
1,0xc656122eea83fcb49d546eaac18d5785c6681a0b,1540364993,6575424.0,0x6018106414ea98fd30854b1232febd66bc4df419,OUT,2,0.0,0xd685d76953d60f998c13cbacafc83d6e7be90c48db9f29c042980379dc0f9585,internal,call,0.010740625 Ether
1,0xc656122eea83fcb49d546eaac18d5785c6681a0b,1539746367,6531544.0,0x6018106414ea98fd30854b1232febd66bc4df419,OUT,2,0.0,0xd5310ae32838465bb1f5853300409c6b9bc204901d64452718c2a33e76d8b2e5,internal,call,0.002807291666666 Ether
