Class,address,age,block,creator,direction,inter_direction,txFee,txhash,txn_type,type,value
0,0x1fc7bd85293f3982f40d52698df8d26be89360d6,1531279571,5944468.0,0x9e7e799a8af24e5ab6064c9d516037bfe6cc9b8d,IN,3,0.0025115,0x0e8c603bb6c06ce59e141f57fd33eebf3c6a4ab5d5ba3926aae7b770736c104f,external,0,0 Ether
0,0x1fc7bd85293f3982f40d52698df8d26be89360d6,1531274293,5944101.0,0x9e7e799a8af24e5ab6064c9d516037bfe6cc9b8d,IN,3,0.00250513,0x3ebb71717c8765e14bcd5c7b4a235d6c1279c16a97fe4d689f20935cc725ae47,external,0,0 Ether
