Class,address,age,block,creator,direction,inter_direction,txFee,txhash,txn_type,type,value
0,0x1fc7bd85293f3982f40d52698df8d26be89360d6,1533194310,6075539.0,0x9e7e799a8af24e5ab6064c9d516037bfe6cc9b8d,IN,3,0.00057841,0x2868c0fdb3e00b38a70a396cdf7ad8c291b25a1ef2e6618ce11933b90c7eed6d,external,0,0 Ether
0,0x1fc7bd85293f3982f40d52698df8d26be89360d6,1533194653,6075569.0,0x9e7e799a8af24e5ab6064c9d516037bfe6cc9b8d,IN,3,0.00053487,0xb0120f3687a1de82e49a474c798a9c03d786f44a9d876b8d5ab2e8cd46ab6418,external,0,0 Ether
