Class,address,age,block,creator,direction,inter_direction,txFee,txhash,txn_type,type,value
0,0x20f7a3ddf244dc9299975b4da1c39f8d5d75f05a,1529015889,5791773.0,0xf07dfe65bea6be79ac93895152d0f6444d11a910,IN,3,0.00169621,0x5d0a5277cd9ed56f8c0c3df73b0b54e91d96b1248834c6f8fa4945a86f7ed56a,external,0,0 Ether
0,0x20f7a3ddf244dc9299975b4da1c39f8d5d75f05a,1529014274,5791674.0,0xf07dfe65bea6be79ac93895152d0f6444d11a910,IN,3,0.00163476,0x858d48952d6e96179d7b396609a2f3469d26101185a2daee0293a86f3b8bfd96,external,0,0 Ether
