Class,address,age,block,creator,direction,inter_direction,txFee,txhash,txn_type,type,value
1,0x4e8ecf79ade5e2c49b9e30d795517a81e0bf00b8,1533148356,6072496.0,0xf39e044e1ab204460e06e87c6dca2c6319fc69e3,OUT,1,0.0,0x054160ed3de575b92b8e617a3b871056d91c49958b09b3a280ec5ba4ca76e71a,internal,call,0.005843476763513 Ether
1,0x4e8ecf79ade5e2c49b9e30d795517a81e0bf00b8,1532749272,0.0,0xf39e044e1ab204460e06e87c6dca2c6319fc69e3,OUT,1,0.0,0x90047f3f93beef755ac18d89c9d4c0cc6ddcc89bd077734326d676885e8e73e9,internal,call,2.953557795197403 Ether
