Class,address,age,block,creator,direction,inter_direction,txFee,txhash,txn_type,type,value
0,0x20f7a3ddf244dc9299975b4da1c39f8d5d75f05a,1523285933,5411851.0,0xf07dfe65bea6be79ac93895152d0f6444d11a910,IN,3,0.00111536,0x21dc3e6c87868b1196e4b1d7deb1937b1756dd8260c1686c3ab7afcea168e5a4,external,0,0 Ether
0,0x20f7a3ddf244dc9299975b4da1c39f8d5d75f05a,1525988347,5593373.0,0xf07dfe65bea6be79ac93895152d0f6444d11a910,IN,3,0.00111708,0x82ddc4fbb7acec27520acce743fc0e6b779f1ed0560d3eeb638a17d89425fffe,external,0,0 Ether
