Class,address,age,block,creator,direction,inter_direction,txFee,txhash,txn_type,type,value
0,0x226bb599a12c826476e3a771454697ea52e9e220,1514721156,4831701.0,0x1ff21eca1c3ba96ed53783ab9c92ffbf77862584,IN,3,0.00137963,0x14e596ad9d8e74eb2fdb134956d185b293c5ecd6ebcc025f599231fdd497d956,external,0,0 Ether
0,0x226bb599a12c826476e3a771454697ea52e9e220,1514720860,4831675.0,0x1ff21eca1c3ba96ed53783ab9c92ffbf77862584,IN,3,0.00265391,0x563d5025487ccd1305da9c71c0e9143dfa03b07666de1de76691566a4197a0c7,external,0,0 Ether
