Class,address,age,block,creator,direction,inter_direction,txFee,txhash,txn_type,type,value
0,0x226bb599a12c826476e3a771454697ea52e9e220,1511357151,4603020.0,0x1ff21eca1c3ba96ed53783ab9c92ffbf77862584,IN,3,0.00169463,0x075cc00853be6ef9f3cc487cdda628a8c9d0861f943f17759f75057a031a079e,external,0,0 Ether
0,0x226bb599a12c826476e3a771454697ea52e9e220,1517070479,4981857.0,0x1ff21eca1c3ba96ed53783ab9c92ffbf77862584,IN,3,0.00720713,0x1122d917afce5b14723c12c61db034130a8535860c9c61b81ffa993fa5dc8a81,external,0,0 Ether
0,0x226bb599a12c826476e3a771454697ea52e9e220,1511706613,4628105.0,0x1ff21eca1c3ba96ed53783ab9c92ffbf77862584,IN,3,0.00138098,0x25cf3a9d73e43dbdc04002840ec79fe1ccf4f5ca66d7160e1ecaf6d1a80d8368,external,0,0 Ether
0,0x226bb599a12c826476e3a771454697ea52e9e220,1511356942,4603005.0,0x1ff21eca1c3ba96ed53783ab9c92ffbf77862584,IN,3,0.00265526,0x502f6dd7de2e74342f9fb88b31c9584e0934f5d36712c3a0c244fe58270ef0d5,external,0,0 Ether
0,0x226bb599a12c826476e3a771454697ea52e9e220,1517069588,4981803.0,0x1ff21eca1c3ba96ed53783ab9c92ffbf77862584,IN,3,0.00456,0x56d167c1486e2dad72030abc7107ed6a38616318af919901e404d283255fe66a,external,0,0 Ether
0,0x226bb599a12c826476e3a771454697ea52e9e220,1514498017,4816641.0,0x1ff21eca1c3ba96ed53783ab9c92ffbf77862584,IN,3,0.00131522,0x678366748e20dbd9180bf8125013442b33cc102d9908da9b3b62fd334eecd2c0,external,0,0 Ether
0,0x226bb599a12c826476e3a771454697ea52e9e220,1524176957,5472733.0,0x1ff21eca1c3ba96ed53783ab9c92ffbf77862584,IN,3,0.00518408,0x77a376497fbe640ccda3386b75ce58c877596ac946ace0af7f5f87297df5043c,external,0,0 Ether
0,0x226bb599a12c826476e3a771454697ea52e9e220,1511445016,4609330.0,0x1ff21eca1c3ba96ed53783ab9c92ffbf77862584,IN,3,0.00169463,0x86bd0e4f0d771315ab03dacb15a9cc96a7dad19cc1586d2730f3ab7e11cf3994,external,0,0 Ether
0,0x226bb599a12c826476e3a771454697ea52e9e220,1514463531,4814329.0,0x1ff21eca1c3ba96ed53783ab9c92ffbf77862584,IN,3,0.00161522,0x94d88ce0ef004cbe121e485e3cf3369cab9e900a2acb87c5d8be4f2806bc4d53,external,0,0 Ether
0,0x226bb599a12c826476e3a771454697ea52e9e220,1514038282,4784927.0,0x1ff21eca1c3ba96ed53783ab9c92ffbf77862584,IN,3,0.00131522,0xb11a37f2803110244f22856376d2f4499616dfefa6b6f80d4ace42af33716ed1,external,0,0 Ether
