Class,address,age,block,creator,direction,inter_direction,txFee,txhash,txn_type,type,value
0,0x255aa6df07540cb5d3d297f0d0d4d84cb52bc8e6,1513057400,4720118.0,0x000f4e7bcc75469aa5c86673eb915db30d267200,IN,3,0.00113867,0x25d8d5c75d611411f58e7a63e884e278e8b96fe45274fd760302693c854da484,external,0,0 Ether
0,0x255aa6df07540cb5d3d297f0d0d4d84cb52bc8e6,1512806087,4703305.0,0x000f4e7bcc75469aa5c86673eb915db30d267200,IN,3,0.00122798,0x5efec24dca3e0c11ccc0134213c3a539f180b797a5b773a78343afe7470200c2,external,0,0 Ether
