Class,address,age,block,creator,direction,inter_direction,txFee,txhash,txn_type,type,value
0,0x255aa6df07540cb5d3d297f0d0d4d84cb52bc8e6,1510681291,4554445.0,0x000f4e7bcc75469aa5c86673eb915db30d267200,IN,3,0.00044398,0x2c191ddabe0fc4bf9b9b38d9c182e85e213b1e8a4d98fe48801691b89d6ac24a,external,0,0 Ether
0,0x255aa6df07540cb5d3d297f0d0d4d84cb52bc8e6,1510699736,4555804.0,0x000f4e7bcc75469aa5c86673eb915db30d267200,IN,3,0.00044398,0xa593653ab5a1db9c13f5b0fa811ee3fe356c404bca09dde335032787b75a2a20,external,0,0 Ether
