Class,address,age,block,creator,direction,inter_direction,txFee,txhash,txn_type,type,value
0,0x27054b13b1b798b345b591a4d22e6562d47ea75a,1508224988,4377738.0,0x1ff808e34e4df60326a3fc4c2b0f80748a3d60c2,IN,3,0.00080532,0x075342630bf2ff655619c5b0367e0b4858d24bc1ddb03b058f9b700de2186c53,external,0,0 Ether
0,0x27054b13b1b798b345b591a4d22e6562d47ea75a,1508225125,4377744.0,0x1ff808e34e4df60326a3fc4c2b0f80748a3d60c2,IN,3,0.00080398,0x96797f950ff6b009ccb0abab7ed95d0dd121075f382b402cd7909526241ffac6,external,0,0 Ether
