Class,address,age,block,creator,direction,inter_direction,txFee,txhash,txn_type,type,value
0,0x27054b13b1b798b345b591a4d22e6562d47ea75a,1510259353,4524005.0,0x1ff808e34e4df60326a3fc4c2b0f80748a3d60c2,IN,3,0.00046698,0x6e4beec9961136ed1ddf663a8c94b841897d3daeb6f65be45972f568f240985f,external,0,0 Ether
0,0x27054b13b1b798b345b591a4d22e6562d47ea75a,1509586334,4475571.0,0x1ff808e34e4df60326a3fc4c2b0f80748a3d60c2,IN,3,0.00046698,0xab52026aec0c7cc1f07e5de3ef8559daaec84c321b5910cd099a1c5af8948550,external,0,0 Ether
0,0x27054b13b1b798b345b591a4d22e6562d47ea75a,1509518570,4470794.0,0x1ff808e34e4df60326a3fc4c2b0f80748a3d60c2,IN,3,0.00093396,0xaf64f3bf5f91bc4c375df2d40c6d284ef3edf965f6f8b01218458436dab60745,external,0,0 Ether
