Class,address,age,block,creator,direction,inter_direction,txFee,txhash,txn_type,type,value
0,0x27054b13b1b798b345b591a4d22e6562d47ea75a,1508223388,4377625.0,0x1ff808e34e4df60326a3fc4c2b0f80748a3d60c2,IN,3,0.00029419,0x3a7a835515df091cc197d79af2f8d55b33ca0ee5ac75e9ae0b3900bd8167957f,external,0,0 Ether
0,0x27054b13b1b798b345b591a4d22e6562d47ea75a,1508224233,4377683.0,0x1ff808e34e4df60326a3fc4c2b0f80748a3d60c2,IN,3,0.00028018,0x64449005128abc368e78dd090de0f7ae2c6da05abf910e21625026f0f96cf479,external,0,0 Ether
