Class,address,age,block,creator,direction,inter_direction,txFee,txhash,txn_type,type,value
0,0x2956356cd2a2bf3202f771f50d3d14a367b48070,1502790699,4161806.0,0xa3b2d1087bcebe59d188a23f75620612d967df72,IN,3,0.00095974,0x394e8a04e3ea0c3f61eedf5cb6a4d473c36341403ff789699c0ad234f62bde3d,external,0,0 Ether
0,0x2956356cd2a2bf3202f771f50d3d14a367b48070,1502898331,4166965.0,0xa3b2d1087bcebe59d188a23f75620612d967df72,IN,3,0.0005583,0x3a02dfa5b80be565d55a114fdfb1652fa0f36ae8e4cc90e9244b8ccd37cac062,external,0,0 Ether
0,0x2956356cd2a2bf3202f771f50d3d14a367b48070,1502895120,4166801.0,0xa3b2d1087bcebe59d188a23f75620612d967df72,IN,3,0.00068561,0x4cbb582c28ada943b3d788e7e3d65900af658261a45c45c5b951423514abac0a,external,0,0 Ether
0,0x2956356cd2a2bf3202f771f50d3d14a367b48070,1502887096,4166432.0,0xa3b2d1087bcebe59d188a23f75620612d967df72,IN,3,0.00065832,0x6ac4ad817f8c6e3551499a5f3aab4e4e02c66ae645eab9ca1782f161c5fcc8a7,external,0,0 Ether
0,0x2956356cd2a2bf3202f771f50d3d14a367b48070,1504171715,4224065.0,0xa3b2d1087bcebe59d188a23f75620612d967df72,IN,3,0.00069795,0x984b83ac906eee254ea924c44dfbe416ba1bbbf2b84523899e84928379276932,external,0,0 Ether
