Class,address,age,block,creator,direction,inter_direction,txFee,txhash,txn_type,type,value
0,0x2baac9330cf9ac479d819195794d79ad0c7616e3,1515803836,4900630.0,0xa1201a92b56cb45860808c1f2fde9f482ccd2790,IN,3,0.00186373,0x5a7c5df800238710a446f6ee6f8cd2a685ef12aba85148739270b815c983d36b,external,0,1 Ether
0,0x2baac9330cf9ac479d819195794d79ad0c7616e3,1523615101,5434590.0,0xa1201a92b56cb45860808c1f2fde9f482ccd2790,IN,3,0.0004570000000000001,0x818e9396f1e917fed0a691e5e937392e312858691698c89a80b391069d0ea6c8,external,0,0 Ether
