Class,address,age,block,creator,direction,inter_direction,txFee,txhash,txn_type,type,value
0,0x2bdc0d42996017fce214b21607a515da41a9e0c5,1502179779,4132761.0,0x6f2010d0fbaf8b7dbc13ee7252ff8594a2be3c51,IN,3,0.00048300000000000003,0x32bcd0abf1ad30133901b7391b4904adb3e9e96a92418901f2a622faa104e7db,external,0,0 Ether
0,0x2bdc0d42996017fce214b21607a515da41a9e0c5,1531747365,5976867.0,0x6f2010d0fbaf8b7dbc13ee7252ff8594a2be3c51,IN,3,0.00150133,0x4d724397dcf602bbc94126eade333fbbd3fbf9b81ac5f12c975bf9deeaa5befe,external,0,0 Ether
0,0x2bdc0d42996017fce214b21607a515da41a9e0c5,1503490389,4195623.0,0x6f2010d0fbaf8b7dbc13ee7252ff8594a2be3c51,IN,3,0.00108397,0x60f0a3eafe03012ed69bbdc6dcd588006bfaa1c738300340bc6b3ad70d561330,external,0,0 Ether
0,0x2bdc0d42996017fce214b21607a515da41a9e0c5,1502180061,4132770.0,0x6f2010d0fbaf8b7dbc13ee7252ff8594a2be3c51,IN,3,0.00076897,0xafed79ca782941e1be4a30315272f9c96027d9cb6e36c6ca5f642c9bdbb750db,external,0,0 Ether
