Class,address,age,block,creator,direction,inter_direction,txFee,txhash,txn_type,type,value
0,0x2baac9330cf9ac479d819195794d79ad0c7616e3,1517824079,5036504.0,0xa1201a92b56cb45860808c1f2fde9f482ccd2790,IN,3,0.00167359,0x3b4ff66de818fd9b6069ec5648d9d78cc7c02492714a4d037e986cea0f56006a,external,0,0 Ether
0,0x2baac9330cf9ac479d819195794d79ad0c7616e3,1519029030,5119545.0,0xa1201a92b56cb45860808c1f2fde9f482ccd2790,IN,3,0.00167359,0x772ad3c6c03ba42ea5dfad430368c8d1388f7681366a6640d1458c835ebcfe7c,external,0,0 Ether
0,0x2baac9330cf9ac479d819195794d79ad0c7616e3,1517823772,5036479.0,0xa1201a92b56cb45860808c1f2fde9f482ccd2790,IN,3,0.00234283,0xa7a5e29091e4e333964dcd424032ff55358efb6abf8df4ff9d3b2b8149e0dfd4,external,0,0 Ether
