Class,address,age,block,creator,direction,inter_direction,txFee,txhash,txn_type,type,value
0,0x2bdc0d42996017fce214b21607a515da41a9e0c5,1503722638,4204123.0,0x6f2010d0fbaf8b7dbc13ee7252ff8594a2be3c51,IN,3,0.00040279,0x426e45badd556583a2428d43fd84900b78bd737264639d2cb869a34c88b01c7b,external,0,0 Ether
0,0x2bdc0d42996017fce214b21607a515da41a9e0c5,1500604661,4052722.0,0x6f2010d0fbaf8b7dbc13ee7252ff8594a2be3c51,IN,3,0.00073236,0x8e2840340daea69a03b670affc9563cbb00ab444ca945a63ce93b40439f10c1b,external,0,0 Ether
