Class,address,age,block,creator,direction,inter_direction,txFee,txhash,txn_type,type,value
0,0x2c4e8f2d746113d0696ce89b35f0d8bf88e0aeca,1513634015,4758373.0,0x592f56f480033c80642437d888258cd77f57edce,IN,3,0.00045547,0x41852f3309d6c299cee36f6529db85a8209d3bed9d41abb3a887ccfe10dbfef8,external,0,0 Ether
0,0x2c4e8f2d746113d0696ce89b35f0d8bf88e0aeca,1513634228,4758388.0,0x592f56f480033c80642437d888258cd77f57edce,IN,3,0.0006135,0x67c832a2f98a13177491ba1ac1a8c6a24a560d49fe9ed3536623278582d6851d,external,0,0 Ether
0,0x2c4e8f2d746113d0696ce89b35f0d8bf88e0aeca,1513634150,4758381.0,0x592f56f480033c80642437d888258cd77f57edce,IN,3,0.00149424,0x8bdcbb2a0a49ba1cec1c35108505837a275e2f50f060c583979eb753627c310a,external,0,0 Ether
