Class,address,age,block,creator,direction,inter_direction,txFee,txhash,txn_type,type,value
0,0x2c4e8f2d746113d0696ce89b35f0d8bf88e0aeca,1526524451,5628762.0,0x592f56f480033c80642437d888258cd77f57edce,IN,3,0.00024495,0x29a5f0a21ad63dea63b3c12a035e995d501605bc40dc15eaf5da5b4047ab5b7c,external,0,0 Ether
0,0x2c4e8f2d746113d0696ce89b35f0d8bf88e0aeca,1526525239,5628810.0,0x592f56f480033c80642437d888258cd77f57edce,IN,3,0.00156357,0x6f1fd8adc7fca1843931262c1c45f4e138203cd5528ca5969df687f9dc01b94b,external,0,0 Ether
