Class,address,age,block,creator,direction,inter_direction,txFee,txhash,txn_type,type,value
0,0x2c4e8f2d746113d0696ce89b35f0d8bf88e0aeca,1516007867,4913594.0,0x592f56f480033c80642437d888258cd77f57edce,IN,3,0.00089168,0x1b455e390fdae2e8a97ef6635b7d0124acc5036385262c027a73abc836c7134f,external,0,0 Ether
0,0x2c4e8f2d746113d0696ce89b35f0d8bf88e0aeca,1513731223,4764662.0,0x592f56f480033c80642437d888258cd77f57edce,IN,3,0.00126792,0x46c822ed4b1b12de6281b4553c676960a4b6c2c415bbb456cc0658babddc1ffd,external,0,0 Ether
