Class,address,age,block,creator,direction,inter_direction,txFee,txhash,txn_type,type,value
0,0x2c4e8f2d746113d0696ce89b35f0d8bf88e0aeca,1544976184,6897084.0,0x592f56f480033c80642437d888258cd77f57edce,IN,3,0.00213991,0x87638e8229d7df1e0d58f722e6644eedbe025fce3e5f3cd63211acd11cb64980,external,0,0 Ether
0,0x2c4e8f2d746113d0696ce89b35f0d8bf88e0aeca,1544976303,6897097.0,0x592f56f480033c80642437d888258cd77f57edce,IN,3,0.00214134,0xa53a855ba75dd9ed448dfea32c705c74d88f901991a8c7e1e3950ca94751c324,external,0,0 Ether
