Class,address,age,block,creator,direction,inter_direction,txFee,txhash,txn_type,type,value
0,0xb1690c08e213a35ed9bab7b318de14420fb57d8c,1541173155,6632542.0,0xba52c75764d6f594735dc735be7f1830cdf58ddf,OUT,2,0.0,0x9ad5420c3cb0954a1fa53ab8b96c7f1106635ac06f8b829c5748c61afd77fd9b,internal,call,0.00000459365387 Ether
0,0xb1690c08e213a35ed9bab7b318de14420fb57d8c,1541172915,6632523.0,0xba52c75764d6f594735dc735be7f1830cdf58ddf,OUT,2,0.0,0x4e5abbb48055bfbb9d3cbf8eb6437fafa2200d83364ca3fe77dd333abb1491e8,internal,call,0.000001179010179 Ether
0,0xb1690c08e213a35ed9bab7b318de14420fb57d8c,1541172655,6632506.0,0xba52c75764d6f594735dc735be7f1830cdf58ddf,OUT,2,0.0,0x30da40cfd6895674cbc0e638d29f8e07285872fe51c174dbf2246d6b559352ba,internal,call,0.000000423611139 Ether
0,0xb1690c08e213a35ed9bab7b318de14420fb57d8c,1541172124,6632469.0,0xba52c75764d6f594735dc735be7f1830cdf58ddf,OUT,2,0.0,0x8356e1b40371fac05447e00ef8dc8f494e6b8ea92a1690e02494d4f97a41874d,internal,call,0.000000375826788 Ether
0,0xb1690c08e213a35ed9bab7b318de14420fb57d8c,1541220143,6632786.0,0xba52c75764d6f594735dc735be7f1830cdf58ddf,OUT,2,0.0,0x9c4955df83e64dbd52cd84d89704970edc3ee91548359df645004dc6e992e3b4,internal,call,0.000000188811024 Ether
0,0xb1690c08e213a35ed9bab7b318de14420fb57d8c,1541219846,6632770.0,0xba52c75764d6f594735dc735be7f1830cdf58ddf,OUT,2,0.0,0xb935b4bd43ad87e52fa6c9714adb341ee4c00de22d73134fc77adbfa9d7c45aa,internal,call,0.000000271278395 Ether
0,0xb1690c08e213a35ed9bab7b318de14420fb57d8c,1541219838,6632769.0,0xba52c75764d6f594735dc735be7f1830cdf58ddf,OUT,2,0.0,0x68102f2345d47d67d80a01aa8d5c388207c6ae68a1efe1c5253f56a53656ee3c,internal,call,0.000000203692941 Ether
0,0xb1690c08e213a35ed9bab7b318de14420fb57d8c,1541219799,6632764.0,0xba52c75764d6f594735dc735be7f1830cdf58ddf,OUT,2,0.0,0xf2bb507c193b4013647e435a668bfbeff6132afc8bc7860378e497372c36ca9d,internal,call,0.000000431589674 Ether
