Class,address,age,block,creator,direction,inter_direction,txFee,txhash,txn_type,type,value
1,0x4e8ecf79ade5e2c49b9e30d795517a81e0bf00b8,1533821068,6118564.0,0xf39e044e1ab204460e06e87c6dca2c6319fc69e3,OUT,2,0.0,0x63048abb8533235450a7835d2fd1bf220123a09b14168db675da2c7d2e64c045,internal,call,0.182274168583072 Ether
1,0x4e8ecf79ade5e2c49b9e30d795517a81e0bf00b8,1533575791,6101794.0,0xf39e044e1ab204460e06e87c6dca2c6319fc69e3,OUT,2,0.0,0xcf7356461073ede3ecdceccfaf34e605175a307c9d5b64761fe232c827d296ff,internal,call,0.000983942864675 Ether
1,0x4e8ecf79ade5e2c49b9e30d795517a81e0bf00b8,1532722886,6043192.0,0xf39e044e1ab204460e06e87c6dca2c6319fc69e3,OUT,2,0.0,0xe81db70a6a8c8173bb30d4bf52590f7fd927d56c1b8208a64ede769350860d1e,internal,call,0.043319452248522 Ether
