Class,address,age,block,creator,direction,inter_direction,txFee,txhash,txn_type,type,value
0,0x2956356cd2a2bf3202f771f50d3d14a367b48070,1515887184,4905901.0,0xa3b2d1087bcebe59d188a23f75620612d967df72,OUT,2,0.0,0x2c759cf7c5f99a8e5b4e75cb37208f135e71db410304e3ba1d06e10670a9a321,internal,call,0.0012601 Ether
0,0x2956356cd2a2bf3202f771f50d3d14a367b48070,1516999373,4979938.0,0xa3b2d1087bcebe59d188a23f75620612d967df72,OUT,2,0.0,0xebff903238ced286328bdca3a093a1770922438943da392d68486496e2a117bf,internal,call,0.0000001002 Ether
0,0x2956356cd2a2bf3202f771f50d3d14a367b48070,1515718399,4895258.0,0xa3b2d1087bcebe59d188a23f75620612d967df72,OUT,2,0.0,0xd4a06fdd9a118e7919f8a87b020ee5bc6c2fe896e5d542335bf47f8bdd005a23,internal,call,0.0356743 Ether
