Class,address,age,block,creator,direction,inter_direction,txFee,txhash,txn_type,type,value
1,0x4e8ecf79ade5e2c49b9e30d795517a81e0bf00b8,1534074633,6135889.0,0xf39e044e1ab204460e06e87c6dca2c6319fc69e3,OUT,2,0.0,0x78e815c6a4f7f742eb2f0c03b1b16e8b1e13e4eef265a8bbbc8bb617d3cbc8c0,internal,call,0.014260614469127 Ether
1,0x4e8ecf79ade5e2c49b9e30d795517a81e0bf00b8,1535465330,6231169.0,0xf39e044e1ab204460e06e87c6dca2c6319fc69e3,OUT,2,0.0,0x6f94031f58178f9fc5c59be4682edf76799360a0b0bc4c03af5d9f870d57472b,internal,call,0.000264807211612 Ether
1,0x4e8ecf79ade5e2c49b9e30d795517a81e0bf00b8,1535136716,6208648.0,0xf39e044e1ab204460e06e87c6dca2c6319fc69e3,OUT,2,0.0,0xbb24dc58af1616e9bb0efc85f00a7ee341165844946eb84ffd128901224d66a6,internal,call,0.012130978859507 Ether
1,0x4e8ecf79ade5e2c49b9e30d795517a81e0bf00b8,1535172418,6208141.0,0xf39e044e1ab204460e06e87c6dca2c6319fc69e3,OUT,2,0.0,0x789c7862fe6b01866e81a7029c26d29d193acd61b5478902147ffa7554dddc62,internal,call,0.013079449931684 Ether
1,0x4e8ecf79ade5e2c49b9e30d795517a81e0bf00b8,1533938953,6126693.0,0xf39e044e1ab204460e06e87c6dca2c6319fc69e3,OUT,2,0.0,0x39b2c408804bb6ac94d189f821b293fa7e3f2792ce09f017ef295fced8ccbe85,internal,call,0.127215438808327 Ether
1,0x4e8ecf79ade5e2c49b9e30d795517a81e0bf00b8,1533966740,6128572.0,0xf39e044e1ab204460e06e87c6dca2c6319fc69e3,OUT,2,0.0,0x37abd39aae4c3f97d4ed8456e5344ba72c521f1d6cdfa12cf595b7318fd5b8fe,internal,call,0.0181304284855 Ether
