Class,address,age,block,creator,direction,inter_direction,txFee,txhash,txn_type,type,value
1,0xf00e5a59fde1cb2ead96a8be7711abc3f981e0f1,1537920068,6401832.0,0x96bb98183e5562913e72613c1979d0a13f8ec76b,OUT,2,0.0,0x454556bd3cb919be8ff298ee31035676f43dbcce2eba36cce99c7f9995ee7dd3,internal,call,0.066666666666666 Ether
1,0xf00e5a59fde1cb2ead96a8be7711abc3f981e0f1,1537883592,6399236.0,0x96bb98183e5562913e72613c1979d0a13f8ec76b,OUT,2,0.0,0x7f0022e0cc1594c6ce230c4c7ef720a6a769e3f4e5af9655e77803829b565d1e,internal,call,0.041666666666666 Ether
1,0xf00e5a59fde1cb2ead96a8be7711abc3f981e0f1,1537887713,6399524.0,0x96bb98183e5562913e72613c1979d0a13f8ec76b,OUT,2,0.0,0xbe1754b79ae4b5e57d0d391554d40c0c0d0c283987a1077ec7f8d355a8adfdb2,internal,call,0.020138888888888 Ether
1,0xf00e5a59fde1cb2ead96a8be7711abc3f981e0f1,1537885980,6399406.0,0x96bb98183e5562913e72613c1979d0a13f8ec76b,OUT,2,0.0,0x5524a8fea42b40e2b0955835bb7f000a79a609139277119a9b5b735b65d87d8d,internal,call,0.027777777777777 Ether
1,0xf00e5a59fde1cb2ead96a8be7711abc3f981e0f1,1537879996,6398992.0,0x96bb98183e5562913e72613c1979d0a13f8ec76b,OUT,2,0.0,0xd5987cdc841142b39b56373e7e21b8e0d6f67f695075f2857d02960163edc22b,internal,call,0.075 Ether
1,0xf00e5a59fde1cb2ead96a8be7711abc3f981e0f1,1537914299,6401422.0,0x96bb98183e5562913e72613c1979d0a13f8ec76b,OUT,2,0.0,0xf94e7765adf94afc1020b17eefac562b670767700aa7459164ca06624c144743,internal,call,0.0875 Ether
1,0xf00e5a59fde1cb2ead96a8be7711abc3f981e0f1,1537906760,6400886.0,0x96bb98183e5562913e72613c1979d0a13f8ec76b,OUT,2,0.0,0x294879d35b351483c07bc8f92b0352c04c2da14e1b4e7998f9ca6dd1f4d77c02,internal,call,0.220138888888888 Ether
1,0xf00e5a59fde1cb2ead96a8be7711abc3f981e0f1,1537925599,6402221.0,0x96bb98183e5562913e72613c1979d0a13f8ec76b,OUT,2,0.0,0x0d640cfb49d2f986d5a32ea3e155628c8efbb8ed70112debc1fedee5b5419763,internal,call,0.063888888888888 Ether
1,0xf00e5a59fde1cb2ead96a8be7711abc3f981e0f1,1537929687,6402502.0,0x96bb98183e5562913e72613c1979d0a13f8ec76b,OUT,2,0.0,0x769b2d0d99c2b91a438a5f2aabf881448acad011d12d2ac14028be0885b5921e,internal,call,0.047222222222222 Ether
