Class,address,age,block,creator,direction,inter_direction,txFee,txhash,txn_type,type,value
0,0x964f35fae36d75b1e72770e244f6595b68508cf5,1524767564,5512466.0,0x8007ce15acda724689760b4ba493d4766f973649,OUT,2,0.0,0x95fb0f50cc5afce4f24b18947b87cbbaaac252393f43422e23a54e2833b235c7,internal,call,0.020352565868338 Ether
0,0x964f35fae36d75b1e72770e244f6595b68508cf5,1524965853,5525670.0,0x8007ce15acda724689760b4ba493d4766f973649,OUT,2,0.0,0xb9d23832618d062bc7609f5cbf40c7304743ae947d932a91db18ab6e651ad8bc,internal,call,0.03232613621968 Ether
