Class,address,age,block,creator,direction,inter_direction,txFee,txhash,txn_type,type,value
0,0x40395044ac3c0c57051906da938b54bd6557f212,1498134291,3914632.0,0xed5eca2d2b341ba7eaa93273557f2b56b74f5107,IN,3,0.00085362,0x09750306724b914a8d227f6a1eaaafe4ec5765415930d451c5be36a2dfd77ad4,external,0,0 Ether
0,0x40395044ac3c0c57051906da938b54bd6557f212,1500562872,4050513.0,0xed5eca2d2b341ba7eaa93273557f2b56b74f5107,IN,3,0.00085497,0x28e0e47b56d8f896f91a67d38876a7bef6c3fbb94bc851f16839c44902db6f62,external,0,0 Ether
0,0x40395044ac3c0c57051906da938b54bd6557f212,1538730808,6459172.0,0xed5eca2d2b341ba7eaa93273557f2b56b74f5107,IN,3,0.00294939,0x3aca36ceb8a3aa287f0de8cd3898e58ad7078a0ab021bfd683850f8d19640bce,external,0,0 Ether
0,0x40395044ac3c0c57051906da938b54bd6557f212,1496857042,3837546.0,0xed5eca2d2b341ba7eaa93273557f2b56b74f5107,IN,3,0.0009725,0x476dc44d4ceb3a1dc8c23bb296fed179db485f38ffac469f98426f3b49e04483,external,0,0 Ether
0,0x40395044ac3c0c57051906da938b54bd6557f212,1538720730,6458460.0,0xed5eca2d2b341ba7eaa93273557f2b56b74f5107,IN,3,0.00294939,0x60e3d565daa579655f0e44d6f2dac626a945aba28f2cda9bcb6a73bfc7c0a154,external,0,0 Ether
0,0x40395044ac3c0c57051906da938b54bd6557f212,1510806930,4560395.0,0xed5eca2d2b341ba7eaa93273557f2b56b74f5107,IN,3,0.00116728,0x77f92ad2c3cf7eb6d873f4eb5d138efa37b32f021c7b9ab7adef5f73e0495935,external,0,0 Ether
0,0x40395044ac3c0c57051906da938b54bd6557f212,1512318395,4668223.0,0xed5eca2d2b341ba7eaa93273557f2b56b74f5107,IN,3,0.00116594,0x7fb9afa41a09cc846944db6d9b17915e2f3ae764c8e62c0a6609cb33126007b6,external,0,0 Ether
0,0x40395044ac3c0c57051906da938b54bd6557f212,1539353174,6503643.0,0xed5eca2d2b341ba7eaa93273557f2b56b74f5107,IN,3,0.00215778,0xa06bf5b431d137b555c27f2e55aee50a53d949ae6c3562ab4e3665d6576f7708,external,0,0 Ether
