Class,address,age,block,creator,direction,inter_direction,txFee,txhash,txn_type,type,value
0,0x40395044ac3c0c57051906da938b54bd6557f212,1515454578,4878756.0,0xed5eca2d2b341ba7eaa93273557f2b56b74f5107,IN,3,0.0033350999999999997,0x3ea3bdd03b4d83e661a5b65cabfb1662c905d086d0b6af42c1227f25155ed91a,external,0,0 Ether
0,0x40395044ac3c0c57051906da938b54bd6557f212,1515455447,4878811.0,0xed5eca2d2b341ba7eaa93273557f2b56b74f5107,IN,3,0.0015351,0x9e9e0f7d50a10bf94156ce5a3819c40830bd4c189e4ebc90171127c0986149a1,external,0,0 Ether
