Class,address,age,block,creator,direction,inter_direction,txFee,txhash,txn_type,type,value
0,0xc02aaa39b223fe8d0a0e5c4f27ead9083c756cc2,1545451687,6929448.0,0x4f26ffbe5f04ed43630fdc30a87638d53d0b0876,OUT,2,0.0,0x2699445c694f8e1455c6bacb65da203c02e539151dcbae96e5183567815e6009,internal,call,2.008839681525309 Ether
0,0xc02aaa39b223fe8d0a0e5c4f27ead9083c756cc2,1547843779,7090905.0,0x4f26ffbe5f04ed43630fdc30a87638d53d0b0876,OUT,2,0.0,0xebcf04f9a8c9a1dab2d996dc3d57f460b3d356098fb3bf7eca01ee3469680fcf,internal,call,0.499703244507402 Ether
0,0xc02aaa39b223fe8d0a0e5c4f27ead9083c756cc2,1545421382,6930365.0,0x4f26ffbe5f04ed43630fdc30a87638d53d0b0876,OUT,2,0.0,0x604427d65172d9b708e73f88aa28e959ad9544acd2cc38a519aa7cc2a6617737,internal,call,1.220572633519601 Ether
0,0xc02aaa39b223fe8d0a0e5c4f27ead9083c756cc2,1546143997,6976926.0,0x4f26ffbe5f04ed43630fdc30a87638d53d0b0876,OUT,2,0.0,0x0323e3728491f4182b6d76aa25d5d66a7999660216d3eae5db6fe378adf37d79,internal,call,4.006269492 Ether
0,0xc02aaa39b223fe8d0a0e5c4f27ead9083c756cc2,1545069962,6906511.0,0x4f26ffbe5f04ed43630fdc30a87638d53d0b0876,OUT,2,0.0,0x99ab762f15587f4d71a5263e510c5b454463c90a2b0dfe229f2bed0bc7285b0e,internal,call,1.300000029973 Ether
