Class,address,age,block,creator,direction,inter_direction,txFee,txhash,txn_type,type,value
0,0x43ee79e379e7b78d871100ed696e803e7893b644,1513243625,4732321.0,0x2946c05cf464ebd0cca96ece1926cc570d02459e,IN,3,0.0010695,0x43484c35a3094ef1bea231d197a5a7c4e846745f4a8f5e6cf28279be7c45862d,external,0,0 Ether
0,0x43ee79e379e7b78d871100ed696e803e7893b644,1499543321,3996340.0,0x2946c05cf464ebd0cca96ece1926cc570d02459e,IN,3,0.00152925,0x85dfdf06892a4f8cd61f031a4c93bce8d926e65342e4dd08bcd6c4401103253e,external,0,0 Ether
