Class,address,age,block,creator,direction,inter_direction,txFee,txhash,txn_type,type,value
0,0x459f7854776ed005b6ec63a88f834fdab0b6993e,1505201512,0.0,0xa7b0883a9e885177f30fcdc42b6e4a015f20e53b,OUT,2,0.0,0xdf3185b183da332f8e769ea5d7ec6c1c8af3d7c950cde9e7c0388109715b60c7,internal,call,0.000002 Ether
0,0x459f7854776ed005b6ec63a88f834fdab0b6993e,1505200991,0.0,0xa7b0883a9e885177f30fcdc42b6e4a015f20e53b,OUT,2,0.0,0x6be2750e85e5dd653933dbf1bf6af74c6de378ff7a054e7c7bdd89cd4d288aac,internal,call,0.00000166 Ether
