Class,address,age,block,creator,direction,inter_direction,txFee,txhash,txn_type,type,value
0,0x43ee79e379e7b78d871100ed696e803e7893b644,1513209130,4730052.0,0x2946c05cf464ebd0cca96ece1926cc570d02459e,IN,3,0.00061382,0x2e5b52e243a4c0602b8a8c52db0e154bb928c00bab99434e87abed3083ff18ae,external,0,0 Ether
0,0x43ee79e379e7b78d871100ed696e803e7893b644,1513208441,4730007.0,0x2946c05cf464ebd0cca96ece1926cc570d02459e,IN,3,0.0009449,0x6d04c1f690de8377b3da53b0ae983e43839bbe5c0f10da055be454d996e1ac9c,external,0,0 Ether
