Class,address,age,block,creator,direction,inter_direction,txFee,txhash,txn_type,type,value
1,0xb10ea0d397db942a1083a4af9c6074ab63bc8c8b,1540349202,6574290.0,0x65b041db3135ed5f76d9486aa56f8ca5dc9a3f5e,OUT,2,0.0,0xe1a705dffdad593321b6aa6de8f728fe3495af32a53e823cc4ee39fd94df3908,internal,call,0.012411463822305 Ether
1,0xb10ea0d397db942a1083a4af9c6074ab63bc8c8b,1539729764,6530419.0,0x65b041db3135ed5f76d9486aa56f8ca5dc9a3f5e,OUT,2,0.0,0xbc7f5c08aad1496232f12997a14c82c54d0623017a8d854075a3e4bf3e8706ac,internal,call,0.011610694699423 Ether
1,0xb10ea0d397db942a1083a4af9c6074ab63bc8c8b,1539214756,6493793.0,0x65b041db3135ed5f76d9486aa56f8ca5dc9a3f5e,OUT,2,0.0,0x6fde5d4f185bef345856d6927cce98a5aa701bec97dfcb5b46d054ffb1166757,internal,call,0.003259231133152 Ether
1,0xb10ea0d397db942a1083a4af9c6074ab63bc8c8b,1539550332,6517732.0,0x65b041db3135ed5f76d9486aa56f8ca5dc9a3f5e,OUT,2,0.0,0xd1befd6e49d7447745a0899186824e381b9347268b2d87e4c8446f344702c9ad,internal,call,0.021908128037322 Ether
1,0xb10ea0d397db942a1083a4af9c6074ab63bc8c8b,1540157360,6560728.0,0x65b041db3135ed5f76d9486aa56f8ca5dc9a3f5e,OUT,2,0.0,0xca145b45a8057a53b0bd3dfd61dcf9d99dbd2f792cde5bd544b249b7801ccfa5,internal,call,0.027737727251898 Ether
1,0xb10ea0d397db942a1083a4af9c6074ab63bc8c8b,1540762400,6603549.0,0x65b041db3135ed5f76d9486aa56f8ca5dc9a3f5e,OUT,2,0.0,0xbd69c612524d8e5b88b5edca386998451b44866ed69658f8e09aa1884f20adb6,internal,call,0.02677680430444 Ether
