Class,address,age,block,creator,direction,inter_direction,txFee,txhash,txn_type,type,value
1,0xb10ea0d397db942a1083a4af9c6074ab63bc8c8b,1539693911,6527869.0,0x65b041db3135ed5f76d9486aa56f8ca5dc9a3f5e,OUT,1,0.0,0x9f93d1cf1bc800767f8c4dc53f22fcd8227cbde11826c91b165843e5e81b7f0a,internal,call,0.037031186440677 Ether
1,0xb10ea0d397db942a1083a4af9c6074ab63bc8c8b,1539867625,6540206.0,0x65b041db3135ed5f76d9486aa56f8ca5dc9a3f5e,OUT,2,0.0,0xb4b72a0c3b8e3ae24fb25839d9506f4eb100a596e2f6bbe146b99931a0cfe815,internal,call,0.02509220338983 Ether
1,0xb10ea0d397db942a1083a4af9c6074ab63bc8c8b,1539081983,6484268.0,0x65b041db3135ed5f76d9486aa56f8ca5dc9a3f5e,OUT,1,0.0,0x92fcbb99c06b931825034b2fbaad896a77c3f27c7e4125c4f1dba83b89c44bec,internal,call,0.015683389830508 Ether
1,0xb10ea0d397db942a1083a4af9c6074ab63bc8c8b,1539262897,6497211.0,0x65b041db3135ed5f76d9486aa56f8ca5dc9a3f5e,OUT,1,0.0,0x2da7f84a4708386cffe8b50647861c8c039d2a351adca4db60ac6bbf640a29f7,internal,call,0.026324745762711 Ether
1,0xb10ea0d397db942a1083a4af9c6074ab63bc8c8b,1540596185,6591811.0,0x65b041db3135ed5f76d9486aa56f8ca5dc9a3f5e,OUT,1,0.0,0x0f6772242d2f113d9f45f1947d78ceeca060c3b3e13a573cede1cdf229a10749,internal,call,0.104959322033898 Ether
1,0xb10ea0d397db942a1083a4af9c6074ab63bc8c8b,1539436848,6509662.0,0x65b041db3135ed5f76d9486aa56f8ca5dc9a3f5e,OUT,2,0.0,0xe03b7ef66d15803f066f14c602e41ae2d01cda9acf54f5b8a040ee3d3c07eaf8,internal,call,0.02532406779661 Ether
1,0xb10ea0d397db942a1083a4af9c6074ab63bc8c8b,1540949885,6616843.0,0x65b041db3135ed5f76d9486aa56f8ca5dc9a3f5e,OUT,2,0.0,0xec248bc0cb82774b664795193ca9aa152636593cbbe8e731e8c54798a4d20519,internal,call,0.050912542372881 Ether
