Class,address,age,block,creator,direction,inter_direction,txFee,txhash,txn_type,type,value
0,0x1f28211cd78363c7e0d44a90157017422599526c,1534594618,6171464.0,0x4ab6c984e72cbab4162429721839d72b188010e3,OUT,2,0.0,0xf1a348bc10efb8ad42d3d8650a020aa8ff0281c81c5e29feb496df56f45033fd,internal,call,0.000277777777777 Ether
0,0x1f28211cd78363c7e0d44a90157017422599526c,1525700955,5574299.0,0x4ab6c984e72cbab4162429721839d72b188010e3,OUT,2,0.0,0xcee9c3c9a2b0b8ede22b9c3478ce9cd6e022b7b73d401275042700f077d0de8d,internal,call,0.019305555555555 Ether
0,0x1f28211cd78363c7e0d44a90157017422599526c,1524827926,5516441.0,0x4ab6c984e72cbab4162429721839d72b188010e3,OUT,2,0.0,0xdfd8fe465179169865ca24424ac7d415ef21bb7ba04e91583825ca9bea28cafa,internal,call,0.020555555555555 Ether
0,0x1f28211cd78363c7e0d44a90157017422599526c,1523648842,5436915.0,0x4ab6c984e72cbab4162429721839d72b188010e3,OUT,2,0.0,0xadc3969ec9c73ef88a1b18f085108b7f85967af45009a61a6dbafeaf6d77c0aa,internal,call,0.056111111111111 Ether
0,0x1f28211cd78363c7e0d44a90157017422599526c,1522177016,5334720.0,0x4ab6c984e72cbab4162429721839d72b188010e3,OUT,2,0.0,0xa8c68a4f3c20cd4dfae1d316432ab3789dc4d4ea0b80e3717f5d61c9749bab9d,internal,call,0.000277777777777 Ether
