Class,address,age,block,creator,direction,inter_direction,txFee,txhash,txn_type,type,value
0,0x49aec0752e68d0282db544c677f6ba407ba17ed7,1507900428,4363203.0,0xe2b4f00590a18e36480e11eede2563bc6916a7a4,IN,3,0.00053044,0x0136ab1e00bdf9d4e48efc8e67ad59b344e42f861fbefe0c2909f5d570affdf6,external,0,0 Ether
0,0x49aec0752e68d0282db544c677f6ba407ba17ed7,1507335253,4344261.0,0xe2b4f00590a18e36480e11eede2563bc6916a7a4,IN,3,0.00046414,0x7ff59566449eaecb2b5248afa594496be5744dcd9ffeeeaf816e12910043e4b2,external,0,0 Ether
0,0x49aec0752e68d0282db544c677f6ba407ba17ed7,1511396625,4605895.0,0xe2b4f00590a18e36480e11eede2563bc6916a7a4,IN,3,0.00024312,0x8c3c7d6981501a77fa105e808ec1f002ee2b34fad55e2513e76d61c682d8c4b9,external,0,0 Ether
