Class,address,age,block,creator,direction,inter_direction,txFee,txhash,txn_type,type,value
0,0x4ae0ede482f825fb9cccce8f0fe089f0379eaa2a,1545080169,6907202.0,0xe7af11370c3bab51230d8307454350bdf6d68f4a,IN,3,0.00031101,0x27baf3e0e454d37ee489351b1d2183b20b7130552be3e863cbf3879c19ee6923,external,0,0 Ether
0,0x4ae0ede482f825fb9cccce8f0fe089f0379eaa2a,1545758954,6953438.0,0xe7af11370c3bab51230d8307454350bdf6d68f4a,IN,3,0.0001244,0x3577ecf3dd024b28e7580a78b32c93250101dd7262d3fbc8829e81e5613fdbc1,external,0,0 Ether
0,0x4ae0ede482f825fb9cccce8f0fe089f0379eaa2a,1546142932,6976833.0,0xe7af11370c3bab51230d8307454350bdf6d68f4a,IN,3,6.235e-05,0x46805eafeb30b57b5b2212eb638db73613e6e6a66722a42a50a980b035150e87,external,0,0 Ether
0,0x4ae0ede482f825fb9cccce8f0fe089f0379eaa2a,1545851699,6959804.0,0xe7af11370c3bab51230d8307454350bdf6d68f4a,IN,3,9.33e-05,0x4eaff0003d926b9199ea55f9b71e8bd268bcdcf71c50022cea15e423f5689479,external,0,0 Ether
0,0x4ae0ede482f825fb9cccce8f0fe089f0379eaa2a,1547086931,7041884.0,0xe7af11370c3bab51230d8307454350bdf6d68f4a,IN,3,0.00018722,0x97890ea80679b6c69579df25a8679d5fdd72b7ee7df1a83491a44bb7ac953ac9,external,0,0 Ether
