Class,address,age,block,creator,direction,inter_direction,txFee,txhash,txn_type,type,value
1,0x4f3db6d4c97b8248ad5e244e4f619086084f6848,1540607030,6592590.0,0xac560ed699346e4e3a3c2106ac90136883f7f624,OUT,2,0.0,0x5a0f07002f37f2cd83a4800d2edcc55198361698d71d33726433c0ca80c6024f,internal,call,0.0459375 Ether
1,0x4f3db6d4c97b8248ad5e244e4f619086084f6848,1543728582,6812648.0,0xac560ed699346e4e3a3c2106ac90136883f7f624,OUT,2,0.0,0x1de9f0afd80116443acec625128685979694e0ac43d24c475a399dd7a0f6a267,internal,call,0.0121875 Ether
1,0x4f3db6d4c97b8248ad5e244e4f619086084f6848,1543712761,6811584.0,0xac560ed699346e4e3a3c2106ac90136883f7f624,OUT,2,0.0,0xd1fd3dd1f9dfa3f563b0764b6f5088f2feb08de11bd086663285aefa723da05b,internal,call,0.000703125 Ether
1,0x4f3db6d4c97b8248ad5e244e4f619086084f6848,1543711605,6811496.0,0xac560ed699346e4e3a3c2106ac90136883f7f624,OUT,2,0.0,0x325c9b7bc1c2519d3decf2fd8b1da51141aaab674557bb39d2e3674d48e7d1a6,internal,call,0.049453125 Ether
1,0x4f3db6d4c97b8248ad5e244e4f619086084f6848,1543648070,6807077.0,0xac560ed699346e4e3a3c2106ac90136883f7f624,OUT,2,0.0,0xcd9e8aa2a8618197aa8852194b8c014c92ff6927efba04890f9ada97078a4b94,internal,call,1.319791666666666 Ether
1,0x4f3db6d4c97b8248ad5e244e4f619086084f6848,1540548113,0.0,0xac560ed699346e4e3a3c2106ac90136883f7f624,OUT,2,0.0,0xe0a2aca7b7ab99e41207e1e159c9bf026871b812a8bb41b1443acdb12b26f802,internal,call,0.000478125 Ether
1,0x4f3db6d4c97b8248ad5e244e4f619086084f6848,1540546057,0.0,0xac560ed699346e4e3a3c2106ac90136883f7f624,OUT,2,0.0,0xeef29ffbafb31187bf8ee2293b0f66af49d16aa461e9556ef0ccff9682a5f3b2,internal,call,0.000003125 Ether
1,0x4f3db6d4c97b8248ad5e244e4f619086084f6848,1540545381,6588213.0,0xac560ed699346e4e3a3c2106ac90136883f7f624,OUT,2,0.0,0xea7c9c639741a634a39acfecc4de1bff5899a95fc5b261824f363b289e46016f,internal,call,0.000001388888888 Ether
1,0x4f3db6d4c97b8248ad5e244e4f619086084f6848,1543751187,6814263.0,0xac560ed699346e4e3a3c2106ac90136883f7f624,OUT,2,0.0,0x06e62b98f21cd713aae7360f526c68abe12c21226fbfd19ff35231f4193bc048,internal,call,0.017578125 Ether
