Class,address,age,block,creator,direction,inter_direction,txFee,txhash,txn_type,type,value
0,0x4ae0ede482f825fb9cccce8f0fe089f0379eaa2a,1544504934,6867048.0,0xe7af11370c3bab51230d8307454350bdf6d68f4a,IN,3,0.00031101,0x682c986ee039f0ad049c7b865d5fc70aaa547f2d761353def03c20893db5c4bd,external,0,0 Ether
0,0x4ae0ede482f825fb9cccce8f0fe089f0379eaa2a,1544592636,6873189.0,0xe7af11370c3bab51230d8307454350bdf6d68f4a,IN,3,0.00031101,0x72dcc16802a1e71bbfa2ccc24c5ddf5418d4727cf67b4df2d6a88b881265cbdb,external,0,0 Ether
0,0x4ae0ede482f825fb9cccce8f0fe089f0379eaa2a,1544679783,6879302.0,0xe7af11370c3bab51230d8307454350bdf6d68f4a,IN,3,0.00031101,0x73ac6c1ad6136869f09eb630a997ee1016620f98d649372086189eaaf70614e2,external,0,0 Ether
0,0x4ae0ede482f825fb9cccce8f0fe089f0379eaa2a,1544959163,6898938.0,0xe7af11370c3bab51230d8307454350bdf6d68f4a,IN,3,0.00029821,0x89854f226d9748dfe72adab1ecfbba8d6c9ea50d9f4effb317e881bfb81d7a70,external,0,0 Ether
0,0x4ae0ede482f825fb9cccce8f0fe089f0379eaa2a,1544768074,6885501.0,0xe7af11370c3bab51230d8307454350bdf6d68f4a,IN,3,0.00031101,0x8b24e0931de7013cc83e24f22d1fb75b8b193c2855d8449fb7e97185dfd47cd4,external,0,0 Ether
