Class,address,age,block,creator,direction,inter_direction,txFee,txhash,txn_type,type,value
0,0x4ae0ede482f825fb9cccce8f0fe089f0379eaa2a,1547085421,7041799.0,0xe7af11370c3bab51230d8307454350bdf6d68f4a,IN,3,0.00011928,0x2bd3564191fdc057b62be645d018b7e265068f0258ba504071d5352420563f0b,external,0,0 Ether
0,0x4ae0ede482f825fb9cccce8f0fe089f0379eaa2a,1546847018,7026460.0,0xe7af11370c3bab51230d8307454350bdf6d68f4a,IN,3,8.946e-05,0x2ce1155ac869ea404590c89f135251f4de610c881c8e3eddf6bdb7d78b2ddf0f,external,0,0 Ether
0,0x4ae0ede482f825fb9cccce8f0fe089f0379eaa2a,1546700913,7016984.0,0xe7af11370c3bab51230d8307454350bdf6d68f4a,IN,3,0.000128,0x3b3378fc324038ecf85d6ad6bea688eab8dec9f3bb71af59add606a344b50475,external,0,0 Ether
0,0x4ae0ede482f825fb9cccce8f0fe089f0379eaa2a,1546701652,7017031.0,0xe7af11370c3bab51230d8307454350bdf6d68f4a,IN,3,0.00017675,0x405df68925349a47132d028e887f4531149ddef0270ee5a39e546deda8ec6233,external,0,0 Ether
