Class,address,age,block,creator,direction,inter_direction,txFee,txhash,txn_type,type,value
1,0xb10ea0d397db942a1083a4af9c6074ab63bc8c8b,1540934184,6615703.0,0x65b041db3135ed5f76d9486aa56f8ca5dc9a3f5e,OUT,2,0.0,0x2706e7b77d358c33bc35da582f4bdcda7a7ceefba90094cee6225c62e162fc06,internal,call,0.02948033898305 Ether
1,0xb10ea0d397db942a1083a4af9c6074ab63bc8c8b,1540994589,6619992.0,0x65b041db3135ed5f76d9486aa56f8ca5dc9a3f5e,OUT,2,0.0,0x1749f9ea648cb098384b80e7c3b508b85984cb72e6282d45d5e5c11d317a346c,internal,call,0.013085084745762 Ether
1,0xb10ea0d397db942a1083a4af9c6074ab63bc8c8b,1539297163,6499689.0,0x65b041db3135ed5f76d9486aa56f8ca5dc9a3f5e,OUT,2,0.0,0xdd1c897a378b68f0267b65b6c9c2fe242198c5004a003b549dfd07ccf2f00c0a,internal,call,0.022124745762711 Ether
1,0xb10ea0d397db942a1083a4af9c6074ab63bc8c8b,1539892200,6541929.0,0x65b041db3135ed5f76d9486aa56f8ca5dc9a3f5e,OUT,2,0.0,0x470efb0fb464a616f9497747f73d60062e696c78d95d9e0556156cc55beeb38a,internal,call,0.050433559322033 Ether
1,0xb10ea0d397db942a1083a4af9c6074ab63bc8c8b,1539659316,6525398.0,0x65b041db3135ed5f76d9486aa56f8ca5dc9a3f5e,OUT,2,0.0,0x417a90af0c991d7596033ec3805e2784778f7e8e93ba6166bdc01a803f5df4a7,internal,call,0.078434237288135 Ether
1,0xb10ea0d397db942a1083a4af9c6074ab63bc8c8b,1540518566,6586316.0,0x65b041db3135ed5f76d9486aa56f8ca5dc9a3f5e,OUT,2,0.0,0xcc46318d29932d1e77a2ffc78513cc2d96292ffdadc7868ce87578a8c8d8b84d,internal,call,0.135417966101694 Ether
1,0xb10ea0d397db942a1083a4af9c6074ab63bc8c8b,1540797805,6606040.0,0x65b041db3135ed5f76d9486aa56f8ca5dc9a3f5e,OUT,2,0.0,0x307d8c398321c216f914f48b33add9ca51028f7f903c000df4f9eea10b5b5b68,internal,call,0.060174915254237 Ether
