Class,address,age,block,creator,direction,inter_direction,txFee,txhash,txn_type,type,value
1,0x4e8ecf79ade5e2c49b9e30d795517a81e0bf00b8,1532725157,6043332.0,0xf39e044e1ab204460e06e87c6dca2c6319fc69e3,IN,3,0.00087612,0x414b7291685cb430d469637d864f1a9930476ce54df2e89afc38977097cca085,external,0,0 Ether
1,0x4e8ecf79ade5e2c49b9e30d795517a81e0bf00b8,1532725157,6043332.0,0xf39e044e1ab204460e06e87c6dca2c6319fc69e3,IN,3,0.00029204,0x72beefb206bfc7d318445d6b4f895e616acda32569cf8c9eaf598c8fdfd6d493,external,0,0 Ether
1,0x4e8ecf79ade5e2c49b9e30d795517a81e0bf00b8,1532725157,6043332.0,0xf39e044e1ab204460e06e87c6dca2c6319fc69e3,IN,3,0.00063151,0x7bb97f55008df5ff17b9197ecb254ab8def7b915a92dce1d0d3e53359d5dbad4,external,0,0 Ether
