Class,address,age,block,creator,direction,inter_direction,txFee,txhash,txn_type,type,value
1,0x4e8ecf79ade5e2c49b9e30d795517a81e0bf00b8,1533092567,6068618.0,0xf39e044e1ab204460e06e87c6dca2c6319fc69e3,IN,3,5.84e-05,0x5eb17789d03f6e0ef93cf99468a4cd401d1cd19f8492f33fb7f6412cb3f82728,external,0,0 Ether
1,0x4e8ecf79ade5e2c49b9e30d795517a81e0bf00b8,1532711896,6042438.0,0xf39e044e1ab204460e06e87c6dca2c6319fc69e3,IN,3,0.01733865,0x9dc6a2945cf42e7fc82ad4199382776dca92b002fdd2ec9baf61537eb475225c,external,0,1.095980653890549 Ether
