Class,address,age,block,creator,direction,inter_direction,txFee,txhash,txn_type,type,value
1,0x4e8ecf79ade5e2c49b9e30d795517a81e0bf00b8,1533021691,6063804.0,0xf39e044e1ab204460e06e87c6dca2c6319fc69e3,IN,3,0.00389796,0x202360a96aa0adb76bb45b0c53b78ec3515c9115bdab78753cf0eba181f366d8,external,0,0.156 Ether
1,0x4e8ecf79ade5e2c49b9e30d795517a81e0bf00b8,1532978372,6060878.0,0xf39e044e1ab204460e06e87c6dca2c6319fc69e3,IN,3,0.00063151,0x3da4891c25d326418623529b15b6e288e7d06f2358f43a5a02b4818844be2f39,external,0,0 Ether
1,0x4e8ecf79ade5e2c49b9e30d795517a81e0bf00b8,1533022104,6063826.0,0xf39e044e1ab204460e06e87c6dca2c6319fc69e3,IN,3,0.00399958,0x44c4d799850b4197f81876ad6160724b4449659371b1dae59b3a88c9a00261ac,external,0,0.1561 Ether
1,0x4e8ecf79ade5e2c49b9e30d795517a81e0bf00b8,1532933083,6057764.0,0xf39e044e1ab204460e06e87c6dca2c6319fc69e3,IN,3,0.004451600000000001,0x4d832c24ebe801c1a125115dea4e79d3116e7959e25252a1ade9ffd6c358235e,external,0,0.134995903856588 Ether
1,0x4e8ecf79ade5e2c49b9e30d795517a81e0bf00b8,1532920183,6056882.0,0xf39e044e1ab204460e06e87c6dca2c6319fc69e3,IN,3,6.315e-05,0x4e38e4534da8f197ad91b8fe2a5fa147c61c621d9b1de2802d60647684d2b458,external,0,0 Ether
1,0x4e8ecf79ade5e2c49b9e30d795517a81e0bf00b8,1532920379,6056896.0,0xf39e044e1ab204460e06e87c6dca2c6319fc69e3,IN,3,2.92e-05,0x8e7e5387655b18100b589c9a781d15409d902fb22d649c6eb98f221f564070eb,external,0,0 Ether
