Class,address,age,block,creator,direction,inter_direction,txFee,txhash,txn_type,type,value
1,0x4e8ecf79ade5e2c49b9e30d795517a81e0bf00b8,1532732901,6043867.0,0xf39e044e1ab204460e06e87c6dca2c6319fc69e3,IN,3,0.00029204,0x6ff6b7b4d1cb84ec21684bd565c8f4e2c62ad514c2dd2f4c5f15dc620c720f55,external,0,0 Ether
1,0x4e8ecf79ade5e2c49b9e30d795517a81e0bf00b8,1532713361,6042523.0,0xf39e044e1ab204460e06e87c6dca2c6319fc69e3,IN,3,0.00149621,0x8d2832902d6c329d38e8fbb55254bef88c52ea41629397fe84ddc7c2dc51d61a,external,0,0.1 Ether
