Class,address,age,block,creator,direction,inter_direction,txFee,txhash,txn_type,type,value
1,0x4e8ecf79ade5e2c49b9e30d795517a81e0bf00b8,1535519046,6234776.0,0xf39e044e1ab204460e06e87c6dca2c6319fc69e3,IN,3,0.00210187,0x4e90d855d5f52aed6301650787d0f6e0e08de505b4f8720ad3a3ad9ef46c5527,external,0,0.0009 Ether
1,0x4e8ecf79ade5e2c49b9e30d795517a81e0bf00b8,1535518861,6234766.0,0xf39e044e1ab204460e06e87c6dca2c6319fc69e3,IN,3,0.00344567,0x5d6295ec588600d42c30d42b17ebc4542ff8bf5d010402ce814beb3e811b7e2c,external,0,0.0001 Ether
1,0x4e8ecf79ade5e2c49b9e30d795517a81e0bf00b8,1535546540,6236726.0,0xf39e044e1ab204460e06e87c6dca2c6319fc69e3,IN,3,0.00059023,0xa76ee4f1b8aa93fc5f8d0deb7f4ee6ee8a6f6231fc2f57676d5772ef11f34eb6,external,0,0.0006 Ether
