Class,address,age,block,creator,direction,inter_direction,txFee,txhash,txn_type,type,value
1,0x4e8ecf79ade5e2c49b9e30d795517a81e0bf00b8,1532711869,6042435.0,0xf39e044e1ab204460e06e87c6dca2c6319fc69e3,IN,3,0.02061057,0x457f00d62e972815930af112abadb907e1a60dc51eff14f67f8caa0ec32ef82f,external,0,1.466890060210188 Ether
