Class,address,age,block,creator,direction,inter_direction,txFee,txhash,txn_type,type,value
1,0x4e8ecf79ade5e2c49b9e30d795517a81e0bf00b8,1532742309,6044539.0,0xf39e044e1ab204460e06e87c6dca2c6319fc69e3,IN,3,0.00031575,0x0b970752921a102efd8017227b32c5093e17b3ce2c35c5a537c35faa47acda63,external,0,0 Ether
1,0x4e8ecf79ade5e2c49b9e30d795517a81e0bf00b8,1532792030,6047971.0,0xf39e044e1ab204460e06e87c6dca2c6319fc69e3,IN,3,0.00014445,0x19cf7ac580031806dbfe5ab2f43d7a65506999c368ddeef040e78f7c602abc51,external,0,0 Ether
1,0x4e8ecf79ade5e2c49b9e30d795517a81e0bf00b8,1532791953,6047966.0,0xf39e044e1ab204460e06e87c6dca2c6319fc69e3,IN,3,0.00078261,0x6dcc2c74bf29a9612d9b888dfac42e4c279d4b7c04c09df32c9fa3002b95d588,external,0,0.302336430580783 Ether
1,0x4e8ecf79ade5e2c49b9e30d795517a81e0bf00b8,1532838624,6048214.0,0xf39e044e1ab204460e06e87c6dca2c6319fc69e3,IN,3,0.00031575,0x95d7eb67e16cf198f0b162303b08fa86df4fe77699101ceabcc3ae642d5248fe,external,0,0 Ether
1,0x4e8ecf79ade5e2c49b9e30d795517a81e0bf00b8,1533557748,6100533.0,0xf39e044e1ab204460e06e87c6dca2c6319fc69e3,IN,3,0.0002526,0x9961e16b5e9230553fa9ecddadddfe8f65886e671548a6781c6a89b5e61c60da,external,0,0 Ether
