Class,address,age,block,creator,direction,inter_direction,txFee,txhash,txn_type,type,value
1,0x4e8ecf79ade5e2c49b9e30d795517a81e0bf00b8,1534891437,6191876.0,0xf39e044e1ab204460e06e87c6dca2c6319fc69e3,IN,3,0.00135332,0x09c7fff30c253545738cf3db47e7c062488d3dc63520dc2e00012ff005234bdd,external,0,0.0001 Ether
1,0x4e8ecf79ade5e2c49b9e30d795517a81e0bf00b8,1533418550,6090998.0,0xf39e044e1ab204460e06e87c6dca2c6319fc69e3,IN,3,0.00252,0x698ed97471c70ab044b3a600daec640558fc61239797748984b56f3c129f4aa6,external,0,0.01 Ether
