Class,address,age,block,creator,direction,inter_direction,txFee,txhash,txn_type,type,value
1,0x4e8ecf79ade5e2c49b9e30d795517a81e0bf00b8,1532916167,6056605.0,0xf39e044e1ab204460e06e87c6dca2c6319fc69e3,IN,3,0.0002526,0x3a69dd37f0617e4c64172c5679b20b98aef33a50c63cca5010297b83f02afee5,external,0,0 Ether
1,0x4e8ecf79ade5e2c49b9e30d795517a81e0bf00b8,1532712530,6042476.0,0xf39e044e1ab204460e06e87c6dca2c6319fc69e3,IN,3,0.00665474,0x981959a3aa5e4ac100492a1cdaea0247b66d8984a63ceeb669cd935891c1398b,external,0,2.3 Ether
