Class,address,age,block,creator,direction,inter_direction,txFee,txhash,txn_type,type,value
1,0x4e8ecf79ade5e2c49b9e30d795517a81e0bf00b8,1532710980,6042375.0,0xf39e044e1ab204460e06e87c6dca2c6319fc69e3,IN,3,0.0664824,0x1c796994d44e2c911bdc93660c67ef5e9c618e9f2cd8b6899cbf117521a82aa4,external,0,0.901883929826467 Ether
1,0x4e8ecf79ade5e2c49b9e30d795517a81e0bf00b8,1532716383,6042743.0,0xf39e044e1ab204460e06e87c6dca2c6319fc69e3,IN,3,0.00063151,0x473ec9b05c09b048aba4b405c15b60778db5548fa75f1dbeed0de28269183529,external,0,0 Ether
1,0x4e8ecf79ade5e2c49b9e30d795517a81e0bf00b8,1532723327,6043218.0,0xf39e044e1ab204460e06e87c6dca2c6319fc69e3,IN,3,0.00063151,0x6c50bf257b8ca62ec8eb943c1f300fa4bd9a48a6c333d0ea59ef51e0969ecb72,external,0,0 Ether
