Class,address,age,block,creator,direction,inter_direction,txFee,txhash,txn_type,type,value
1,0x4e8ecf79ade5e2c49b9e30d795517a81e0bf00b8,1532750216,6045057.0,0xf39e044e1ab204460e06e87c6dca2c6319fc69e3,IN,3,9.63e-05,0x05687cefed5eb82312516ec1847c80e2dc55322c305362082f4546357307c9c9,external,0,0 Ether
1,0x4e8ecf79ade5e2c49b9e30d795517a81e0bf00b8,1532711569,6042416.0,0xf39e044e1ab204460e06e87c6dca2c6319fc69e3,IN,3,0.03550852,0x8ff295f379b80411f8bf0a180aeb0f25c97a24af33f1794daf1ab52ca203c2c7,external,0,4.742481878364513 Ether
