Class,address,age,block,creator,direction,inter_direction,txFee,txhash,txn_type,type,value
1,0x4e8ecf79ade5e2c49b9e30d795517a81e0bf00b8,1532893215,6055003.0,0xf39e044e1ab204460e06e87c6dca2c6319fc69e3,IN,3,0.00093251,0x5674780a10082ac306c6daaabce6c532ba0dc9b7f97f0f10c60626ceed07e6d6,external,0,0.049237765861976 Ether
1,0x4e8ecf79ade5e2c49b9e30d795517a81e0bf00b8,1532784492,6047403.0,0xf39e044e1ab204460e06e87c6dca2c6319fc69e3,IN,3,0.00035069,0x6536aa02bcc1339b6f353833ece2f4b0b9630501ebf3db48cba03c80a59d6869,external,0,0.112131582997433 Ether
1,0x4e8ecf79ade5e2c49b9e30d795517a81e0bf00b8,1532839542,6048283.0,0xf39e044e1ab204460e06e87c6dca2c6319fc69e3,IN,3,0.00012629999999999998,0x7f28afcc8bafdf68d4395bf899024a87a579614cdcf975fb4699069a41ff398c,external,0,0 Ether
1,0x4e8ecf79ade5e2c49b9e30d795517a81e0bf00b8,1532978685,6060899.0,0xf39e044e1ab204460e06e87c6dca2c6319fc69e3,IN,3,0.00012629999999999998,0xb21e7be33b84ff82589b1f2e27deaf8c6aabdc48344846fe4b90a7a45515ef95,external,0,0 Ether
