Class,address,age,block,creator,direction,inter_direction,txFee,txhash,txn_type,type,value
1,0x4e8ecf79ade5e2c49b9e30d795517a81e0bf00b8,1533607020,6103899.0,0xf39e044e1ab204460e06e87c6dca2c6319fc69e3,IN,3,0.00046718,0x3b6858d15655c96bd6c9d4fcd34e5f50bfaafbeba34074b6df9f0163afe36db6,external,0,0.01 Ether
1,0x4e8ecf79ade5e2c49b9e30d795517a81e0bf00b8,1533559104,6100632.0,0xf39e044e1ab204460e06e87c6dca2c6319fc69e3,IN,3,0.00026554,0x547a23755d48582903df60be23dff664f098b804121160e17e54b951c3f6cb91,external,0,0.01 Ether
1,0x4e8ecf79ade5e2c49b9e30d795517a81e0bf00b8,1533559158,6100638.0,0xf39e044e1ab204460e06e87c6dca2c6319fc69e3,IN,3,0.00018538,0x595e8df900daa84b1d5b69b260be9946a220ec408bb53318ab71b519782df633,external,0,0.01 Ether
