Class,address,age,block,creator,direction,inter_direction,txFee,txhash,txn_type,type,value
1,0x4e8ecf79ade5e2c49b9e30d795517a81e0bf00b8,1532742641,6044558.0,0xf39e044e1ab204460e06e87c6dca2c6319fc69e3,IN,3,2.266e-05,0x1ad3cd175ff6aef5054cf35270eb2fd3077ef62a6b28f477909a820728a228b6,external,0,0 Ether
1,0x4e8ecf79ade5e2c49b9e30d795517a81e0bf00b8,1532723073,6043202.0,0xf39e044e1ab204460e06e87c6dca2c6319fc69e3,IN,3,0.05508380000000001,0x4cb666a3030897bc7b78332fa7169e1cfd19652b377618ebdf96a25668d12d63,external,0,4.5 Ether
1,0x4e8ecf79ade5e2c49b9e30d795517a81e0bf00b8,1532786190,6047510.0,0xf39e044e1ab204460e06e87c6dca2c6319fc69e3,IN,3,3.127e-05,0x5626a596bc8f325d1e19fda1b1013a91543632063963e75a7ea7e1570572d61b,external,0,0 Ether
1,0x4e8ecf79ade5e2c49b9e30d795517a81e0bf00b8,1532785912,6047493.0,0xf39e044e1ab204460e06e87c6dca2c6319fc69e3,IN,3,6.556e-05,0x5a79e2acf73ac23b358addc1a99764e9dd96819971c6274437e0c857588ec0fb,external,0,0 Ether
1,0x4e8ecf79ade5e2c49b9e30d795517a81e0bf00b8,1532716537,6042756.0,0xf39e044e1ab204460e06e87c6dca2c6319fc69e3,IN,3,0.00035199,0x87c4a463f2cbe52e2669d93a2d660909a87e519c9495f252bdcd2a7c3febb34f,external,0,1.095980653890549 Ether
1,0x4e8ecf79ade5e2c49b9e30d795517a81e0bf00b8,1532739310,6044335.0,0xf39e044e1ab204460e06e87c6dca2c6319fc69e3,IN,3,0.00226773,0xa90b664c30ff9e1b554baddb5ccfdf8710696c55fc884e9a0b04c97ae62aa530,external,0,0.5 Ether
