Class,address,age,block,creator,direction,inter_direction,txFee,txhash,txn_type,type,value
1,0x4e8ecf79ade5e2c49b9e30d795517a81e0bf00b8,1532730492,6043680.0,0xf39e044e1ab204460e06e87c6dca2c6319fc69e3,IN,3,0.00031575,0x09dedb4d092beff2712b268c7e1c3a611758b8a1a71a7b8f981eb09c288646e1,external,0,0 Ether
1,0x4e8ecf79ade5e2c49b9e30d795517a81e0bf00b8,1532730841,6043707.0,0xf39e044e1ab204460e06e87c6dca2c6319fc69e3,IN,3,0.00236713,0xa694ce691634cbea3883effc9ba7db0bde80b89b7a64a79dc0d6be060ff32d78,external,0,0 Ether
