Class,address,age,block,creator,direction,inter_direction,txFee,txhash,txn_type,type,value
1,0x4e8ecf79ade5e2c49b9e30d795517a81e0bf00b8,1532784342,6047395.0,0xf39e044e1ab204460e06e87c6dca2c6319fc69e3,IN,3,0.00034527,0x0fa216d5355bec0b4aecd08d62f040526cf51be5e81fda726a56803875d2860c,external,0,0.108712700102244 Ether
1,0x4e8ecf79ade5e2c49b9e30d795517a81e0bf00b8,1532984141,6061266.0,0xf39e044e1ab204460e06e87c6dca2c6319fc69e3,IN,3,7.578e-05,0x3496e21752898d149e41af024fe24b36923c9dca3d9acbc007b5659a73bcc92b,external,0,0 Ether
1,0x4e8ecf79ade5e2c49b9e30d795517a81e0bf00b8,1532967912,6057185.0,0xf39e044e1ab204460e06e87c6dca2c6319fc69e3,IN,3,0.0097739,0x80208fa766ca12985871495c3e56689e64c415bd611be447168c0f495ff31a93,external,0,0.01 Ether
1,0x4e8ecf79ade5e2c49b9e30d795517a81e0bf00b8,1532967866,6057180.0,0xf39e044e1ab204460e06e87c6dca2c6319fc69e3,IN,3,0.00816365,0xacabfe43e2e3d6c7930e740b363955fd0aac71a4c047dca5d268e4bf2f41e16b,external,0,0.01 Ether
