Class,address,age,block,creator,direction,inter_direction,txFee,txhash,txn_type,type,value
1,0x4e8ecf79ade5e2c49b9e30d795517a81e0bf00b8,1534074270,6135857.0,0xf39e044e1ab204460e06e87c6dca2c6319fc69e3,IN,3,0.00125705,0x6b9f7c138e5e39e99a7cd6dd43e0ae56eb7fe912de664e59f5c64ca320a9cbfc,external,0,0.0001 Ether
1,0x4e8ecf79ade5e2c49b9e30d795517a81e0bf00b8,1532713497,6042532.0,0xf39e044e1ab204460e06e87c6dca2c6319fc69e3,IN,3,0.0012,0x70b62820d3957b8007709074e90ddf5a1d8f71d0948bed7530ad78303d87d1e6,external,0,0.038 Ether
1,0x4e8ecf79ade5e2c49b9e30d795517a81e0bf00b8,1534220667,6142918.0,0xf39e044e1ab204460e06e87c6dca2c6319fc69e3,IN,3,0.00351388,0x96026c6ced2bd99682acf905bca588f561fa926a5951162597317331663f24a9,external,0,0.0006 Ether
