Class,address,age,block,creator,direction,inter_direction,txFee,txhash,txn_type,type,value
1,0x4e8ecf79ade5e2c49b9e30d795517a81e0bf00b8,1538719539,6458390.0,0xf39e044e1ab204460e06e87c6dca2c6319fc69e3,IN,3,0.00133016,0x0311e54915f639faff48c4197a4f849253ad93992fa62df03b3885b369828800,external,0,0 Ether
1,0x4e8ecf79ade5e2c49b9e30d795517a81e0bf00b8,1534409005,6158821.0,0xf39e044e1ab204460e06e87c6dca2c6319fc69e3,IN,3,0.00023974,0x0f9cd168b453b305e8d791a3579635c73a699fd4184a4cb61c6c7b5149249f5e,external,0,0 Ether
1,0x4e8ecf79ade5e2c49b9e30d795517a81e0bf00b8,1533291871,6082206.0,0xf39e044e1ab204460e06e87c6dca2c6319fc69e3,IN,3,0.00054553,0x2172b21513b3d34a87f5b8b76ebdf1641ffecca1ac30a50c366cd8b9566cedd5,external,0,0.03857481472211 Ether
1,0x4e8ecf79ade5e2c49b9e30d795517a81e0bf00b8,1533721918,6111789.0,0xf39e044e1ab204460e06e87c6dca2c6319fc69e3,IN,3,0.010470299999999998,0x230fc147b5a984245d67d3d61ef7646a77f800408b65e9e5feff5d7a965a29be,external,0,0.1176 Ether
1,0x4e8ecf79ade5e2c49b9e30d795517a81e0bf00b8,1534589209,6171065.0,0xf39e044e1ab204460e06e87c6dca2c6319fc69e3,IN,3,0.0005319,0x406b181cdd3cf34b390ef7978f4062c725513b7206339ded478af5a9df1e6833,external,0,0.0001 Ether
1,0x4e8ecf79ade5e2c49b9e30d795517a81e0bf00b8,1533560190,6100702.0,0xf39e044e1ab204460e06e87c6dca2c6319fc69e3,IN,3,0.00024993,0x500af6f57bb4685bf8e248f17fd6ae2026df89123fd77c3c977c7d72ed21f0e4,external,0,0.014976217771264 Ether
1,0x4e8ecf79ade5e2c49b9e30d795517a81e0bf00b8,1533560190,6100702.0,0xf39e044e1ab204460e06e87c6dca2c6319fc69e3,IN,3,0.00061595,0x71a846de0eca4298cf87eeb911cac90d16cf3a4810d9f92a2ed8dce5df673f1a,external,0,0.122609742170118 Ether
1,0x4e8ecf79ade5e2c49b9e30d795517a81e0bf00b8,1533214041,6076899.0,0xf39e044e1ab204460e06e87c6dca2c6319fc69e3,IN,3,0.00198821,0xa76b1e9906a0f583353a8e8b86502b68a37cbf184276629a88cc331465a8775e,external,0,0.173896399684707 Ether
