Class,address,age,block,creator,direction,inter_direction,txFee,txhash,txn_type,type,value
1,0x4e8ecf79ade5e2c49b9e30d795517a81e0bf00b8,1532967892,6057182.0,0xf39e044e1ab204460e06e87c6dca2c6319fc69e3,IN,3,0.00246858,0x5d07df7319b58af3d98846ddfb028be77b6cbaaf86a597f0f25609be43e45457,external,0,0.01 Ether
1,0x4e8ecf79ade5e2c49b9e30d795517a81e0bf00b8,1532972765,6060496.0,0xf39e044e1ab204460e06e87c6dca2c6319fc69e3,IN,3,0.00039957,0x87544c9a2ff96da2210044e75451113d4590b17d0aceb0a80334028c8e6c1d7e,external,0,0 Ether
