Class,address,age,block,creator,direction,inter_direction,txFee,txhash,txn_type,type,value
1,0x4e8ecf79ade5e2c49b9e30d795517a81e0bf00b8,1532820513,6049978.0,0xf39e044e1ab204460e06e87c6dca2c6319fc69e3,IN,3,0.016646400000000002,0x7da2aaf3c23fe966f049a3ceb80ffe24148679eed6bc805b650ea46c14e78b3f,external,0,23.519364674675922 Ether
