Class,address,age,block,creator,direction,inter_direction,txFee,txhash,txn_type,type,value
1,0x4e8ecf79ade5e2c49b9e30d795517a81e0bf00b8,1535073970,6204285.0,0xf39e044e1ab204460e06e87c6dca2c6319fc69e3,IN,3,0.00044075,0x338588d4f0a04ba134538d98b5a1b9e6390c4d711a38b9c020b499f4bf8473c1,external,0,0 Ether
1,0x4e8ecf79ade5e2c49b9e30d795517a81e0bf00b8,1535001436,6199357.0,0xf39e044e1ab204460e06e87c6dca2c6319fc69e3,IN,3,0.00155363,0x6093b941000b0180e41bb26561cfa7505c6297b4d09d53a5311704bc2d993d23,external,0,0.01 Ether
