Class,address,age,block,creator,direction,inter_direction,txFee,txhash,txn_type,type,value
1,0x4e8ecf79ade5e2c49b9e30d795517a81e0bf00b8,1532739419,6044344.0,0xf39e044e1ab204460e06e87c6dca2c6319fc69e3,IN,3,0.00107148,0x534ce0882d06c1b5d114bd1c065c2b6bf920a93357f5f66d56d39aad2043143f,external,0,0.401938522253944 Ether
1,0x4e8ecf79ade5e2c49b9e30d795517a81e0bf00b8,1533558959,6100618.0,0xf39e044e1ab204460e06e87c6dca2c6319fc69e3,IN,3,0.00056323,0x89fa97ae519a4fdacc7bfc30c846826ed56d133babdc70da7e65ecd9bf0903e9,external,0,0.015909953382767 Ether
1,0x4e8ecf79ade5e2c49b9e30d795517a81e0bf00b8,1532771203,6046501.0,0xf39e044e1ab204460e06e87c6dca2c6319fc69e3,IN,3,6.315e-05,0x8d9ab08bf28fd977d6134eea6358127c9237db3f0978e24e884abc1f5b45e8e2,external,0,0 Ether
1,0x4e8ecf79ade5e2c49b9e30d795517a81e0bf00b8,1533558716,6100601.0,0xf39e044e1ab204460e06e87c6dca2c6319fc69e3,IN,3,0.0022513999999999998,0xa6756296b11f9188985a2d08fc5a70866bf7736bb659d7e16ecb34a8fac3a15f,external,0,0.075881088856324 Ether
