Class,address,age,block,creator,direction,inter_direction,txFee,txhash,txn_type,type,value
1,0x4e8ecf79ade5e2c49b9e30d795517a81e0bf00b8,1532713716,6042552.0,0xf39e044e1ab204460e06e87c6dca2c6319fc69e3,IN,3,0.00086072,0x71c35319721723a2301eefe5d5fa87585fb2a3978ab4a2c5663917139504c146,external,0,1.111338909169539 Ether
1,0x4e8ecf79ade5e2c49b9e30d795517a81e0bf00b8,1533083742,6068037.0,0xf39e044e1ab204460e06e87c6dca2c6319fc69e3,IN,3,6.315e-05,0x7a5e3de408f7925b1606be7e8f1cb7f860b6733ece09faeb5bfba94a0c72b871,external,0,0 Ether
1,0x4e8ecf79ade5e2c49b9e30d795517a81e0bf00b8,1533025406,6064044.0,0xf39e044e1ab204460e06e87c6dca2c6319fc69e3,IN,3,0.00022258,0x89940d09871e0079fcfb1a87eaab3578006282924947a69183a572c24cd6dd72,external,0,0.158961706862686 Ether
1,0x4e8ecf79ade5e2c49b9e30d795517a81e0bf00b8,1532716397,6042745.0,0xf39e044e1ab204460e06e87c6dca2c6319fc69e3,IN,3,0.00018677,0x940100b1f8d555261cb0388be722e4384da8ec261a7ad14c7fdf8a5bf93ce3ad,external,0,0.910901551316043 Ether
