Class,address,age,block,creator,direction,inter_direction,txFee,txhash,txn_type,type,value
1,0x4e8ecf79ade5e2c49b9e30d795517a81e0bf00b8,1532723073,6043202.0,0xf39e044e1ab204460e06e87c6dca2c6319fc69e3,IN,3,0.01456101,0x86345e1da0429a115bf148b45bda4d0026a107a4d7f26f7bdf474acb354c11de,external,0,0.282551698900994 Ether
