Class,address,age,block,creator,direction,inter_direction,txFee,txhash,txn_type,type,value
1,0x4e8ecf79ade5e2c49b9e30d795517a81e0bf00b8,1532821854,6050074.0,0xf39e044e1ab204460e06e87c6dca2c6319fc69e3,IN,3,0.00012629999999999998,0x02b1d1bf42705d1e96df52867c5d8e266b2225a64f570f8bc3be58e52ad70b58,external,0,0 Ether
1,0x4e8ecf79ade5e2c49b9e30d795517a81e0bf00b8,1532712741,6042484.0,0xf39e044e1ab204460e06e87c6dca2c6319fc69e3,IN,3,0.02197913,0x63490a5484739fa9497b816e03f904fd1fb4df6a2467ae4bde839362b83b3eab,external,0,3.235388056072252 Ether
