Class,address,age,block,creator,direction,inter_direction,txFee,txhash,txn_type,type,value
1,0x4e8ecf79ade5e2c49b9e30d795517a81e0bf00b8,1532725474,6043357.0,0xf39e044e1ab204460e06e87c6dca2c6319fc69e3,IN,3,0.00039009,0x334a3fe649061defa5f3053a15066ec2c2aec27b47abb1be3794ba5e2c0e873b,external,0,0.376080248998123 Ether
1,0x4e8ecf79ade5e2c49b9e30d795517a81e0bf00b8,1532739665,6044359.0,0xf39e044e1ab204460e06e87c6dca2c6319fc69e3,IN,3,0.00012629999999999998,0x505290e348b37d91b0f5a2592114f064d9c4188421f2b8f8e042fea902d1ed55,external,0,0 Ether
1,0x4e8ecf79ade5e2c49b9e30d795517a81e0bf00b8,1532725219,6043338.0,0xf39e044e1ab204460e06e87c6dca2c6319fc69e3,IN,3,0.00031526,0x65eb002d27276c42b9cf24a6d9567cb686f9e3e602f51d6b4f94ba4ac495b6b4,external,0,0.372065970676257 Ether
