Class,address,age,block,creator,direction,inter_direction,txFee,txhash,txn_type,type,value
1,0x4e8ecf79ade5e2c49b9e30d795517a81e0bf00b8,1532712406,6042467.0,0xf39e044e1ab204460e06e87c6dca2c6319fc69e3,IN,3,0.00667542,0x3dc5aa3872970ad058ab58460a1203992c63cd4b0041fbdc65d7d418b0e5ddac,external,0,0.07 Ether
1,0x4e8ecf79ade5e2c49b9e30d795517a81e0bf00b8,1532736264,6044114.0,0xf39e044e1ab204460e06e87c6dca2c6319fc69e3,IN,3,0.00018945,0x99d6bc7654e9210e16763b069db950fe62949935fde94195d805393590ce54ab,external,0,0 Ether
