Class,address,age,block,creator,direction,inter_direction,txFee,txhash,txn_type,type,value
1,0x4e8ecf79ade5e2c49b9e30d795517a81e0bf00b8,1532716315,6042736.0,0xf39e044e1ab204460e06e87c6dca2c6319fc69e3,IN,3,0.00035929,0x29ff1d06b8a78b9d680f8fd5924d3e270f8870b41908c6369424bfc417a3eeef,external,0,2 Ether
1,0x4e8ecf79ade5e2c49b9e30d795517a81e0bf00b8,1532716323,6042738.0,0xf39e044e1ab204460e06e87c6dca2c6319fc69e3,IN,3,0.00061676,0x753588a4c85ad01458c057c31309f516e8d1c134a6380f4aa6c2761b309dcc31,external,0,0.851855848602837 Ether
