Class,address,age,block,creator,direction,inter_direction,txFee,txhash,txn_type,type,value
1,0x4e8ecf79ade5e2c49b9e30d795517a81e0bf00b8,1532712345,6042463.0,0xf39e044e1ab204460e06e87c6dca2c6319fc69e3,IN,3,0.01044918,0x61465728880fd407b3515bc0ed86cc3e58c7d4bfcef29dd14cff78f6a52b8185,external,0,0.851855848602837 Ether
