Class,address,age,block,creator,direction,inter_direction,txFee,txhash,txn_type,type,value
1,0x4e8ecf79ade5e2c49b9e30d795517a81e0bf00b8,1532763027,6045929.0,0xf39e044e1ab204460e06e87c6dca2c6319fc69e3,IN,3,0.00029204,0x17b0fbc38dc9de2b1e1a168f1a17b15d4abb993f8049ce72190067d81f3f6c20,external,0,0 Ether
1,0x4e8ecf79ade5e2c49b9e30d795517a81e0bf00b8,1532763027,6045929.0,0xf39e044e1ab204460e06e87c6dca2c6319fc69e3,IN,3,0.00014602,0x270f7b4355dfc7e1cb8d6d580a61a0338d779936a1c99b72f5dd508042ed1522,external,0,0 Ether
1,0x4e8ecf79ade5e2c49b9e30d795517a81e0bf00b8,1532763027,6045929.0,0xf39e044e1ab204460e06e87c6dca2c6319fc69e3,IN,3,0.00108054,0x4a183bfd705673cc2ccf1870014418b7d285cbdb773e15205333485f17ea1a91,external,0,0 Ether
1,0x4e8ecf79ade5e2c49b9e30d795517a81e0bf00b8,1532711592,6042418.0,0xf39e044e1ab204460e06e87c6dca2c6319fc69e3,IN,3,0.03075383,0x51404dbaec475f884f85dbbe318fb19fcec2edaacada37875c01f63992b2f0f2,external,0,2.779994503095898 Ether
1,0x4e8ecf79ade5e2c49b9e30d795517a81e0bf00b8,1532763027,6045929.0,0xf39e044e1ab204460e06e87c6dca2c6319fc69e3,IN,3,0.00059868,0x59d35259c08fbfbfba9f5b3ee2ae210f7ac1c7430401f07d8aa4f1f1ce9fd313,external,0,0 Ether
1,0x4e8ecf79ade5e2c49b9e30d795517a81e0bf00b8,1532763069,6045931.0,0xf39e044e1ab204460e06e87c6dca2c6319fc69e3,IN,3,0.00029204,0x62d53adfd44e43d39b35a1c6f0118b8151d8056f37d2e0779264c2de0a6eaa62,external,0,0 Ether
1,0x4e8ecf79ade5e2c49b9e30d795517a81e0bf00b8,1532852480,6052174.0,0xf39e044e1ab204460e06e87c6dca2c6319fc69e3,IN,3,0.00148957,0x63bb545edae464a4a82e039b9826e45ac02b3be4f24081ce8214f68143818c33,external,0,0.134368439566036 Ether
1,0x4e8ecf79ade5e2c49b9e30d795517a81e0bf00b8,1532762611,6045894.0,0xf39e044e1ab204460e06e87c6dca2c6319fc69e3,IN,3,0.00113671,0x81600563315246c78e6b02b7c055d9e193718b13a3a90a3e815de22791efed13,external,0,0 Ether
1,0x4e8ecf79ade5e2c49b9e30d795517a81e0bf00b8,1532763027,6045929.0,0xf39e044e1ab204460e06e87c6dca2c6319fc69e3,IN,3,0.00067169,0x9c13c630a0b704558640b9e226ce51865211fd4fb4a1efac00818b3117e711fd,external,0,0 Ether
