Class,address,age,block,creator,direction,inter_direction,txFee,txhash,txn_type,type,value
1,0x4e8ecf79ade5e2c49b9e30d795517a81e0bf00b8,1532717525,6042823.0,0xf39e044e1ab204460e06e87c6dca2c6319fc69e3,IN,3,0.00018945,0x090b058bf2c1bafc514932fe2466e90fb92e55e52e8d530fa68947df22ef9446,external,0,0 Ether
1,0x4e8ecf79ade5e2c49b9e30d795517a81e0bf00b8,1532715331,6042662.0,0xf39e044e1ab204460e06e87c6dca2c6319fc69e3,IN,3,0.00405813,0x47113da60cacfa0332d9ec5b6e9111e7c65de8517c31512853fc94e1ea092d9a,external,0,3 Ether
1,0x4e8ecf79ade5e2c49b9e30d795517a81e0bf00b8,1532748332,6044917.0,0xf39e044e1ab204460e06e87c6dca2c6319fc69e3,IN,3,6.315e-05,0x5c53a10a495bc7adce231a7e3dcdc99e474e6550f6e4f99689a14161bad881e8,external,0,0 Ether
