Class,address,age,block,creator,direction,inter_direction,txFee,txhash,txn_type,type,value
1,0x4e8ecf79ade5e2c49b9e30d795517a81e0bf00b8,1532716992,6042788.0,0xf39e044e1ab204460e06e87c6dca2c6319fc69e3,IN,3,6.315e-05,0x49e92d6a0e2dc014310b7f3ffd6f2d734d849066fb139d9a1f125c299de44345,external,0,0 Ether
1,0x4e8ecf79ade5e2c49b9e30d795517a81e0bf00b8,1532710893,6042371.0,0xf39e044e1ab204460e06e87c6dca2c6319fc69e3,IN,3,0.369003,0x7c4b66bd10c47f719bf776160a67f2ea5f0c74db7aadb6ee639cbf55c413e990,external,0,21.326396215070935 Ether
1,0x4e8ecf79ade5e2c49b9e30d795517a81e0bf00b8,1532735682,6044074.0,0xf39e044e1ab204460e06e87c6dca2c6319fc69e3,IN,3,6.315e-05,0x87ffe7a39da3bb086bda2f9044abac6b1e762b28d95bd1b4d35f99a28bb561cb,external,0,0 Ether
