Class,address,age,block,creator,direction,inter_direction,txFee,txhash,txn_type,type,value
1,0x4e8ecf79ade5e2c49b9e30d795517a81e0bf00b8,1532797187,6045312.0,0xf39e044e1ab204460e06e87c6dca2c6319fc69e3,IN,3,0.00018945,0x1632b0e554a538bb8d11da863a089be9c383adf589e512efcdd12918f6592fad,external,0,0 Ether
1,0x4e8ecf79ade5e2c49b9e30d795517a81e0bf00b8,1532933732,6057813.0,0xf39e044e1ab204460e06e87c6dca2c6319fc69e3,IN,3,0.00012629999999999998,0x2580bb5baa4e62948d29ed53bc01c99f2a7db3dda4c659a363515458ab09fcca,external,0,0 Ether
1,0x4e8ecf79ade5e2c49b9e30d795517a81e0bf00b8,1533128250,6071041.0,0xf39e044e1ab204460e06e87c6dca2c6319fc69e3,IN,3,9.63e-05,0x412e84827c57eadc5243b818f88c7b678d64ff3f391e02e977f9110944301db5,external,0,0 Ether
1,0x4e8ecf79ade5e2c49b9e30d795517a81e0bf00b8,1532893268,6055008.0,0xf39e044e1ab204460e06e87c6dca2c6319fc69e3,IN,3,0.00067191,0x6fe2de052a638e6dac9c74238d73b2c14f87310c909cf63ccaf1149ed5075587,external,0,0.138713444304334 Ether
1,0x4e8ecf79ade5e2c49b9e30d795517a81e0bf00b8,1533065237,6066834.0,0xf39e044e1ab204460e06e87c6dca2c6319fc69e3,IN,3,0.00096858,0x8be81533a824a5c87247f72fb06354cb1c89b9645c6a5c8ae4b5007e232ad85a,external,0,0.059587185042433 Ether
1,0x4e8ecf79ade5e2c49b9e30d795517a81e0bf00b8,1533128659,6071070.0,0xf39e044e1ab204460e06e87c6dca2c6319fc69e3,IN,3,0.00086382,0xa96f09b8f10a37b6ff73c05b2aabd9834019180943e9ea2fc599c4754094304e,external,0,0.005292815871588 Ether
