Class,address,age,block,creator,direction,inter_direction,txFee,txhash,txn_type,type,value
1,0x4e8ecf79ade5e2c49b9e30d795517a81e0bf00b8,1533002415,6062470.0,0xf39e044e1ab204460e06e87c6dca2c6319fc69e3,IN,3,0.00028641,0x258c0ba1a55d55d6a78b5285827f1b6ef3af356493d100abab3334df05fa7b86,external,0,0.155239489106072 Ether
