Class,address,age,block,creator,direction,inter_direction,txFee,txhash,txn_type,type,value
1,0x4e8ecf79ade5e2c49b9e30d795517a81e0bf00b8,1532787396,6047603.0,0xf39e044e1ab204460e06e87c6dca2c6319fc69e3,IN,3,0.00035716,0x41b9f3f175db62ae1f260ec33d23dfb41644af9ec26161fdc5a7388e3ab9b34a,external,0,0.138039112973435 Ether
1,0x4e8ecf79ade5e2c49b9e30d795517a81e0bf00b8,1532787992,6047650.0,0xf39e044e1ab204460e06e87c6dca2c6319fc69e3,IN,3,0.00019651,0x720306ae38b7be51d37cec7550633fbe5a78b5dcf5da251e9b7ae511e5cc72aa,external,0,0.143929357693804 Ether
