Class,address,age,block,creator,direction,inter_direction,txFee,txhash,txn_type,type,value
1,0x4e8ecf79ade5e2c49b9e30d795517a81e0bf00b8,1534849344,6188961.0,0xf39e044e1ab204460e06e87c6dca2c6319fc69e3,IN,3,0.00012983,0x1272d3375108167c338f57c8d83ee87674a1efeab3c2d8017700603e87bd8761,external,0,0 Ether
1,0x4e8ecf79ade5e2c49b9e30d795517a81e0bf00b8,1533129538,6071151.0,0xf39e044e1ab204460e06e87c6dca2c6319fc69e3,IN,3,5.564e-05,0x19151d9256424ae8afaca77105299618e9f4df892f1aff79ccbf8d07ea076645,external,0,0 Ether
1,0x4e8ecf79ade5e2c49b9e30d795517a81e0bf00b8,1532893390,6055019.0,0xf39e044e1ab204460e06e87c6dca2c6319fc69e3,IN,3,4.822e-05,0x285009b27a5815808c9587d31e1b17493ffecf1b451c6f35584d5aed7a6d372d,external,0,0 Ether
1,0x4e8ecf79ade5e2c49b9e30d795517a81e0bf00b8,1532984721,6061300.0,0xf39e044e1ab204460e06e87c6dca2c6319fc69e3,IN,3,4.08e-05,0x2b76e774a0adf912a8b4e31bd6dc44e32c557e0f457f467c1e5d4fefffc2845e,external,0,0 Ether
1,0x4e8ecf79ade5e2c49b9e30d795517a81e0bf00b8,1532723783,6043246.0,0xf39e044e1ab204460e06e87c6dca2c6319fc69e3,IN,3,0.00011129,0x465bcfd04e139a1adf567b711799568cf99611ebb76f1bde7de9636488a96a1c,external,0,0 Ether
1,0x4e8ecf79ade5e2c49b9e30d795517a81e0bf00b8,1532791638,6047938.0,0xf39e044e1ab204460e06e87c6dca2c6319fc69e3,IN,3,4.822e-05,0x479d1d2ca91c993d69114281218f2c9318c198e481f8bba5474df01a16b3f2e6,external,0,0 Ether
1,0x4e8ecf79ade5e2c49b9e30d795517a81e0bf00b8,1532968167,6057203.0,0xf39e044e1ab204460e06e87c6dca2c6319fc69e3,IN,3,4.822e-05,0x67d191c1f55b93d0793e34a223a097a6be952119188bc644e2199e1420957e97,external,0,0 Ether
1,0x4e8ecf79ade5e2c49b9e30d795517a81e0bf00b8,1532713520,6042535.0,0xf39e044e1ab204460e06e87c6dca2c6319fc69e3,IN,3,0.00018919,0x6c87b4d1ccbc338c0f646beb83df5e63147472ae98e84383e7f38ba82904f8d3,external,0,0 Ether
