Class,address,age,block,creator,direction,inter_direction,txFee,txhash,txn_type,type,value
1,0x4e8ecf79ade5e2c49b9e30d795517a81e0bf00b8,1532838343,6048190.0,0xf39e044e1ab204460e06e87c6dca2c6319fc69e3,IN,3,0.00319576,0x1ca3cb9ae3750cef0d940928685535affe67911ff9aeddb9e08f093337f7c25d,external,0,0.1 Ether
1,0x4e8ecf79ade5e2c49b9e30d795517a81e0bf00b8,1532828944,6050557.0,0xf39e044e1ab204460e06e87c6dca2c6319fc69e3,IN,3,0.00038949,0x304ee805eafb2be8cd3167211e336cf93fefb69fbac174be394848a8cc14c950,external,0,0 Ether
1,0x4e8ecf79ade5e2c49b9e30d795517a81e0bf00b8,1532784069,6047379.0,0xf39e044e1ab204460e06e87c6dca2c6319fc69e3,IN,3,0.00371004,0x3602231157f6dff7616a45977798f3d76c54c3ab1edc522410ba4669f57f7d73,external,0,0.01 Ether
1,0x4e8ecf79ade5e2c49b9e30d795517a81e0bf00b8,1532712157,6042456.0,0xf39e044e1ab204460e06e87c6dca2c6319fc69e3,IN,3,0.00893788,0x9a996efc55847ccd15e910f9d3e8ac6c8bd98a3629848e887f4f8319092f71f7,external,0,0.434 Ether
1,0x4e8ecf79ade5e2c49b9e30d795517a81e0bf00b8,1532784103,6047380.0,0xf39e044e1ab204460e06e87c6dca2c6319fc69e3,IN,3,0.00424509,0xac67f0eb245395c127cf66dc0e2ccfd2496fce8eeedb4ff9c8c9287c87a8ae4d,external,0,0.01 Ether
