Class,address,age,block,creator,direction,inter_direction,txFee,txhash,txn_type,type,value
1,0x4e8ecf79ade5e2c49b9e30d795517a81e0bf00b8,1532741732,6044497.0,0xf39e044e1ab204460e06e87c6dca2c6319fc69e3,IN,3,0.00012629999999999998,0x5783cafcae66a4829ffbf62a759ff011b9d297cdf3be8d562ae3fc9fd6f5edeb,external,0,0 Ether
1,0x4e8ecf79ade5e2c49b9e30d795517a81e0bf00b8,1532721930,6043118.0,0xf39e044e1ab204460e06e87c6dca2c6319fc69e3,IN,3,0.00023997,0x9c96d133f25d4cf3d4cd4c8eee6b0b60547fd855599d12a88ad573ac636c1ff9,external,0,0 Ether
