Class,address,age,block,creator,direction,inter_direction,txFee,txhash,txn_type,type,value
1,0x4e8ecf79ade5e2c49b9e30d795517a81e0bf00b8,1534410565,6158929.0,0xf39e044e1ab204460e06e87c6dca2c6319fc69e3,IN,3,0.00019031,0x79a67c4b720bcab55cbfd973ed645d11c2e04d77d8bf347d591a919a2da33fcd,external,0,0 Ether
1,0x4e8ecf79ade5e2c49b9e30d795517a81e0bf00b8,1532712072,6042448.0,0xf39e044e1ab204460e06e87c6dca2c6319fc69e3,IN,3,0.017468900000000002,0x8006751217de2cbc74ba7d639e435a9baea2e6fbb06e88ca2e42fdd6185e17a0,external,0,1.803867859652934 Ether
