Class,address,age,block,creator,direction,inter_direction,txFee,txhash,txn_type,type,value
1,0x4e8ecf79ade5e2c49b9e30d795517a81e0bf00b8,1533386939,6088804.0,0xf39e044e1ab204460e06e87c6dca2c6319fc69e3,IN,3,0.00035044,0x38bec9ddb3605844b2e89014f1b7a0a383272927479ed27961c5eb6884b20e65,external,0,0 Ether
1,0x4e8ecf79ade5e2c49b9e30d795517a81e0bf00b8,1533386939,6088804.0,0xf39e044e1ab204460e06e87c6dca2c6319fc69e3,IN,3,5.84e-05,0x556d163877bc4629b9e5b7ace2f54a4291cbccb2d57f6b752f7556f0b455eebe,external,0,0 Ether
1,0x4e8ecf79ade5e2c49b9e30d795517a81e0bf00b8,1533386907,6088801.0,0xf39e044e1ab204460e06e87c6dca2c6319fc69e3,IN,3,0.00075781,0x7de44e77de138ee76100af89dfe90668462c67c4d44fb7d5fec89977bfbeb6ff,external,0,0 Ether
