Class,address,age,block,creator,direction,inter_direction,txFee,txhash,txn_type,type,value
1,0x4e8ecf79ade5e2c49b9e30d795517a81e0bf00b8,1532739928,6044374.0,0xf39e044e1ab204460e06e87c6dca2c6319fc69e3,IN,3,0.00048151,0x48e21c7b67786f34d0d4086f2ca4e575b2205558c47d5f8bfb712de4fc91c25f,external,0,0 Ether
1,0x4e8ecf79ade5e2c49b9e30d795517a81e0bf00b8,1532712933,6042499.0,0xf39e044e1ab204460e06e87c6dca2c6319fc69e3,IN,3,0.00354632,0x54484909b27dbae570ffe035cf25f2caba6c40236f9b534bdbf7a5825ff09fe2,external,0,0.01 Ether
