Class,address,age,block,creator,direction,inter_direction,txFee,txhash,txn_type,type,value
1,0x4e8ecf79ade5e2c49b9e30d795517a81e0bf00b8,1533573331,6098665.0,0xf39e044e1ab204460e06e87c6dca2c6319fc69e3,IN,3,0.00045564,0x26fa040566b419bf92f7d032af7270750b766521b16f0273251348d814ac9ef6,external,0,0.021580163609733 Ether
1,0x4e8ecf79ade5e2c49b9e30d795517a81e0bf00b8,1533572697,6098613.0,0xf39e044e1ab204460e06e87c6dca2c6319fc69e3,IN,3,0.00043513,0x2cb23a244bcfccb68c5416d75b6a3551caf970245df3a3c1957186c9a931f5fd,external,0,0.020459967014306 Ether
1,0x4e8ecf79ade5e2c49b9e30d795517a81e0bf00b8,1533571658,6098532.0,0xf39e044e1ab204460e06e87c6dca2c6319fc69e3,IN,3,0.00082545,0x5a20bf49219f0748a9bc2a822094c9b0e90936900014106acf09d3147c8942ca,external,0,0.019647815268395 Ether
