Class,address,age,block,creator,direction,inter_direction,txFee,txhash,txn_type,type,value
1,0x4e8ecf79ade5e2c49b9e30d795517a81e0bf00b8,1532753945,6042363.0,0xf39e044e1ab204460e06e87c6dca2c6319fc69e3,IN,3,0.00087344,0x400c498d927d7c15ce3c1cdab376de3fd70f2d9af2bba73a53398276cf57765a,external,0,1.6 Ether
1,0x4e8ecf79ade5e2c49b9e30d795517a81e0bf00b8,1532724383,6043287.0,0xf39e044e1ab204460e06e87c6dca2c6319fc69e3,IN,3,0.00034739,0x6c8e0318743b46182064880f746341d40f8d2a2407a636ba9812251e9299a12d,external,0,0.361957193730453 Ether
1,0x4e8ecf79ade5e2c49b9e30d795517a81e0bf00b8,1532739858,6044369.0,0xf39e044e1ab204460e06e87c6dca2c6319fc69e3,IN,3,0.00012629999999999998,0x844f7f78a23db3cb598661d58df08321f189865743b8a97a8c4ce3558a0ba4ab,external,0,0 Ether
