Class,address,age,block,creator,direction,inter_direction,txFee,txhash,txn_type,type,value
1,0x4e8ecf79ade5e2c49b9e30d795517a81e0bf00b8,1533576532,6101842.0,0xf39e044e1ab204460e06e87c6dca2c6319fc69e3,IN,3,0.00268487,0x332c0baceccb4cff97c88256cf80794f07159ab79abedcf9323e9fb48261cd0a,external,0,0.033219187546016 Ether
1,0x4e8ecf79ade5e2c49b9e30d795517a81e0bf00b8,1534233373,6146781.0,0xf39e044e1ab204460e06e87c6dca2c6319fc69e3,IN,3,0.00081756,0x50bd54e36325c15e744e3eb09f84a6336ef2dacef25c6013a8a7ae07bfa81928,external,0,0 Ether
