Class,address,age,block,creator,direction,inter_direction,txFee,txhash,txn_type,type,value
1,0x4e8ecf79ade5e2c49b9e30d795517a81e0bf00b8,1533469765,6094478.0,0xf39e044e1ab204460e06e87c6dca2c6319fc69e3,IN,3,0.00291279,0x0e147a79930c3edc0b251d8f53eef8b9862a82fac37333d11916ed15da94002d,external,0,0.1 Ether
1,0x4e8ecf79ade5e2c49b9e30d795517a81e0bf00b8,1533475271,6094864.0,0xf39e044e1ab204460e06e87c6dca2c6319fc69e3,IN,3,0.00032457,0x48abeffdecaf09635e4a2ab9bfacfdcce3cdcb24255c2ae8077f459d5866e0b9,external,0,0 Ether
1,0x4e8ecf79ade5e2c49b9e30d795517a81e0bf00b8,1533980373,6129524.0,0xf39e044e1ab204460e06e87c6dca2c6319fc69e3,IN,3,0.00213525,0x57c333ba695498c16f586543547451fb69e601d47d3554c997a3eb0600c98157,external,0,0.013561331985946 Ether
1,0x4e8ecf79ade5e2c49b9e30d795517a81e0bf00b8,1533980828,6129544.0,0xf39e044e1ab204460e06e87c6dca2c6319fc69e3,IN,3,0.00121993,0x7429d7fe618e27c5e1e0c38b3adb4f63f0e54e20a86d910163699995f3ce369e,external,0,0.014093533328068 Ether
1,0x4e8ecf79ade5e2c49b9e30d795517a81e0bf00b8,1534043831,6133798.0,0xf39e044e1ab204460e06e87c6dca2c6319fc69e3,IN,3,0.0002526,0xa06b7f5b0c835599067bad3da8d06ec94d50465e099291f83e9f26a9f04e6467,external,0,0 Ether
1,0x4e8ecf79ade5e2c49b9e30d795517a81e0bf00b8,1534919915,6193826.0,0xf39e044e1ab204460e06e87c6dca2c6319fc69e3,IN,3,0.0001989,0xaf88b9b5926d423c9288d8c11c393626b6011d1729d2566ed942dac7359efa8f,external,0,0 Ether
