Class,address,age,block,creator,direction,inter_direction,txFee,txhash,txn_type,type,value
1,0x4e8ecf79ade5e2c49b9e30d795517a81e0bf00b8,1533582175,6102227.0,0xf39e044e1ab204460e06e87c6dca2c6319fc69e3,IN,3,0.00396179,0x0fc48e8dc1bb2bd299c8c0f2bca33049623543fa772b38fb9eb9278bf936cdfd,external,0,0.012636814751527 Ether
1,0x4e8ecf79ade5e2c49b9e30d795517a81e0bf00b8,1533583196,6102288.0,0xf39e044e1ab204460e06e87c6dca2c6319fc69e3,IN,3,0.00396179,0x23998b6428a9f44e349d8ddab50dc1f5a4cd5bf83a5d91ffe759b0d0f65b82f4,external,0,0.015886260740693 Ether
1,0x4e8ecf79ade5e2c49b9e30d795517a81e0bf00b8,1533582373,6102241.0,0xf39e044e1ab204460e06e87c6dca2c6319fc69e3,IN,3,0.00372006,0x6973819193921a1e03276aeb7ed4748585661587b01abc94ce02818e10a5dafd,external,0,0.012960518204822 Ether
1,0x4e8ecf79ade5e2c49b9e30d795517a81e0bf00b8,1533582509,6102250.0,0xf39e044e1ab204460e06e87c6dca2c6319fc69e3,IN,3,0.00396179,0x801211d9d4fa5884d6fe343688d82714d4f5526a5935567cc29c8bec4da46366,external,0,0.013336554428411 Ether
1,0x4e8ecf79ade5e2c49b9e30d795517a81e0bf00b8,1533582839,6102263.0,0xf39e044e1ab204460e06e87c6dca2c6319fc69e3,IN,3,0.00396179,0xaa1b02508e17e27ca218bc45b13fdf4b97bfd9611d07ab55fbcb596d427a2f9e,external,0,0.015153706904424 Ether
1,0x4e8ecf79ade5e2c49b9e30d795517a81e0bf00b8,1533581964,6102208.0,0xf39e044e1ab204460e06e87c6dca2c6319fc69e3,IN,3,0.0048192,0xb08ca7f1b13a285223adc6a18a977225175c6d1da9037c821a72d581a9fc128d,external,0,0.011716895777253 Ether
