Class,address,age,block,creator,direction,inter_direction,txFee,txhash,txn_type,type,value
1,0x4e8ecf79ade5e2c49b9e30d795517a81e0bf00b8,1532711061,6042377.0,0xf39e044e1ab204460e06e87c6dca2c6319fc69e3,IN,3,0.1845015,0x02a19f95fa6451552f9e57b3cf17eb0e53b9105ffa0ce00ef6f87eb19fd9a5ae,external,0,28.492391270187077 Ether
1,0x4e8ecf79ade5e2c49b9e30d795517a81e0bf00b8,1532750254,6045059.0,0xf39e044e1ab204460e06e87c6dca2c6319fc69e3,IN,3,0.00315755,0xa2652aea135ded5c52dae761d59220fabcd9454c391f43024e5437026a515c59,external,0,0 Ether
