Class,address,age,block,creator,direction,inter_direction,txFee,txhash,txn_type,type,value
1,0x4e8ecf79ade5e2c49b9e30d795517a81e0bf00b8,1532729185,6043600.0,0xf39e044e1ab204460e06e87c6dca2c6319fc69e3,IN,3,0.00025144,0x12af0589d8b31fd5a621a42a3439241bb99cdcaaaf29240605692441862190dc,external,0,0.394247585929958 Ether
1,0x4e8ecf79ade5e2c49b9e30d795517a81e0bf00b8,1532716611,6042763.0,0xf39e044e1ab204460e06e87c6dca2c6319fc69e3,IN,3,0.00034351,0x9067b8ad36b443508a0239c2f1c64c54e644f49e4eee8f0be42165827bf7c827,external,0,11.754682337337961 Ether
