Class,address,age,block,creator,direction,inter_direction,txFee,txhash,txn_type,type,value
1,0x4e8ecf79ade5e2c49b9e30d795517a81e0bf00b8,1532739869,6044370.0,0xf39e044e1ab204460e06e87c6dca2c6319fc69e3,IN,3,0.00012629999999999998,0x25b2700bc69bdd6455a10bc012ed0eed53e1ec6d2a31c97fc442edcbca4c9d38,external,0,0 Ether
1,0x4e8ecf79ade5e2c49b9e30d795517a81e0bf00b8,1532740357,6044401.0,0xf39e044e1ab204460e06e87c6dca2c6319fc69e3,IN,3,0.00023559,0x3cacd7ffb099ec9d1c742cdd7335648a03c1cc9c055c19bd82a844ba027672aa,external,0,0.171880543086215 Ether
1,0x4e8ecf79ade5e2c49b9e30d795517a81e0bf00b8,1533207270,6076443.0,0xf39e044e1ab204460e06e87c6dca2c6319fc69e3,IN,3,7.578e-05,0x64598a53c05d984a034141b23b0a11dbfcc8711f8923019eeaac2cf0d50e4d91,external,0,0 Ether
1,0x4e8ecf79ade5e2c49b9e30d795517a81e0bf00b8,1533626626,6105222.0,0xf39e044e1ab204460e06e87c6dca2c6319fc69e3,IN,3,0.01414938,0x76cb94f0ad54ba0a26ad495bf9ca8ca99bc41334946012c86dd2a7c079c5a064,external,0,0.040649287586994 Ether
1,0x4e8ecf79ade5e2c49b9e30d795517a81e0bf00b8,1532723871,6043251.0,0xf39e044e1ab204460e06e87c6dca2c6319fc69e3,IN,3,0.00010205,0x8a742edcc4487508e9206b33d2a0d25005cbc13fe19d48f95e6ee4808c92bf1a,external,0,0 Ether
1,0x4e8ecf79ade5e2c49b9e30d795517a81e0bf00b8,1533191907,6075383.0,0xf39e044e1ab204460e06e87c6dca2c6319fc69e3,IN,3,0.00023833,0xa1b14e8b2b330e0a2d6a725d9cf78e22fb48c972c067d20fcb329e9b59923a1c,external,0,0.03348584242881 Ether
