Class,address,age,block,creator,direction,inter_direction,txFee,txhash,txn_type,type,value
1,0x4e8ecf79ade5e2c49b9e30d795517a81e0bf00b8,1532760955,6045776.0,0xf39e044e1ab204460e06e87c6dca2c6319fc69e3,IN,3,0.00025426,0x54ae2f2e9f208f74ef9aefc8b4762330480d1adec2d9425edda025a5ae0879d1,external,0,0.4 Ether
1,0x4e8ecf79ade5e2c49b9e30d795517a81e0bf00b8,1532722759,6043181.0,0xf39e044e1ab204460e06e87c6dca2c6319fc69e3,IN,3,0.00028286,0x694e556a5cd55cd089d6d094a1e6dc96ba071ba54d2a095fe085089e744621c3,external,0,0.01 Ether
1,0x4e8ecf79ade5e2c49b9e30d795517a81e0bf00b8,1532744045,6044643.0,0xf39e044e1ab204460e06e87c6dca2c6319fc69e3,IN,3,6.315e-05,0x7fb5d15b70049a4c911afebd96eba9b2acaf01e48f669097957a28af1978fd70,external,0,0 Ether
1,0x4e8ecf79ade5e2c49b9e30d795517a81e0bf00b8,1532722856,6043190.0,0xf39e044e1ab204460e06e87c6dca2c6319fc69e3,IN,3,0.00022874,0x829a978bcd3dde8afdb0061330ef5660fe8e6432c50d47a4661085dafac96a3e,external,0,0.7 Ether
1,0x4e8ecf79ade5e2c49b9e30d795517a81e0bf00b8,1532722745,6043179.0,0xf39e044e1ab204460e06e87c6dca2c6319fc69e3,IN,3,0.00047098,0x9998b0ed267093c0ae68cebdb3e3a2eb57bc78a1f3990e8321c2b55722a666cc,external,0,0.01 Ether
1,0x4e8ecf79ade5e2c49b9e30d795517a81e0bf00b8,1532968530,6057232.0,0xf39e044e1ab204460e06e87c6dca2c6319fc69e3,IN,3,6.315e-05,0xaf5f02571e49f93303d5371ca919e4e8f9589d1a89474d7aec916e7a48276c1a,external,0,0 Ether
