Class,address,age,block,creator,direction,inter_direction,txFee,txhash,txn_type,type,value
1,0x4e8ecf79ade5e2c49b9e30d795517a81e0bf00b8,1532716085,6042716.0,0xf39e044e1ab204460e06e87c6dca2c6319fc69e3,IN,3,0.00017866,0x42e913a6f8d783a6266b58daf66d2c7cbff3470aa3fc5484c6186136e7c9d675,external,0,0.01 Ether
1,0x4e8ecf79ade5e2c49b9e30d795517a81e0bf00b8,1532716064,6042715.0,0xf39e044e1ab204460e06e87c6dca2c6319fc69e3,IN,3,0.0002788,0x65b3cad874427bb23bcee4d334b6eb3d567cfae782e4846f354bed4738d0a8b5,external,0,0.001 Ether
