Class,address,age,block,creator,direction,inter_direction,txFee,txhash,txn_type,type,value
1,0x4e8ecf79ade5e2c49b9e30d795517a81e0bf00b8,1533145090,6072275.0,0xf39e044e1ab204460e06e87c6dca2c6319fc69e3,IN,3,0.00030462,0x01e51339c5271402b28780494410a499e3ee2f8ea7a635c30de52c646d9b71ac,external,0,0.061091261155777 Ether
1,0x4e8ecf79ade5e2c49b9e30d795517a81e0bf00b8,1533413444,6090648.0,0xf39e044e1ab204460e06e87c6dca2c6319fc69e3,IN,3,0.00043153,0x09e0c383e35896b7b30257afa8428a65608321869281fa7dd034445bb2cb0982,external,0,0.02 Ether
1,0x4e8ecf79ade5e2c49b9e30d795517a81e0bf00b8,1533151068,6072678.0,0xf39e044e1ab204460e06e87c6dca2c6319fc69e3,IN,3,0.00048076,0x4cc9b9051e4fd37563c12404573dbab8d9b44859062cd8efc6018d3c4cd820bf,external,0,0.01 Ether
1,0x4e8ecf79ade5e2c49b9e30d795517a81e0bf00b8,1533411222,6090501.0,0xf39e044e1ab204460e06e87c6dca2c6319fc69e3,IN,3,0.00015983,0x5948d652d379796d6f02f3ce0da649d74ca7ef91081dfcc388294bb51e3dd114,external,0,0 Ether
1,0x4e8ecf79ade5e2c49b9e30d795517a81e0bf00b8,1533170820,6074008.0,0xf39e044e1ab204460e06e87c6dca2c6319fc69e3,IN,3,9.63e-05,0x77ece56548dc5d48c8c2598e9b02d3d4e3dc388145e4ee1213610a7501b6726e,external,0,0 Ether
1,0x4e8ecf79ade5e2c49b9e30d795517a81e0bf00b8,1533422012,6091222.0,0xf39e044e1ab204460e06e87c6dca2c6319fc69e3,IN,3,0.00012629999999999998,0x9044c6b94cf52be1d87926f506e86c7ed52ffce74c24859a97ce4aec1c902171,external,0,0 Ether
1,0x4e8ecf79ade5e2c49b9e30d795517a81e0bf00b8,1533443644,6089758.0,0xf39e044e1ab204460e06e87c6dca2c6319fc69e3,IN,3,0.0008535,0x919d5325c57f2895103b587f6efe80c7798c3b97f33acb3af772e517786f2144,external,0,0.012 Ether
