Class,address,age,block,creator,direction,inter_direction,txFee,txhash,txn_type,type,value
1,0x4e8ecf79ade5e2c49b9e30d795517a81e0bf00b8,1532758809,6045629.0,0xf39e044e1ab204460e06e87c6dca2c6319fc69e3,IN,3,0.0002526,0x0282eed1878e56c20c631095dd85154905dd6ee2f10a6d0bcbc7c91d777d0bb0,external,0,0 Ether
1,0x4e8ecf79ade5e2c49b9e30d795517a81e0bf00b8,1532711813,6042431.0,0xf39e044e1ab204460e06e87c6dca2c6319fc69e3,IN,3,0.014364600000000003,0x0e14cc1afe13d9c810fcc7ea361722ca00a346a54fa66dd26d74d24c851674f1,external,0,0.4 Ether
