Class,address,age,block,creator,direction,inter_direction,txFee,txhash,txn_type,type,value
1,0x4e8ecf79ade5e2c49b9e30d795517a81e0bf00b8,1532885859,6054523.0,0xf39e044e1ab204460e06e87c6dca2c6319fc69e3,IN,3,6.315e-05,0x99c48a40e6e0b1dad189df7ca6e376f5b093f156cba7ccac3fa509a356c33042,external,0,0 Ether
1,0x4e8ecf79ade5e2c49b9e30d795517a81e0bf00b8,1532711317,6042399.0,0xf39e044e1ab204460e06e87c6dca2c6319fc69e3,IN,3,0.035893400000000006,0xad7f3b57c40d3056291d94f33aa7c02b4d3f2e2d0a07f04285307dd282b8963a,external,0,6.213663727833168 Ether
