Class,address,age,block,creator,direction,inter_direction,txFee,txhash,txn_type,type,value
1,0x4e8ecf79ade5e2c49b9e30d795517a81e0bf00b8,1532784069,6047379.0,0xf39e044e1ab204460e06e87c6dca2c6319fc69e3,IN,3,0.0009789,0x338cd7c53f4861a949e57ea35053753b052f0094d696a7084cd221d35de0139f,external,0,0.295442253671252 Ether
1,0x4e8ecf79ade5e2c49b9e30d795517a81e0bf00b8,1532848793,6051940.0,0xf39e044e1ab204460e06e87c6dca2c6319fc69e3,IN,3,0.00012983,0x40b34865b30dfdb0ad0509d2a9d77775c0a7000716a3224b2608e7bdbc03ff14,external,0,0 Ether
1,0x4e8ecf79ade5e2c49b9e30d795517a81e0bf00b8,1532838293,6048188.0,0xf39e044e1ab204460e06e87c6dca2c6319fc69e3,IN,3,0.00078471,0x41d1df7da6f7341a9aa4971ffaa788f1f1babd9a4ad7ca94268d4f2758be60d0,external,0,0.165661777693354 Ether
1,0x4e8ecf79ade5e2c49b9e30d795517a81e0bf00b8,1532828861,6050551.0,0xf39e044e1ab204460e06e87c6dca2c6319fc69e3,IN,3,0.00187685,0x4d288eaf04dae506b5fe26bae43e64506b95329c264b0133989bdd7af8d0d135,external,0,0.215147905276635 Ether
1,0x4e8ecf79ade5e2c49b9e30d795517a81e0bf00b8,1532821216,6050021.0,0xf39e044e1ab204460e06e87c6dca2c6319fc69e3,IN,3,0.00082871,0xa62c9e43ab7c6383cb20bda8e9153c10bc1ec3fc040c2c3d416cede5c8d95960,external,0,0.198594061426112 Ether
