Class,address,age,block,creator,direction,inter_direction,txFee,txhash,txn_type,type,value
1,0x4e8ecf79ade5e2c49b9e30d795517a81e0bf00b8,1533152054,6072753.0,0xf39e044e1ab204460e06e87c6dca2c6319fc69e3,IN,3,0.0304233,0x07ebc74b73030ce6c9c20627ab2ee2eb3b28f846972b0c60fb90bcdb6c32bb7b,external,0,0.15 Ether
1,0x4e8ecf79ade5e2c49b9e30d795517a81e0bf00b8,1533427085,6091560.0,0xf39e044e1ab204460e06e87c6dca2c6319fc69e3,IN,3,0.00014445,0x0df4b588e0aec7e8e0bb3e3d1c5615e1dfd08a0ed43d98a78b02b2fc03a7e181,external,0,0 Ether
1,0x4e8ecf79ade5e2c49b9e30d795517a81e0bf00b8,1534792172,6185020.0,0xf39e044e1ab204460e06e87c6dca2c6319fc69e3,IN,3,0.00070433,0x3faef0e8bafb0d9e75705dfa392417a9854f2f0c44902ca026398014713fbc85,external,0,0.0001 Ether
1,0x4e8ecf79ade5e2c49b9e30d795517a81e0bf00b8,1532711013,6042376.0,0xf39e044e1ab204460e06e87c6dca2c6319fc69e3,IN,3,0.1789422,0x5e2b9a6e3c4986104a173031fb867e62b944a9e54771107753469263c6c530c1,external,0,2.6 Ether
