Class,address,age,block,creator,direction,inter_direction,txFee,txhash,txn_type,type,value
1,0x4e8ecf79ade5e2c49b9e30d795517a81e0bf00b8,1533558496,6100583.0,0xf39e044e1ab204460e06e87c6dca2c6319fc69e3,IN,3,0.00097691,0x0523c4d2b619641fde09b0c2755f4e88bf5a53451d68e96fe872a01bf5265cc7,external,0,0.01 Ether
1,0x4e8ecf79ade5e2c49b9e30d795517a81e0bf00b8,1534104954,6137988.0,0xf39e044e1ab204460e06e87c6dca2c6319fc69e3,IN,3,0.00129295,0x1c903057b793373ba80e373f5a44859acb30a114bc6ec23a56a0572b998ac443,external,0,0.001 Ether
1,0x4e8ecf79ade5e2c49b9e30d795517a81e0bf00b8,1533558135,6100560.0,0xf39e044e1ab204460e06e87c6dca2c6319fc69e3,IN,3,0.00058614,0x26d50ad62c6e0ae6fa108bd7a445cc5e6415e980d41ef08f540098a8842f0668,external,0,0.01 Ether
1,0x4e8ecf79ade5e2c49b9e30d795517a81e0bf00b8,1533628326,6105350.0,0xf39e044e1ab204460e06e87c6dca2c6319fc69e3,IN,3,0.0013770999999999998,0x273aac93882065378af11f312af9b01d4d0dda9585fe2bb256386c9eee5d9b90,external,0,0 Ether
1,0x4e8ecf79ade5e2c49b9e30d795517a81e0bf00b8,1534545753,6168121.0,0xf39e044e1ab204460e06e87c6dca2c6319fc69e3,IN,3,0.0008265000000000001,0x3d3cbbe944dd3937f594631f79fb641f135eefd1cac409e978de15a09cd2e63e,external,0,0.0055 Ether
1,0x4e8ecf79ade5e2c49b9e30d795517a81e0bf00b8,1533306046,6083150.0,0xf39e044e1ab204460e06e87c6dca2c6319fc69e3,IN,3,0.00027655,0x4042825296c0ea20e24a11cd0129e2e748a71a3530d74c1a67c278308f8ca8e1,external,0,0.01 Ether
1,0x4e8ecf79ade5e2c49b9e30d795517a81e0bf00b8,1534104318,6137945.0,0xf39e044e1ab204460e06e87c6dca2c6319fc69e3,IN,3,0.00087748,0x908dec6d9856cb4a0957f5a4d1919930ff3533943a4366a784a1549d9d74f378,external,0,0.0055 Ether
