Class,address,age,block,creator,direction,inter_direction,txFee,txhash,txn_type,type,value
1,0x4e8ecf79ade5e2c49b9e30d795517a81e0bf00b8,1533620390,6104797.0,0xf39e044e1ab204460e06e87c6dca2c6319fc69e3,IN,3,0.00193199,0x05c45b26c8304a09597699b862e033bf9479520d663d621c48b1feef6fd5c054,external,0,0.02009863213688 Ether
1,0x4e8ecf79ade5e2c49b9e30d795517a81e0bf00b8,1533620771,6104824.0,0xf39e044e1ab204460e06e87c6dca2c6319fc69e3,IN,3,0.00127568,0x4d90a7d443acc5d26cf6ae1be22501c8fe7154f4ddc563bfa8cc3caf48ce6579,external,0,0.01 Ether
