Class,address,age,block,creator,direction,inter_direction,txFee,txhash,txn_type,type,value
1,0x4e8ecf79ade5e2c49b9e30d795517a81e0bf00b8,1535122152,6207654.0,0xf39e044e1ab204460e06e87c6dca2c6319fc69e3,IN,3,0.00049708,0x4cf3f761729ad81481ef86d1465fb8d296b3e62c3ffa7a471fd42f3bf6670069,external,0,0.005611662818292 Ether
1,0x4e8ecf79ade5e2c49b9e30d795517a81e0bf00b8,1535140602,6208921.0,0xf39e044e1ab204460e06e87c6dca2c6319fc69e3,IN,3,0.00045003,0x7b93098db6d11cf8dfbe54ac98a03b845ec5041284440d58424469c07c2a2d3a,external,0,0.001735971530008 Ether
