Class,address,age,block,creator,direction,inter_direction,txFee,txhash,txn_type,type,value
1,0x4e8ecf79ade5e2c49b9e30d795517a81e0bf00b8,1534049097,6131284.0,0xf39e044e1ab204460e06e87c6dca2c6319fc69e3,IN,3,0.00727756,0x134ab06dec63d3bd1fc509901039fc79cff5e183bd46767ffce5002844e56c45,external,0,0.013510623646497 Ether
1,0x4e8ecf79ade5e2c49b9e30d795517a81e0bf00b8,1533070157,6067167.0,0xf39e044e1ab204460e06e87c6dca2c6319fc69e3,IN,3,4.815e-05,0x34e7532537c6207ba736863c829138e42629f9ef3800ac89217c61753688a006,external,0,0 Ether
1,0x4e8ecf79ade5e2c49b9e30d795517a81e0bf00b8,1534476192,6163435.0,0xf39e044e1ab204460e06e87c6dca2c6319fc69e3,IN,3,0.00072655,0x3d6595da879a9b58effee230592c5f5a3efb4ad989bd80f2be758f55799d38ed,external,0,0 Ether
1,0x4e8ecf79ade5e2c49b9e30d795517a81e0bf00b8,1533207965,6076494.0,0xf39e044e1ab204460e06e87c6dca2c6319fc69e3,IN,3,0.00022527,0x444bbc766a96eaa1feb28a17425467af97c7e545447c519adce7aa107e7953f5,external,0,0.053462797816079 Ether
1,0x4e8ecf79ade5e2c49b9e30d795517a81e0bf00b8,1533292290,6082234.0,0xf39e044e1ab204460e06e87c6dca2c6319fc69e3,IN,3,0.00045285,0x5ad65d426242c3fc6456127627ff7ce05a2b8356ce6aed3f6052073932014657,external,0,0.03434899807674 Ether
1,0x4e8ecf79ade5e2c49b9e30d795517a81e0bf00b8,1534049106,6131286.0,0xf39e044e1ab204460e06e87c6dca2c6319fc69e3,IN,3,0.00209388,0x5bdc6ad0853505da879347c380a5d8eaa0d29200902ead71a3ed3080c9b17198,external,0,0 Ether
1,0x4e8ecf79ade5e2c49b9e30d795517a81e0bf00b8,1533366671,6087456.0,0xf39e044e1ab204460e06e87c6dca2c6319fc69e3,IN,3,0.00022483,0x6aea08e8c0f70bdfa0c48db4217238cb287b710cfd600c08de9017de62972ba8,external,0,0.025526930099174 Ether
1,0x4e8ecf79ade5e2c49b9e30d795517a81e0bf00b8,1533494593,6096191.0,0xf39e044e1ab204460e06e87c6dca2c6319fc69e3,IN,3,0.00044967,0x7515f6183b809d17c1c4e446bc4c1402e6e8fda8634c22ab891ac3e2207339bf,external,0,0.019549589957697 Ether
1,0x4e8ecf79ade5e2c49b9e30d795517a81e0bf00b8,1533157934,6073158.0,0xf39e044e1ab204460e06e87c6dca2c6319fc69e3,IN,3,0.00052864,0x9156014a3e42d9060a18c72066ddb3cbc366962ac7f69e2eb4ceca9254799af8,external,0,0.121720062040037 Ether
