Class,address,age,block,creator,direction,inter_direction,txFee,txhash,txn_type,type,value
1,0x4e8ecf79ade5e2c49b9e30d795517a81e0bf00b8,1535982634,6266679.0,0xf39e044e1ab204460e06e87c6dca2c6319fc69e3,IN,3,0.00088753,0x3f77930fd9281c001653d73732fad3926432b7ec23f3351b4556bb67a99a8439,external,0,0.000217875 Ether
