Class,address,age,block,creator,direction,inter_direction,txFee,txhash,txn_type,type,value
1,0x4e8ecf79ade5e2c49b9e30d795517a81e0bf00b8,1532886495,6054556.0,0xf39e044e1ab204460e06e87c6dca2c6319fc69e3,IN,3,0.00012629999999999998,0x0a4b1c75a66e7e7e5f596ea0cd017fbecb90d867032285fb3bf466468ffa8d9c,external,0,0 Ether
1,0x4e8ecf79ade5e2c49b9e30d795517a81e0bf00b8,1532778032,6046971.0,0xf39e044e1ab204460e06e87c6dca2c6319fc69e3,IN,3,0.00110646,0x21a983fdede241b4936b4c8f9b83780ca82db944b019adf47d60a5465d003889,external,0,0.26897105470348 Ether
