Class,address,age,block,creator,direction,inter_direction,txFee,txhash,txn_type,type,value
1,0x4e8ecf79ade5e2c49b9e30d795517a81e0bf00b8,1532815113,6049623.0,0xf39e044e1ab204460e06e87c6dca2c6319fc69e3,IN,3,2.92e-05,0x15702ddec82f80d6f862c184667595d6d033145041564be344a13debb8405141,external,0,0 Ether
1,0x4e8ecf79ade5e2c49b9e30d795517a81e0bf00b8,1532716315,6042736.0,0xf39e044e1ab204460e06e87c6dca2c6319fc69e3,IN,3,0.00019359,0x2aec4470f8467e9306f569cbebbfff7f01a9d04b9e5e7e61d05de2105455efbb,external,0,4.510419649132337 Ether
1,0x4e8ecf79ade5e2c49b9e30d795517a81e0bf00b8,1532812563,6049436.0,0xf39e044e1ab204460e06e87c6dca2c6319fc69e3,IN,3,6.315e-05,0x43a754e58d2b0e2dd0dbc562ff5643970654a29df4e21396f70eb1f434ce12a2,external,0,0 Ether
