Class,address,age,block,creator,direction,inter_direction,txFee,txhash,txn_type,type,value
1,0x4e8ecf79ade5e2c49b9e30d795517a81e0bf00b8,1533155751,6073007.0,0xf39e044e1ab204460e06e87c6dca2c6319fc69e3,IN,3,0.00049868,0x0b2c6c07b710c0fe5a72e8d0af44046659418d1967c25b33375526fd3458e58b,external,0,0.049987069857826 Ether
1,0x4e8ecf79ade5e2c49b9e30d795517a81e0bf00b8,1533228104,6074936.0,0xf39e044e1ab204460e06e87c6dca2c6319fc69e3,IN,3,0.00067291,0x1ae34e651ae6524daf553d4f09709328c9042fa97a4b8b1fec2d8cc571b23892,external,0,0.049518427719011 Ether
1,0x4e8ecf79ade5e2c49b9e30d795517a81e0bf00b8,1533498672,6096467.0,0xf39e044e1ab204460e06e87c6dca2c6319fc69e3,IN,3,0.00019576,0x5acd42ebaa4bca052bb81b3bc3f951cc5ac8f01301db37775af01a86290cab64,external,0,0 Ether
1,0x4e8ecf79ade5e2c49b9e30d795517a81e0bf00b8,1533170465,6073989.0,0xf39e044e1ab204460e06e87c6dca2c6319fc69e3,IN,3,0.00013893,0x5ba6bf4c28216245e29d3006e550c61f5ff9bbd80d89ecf5fc6c33d463c52976,external,0,0 Ether
1,0x4e8ecf79ade5e2c49b9e30d795517a81e0bf00b8,1533170465,6073989.0,0xf39e044e1ab204460e06e87c6dca2c6319fc69e3,IN,3,6.424e-05,0x76ca66b49e91857c2aea99e1759c3bec2137aa37289e54abf47347da3fd4624e,external,0,0 Ether
1,0x4e8ecf79ade5e2c49b9e30d795517a81e0bf00b8,1533171407,6074045.0,0xf39e044e1ab204460e06e87c6dca2c6319fc69e3,IN,3,0.00045972,0xab7ecb0195c55f1ea9c5db92c8f993eab9dc9eb123263cc0c68779013d9cf9fe,external,0,0.01 Ether
