Class,address,age,block,creator,direction,inter_direction,txFee,txhash,txn_type,type,value
1,0x4e8ecf79ade5e2c49b9e30d795517a81e0bf00b8,1534917724,6193690.0,0xf39e044e1ab204460e06e87c6dca2c6319fc69e3,IN,3,0.00024677,0x29d60080d57944857423b3146c76ddbc74ee3137f14b8bf6d1ead93a124afa88,external,0,0 Ether
1,0x4e8ecf79ade5e2c49b9e30d795517a81e0bf00b8,1535008282,6199821.0,0xf39e044e1ab204460e06e87c6dca2c6319fc69e3,IN,3,0.00019474,0x79060c3c4d041f2867d191fd3557ca85b3addd79f026c142d55761bba042bc00,external,0,0 Ether
