Class,address,age,block,creator,direction,inter_direction,txFee,txhash,txn_type,type,value
1,0x4e8ecf79ade5e2c49b9e30d795517a81e0bf00b8,1532794107,6045103.0,0xf39e044e1ab204460e06e87c6dca2c6319fc69e3,IN,3,2.4e-05,0x01ede7ff82799d5aa7def192eb12542bfded3c7f0daac06312f3679069528162,external,0,100 wei
1,0x4e8ecf79ade5e2c49b9e30d795517a81e0bf00b8,1532895456,6055157.0,0xf39e044e1ab204460e06e87c6dca2c6319fc69e3,IN,3,6.315e-05,0x10957652f5ed8bb60b6ce059d940bd1a2f9de2688eaa7f7e195a5553f219b78e,external,0,0 Ether
1,0x4e8ecf79ade5e2c49b9e30d795517a81e0bf00b8,1532857594,6052548.0,0xf39e044e1ab204460e06e87c6dca2c6319fc69e3,IN,3,0.00030172,0x9a7f40ef955b57d4535b8d0002a8661fcb6a61ec1dacb1522133d48a878c7c06,external,0,0.14967339465626 Ether
