Class,address,age,block,creator,direction,inter_direction,txFee,txhash,txn_type,type,value
0,0x964f35fae36d75b1e72770e244f6595b68508cf5,1525007157,5528432.0,0x8007ce15acda724689760b4ba493d4766f973649,OUT,2,0.0,0xdfa2eb92d58472d02b3ebcd2b9a96804a3cc16daffd4a117916a404bd30b26b9,internal,call,0.914615860524419 Ether
0,0x964f35fae36d75b1e72770e244f6595b68508cf5,1525895576,5587266.0,0x8007ce15acda724689760b4ba493d4766f973649,OUT,2,0.0,0x55293af55d79beddb7c8d2e66bbd2d4f3e2cdc02cc0b6e3cca132a917bc42303,internal,call,1.183051757048203 Ether
