Class,address,age,block,creator,direction,inter_direction,txFee,txhash,txn_type,type,value
0,0x51db5ad35c671a87207d88fc11d593ac0c8415bd,1505713119,4287679.0,0x2f37be861699b6127881693010596b4bdd146f5e,IN,3,0.00020899999999999998,0x4552959eab63aa80a049b25d461c5f976cdb9c350ec1fbb3948767ddea57fb28,external,0,0 Ether
0,0x51db5ad35c671a87207d88fc11d593ac0c8415bd,1505712982,4287672.0,0x2f37be861699b6127881693010596b4bdd146f5e,IN,3,0.00020874,0x8f2eeaf05e40a49ba55818521e69634fe08c0f20b39722b5669b8d31fb61c63d,external,0,0 Ether
