Class,address,age,block,creator,direction,inter_direction,txFee,txhash,txn_type,type,value
0,0x51db5ad35c671a87207d88fc11d593ac0c8415bd,1507162577,4338544.0,0x2f37be861699b6127881693010596b4bdd146f5e,IN,3,0.00044500000000000003,0x7b9ebeab1ad0bbfe68845a5d93f882d3f54ddd3d07e60a06ef0fb53f6c7d1943,external,0,0 Ether
0,0x51db5ad35c671a87207d88fc11d593ac0c8415bd,1507937265,4364426.0,0x2f37be861699b6127881693010596b4bdd146f5e,IN,3,0.00044628,0x85ac71fe2e8e5ad6e471a9a6826cfc403ced94a56878e2568b0be7cc7733ebaa,external,0,0 Ether
0,0x51db5ad35c671a87207d88fc11d593ac0c8415bd,1512726863,4697985.0,0x2f37be861699b6127881693010596b4bdd146f5e,IN,3,0.00127189,0x9d9a5ec243d753ac02025847a694a417a318acb64dd60bb9cc8cde2022ed7d9a,external,0,0 Ether
