Class,address,age,block,creator,direction,inter_direction,txFee,txhash,txn_type,type,value
0,0x514910771af9ca656af840dff83e8264ecf986ca,1512952566,4713119.0,0xf55037738604fddfc4043d12f25124e94d7d1780,IN,3,0.00119749,0x1c0771a7c8980892da29abbc04cd81bcb1604737848e3603956ccd4bd66b73f4,external,0,0 Ether
0,0x514910771af9ca656af840dff83e8264ecf986ca,1513897776,4775432.0,0xf55037738604fddfc4043d12f25124e94d7d1780,IN,3,0.00119749,0x20d1350190b40eee370c53c692893c852beca465954788a9ac77fd59ea4aca66,external,0,0 Ether
