Class,address,age,block,creator,direction,inter_direction,txFee,txhash,txn_type,type,value
0,0x51db5ad35c671a87207d88fc11d593ac0c8415bd,1515344334,4869056.0,0x2f37be861699b6127881693010596b4bdd146f5e,IN,3,0.00463986,0x02a90de4e9d67e1e8acbbfc6e99b3563f74ab91a3f1aa8b929cf0e4707f82bd4,external,0,0 Ether
0,0x51db5ad35c671a87207d88fc11d593ac0c8415bd,1524133718,5469810.0,0x2f37be861699b6127881693010596b4bdd146f5e,IN,3,0.00011157,0x0a91c10ba2d01d13d1f67d2ad597f330251d29743c1b60650eb61e3b23944567,external,0,0 Ether
0,0x51db5ad35c671a87207d88fc11d593ac0c8415bd,1523759893,5444535.0,0x2f37be861699b6127881693010596b4bdd146f5e,IN,3,0.00011125,0x0d0e47d76e254afa9f89ec3ae69b4b7eef4ad219972260212c7540befb59d1d9,external,0,0 Ether
0,0x51db5ad35c671a87207d88fc11d593ac0c8415bd,1515082108,4852694.0,0x2f37be861699b6127881693010596b4bdd146f5e,IN,3,0.00046725,0x4a962c2655be515cf0cfeb55af286240498c517f62edc03e1047178e2a863e64,external,0,0 Ether
0,0x51db5ad35c671a87207d88fc11d593ac0c8415bd,1515281941,4867840.0,0x2f37be861699b6127881693010596b4bdd146f5e,IN,3,0.0011175,0x69addc67d49701298cb6503b155fdbe557c7f0c7e405ff2072ba83c260a8ab39,external,0,0 Ether
0,0x51db5ad35c671a87207d88fc11d593ac0c8415bd,1514428716,4811979.0,0x2f37be861699b6127881693010596b4bdd146f5e,IN,3,0.00044500000000000003,0x812726c312711e0f780ebea545b5ec5f43fce0d907bed03cbca1d21f6d3684b9,external,0,0 Ether
0,0x51db5ad35c671a87207d88fc11d593ac0c8415bd,1516268918,4930349.0,0x2f37be861699b6127881693010596b4bdd146f5e,IN,3,0.00149503,0x9f5e3b887f3341fc03eaae8f323684e86d2e14e98008d7bc1e66218823f895c5,external,0,0 Ether
