Class,address,age,block,creator,direction,inter_direction,txFee,txhash,txn_type,type,value
0,0x51db5ad35c671a87207d88fc11d593ac0c8415bd,1543570113,6801604.0,0x2f37be861699b6127881693010596b4bdd146f5e,IN,3,0.00044500000000000003,0x032d33b759cc9ea87828e3d001e99fdc27f1bc27cc15607dca42c7b122df250e,external,0,0 Ether
0,0x51db5ad35c671a87207d88fc11d593ac0c8415bd,1513640291,4758794.0,0x2f37be861699b6127881693010596b4bdd146f5e,IN,3,0.00051175,0x092fdd957b459f3946daf8e645145f7029dfd918d0fad432a416e8c5ade121b9,external,0,0 Ether
0,0x51db5ad35c671a87207d88fc11d593ac0c8415bd,1512738894,4698792.0,0x2f37be861699b6127881693010596b4bdd146f5e,IN,3,0.00126825,0x3d39f8433b0d3accf98a009dee99931c9b1cd647caa1a07d808cc6096919f8ee,external,0,0 Ether
