Class,address,age,block,creator,direction,inter_direction,txFee,txhash,txn_type,type,value
0,0x514910771af9ca656af840dff83e8264ecf986ca,1514721604,4831744.0,0xf55037738604fddfc4043d12f25124e94d7d1780,IN,3,0.0004413000000000001,0x424c97c64cc78f0f58ed222efee8ca7aa5b838fff131b9dad332d07e69b21c05,external,0,0 Ether
0,0x514910771af9ca656af840dff83e8264ecf986ca,1514721456,4831731.0,0xf55037738604fddfc4043d12f25124e94d7d1780,IN,3,0.00073874,0x66a2c55cebd41562df117bc9915869b49c5a4d15c60728fd7f0f773244f07413,external,0,0 Ether
