Class,address,age,block,creator,direction,inter_direction,txFee,txhash,txn_type,type,value
0,0x514910771af9ca656af840dff83e8264ecf986ca,1514957541,4847566.0,0xf55037738604fddfc4043d12f25124e94d7d1780,IN,3,0.00046202,0x32bc63412c032ff87ea900188c9d673f06c3193a1cbf755acbeb06f4d70e3f2d,external,0,0 Ether
0,0x514910771af9ca656af840dff83e8264ecf986ca,1515020726,4851506.0,0xf55037738604fddfc4043d12f25124e94d7d1780,IN,3,0.00046202,0x9662024bc626e6373c7f349f32c642eb3bb48f6018bfb60d3bd6056d75e327f6,external,0,0 Ether
