Class,address,age,block,creator,direction,inter_direction,txFee,txhash,txn_type,type,value
0,0x514910771af9ca656af840dff83e8264ecf986ca,1517507429,5014649.0,0xf55037738604fddfc4043d12f25124e94d7d1780,IN,3,0.00213204,0x12ba56082e42c506681557f5b6d58760c1defa27711ae72ea731d7a099badbb2,external,0,0 Ether
0,0x514910771af9ca656af840dff83e8264ecf986ca,1517507829,5014673.0,0xf55037738604fddfc4043d12f25124e94d7d1780,IN,3,0.00151704,0x56c282552317cc34f6c25dee3699e55631d20504e6be1ce7f868fc2b995be081,external,0,0 Ether
