Class,address,age,block,creator,direction,inter_direction,txFee,txhash,txn_type,type,value
0,0x514910771af9ca656af840dff83e8264ecf986ca,1517916729,5042842.0,0xf55037738604fddfc4043d12f25124e94d7d1780,IN,3,0.00048543,0x3474950774c1ed7e977c612f374f029ecd2008b50edf31430937e4706c826002,external,0,0 Ether
0,0x514910771af9ca656af840dff83e8264ecf986ca,1513654326,4759724.0,0xf55037738604fddfc4043d12f25124e94d7d1780,IN,3,0.00074579,0x5f73043793e012b5a69e2132e83ef25255b05c92e054e9bdea961028ec42f10b,external,0,0 Ether
0,0x514910771af9ca656af840dff83e8264ecf986ca,1512242834,4665992.0,0xf55037738604fddfc4043d12f25124e94d7d1780,IN,3,0.00022065,0x7df0f5a0d7ebfccd6594b6bd171be1cfef8fc172a5de0debdcaf22a58493574c,external,0,0 Ether
0,0x514910771af9ca656af840dff83e8264ecf986ca,1515690130,4893499.0,0xf55037738604fddfc4043d12f25124e94d7d1780,IN,3,0.00142981,0x98a20d708b3a8134640fc7fed3ad6ea5033c3c9636544e3990342c831622eae6,external,0,0 Ether
