Class,address,age,block,creator,direction,inter_direction,txFee,txhash,txn_type,type,value
0,0x514910771af9ca656af840dff83e8264ecf986ca,1512806250,4703315.0,0xf55037738604fddfc4043d12f25124e94d7d1780,IN,3,0.00121357,0x5f33d1031228812e16249608efae6f3e2b9238aa280089de0dd869ac7a5c85ac,external,0,0 Ether
0,0x514910771af9ca656af840dff83e8264ecf986ca,1524974539,5523315.0,0xf55037738604fddfc4043d12f25124e94d7d1780,IN,3,0.00011,0xa7d28a15f468a3690a9b209816d12d61be74c53bbdb923118e3ba31bfbd37c81,external,0,0 Ether
0,0x514910771af9ca656af840dff83e8264ecf986ca,1529793129,5844567.0,0xf55037738604fddfc4043d12f25124e94d7d1780,IN,3,0.00044002,0xa85795c39837a1a8a1af67dfc38c820a7ce1f47bb9ba019c632ee03d19d60ff4,external,0,0 Ether
