Class,address,age,block,creator,direction,inter_direction,txFee,txhash,txn_type,type,value
0,0x514910771af9ca656af840dff83e8264ecf986ca,1513657870,4757143.0,0xf55037738604fddfc4043d12f25124e94d7d1780,IN,3,0.00155673,0x6a5e2401080ed1cf5440d5ba48d8e6c4c156801acfe774ccf0812de666a08b82,external,0,0 Ether
0,0x514910771af9ca656af840dff83e8264ecf986ca,1513657859,4757142.0,0xf55037738604fddfc4043d12f25124e94d7d1780,IN,3,0.00046336,0x7239f9d83ecbaf69ce57bef7bb45d710c2b700ec4a79761e2d7bbb37deca3bee,external,0,0 Ether
0,0x514910771af9ca656af840dff83e8264ecf986ca,1513657929,4757147.0,0xf55037738604fddfc4043d12f25124e94d7d1780,IN,3,0.00155673,0x9006282f9042e6769863f6217f613524c55c5524e94c4d75795f99fd6f62f5eb,external,0,0 Ether
