Class,address,age,block,creator,direction,inter_direction,txFee,txhash,txn_type,type,value
0,0x514910771af9ca656af840dff83e8264ecf986ca,1545634139,6944854.0,0xf55037738604fddfc4043d12f25124e94d7d1780,IN,3,0.0004413000000000001,0x99ca2c5ef619a91aee8e311e58afbc0042043b59a5f91ffcc5fda13f21a5336e,external,0,0 Ether
0,0x514910771af9ca656af840dff83e8264ecf986ca,1546508675,7004576.0,0xf55037738604fddfc4043d12f25124e94d7d1780,IN,3,0.00044002,0xa5caa4af39ff3bd05e3f5b2fd92cbfe619e61130d42acb1d152d7cc91f7997e0,external,0,0 Ether
