Class,address,age,block,creator,direction,inter_direction,txFee,txhash,txn_type,type,value
0,0x514910771af9ca656af840dff83e8264ecf986ca,1513600974,4756271.0,0xf55037738604fddfc4043d12f25124e94d7d1780,IN,3,0.00055162,0x0690ce1b6f2a6f6e1fafe2ec91428b53c0d24f3e954bc184d183b767ae919444,external,0,0 Ether
0,0x514910771af9ca656af840dff83e8264ecf986ca,1513325421,4737789.0,0xf55037738604fddfc4043d12f25124e94d7d1780,IN,3,0.00114717,0x3743c6efd7b7b4555ebffb394c03c559ec045c259a90bc945191c62da6bd4146,external,0,0 Ether
