Class,address,age,block,creator,direction,inter_direction,txFee,txhash,txn_type,type,value
1,0x536a6ba0d913d5d6a4ce2c6eb7ed0de3c0f0b89e,1537867673,6398117.0,0xb648cc3367571c9166e966d1eb97de3f9ebfb8fd,IN,3,0.00019399,0x40abf047594c21639c9ccf29d0eba936a0f10fca8fa417c1f03a867ad1d2a85b,external,0,0 Ether
1,0x536a6ba0d913d5d6a4ce2c6eb7ed0de3c0f0b89e,1537954467,6404275.0,0xb648cc3367571c9166e966d1eb97de3f9ebfb8fd,IN,3,0.00031039,0x4824e415bf7fd66eefb259851d08161f6288f2b8be49ded5a563469f3e44a623,external,0,0 Ether
1,0x536a6ba0d913d5d6a4ce2c6eb7ed0de3c0f0b89e,1537537108,6374828.0,0xb648cc3367571c9166e966d1eb97de3f9ebfb8fd,IN,3,0.00023279,0x59c8c918b518f1a411541265b950954a4e4e6cd4616ca9ccd45a610150e45baa,external,0,0 Ether
1,0x536a6ba0d913d5d6a4ce2c6eb7ed0de3c0f0b89e,1537773109,6391450.0,0xb648cc3367571c9166e966d1eb97de3f9ebfb8fd,IN,3,0.00019399,0x69b70269d47748df7968b902ac2fd7b70b07f68e4cee666277e9741180931d3f,external,0,0 Ether
1,0x536a6ba0d913d5d6a4ce2c6eb7ed0de3c0f0b89e,1537720094,6384661.0,0xb648cc3367571c9166e966d1eb97de3f9ebfb8fd,IN,3,0.00015519,0x921eb8659e2453510da10afef6b4a45899f2e3c5dd3de3611285e0174fe15ebf,external,0,0 Ether
1,0x536a6ba0d913d5d6a4ce2c6eb7ed0de3c0f0b89e,1537277696,6356652.0,0xb648cc3367571c9166e966d1eb97de3f9ebfb8fd,IN,3,0.00023279,0x93913ad4f1bd4725cc639417bf1bd0d7409935c6de1773e4e91e0c1f3806945e,external,0,0 Ether
1,0x536a6ba0d913d5d6a4ce2c6eb7ed0de3c0f0b89e,1537191015,6350643.0,0xb648cc3367571c9166e966d1eb97de3f9ebfb8fd,IN,3,0.00046014,0xafe409b8a591acb954f4bd6fe364a9d7b3b66d30230afd9899da3993b6cc78cc,external,0,0.447 Ether
