Class,address,age,block,creator,direction,inter_direction,txFee,txhash,txn_type,type,value
1,0x536a6ba0d913d5d6a4ce2c6eb7ed0de3c0f0b89e,1537133829,6346600.0,0xb648cc3367571c9166e966d1eb97de3f9ebfb8fd,IN,3,0.00053549,0x1f29e427ca9eb3436d0975a54d38ebc6e60eebaff6a1d17a09c2c4e1e3d88eba,external,0,0.122435909 Ether
1,0x536a6ba0d913d5d6a4ce2c6eb7ed0de3c0f0b89e,1537226132,6353099.0,0xb648cc3367571c9166e966d1eb97de3f9ebfb8fd,IN,3,0.00023279,0x28233f37094ad844d9c1a0c1b53c692f44318547bec8fd5c9de34a58ef0e7988,external,0,0 Ether
1,0x536a6ba0d913d5d6a4ce2c6eb7ed0de3c0f0b89e,1537521795,6373700.0,0xb648cc3367571c9166e966d1eb97de3f9ebfb8fd,IN,3,0.00027159,0x2ce69403bf5eaec036cb76ad5364ce5905b0cbf8d525afd880f90632022a4059,external,0,0 Ether
1,0x536a6ba0d913d5d6a4ce2c6eb7ed0de3c0f0b89e,1537232609,6353540.0,0xb648cc3367571c9166e966d1eb97de3f9ebfb8fd,IN,3,0.00013728,0x9866758369d8ec71e6b3498fa2be2564548d41aa05e8f4eca297364d399bdcb4,external,0,0 Ether
