Class,address,age,block,creator,direction,inter_direction,txFee,txhash,txn_type,type,value
1,0x536a6ba0d913d5d6a4ce2c6eb7ed0de3c0f0b89e,1537688902,6385482.0,0xb648cc3367571c9166e966d1eb97de3f9ebfb8fd,IN,3,0.00058198,0x8b69ce45708e09957c8efb6c994f00a3385fd8bf0604772e430a0dae3a84ccb0,external,0,0 Ether
1,0x536a6ba0d913d5d6a4ce2c6eb7ed0de3c0f0b89e,1537515936,6373271.0,0xb648cc3367571c9166e966d1eb97de3f9ebfb8fd,IN,3,0.00058198,0x9d78eaca4229e402101aecef458adb60dda6d99b4bf44b5868b5f1f5cac4889c,external,0,0 Ether
1,0x536a6ba0d913d5d6a4ce2c6eb7ed0de3c0f0b89e,1537255685,6355133.0,0xb648cc3367571c9166e966d1eb97de3f9ebfb8fd,IN,3,0.00071399,0xa70eb245a38396ebcd2cc9c5f5c85cf18a39d9e2b653ab9c7362ab2a2e48ad23,external,0,0.5 Ether
