Class,address,age,block,creator,direction,inter_direction,txFee,txhash,txn_type,type,value
1,0x536a6ba0d913d5d6a4ce2c6eb7ed0de3c0f0b89e,1537859398,6397520.0,0xb648cc3367571c9166e966d1eb97de3f9ebfb8fd,IN,3,0.00016016,0x0566aac18b6ccbc13e8bf8d42a8a78ef734fc266888c73e99f2d382e2085f732,external,0,0 Ether
1,0x536a6ba0d913d5d6a4ce2c6eb7ed0de3c0f0b89e,1538050603,6410974.0,0xb648cc3367571c9166e966d1eb97de3f9ebfb8fd,IN,3,0.00018304,0x82472214868cbc0c1896b32aafe10c38a3a195feb34e1349e0931bd29fc3ea4e,external,0,0 Ether
1,0x536a6ba0d913d5d6a4ce2c6eb7ed0de3c0f0b89e,1537777871,6391780.0,0xb648cc3367571c9166e966d1eb97de3f9ebfb8fd,IN,3,0.00027159,0x8f731ee206633c3156952fe45de06887af9a932c13555f1ea1868979148c5c1d,external,0,0 Ether
1,0x536a6ba0d913d5d6a4ce2c6eb7ed0de3c0f0b89e,1537510920,6372943.0,0xb648cc3367571c9166e966d1eb97de3f9ebfb8fd,IN,3,0.00062474,0x8fdd37116fdb3901974a10540ab82c61f21c12fae3840ac66bd46c7aa2eb150c,external,0,0.543709386 Ether
