Class,address,age,block,creator,direction,inter_direction,txFee,txhash,txn_type,type,value
1,0x536a6ba0d913d5d6a4ce2c6eb7ed0de3c0f0b89e,1537704547,6386601.0,0xb648cc3367571c9166e966d1eb97de3f9ebfb8fd,IN,3,0.00015519,0x0ef8314c89a42439ba5ad64d97a3114a18fdcb01c977e2e3f382b69a475559f6,external,0,0 Ether
1,0x536a6ba0d913d5d6a4ce2c6eb7ed0de3c0f0b89e,1537430933,6367408.0,0xb648cc3367571c9166e966d1eb97de3f9ebfb8fd,IN,3,0.00062474,0x21a89280bdac0fc13d01a18223b05e1a6706e275c878a98051c636a49d1bfe9c,external,0,1.539167497 Ether
1,0x536a6ba0d913d5d6a4ce2c6eb7ed0de3c0f0b89e,1537913405,6401354.0,0xb648cc3367571c9166e966d1eb97de3f9ebfb8fd,IN,3,0.00031039,0x3a5866804b07939916e4c7e718b98d9aedc1cb65d8e17cc3ff249c9012e5cb92,external,0,0 Ether
1,0x536a6ba0d913d5d6a4ce2c6eb7ed0de3c0f0b89e,1537609004,6379861.0,0xb648cc3367571c9166e966d1eb97de3f9ebfb8fd,IN,3,0.00015519,0x71ecc27799d09c62bf027a40f3524d7d8bef51b0048b8c913aeba7919ede2438,external,0,0 Ether
1,0x536a6ba0d913d5d6a4ce2c6eb7ed0de3c0f0b89e,1538000599,6407519.0,0xb648cc3367571c9166e966d1eb97de3f9ebfb8fd,IN,3,0.00034919,0x88a3415a1dec1e95cbc9befc32f6676d5d653314cb11d64149162d1695cd08f8,external,0,0 Ether
1,0x536a6ba0d913d5d6a4ce2c6eb7ed0de3c0f0b89e,1537521671,6373694.0,0xb648cc3367571c9166e966d1eb97de3f9ebfb8fd,IN,3,0.00027159,0x8dbd8b496e67e65aab218daefd430caf156c5ae0e8552a56e4b13b544444c277,external,0,0 Ether
