Class,address,age,block,creator,direction,inter_direction,txFee,txhash,txn_type,type,value
1,0x536a6ba0d913d5d6a4ce2c6eb7ed0de3c0f0b89e,1537650782,6382796.0,0xb648cc3367571c9166e966d1eb97de3f9ebfb8fd,IN,3,0.00159075,0x3dfd240404d4559f41105c102b385801095218e4bebd98f21c59c42b4444c7ef,external,0,0 Ether
1,0x536a6ba0d913d5d6a4ce2c6eb7ed0de3c0f0b89e,1536831671,6325386.0,0xb648cc3367571c9166e966d1eb97de3f9ebfb8fd,IN,3,0.0036592,0x829358c27099d7e084dbfd06ad5a96dce2b3a4c6a88866cbe7be5cc1fa66b6d0,external,0,0.4 Ether
1,0x536a6ba0d913d5d6a4ce2c6eb7ed0de3c0f0b89e,1537271803,6356244.0,0xb648cc3367571c9166e966d1eb97de3f9ebfb8fd,IN,3,0.00314433,0xa57a54ae6582379b22c52c657d8c5a7d8c332bf47b4034595f3ee95bbbec5939,external,0,1.54 Ether
