Class,address,age,block,creator,direction,inter_direction,txFee,txhash,txn_type,type,value
1,0x536a6ba0d913d5d6a4ce2c6eb7ed0de3c0f0b89e,1537776491,6391690.0,0xb648cc3367571c9166e966d1eb97de3f9ebfb8fd,IN,3,0.00032039,0x973a809694530c5974f5f761ad1112cf4175e622333fb4067cf40479298765cb,external,0,0.5405430133 Ether
1,0x536a6ba0d913d5d6a4ce2c6eb7ed0de3c0f0b89e,1537198455,6351166.0,0xb648cc3367571c9166e966d1eb97de3f9ebfb8fd,IN,3,0.00035699,0xab642d4d87b535eee2f0258f2e885ee95cf9dbe0af7965f1028e3feb30a39387,external,0,2.56796573 Ether
