Class,address,age,block,creator,direction,inter_direction,txFee,txhash,txn_type,type,value
1,0x536a6ba0d913d5d6a4ce2c6eb7ed0de3c0f0b89e,1537967208,6405143.0,0xb648cc3367571c9166e966d1eb97de3f9ebfb8fd,IN,3,0.00193995,0x060234fd4193f965c8de78e4e4e2fd15ad611cdcaf2127fc92632211b923a015,external,0,0 Ether
1,0x536a6ba0d913d5d6a4ce2c6eb7ed0de3c0f0b89e,1537370136,6363174.0,0xb648cc3367571c9166e966d1eb97de3f9ebfb8fd,IN,3,0.00193995,0x18322bf413a09bd8bd5da3fb694ec429fbcb10174e7044a01c3638951772b36c,external,0,0 Ether
1,0x536a6ba0d913d5d6a4ce2c6eb7ed0de3c0f0b89e,1537282901,6357011.0,0xb648cc3367571c9166e966d1eb97de3f9ebfb8fd,IN,3,0.00193995,0x21520969b169f35cd974d2791b35d6fd6379748448c88cd8668de9a7f9164973,external,0,0 Ether
1,0x536a6ba0d913d5d6a4ce2c6eb7ed0de3c0f0b89e,1536845358,6326346.0,0xb648cc3367571c9166e966d1eb97de3f9ebfb8fd,IN,3,0.00193995,0x2e9b59a54861d8ed0340129a6444ac974a2c38f9e9ef3a835e5c6aa645c52392,external,0,0 Ether
1,0x536a6ba0d913d5d6a4ce2c6eb7ed0de3c0f0b89e,1537451642,6368872.0,0xb648cc3367571c9166e966d1eb97de3f9ebfb8fd,IN,3,0.00296665,0x78a959788b84373c7aa78e7e36145d0861c4f9507f45c42c6010508c73b434f3,external,0,0.01 Ether
1,0x536a6ba0d913d5d6a4ce2c6eb7ed0de3c0f0b89e,1536758471,6320300.0,0xb648cc3367571c9166e966d1eb97de3f9ebfb8fd,IN,3,0.00446245,0x9f972a47226bba4be1c57efb386beb8266602f3493d6b5fa850c99735a339f8f,external,0,0.1 Ether
1,0x536a6ba0d913d5d6a4ce2c6eb7ed0de3c0f0b89e,1537366838,6362952.0,0xb648cc3367571c9166e966d1eb97de3f9ebfb8fd,IN,3,0.001144,0xa0f64f593ad5b75f204f6afdc8faedf1676580272c24d3ba60a6d93b4bc11e8b,external,0,0 Ether
