Class,address,age,block,creator,direction,inter_direction,txFee,txhash,txn_type,type,value
1,0x536a6ba0d913d5d6a4ce2c6eb7ed0de3c0f0b89e,1537720361,6384688.0,0xb648cc3367571c9166e966d1eb97de3f9ebfb8fd,IN,3,0.00035699,0x408dcb552422429a77f7fd8291c352ebbd73842fcf08ca6fd0bc07f6c6397fd4,external,0,2.948599892 Ether
