Class,address,age,block,creator,direction,inter_direction,txFee,txhash,txn_type,type,value
0,0x54bda709fed875224eae569bb6817d96ef7ed9ad,1515497265,4881441.0,0xe0b7927c4af23765cb51314a0e0521a9645f0e2a,IN,3,0.00321135,0x2eaf7a168ebf71e0285a2518d28b72ebc3c7c3a7cdb0fb670f9d2987725afbcb,external,0,0 Ether
0,0x54bda709fed875224eae569bb6817d96ef7ed9ad,1515497749,4881463.0,0xe0b7927c4af23765cb51314a0e0521a9645f0e2a,IN,3,0.00226678,0xb0a30812a86ccb0ae05a1c86c2409925d1b7dd12bf42d41bd3ad97db4b949dd5,external,0,0 Ether
