Class,address,age,block,creator,direction,inter_direction,txFee,txhash,txn_type,type,value
0,0x55d34b686aa8c04921397c5807db9ecedba00a4c,1497949673,3904145.0,0x6b9ef02657339310e28a7a9d4b5f25f7c1f68d61,IN,3,0.010977899999999999,0x0a96c1781cb3eb6e95e8405ca85ff679811947e916ea5504175ce52dcd10c1aa,external,0,15 Ether
0,0x55d34b686aa8c04921397c5807db9ecedba00a4c,1498018332,3905612.0,0x6b9ef02657339310e28a7a9d4b5f25f7c1f68d61,IN,3,0.01028819,0x26b519bd936369fba4036e5965964f5bbc562014c1530302249e451b493f5ada,external,0,15 Ether
0,0x55d34b686aa8c04921397c5807db9ecedba00a4c,1497946838,3903999.0,0x6b9ef02657339310e28a7a9d4b5f25f7c1f68d61,IN,3,0.01146,0x591858a091ae14fd55841c641357274562feffa68520123e657532d72f2ea9cf,external,0,15 Ether
