Class,address,age,block,creator,direction,inter_direction,txFee,txhash,txn_type,type,value
0,0x55d34b686aa8c04921397c5807db9ecedba00a4c,1497968066,3905222.0,0x6b9ef02657339310e28a7a9d4b5f25f7c1f68d61,IN,3,0.0061514,0x053a84ab07f343bffcbcb2c116259728588f807eeb68be89495d91bacff4d95c,external,0,2.499999999999992 Ether
