Class,address,age,block,creator,direction,inter_direction,txFee,txhash,txn_type,type,value
0,0x55d34b686aa8c04921397c5807db9ecedba00a4c,1497965460,3905072.0,0x6b9ef02657339310e28a7a9d4b5f25f7c1f68d61,IN,3,0.00622225,0x03ed2054b87c4030882261e882bf78db80cb3a042ebf5dbe0a018e8581553ca8,external,0,12.003 Ether
0,0x55d34b686aa8c04921397c5807db9ecedba00a4c,1497983765,3906144.0,0x6b9ef02657339310e28a7a9d4b5f25f7c1f68d61,IN,3,0.004857,0x1a47ab1a0561f8efdea7a4e16daac471835fde93b269c24bd1346638fc4b9be9,external,0,2 Ether
