Class,address,age,block,creator,direction,inter_direction,txFee,txhash,txn_type,type,value
0,0x55d34b686aa8c04921397c5807db9ecedba00a4c,1497989181,3906460.0,0x6b9ef02657339310e28a7a9d4b5f25f7c1f68d61,IN,3,0.0066154,0x2052efc76fe64ca7cd52d4703626f5bafe6fb515ff4be69090e3b601e9c373a1,external,0,15 Ether
0,0x55d34b686aa8c04921397c5807db9ecedba00a4c,1498027480,3908606.0,0x6b9ef02657339310e28a7a9d4b5f25f7c1f68d61,IN,3,0.00895,0x82b40d01aaa3e81b07e8bf6e26e622d5c7053ec0ca61de4413c322c399dc2cd1,external,0,4 Ether
