Class,address,age,block,creator,direction,inter_direction,txFee,txhash,txn_type,type,value
0,0x55d34b686aa8c04921397c5807db9ecedba00a4c,1498020211,3905734.0,0x6b9ef02657339310e28a7a9d4b5f25f7c1f68d61,IN,3,0.00622225,0x02773616629374cfa73fe4839c216829f42d438b2bd5d6760c775637b90123fc,external,0,4 Ether
0,0x55d34b686aa8c04921397c5807db9ecedba00a4c,1497988051,3906382.0,0x6b9ef02657339310e28a7a9d4b5f25f7c1f68d61,IN,3,0.004857,0x068fb5c3aa10503f84161a8d6e61cbdda8363a6149deac4cdbdbf21d77d88bb6,external,0,5.5 Ether
0,0x55d34b686aa8c04921397c5807db9ecedba00a4c,1497989757,3906498.0,0x6b9ef02657339310e28a7a9d4b5f25f7c1f68d61,IN,3,0.004857,0x22c6b6db9a8f904178004626072bb4275f5a820c7b8c9b5a68215b24787c1fb3,external,0,0.66 Ether
