Class,address,age,block,creator,direction,inter_direction,txFee,txhash,txn_type,type,value
0,0x55d34b686aa8c04921397c5807db9ecedba00a4c,1497947565,3904034.0,0x6b9ef02657339310e28a7a9d4b5f25f7c1f68d61,IN,3,0.01100912,0x12ead6e68c9dcdefeb819cbc7c90c9c32b6d03475c1a21cf41909d62eafec57c,external,0,2 Ether
0,0x55d34b686aa8c04921397c5807db9ecedba00a4c,1497966556,3905137.0,0x6b9ef02657339310e28a7a9d4b5f25f7c1f68d61,IN,3,0.01028819,0x658abca7999fa7f3bb6f98310fbb25606298ecc49f63bed4b5be3a704df42e54,external,0,2 Ether
0,0x55d34b686aa8c04921397c5807db9ecedba00a4c,1497967434,3905183.0,0x6b9ef02657339310e28a7a9d4b5f25f7c1f68d61,IN,3,0.01028819,0x7f3bd22a74fac870c7eaf4cb15eb8c833d4438235c967e7aede658fb569fd4ea,external,0,2 Ether
0,0x55d34b686aa8c04921397c5807db9ecedba00a4c,1497971037,3905376.0,0x6b9ef02657339310e28a7a9d4b5f25f7c1f68d61,IN,3,0.01028819,0xaa29440d1b9668befbcc29fc015b47c5d431314226113ef7c3004697ce64a6a8,external,0,2 Ether
