Class,address,age,block,creator,direction,inter_direction,txFee,txhash,txn_type,type,value
0,0x55d34b686aa8c04921397c5807db9ecedba00a4c,1498074327,3911239.0,0x6b9ef02657339310e28a7a9d4b5f25f7c1f68d61,IN,3,0.00914418,0x561a9758a24aca268d53de8998aad468687e7db73796fa8874076fb588f89455,external,0,5 Ether
0,0x55d34b686aa8c04921397c5807db9ecedba00a4c,1498078378,3911476.0,0x6b9ef02657339310e28a7a9d4b5f25f7c1f68d61,IN,3,0.00802904,0x83aee8cee5e86b7c11d2bb903a5087c88002ff595202659530d352d6709db21c,external,0,5 Ether
