Class,address,age,block,creator,direction,inter_direction,txFee,txhash,txn_type,type,value
0,0x55d34b686aa8c04921397c5807db9ecedba00a4c,1498004928,3907310.0,0x6b9ef02657339310e28a7a9d4b5f25f7c1f68d61,IN,3,0.00654455,0x3264a85b487a4e704ade65aab1296cead473127be11a373bd668759235abc616,external,0,5 Ether
0,0x55d34b686aa8c04921397c5807db9ecedba00a4c,1497958462,3904677.0,0x6b9ef02657339310e28a7a9d4b5f25f7c1f68d61,IN,3,0.01149518,0x3fdd141a5944260d48a51569b690ecfd38aaf0aa0daed51570f180b45787acfa,external,0,5 Ether
