Class,address,age,block,creator,direction,inter_direction,txFee,txhash,txn_type,type,value
0,0x55d34b686aa8c04921397c5807db9ecedba00a4c,1498006318,3907399.0,0x6b9ef02657339310e28a7a9d4b5f25f7c1f68d61,IN,3,0.00622405,0x365c65f3d778949e8e25a4b1d2bea4100aea7544cec486c8833fcbdcd60d3830,external,0,0.089021 Ether
