Class,address,age,block,creator,direction,inter_direction,txFee,txhash,txn_type,type,value
0,0x55d34b686aa8c04921397c5807db9ecedba00a4c,1497957496,3904618.0,0x6b9ef02657339310e28a7a9d4b5f25f7c1f68d61,IN,3,0.0058912,0x01a6e6bf7dc8d5cf673fe93bbfe760eba1225ce6cfc4e38838d36d44d9218358,external,0,7.4 Ether
0,0x55d34b686aa8c04921397c5807db9ecedba00a4c,1497956099,3904510.0,0x6b9ef02657339310e28a7a9d4b5f25f7c1f68d61,IN,3,0.0062949,0x01f704ef269147d3980c92db933cd36f90bbc30170eaa5ed5d336ea2e4e4ad2c,external,0,4.7 Ether
0,0x55d34b686aa8c04921397c5807db9ecedba00a4c,1497957240,3904592.0,0x6b9ef02657339310e28a7a9d4b5f25f7c1f68d61,IN,3,0.00955,0x03900b1311fa2e701c53aac233c803b67c2d1b2e3a8142b908eedc83f748ad8e,external,0,6.8 Ether
0,0x55d34b686aa8c04921397c5807db9ecedba00a4c,1497958190,3904664.0,0x6b9ef02657339310e28a7a9d4b5f25f7c1f68d61,IN,3,0.00955,0x0466a3f76ea2347190539fa5727558ee38bd82f8314130d0869511b7c6135285,external,0,6.21 Ether
0,0x55d34b686aa8c04921397c5807db9ecedba00a4c,1497956290,3904522.0,0x6b9ef02657339310e28a7a9d4b5f25f7c1f68d61,IN,3,0.00955,0x058aec0c1793bfe261295366f91f0d7a1a7400f4afeb2cc9393f241a793cc6f3,external,0,6.3 Ether
0,0x55d34b686aa8c04921397c5807db9ecedba00a4c,1497988984,3906439.0,0x6b9ef02657339310e28a7a9d4b5f25f7c1f68d61,IN,3,0.004857,0x1003da40b7a224f4482008e6f37303bc22a3f8ac5ffc4da8309cb73d535c4dce,external,0,5.3 Ether
