Class,address,age,block,creator,direction,inter_direction,txFee,txhash,txn_type,type,value
0,0x55d34b686aa8c04921397c5807db9ecedba00a4c,1497972960,3905494.0,0x6b9ef02657339310e28a7a9d4b5f25f7c1f68d61,IN,3,0.00478615,0x094074d2081ea7300fab2591a2ee502b01b9bbad925b73834b099f70cdac13e6,external,0,24.99999999999999 Ether
0,0x55d34b686aa8c04921397c5807db9ecedba00a4c,1497967319,3905177.0,0x6b9ef02657339310e28a7a9d4b5f25f7c1f68d61,IN,3,0.0061514,0x0b917ea4ec2ffaa60376df1d66ac0f5b9208cdb3ad4be9469ada873732ba3f47,external,0,13.999999999999996 Ether
