Class,address,age,block,creator,direction,inter_direction,txFee,txhash,txn_type,type,value
0,0x55d34b686aa8c04921397c5807db9ecedba00a4c,1498023989,3908404.0,0x6b9ef02657339310e28a7a9d4b5f25f7c1f68d61,IN,3,0.01100005,0x71ef24c1ede620087ad35aab7e1fe8795394141bcf721801930ef5902c3571a8,external,0,27.98899995 Ether
