Class,address,age,block,creator,direction,inter_direction,txFee,txhash,txn_type,type,value
0,0x55d34b686aa8c04921397c5807db9ecedba00a4c,1497956859,3904565.0,0x6b9ef02657339310e28a7a9d4b5f25f7c1f68d61,IN,3,0.0062949,0x0793fcb3a3d20bb0e99afb821fd4329ac946edc9ca6f21e49f98b3dfb18f0e75,external,0,8 Ether
0,0x55d34b686aa8c04921397c5807db9ecedba00a4c,1498001587,3907140.0,0x6b9ef02657339310e28a7a9d4b5f25f7c1f68d61,IN,3,0.004857,0x1ccf3ddac61e270a56319a12fb4be4a07b2db803facdc916b2d2f58a0b471a29,external,0,3.32 Ether
