Class,address,age,block,creator,direction,inter_direction,txFee,txhash,txn_type,type,value
1,0xe1c9a03cf690256ff7738cbd508c88cf5238a535,1523050912,5395422.0,0xc84c18a88789dba5b0ca9c13973435bbce7e961d,OUT,2,0.0,0x04ca169fc00a1243c9e6d2cd6254538303319f32c92987059bba7c873848fdec,internal,call,0.139719173354731 Ether
1,0xe1c9a03cf690256ff7738cbd508c88cf5238a535,1522911573,5385646.0,0xc84c18a88789dba5b0ca9c13973435bbce7e961d,OUT,2,0.0,0x6586affad3317c80cc0c8dd98a47706099f1788d8fcaaa32ffd4be8e7d85dc13,internal,call,0.07433469628338 Ether
1,0xe1c9a03cf690256ff7738cbd508c88cf5238a535,1522940377,0.0,0xc84c18a88789dba5b0ca9c13973435bbce7e961d,OUT,2,0.0,0xc49ac7a8316205a87ea0b87f8bf06c366b1c9c97cbfba79561e8596e00ac8f71,internal,call,0.070200247547782 Ether
1,0xe1c9a03cf690256ff7738cbd508c88cf5238a535,1522992317,5391317.0,0xc84c18a88789dba5b0ca9c13973435bbce7e961d,OUT,2,0.0,0xea412661f7cacaffdc66a186fb5f57aa90d94ffb67b82c8a83a3669c0e6aab88,internal,call,0.05888124523906 Ether
