Class,address,age,block,creator,direction,inter_direction,txFee,txhash,txn_type,type,value
1,0x8a883a20940870dc055f2070ac8ec847ed2d9918,1532289658,0.0,0xc14f8469d4bb31c8e69fae9c16e262f45edc3635,OUT,2,0.0,0x816fd52b77e7bb2cae23c1283bae59c546cf5fd6bf7a10ea99396085433d4083,internal,call,0.178649685591721 Ether
1,0x8a883a20940870dc055f2070ac8ec847ed2d9918,1533224631,6077633.0,0xc14f8469d4bb31c8e69fae9c16e262f45edc3635,OUT,2,0.0,0xde91e6f8ff5f848f878591bb6d5e803aea171d826e328b06f7585d9910470417,internal,call,0.053884074467611 Ether
1,0x8a883a20940870dc055f2070ac8ec847ed2d9918,1532345193,6017527.0,0xc14f8469d4bb31c8e69fae9c16e262f45edc3635,OUT,2,0.0,0x35de38e1432764ce6c519eb5720a33db5f934e8a2bbb6cdb82d1e0096817931f,internal,call,0.01813603278949 Ether
1,0x8a883a20940870dc055f2070ac8ec847ed2d9918,1532302692,6014661.0,0xc14f8469d4bb31c8e69fae9c16e262f45edc3635,OUT,2,0.0,0xd6b107c9d3b6aa463defb85e9e849afd2be0c6b6166cf240ff2e0d5bee3f4a34,internal,call,0.112192604298268 Ether
1,0x8a883a20940870dc055f2070ac8ec847ed2d9918,1532515832,6029029.0,0xc14f8469d4bb31c8e69fae9c16e262f45edc3635,OUT,2,0.0,0xecd7bbe3367181d34101d03e6997fc3d124ac71201069bbeddb42712852b4010,internal,call,0.005713706839994 Ether
1,0x8a883a20940870dc055f2070ac8ec847ed2d9918,1532293779,0.0,0xc14f8469d4bb31c8e69fae9c16e262f45edc3635,OUT,2,0.0,0xc40fd7abc3b14e8feddc3e49f69339eeb64a88b6ff9acbb4cbc714c6cddd98f0,internal,call,0.05104428750236 Ether
