Class,address,age,block,creator,direction,inter_direction,txFee,txhash,txn_type,type,value
0,0x5af2be193a6abca9c8817001f45744777db30756,1519376591,5143092.0,0x1e10231145c0b670e9ee5a7f5b47172afa3b6186,IN,3,0.00104672,0x0d15d28e7362cfc4f9a9cc62bea4f06d81b9970a35fb46ec73e91d9dba3df16a,external,0,0 Ether
0,0x5af2be193a6abca9c8817001f45744777db30756,1520153146,5195958.0,0x1e10231145c0b670e9ee5a7f5b47172afa3b6186,IN,3,0.00044672,0x2ea0952cd7f4d97b694fcb7eb66c40de96066c9bdac9a6f3e6634f5a443db866,external,0,0 Ether
