Class,address,age,block,creator,direction,inter_direction,txFee,txhash,txn_type,type,value
0,0x5af2be193a6abca9c8817001f45744777db30756,1512178659,4661501.0,0x1e10231145c0b670e9ee5a7f5b47172afa3b6186,IN,3,0.0007854,0x12901f1a8a0d23abf5c85e973d96900c240a15a0ed69e96c73a1e83e77f0cb82,external,0,0 Ether
0,0x5af2be193a6abca9c8817001f45744777db30756,1511926204,4643625.0,0x1e10231145c0b670e9ee5a7f5b47172afa3b6186,IN,3,0.00137784,0x2852c03b24dd7d2e364b68a53a8b9c10486f4c65da5acb8fc5cd2da16c4fb272,external,0,0 Ether
0,0x5af2be193a6abca9c8817001f45744777db30756,1510239395,4522589.0,0x1e10231145c0b670e9ee5a7f5b47172afa3b6186,IN,3,0.00137976,0x35b22247328eb19a7c420d272203ecc00f69ee4645abad8875ea5ce4cbd62447,external,0,0 Ether
0,0x5af2be193a6abca9c8817001f45744777db30756,1512124965,4657708.0,0x1e10231145c0b670e9ee5a7f5b47172afa3b6186,IN,3,0.00137976,0x5d383548e22c51dee17d12e34ef896b3c14393ebea1d837078805b15feee2ace,external,0,0 Ether
0,0x5af2be193a6abca9c8817001f45744777db30756,1511312123,4599733.0,0x1e10231145c0b670e9ee5a7f5b47172afa3b6186,IN,3,0.00137784,0x953f90248477236b8bd2462071e55321f7dec49bfdc240a2d7018c40a7dbf02e,external,0,0 Ether
