Class,address,age,block,creator,direction,inter_direction,txFee,txhash,txn_type,type,value
0,0x5af2be193a6abca9c8817001f45744777db30756,1529206130,5804662.0,0x1e10231145c0b670e9ee5a7f5b47172afa3b6186,IN,3,0.000984,0x834b0e2ea100b16e2584ebbc50e07f833f4c36f94035d76a0d3a4f21b367d6a4,external,0,0 Ether
0,0x5af2be193a6abca9c8817001f45744777db30756,1529228575,5806170.0,0x1e10231145c0b670e9ee5a7f5b47172afa3b6186,IN,3,0.00152815,0xa7b13b449ec17d34d1edff230883977e9a787161ebf228e7c18cc9c785a8b0b7,external,0,0 Ether
