Class,address,age,block,creator,direction,inter_direction,txFee,txhash,txn_type,type,value
0,0x5af2be193a6abca9c8817001f45744777db30756,1541575224,6660864.0,0x1e10231145c0b670e9ee5a7f5b47172afa3b6186,IN,3,0.0004192,0x7db2c53b4a7b491300984ea9778c5cf9b37797b38370c72c9901679c2af7a89f,external,0,0 Ether
0,0x5af2be193a6abca9c8817001f45744777db30756,1544258042,6849601.0,0x1e10231145c0b670e9ee5a7f5b47172afa3b6186,IN,3,0.0001496,0xabad1cfff939857ac399f2e8d293d6ea6a309f4e91d187e5b8f8019dfa76d8fc,external,0,0 Ether
