Class,address,age,block,creator,direction,inter_direction,txFee,txhash,txn_type,type,value
0,0x5af2be193a6abca9c8817001f45744777db30756,1525183514,5540050.0,0x1e10231145c0b670e9ee5a7f5b47172afa3b6186,IN,3,0.0015334,0x0dd1f65609ab0f5769a7a6b849ae454c783d29dbac6d1784b5d5356589d981bf,external,0,0 Ether
0,0x5af2be193a6abca9c8817001f45744777db30756,1525183679,5540061.0,0x1e10231145c0b670e9ee5a7f5b47172afa3b6186,IN,3,0.0021484,0x436c9d8c2971dbf00ede657539e5ffb945ea12bc27646ae948d7069bfc72040d,external,0,0 Ether
