Class,address,age,block,creator,direction,inter_direction,txFee,txhash,txn_type,type,value
0,0x5af2be193a6abca9c8817001f45744777db30756,1515503818,4881844.0,0x1e10231145c0b670e9ee5a7f5b47172afa3b6186,IN,3,0.00205348,0x4a63a0adfb81f34ff83effc7b67c96f57328c867b8fb2c0a602ea94ae9d1cf26,external,0,0 Ether
0,0x5af2be193a6abca9c8817001f45744777db30756,1515056208,4853763.0,0x1e10231145c0b670e9ee5a7f5b47172afa3b6186,IN,3,0.00156816,0x5581c93dba1ff7b3016858a42518a9b75a542b97e4e7532ef9b334ec2e5cbd42,external,0,0 Ether
0,0x5af2be193a6abca9c8817001f45744777db30756,1515153832,4859831.0,0x1e10231145c0b670e9ee5a7f5b47172afa3b6186,IN,3,0.00076538,0x6f9efc3ec5c714162173bd3e3bacc819b1bb25caf33fae7a33b61b7755c9c8b9,external,0,0 Ether
0,0x5af2be193a6abca9c8817001f45744777db30756,1513837527,4771566.0,0x1e10231145c0b670e9ee5a7f5b47172afa3b6186,IN,3,0.00109905,0xa9fb80674ceb4b76ddd610be80eeb7bad3ace9e45d2a2068206c83a69405fc8b,external,0,0 Ether
