Class,address,age,block,creator,direction,inter_direction,txFee,txhash,txn_type,type,value
0,0x5af2be193a6abca9c8817001f45744777db30756,1527249254,5676030.0,0x1e10231145c0b670e9ee5a7f5b47172afa3b6186,IN,3,0.00151765,0x0280a711f358decff68c6173231e47fbddec1f8b4b080bc930e43f87541a8939,external,0,0 Ether
0,0x5af2be193a6abca9c8817001f45744777db30756,1513010576,4714084.0,0x1e10231145c0b670e9ee5a7f5b47172afa3b6186,IN,3,0.0026168000000000003,0x2668fdd4b0917530681b3fd2811af756fc2f46f1c57db27c1aaa4c97d16a05c7,external,0,0 Ether
0,0x5af2be193a6abca9c8817001f45744777db30756,1511182503,4590531.0,0x1e10231145c0b670e9ee5a7f5b47172afa3b6186,IN,3,0.00078405,0x44f408ba582629960854901f7c31fe6708be9e4c12b95f71cc8d21830aa286b4,external,0,0 Ether
0,0x5af2be193a6abca9c8817001f45744777db30756,1545582222,6938321.0,0x1e10231145c0b670e9ee5a7f5b47172afa3b6186,IN,3,0.000157,0x4aa2d179595b92ed6742b5a4b5e18f08fc6114d34e0988a072336f00252befc8,external,0,0 Ether
0,0x5af2be193a6abca9c8817001f45744777db30756,1511180792,4590404.0,0x1e10231145c0b670e9ee5a7f5b47172afa3b6186,IN,3,0.00109905,0x4b7075bb1dbc615bfb6bb4c5174bb15172d62defd9d5fe8ef7803121af01d89d,external,0,0 Ether
