Class,address,age,block,creator,direction,inter_direction,txFee,txhash,txn_type,type,value
0,0x5b5750f5a140f4780ef59e33597e073d4a8d3adb,1502562638,4150879.0,0x33efb7930d066c52c8dfdc25494f9f600a90d0e1,IN,3,0.00110086,0x1e8371b1d3113720c3fbbf120f02545f1da0f41d074b04b9f12682211297ae29,external,0,5.349 Ether
0,0x5b5750f5a140f4780ef59e33597e073d4a8d3adb,1502137279,4130704.0,0x33efb7930d066c52c8dfdc25494f9f600a90d0e1,IN,3,0.00141586,0x3c7c30a1ca5d517da697dbcd2081752394afcd2e5351ca463e9feb94e296b11c,external,0,0.3069 Ether
0,0x5b5750f5a140f4780ef59e33597e073d4a8d3adb,1502488830,4147337.0,0x33efb7930d066c52c8dfdc25494f9f600a90d0e1,IN,3,0.00110086,0x49e0a2878d8f0cc6020bd1a675aa3fb98acae762831bd7728515519015786fd5,external,0,1.05 Ether
0,0x5b5750f5a140f4780ef59e33597e073d4a8d3adb,1503349765,4188793.0,0x33efb7930d066c52c8dfdc25494f9f600a90d0e1,IN,3,0.00110086,0x514b0e80e2ce9e19b03ce825ed494791c4320b437490ec712e066862d9fcfee3,external,0,0.496650353 Ether
0,0x5b5750f5a140f4780ef59e33597e073d4a8d3adb,1503349223,4188770.0,0x33efb7930d066c52c8dfdc25494f9f600a90d0e1,IN,3,0.00110086,0x655169b18ca36a3cf4e41a9a86bcae1837b1e34128d83d76e39d10235e2dcf62,external,0,0.3 Ether
0,0x5b5750f5a140f4780ef59e33597e073d4a8d3adb,1502484627,4147135.0,0x33efb7930d066c52c8dfdc25494f9f600a90d0e1,IN,3,0.00110086,0x96a38da3d2d69fa18e11f6b55d541a4ee8010b8bf2afbc3c0a6f960873afa182,external,0,5.99 Ether
0,0x5b5750f5a140f4780ef59e33597e073d4a8d3adb,1503349659,4188787.0,0x33efb7930d066c52c8dfdc25494f9f600a90d0e1,IN,3,0.00110086,0xac5c963ffe4c6e53f63df1d4adf3a94064fa84a4ad43c75d3a677902eebe537f,external,0,0.3 Ether
0,0x5b5750f5a140f4780ef59e33597e073d4a8d3adb,1502741924,4159481.0,0x33efb7930d066c52c8dfdc25494f9f600a90d0e1,IN,3,0.00110086,0xbb5c5efb4e1e1f598801717bb311c4553272ff7a96d98a2323622d41f0847190,external,0,0.75 Ether
