Class,address,age,block,creator,direction,inter_direction,txFee,txhash,txn_type,type,value
1,0xb2816223fddc21aca553ba208c7b7a13b27c207c,1541495429,6655251.0,0x50b69eb0234c84e44a6951ba0ad2e316a81d0900,OUT,2,0.0,0x406177feb216346c471f4a2a07f1a17c94db2b6c3ff8e2b018712c91e42fe4ff,internal,call,0.002879957619761 Ether
1,0xb2816223fddc21aca553ba208c7b7a13b27c207c,1542098346,6697849.0,0x50b69eb0234c84e44a6951ba0ad2e316a81d0900,OUT,2,0.0,0x61fc8836edbff582563e03e1cef472c25e1245f4488af816c87b5af4215b6712,internal,call,0.002879957619761 Ether
