Class,address,age,block,creator,direction,inter_direction,txFee,txhash,txn_type,type,value
0,0x5ca9a71b1d01849c0a95490cc00559717fcf0d1d,1535762355,6251505.0,0x679b7e3e3847184fcb0244196cb7b4db3a5b27bb,IN,3,0.00044712,0x50eaaf3354089de5440094dbea6fd5330eefc2156909ff2d7307aa197caa03f7,external,0,0 Ether
0,0x5ca9a71b1d01849c0a95490cc00559717fcf0d1d,1539132550,6487977.0,0x679b7e3e3847184fcb0244196cb7b4db3a5b27bb,IN,3,0.00044584,0x66afe778d736b9e2725c2386a756ed27cf8a5c304339e77f59388064a5a6cd66,external,0,0 Ether
