Class,address,age,block,creator,direction,inter_direction,txFee,txhash,txn_type,type,value
0,0x5ca9a71b1d01849c0a95490cc00559717fcf0d1d,1544573754,6871835.0,0x679b7e3e3847184fcb0244196cb7b4db3a5b27bb,IN,3,0.00024323,0x142e3dc89599d3730072b9bacfffb309f0b29e1a0e2359e8c0ecbf567ea5d1da,external,0,0 Ether
0,0x5ca9a71b1d01849c0a95490cc00559717fcf0d1d,1543975982,6829962.0,0x679b7e3e3847184fcb0244196cb7b4db3a5b27bb,IN,3,0.0002325,0x6fa4074939827167ef11b2e27aae9aad5b2e26034cd5125800be68af1affe470,external,0,0 Ether
0,0x5ca9a71b1d01849c0a95490cc00559717fcf0d1d,1543983447,6827511.0,0x679b7e3e3847184fcb0244196cb7b4db3a5b27bb,IN,3,0.00033935,0x7f9215a1d0d2b18344c7577687a635e657efc9690d7516441aa39c0b41c7f4b9,external,0,0 Ether
0,0x5ca9a71b1d01849c0a95490cc00559717fcf0d1d,1543737959,6813329.0,0x679b7e3e3847184fcb0244196cb7b4db3a5b27bb,IN,3,0.00020846,0x92119f81bfd77da21fd512e6f61aa9d35d1c48a2a5c928ff088d6cdfb188a03b,external,0,0 Ether
