Class,address,age,block,creator,direction,inter_direction,txFee,txhash,txn_type,type,value
0,0x5ca9a71b1d01849c0a95490cc00559717fcf0d1d,1542878306,6752881.0,0x679b7e3e3847184fcb0244196cb7b4db3a5b27bb,IN,3,0.00725773,0x05efe051463dc60475f57574d9415d4fc11d406c14ab0dcade3942bd2e37d2b5,external,0,0 Ether
0,0x5ca9a71b1d01849c0a95490cc00559717fcf0d1d,1528441814,5753938.0,0x679b7e3e3847184fcb0244196cb7b4db3a5b27bb,IN,3,0.00313368,0x1e42c3ec25be032cd88a31df54bda8e265e798f92faad2dcb1b3a22805df3995,external,0,0 Ether
0,0x5ca9a71b1d01849c0a95490cc00559717fcf0d1d,1528442399,5753983.0,0x679b7e3e3847184fcb0244196cb7b4db3a5b27bb,IN,3,0.00223752,0x2ca8189fe058956df78e6d53dbe64221918cdb9129fcbf590b6519bfdfa95459,external,0,0 Ether
0,0x5ca9a71b1d01849c0a95490cc00559717fcf0d1d,1528448201,5754368.0,0x679b7e3e3847184fcb0244196cb7b4db3a5b27bb,IN,3,0.00313752,0x35a01e58990dc21e0cf3ca670175b533e51fadc5c04d7b1b83ee199aa25883a3,external,0,0 Ether
0,0x5ca9a71b1d01849c0a95490cc00559717fcf0d1d,1531396355,5952592.0,0x679b7e3e3847184fcb0244196cb7b4db3a5b27bb,IN,3,0.00214134,0x5b755b3255d3936f4c38da95456d465b762770fa1d9871f99701c313863403f2,external,0,0 Ether
0,0x5ca9a71b1d01849c0a95490cc00559717fcf0d1d,1531394920,5952495.0,0x679b7e3e3847184fcb0244196cb7b4db3a5b27bb,IN,3,0.00155,0x7bb9495242a17ffe74f586605826c324800c5b6cbf3c7a28b0f6548c2079d780,external,0,0 Ether
0,0x5ca9a71b1d01849c0a95490cc00559717fcf0d1d,1531396608,5952612.0,0x679b7e3e3847184fcb0244196cb7b4db3a5b27bb,IN,3,0.00152897,0x9388dbecf0a13d28d3dfa29df96b0af1d553b4503989eb47503e518c0296a01f,external,0,0 Ether
