Class,address,age,block,creator,direction,inter_direction,txFee,txhash,txn_type,type,value
0,0x5ca9a71b1d01849c0a95490cc00559717fcf0d1d,1530676205,5903947.0,0x679b7e3e3847184fcb0244196cb7b4db3a5b27bb,IN,3,0.00165434,0x0bafbe809c476aadada46f2f6616d2fc4dd8185fc9aaf3438d7695c3ccc9915f,external,0,0 Ether
0,0x5ca9a71b1d01849c0a95490cc00559717fcf0d1d,1544387346,6858801.0,0x679b7e3e3847184fcb0244196cb7b4db3a5b27bb,IN,3,0.00044712,0x4983bedb1e65ef61b476c49754902b36f4bce7a2089575f04926b771a7db980c,external,0,0 Ether
