Class,address,age,block,creator,direction,inter_direction,txFee,txhash,txn_type,type,value
0,0x5ca9a71b1d01849c0a95490cc00559717fcf0d1d,1528758444,5774629.0,0x679b7e3e3847184fcb0244196cb7b4db3a5b27bb,IN,3,0.00047585,0x2017204e9bebe12eea01ddc15d71faf80cc574730299bb0bf5b7ad4c9b02fcf4,external,0,0 Ether
0,0x5ca9a71b1d01849c0a95490cc00559717fcf0d1d,1528759008,5774668.0,0x679b7e3e3847184fcb0244196cb7b4db3a5b27bb,IN,3,0.00063178,0x60dd00306ab4562623f9dd9295eb313313ebaebca05586997213415acfd9402e,external,0,0 Ether
