Class,address,age,block,creator,direction,inter_direction,txFee,txhash,txn_type,type,value
0,0x5ca9a71b1d01849c0a95490cc00559717fcf0d1d,1534785328,6184549.0,0x679b7e3e3847184fcb0244196cb7b4db3a5b27bb,IN,3,0.00014943,0x08970030d738b3ee0406cf365cd28ef3188363c30bb331d9b6c0ef792b7c2634,external,0,0 Ether
0,0x5ca9a71b1d01849c0a95490cc00559717fcf0d1d,1538524147,6444484.0,0x679b7e3e3847184fcb0244196cb7b4db3a5b27bb,IN,3,8.942e-05,0x1cb171be5880e2a169a021af63675bd225abe47934973da5dcda19dccaadb4e6,external,0,0 Ether
0,0x5ca9a71b1d01849c0a95490cc00559717fcf0d1d,1534492005,6164494.0,0x679b7e3e3847184fcb0244196cb7b4db3a5b27bb,IN,3,0.00014943,0x385c6274ce105c280d050076d26869f84be35afbc9e7e7ca4b6f1bd2463ccbf0,external,0,0 Ether
0,0x5ca9a71b1d01849c0a95490cc00559717fcf0d1d,1534526079,6166788.0,0x679b7e3e3847184fcb0244196cb7b4db3a5b27bb,IN,3,0.00014943,0x4fcef1bd8204ad486c58f7e9a438764eee0830de152f07c577d2cea6f6581805,external,0,0 Ether
0,0x5ca9a71b1d01849c0a95490cc00559717fcf0d1d,1534204478,6144748.0,0x679b7e3e3847184fcb0244196cb7b4db3a5b27bb,IN,3,0.00014943,0x64757e2271c244bb5d473d2f0afeb903c41ac72104f0cae11f7f9cc1669668c9,external,0,0 Ether
