Class,address,age,block,creator,direction,inter_direction,txFee,txhash,txn_type,type,value
1,0x4e8ecf79ade5e2c49b9e30d795517a81e0bf00b8,1533329628,6084855.0,0xf39e044e1ab204460e06e87c6dca2c6319fc69e3,OUT,2,0.0,0x371472828fece4ad00f466326f2ce093a37b2973e7af1b80b3d3120b64fa1e9c,internal,call,0.015973853554556 Ether
1,0x4e8ecf79ade5e2c49b9e30d795517a81e0bf00b8,1532729498,0.0,0xf39e044e1ab204460e06e87c6dca2c6319fc69e3,OUT,2,0.0,0x03957824a106c954d3c6f5f74e0764024eef698ca5235413c02e943c4e6dfc49,internal,call,0.081502855685492 Ether
1,0x4e8ecf79ade5e2c49b9e30d795517a81e0bf00b8,1532719646,0.0,0xf39e044e1ab204460e06e87c6dca2c6319fc69e3,OUT,2,0.0,0xa4be834ac657e84a89d4960d4478ce2f65b9366359664e8813ea98b7b3259fda,internal,call,0.903431171663679 Ether
1,0x4e8ecf79ade5e2c49b9e30d795517a81e0bf00b8,1532722080,6043127.0,0xf39e044e1ab204460e06e87c6dca2c6319fc69e3,OUT,2,0.0,0xff354c3b0988bb308cecb1dd37b4bf05b3dac9dbe9b061e95c048e3817be66d8,internal,call,0.000115401343912 Ether
1,0x4e8ecf79ade5e2c49b9e30d795517a81e0bf00b8,1532722065,6043125.0,0xf39e044e1ab204460e06e87c6dca2c6319fc69e3,OUT,2,0.0,0x519e6d0d2327f2c02b99dad23ba86cb8683c0a7baedc64efb7f2064533863c6b,internal,call,0.007892466021854 Ether
