Class,address,age,block,creator,direction,inter_direction,txFee,txhash,txn_type,type,value
1,0x7b307c1f0039f5d38770e15f8043b3dd26da5e8f,1539017030,6476614.0,0xe1f3294e25bb72a2fb53addb82aa1a033797e6e3,OUT,2,0.0,0x39f88d79a9897844a747b8cf921856c23e9f1fc04b26b21ec17c572c69fbdf38,internal,call,0.012742779661016 Ether
1,0x7b307c1f0039f5d38770e15f8043b3dd26da5e8f,1540180062,6562322.0,0xe1f3294e25bb72a2fb53addb82aa1a033797e6e3,OUT,2,0.0,0xadbc187b60ebdc8dc2ab4b8243536b7a898a5da3f1073100c081bea8dce76d7f,internal,call,0.001865084745762 Ether
1,0x7b307c1f0039f5d38770e15f8043b3dd26da5e8f,1540115535,6557737.0,0xe1f3294e25bb72a2fb53addb82aa1a033797e6e3,OUT,2,0.0,0x14662f940a995e5c7bd1d19605e0c5866c990ca80d03f5953a29ff9f3777c9ca,internal,call,0.00809206779661 Ether
1,0x7b307c1f0039f5d38770e15f8043b3dd26da5e8f,1539834130,6537844.0,0xe1f3294e25bb72a2fb53addb82aa1a033797e6e3,OUT,2,0.0,0xc5f55fb7937d0582ca4fcc03897b86501f833c6d1b560a547e68cb84cd8f4d24,internal,call,0.024907118644067 Ether
