Class,address,age,block,creator,direction,inter_direction,txFee,txhash,txn_type,type,value
0,0x5d65d971895edc438f465c17db6992698a52318d,1514248852,4799523.0,0x089731260b16eab0b941cc060ad078fbcda64986,IN,3,0.00029507,0x363f5922ffd7f4d5845f190cfb5901db98e96f22b19429562e65292195e244bb,external,0,0 Ether
0,0x5d65d971895edc438f465c17db6992698a52318d,1514218619,4794421.0,0x089731260b16eab0b941cc060ad078fbcda64986,IN,3,0.00041507,0x6a4d6c74e0148bce01ffa0fc4d48aa6266ffb8647432877b4db1504f11a8d5fa,external,0,0 Ether
0,0x5d65d971895edc438f465c17db6992698a52318d,1514670408,4828226.0,0x089731260b16eab0b941cc060ad078fbcda64986,IN,3,0.00029507,0x6f787ec510bcd129c2255298228f33de472b4f9be6375a383f3246625dc137ad,external,0,0 Ether
0,0x5d65d971895edc438f465c17db6992698a52318d,1514822488,4835713.0,0x089731260b16eab0b941cc060ad078fbcda64986,IN,3,0.00017507,0x7b37135d0832838c76c7a8c4844507a25af0c52ce72963246b0153fc413f3e72,external,0,0 Ether
0,0x5d65d971895edc438f465c17db6992698a52318d,1514349908,4803566.0,0x089731260b16eab0b941cc060ad078fbcda64986,IN,3,0.00029507,0xa74ef477731334c8702ba3aca44d98224f7da6d8983dc93419e4a3e7b3e1c9d1,external,0,0 Ether
