Class,address,age,block,creator,direction,inter_direction,txFee,txhash,txn_type,type,value
0,0x5d65d971895edc438f465c17db6992698a52318d,1523406693,5420298.0,0x089731260b16eab0b941cc060ad078fbcda64986,IN,3,0.00014753,0x0eb6dbd8b32ef01d4d4d3aac78829ae9fa5ab0683b2e1f1dac699730f4a62a78,external,0,0 Ether
0,0x5d65d971895edc438f465c17db6992698a52318d,1522732312,5373227.0,0x089731260b16eab0b941cc060ad078fbcda64986,IN,3,0.00020753,0xaabca67b5a70fb2bdfb8184d2a1890df482eae551487928aa34eeb5e71ccea22,external,0,0 Ether
