Class,address,age,block,creator,direction,inter_direction,txFee,txhash,txn_type,type,value
0,0x5d65d971895edc438f465c17db6992698a52318d,1517092365,4986359.0,0x089731260b16eab0b941cc060ad078fbcda64986,IN,3,0.00036538,0x560e439292ecf0a8a819e0dde7c5ce1583dcd68c4c4888c2f1cd87550f0681e6,external,0,0 Ether
0,0x5d65d971895edc438f465c17db6992698a52318d,1517622316,5022537.0,0x089731260b16eab0b941cc060ad078fbcda64986,IN,3,0.00036436,0x6c40dc9f86bd50c1377dbaaf8707531ce9789774c93ed04e9a9bbe5a96a62c4d,external,0,0 Ether
0,0x5d65d971895edc438f465c17db6992698a52318d,1516704485,4959624.0,0x089731260b16eab0b941cc060ad078fbcda64986,IN,3,0.00036436,0x6ffafa476fe64efb82c29389946c441e04f0c5bf0ef1b0155d2bba0c9b542118,external,0,0 Ether
0,0x5d65d971895edc438f465c17db6992698a52318d,1515915859,4907775.0,0x089731260b16eab0b941cc060ad078fbcda64986,IN,3,0.00036436,0xb5971d7db71aaae5ed664afbe6d8c98c1045800beafb4b43a0082dadd11df6f1,external,0,0 Ether
