Class,address,age,block,creator,direction,inter_direction,txFee,txhash,txn_type,type,value
0,0x5d65d971895edc438f465c17db6992698a52318d,1538554745,6446655.0,0x089731260b16eab0b941cc060ad078fbcda64986,IN,3,0.00212724,0x2990992576b822b8eb9628296ebc41acd5cf7ad878fbdc7a3c7d342c2c3e5a00,external,0,0 Ether
0,0x5d65d971895edc438f465c17db6992698a52318d,1523175945,5404201.0,0x089731260b16eab0b941cc060ad078fbcda64986,IN,3,0.00108956,0x9199017786bdabdc703a29c09ac7fc307fca11957f1032198abed74b1fc26eaf,external,0,0 Ether
0,0x5d65d971895edc438f465c17db6992698a52318d,1519902514,5178822.0,0x089731260b16eab0b941cc060ad078fbcda64986,IN,3,0.00077456,0x9818aeb05392451a1d68a154ad874495c75348419683b1f2fba696f48fabfccf,external,0,0 Ether
