Class,address,age,block,creator,direction,inter_direction,txFee,txhash,txn_type,type,value
0,0x5d65d971895edc438f465c17db6992698a52318d,1514337705,4805722.0,0x089731260b16eab0b941cc060ad078fbcda64986,IN,3,0.00114469,0x83908080cb19d45d7a07d443ccc9405cbc28be1d908a7e95e06f71ff100b6e0a,external,0,0 Ether
0,0x5d65d971895edc438f465c17db6992698a52318d,1514623371,4825002.0,0x089731260b16eab0b941cc060ad078fbcda64986,IN,3,0.00073768,0xa35430743f42480b7dede96caa9b27e15b284208653761a624521156c630b96c,external,0,0 Ether
