Class,address,age,block,creator,direction,inter_direction,txFee,txhash,txn_type,type,value
0,0x5d65d971895edc438f465c17db6992698a52318d,1525187837,5540315.0,0x089731260b16eab0b941cc060ad078fbcda64986,IN,3,0.00151486,0x47e8893a5a792a903513bae26e4005077cdb0c61a28f8257f68ad10ef6b01559,external,0,0 Ether
0,0x5d65d971895edc438f465c17db6992698a52318d,1516620136,4953906.0,0x089731260b16eab0b941cc060ad078fbcda64986,IN,3,0.00212462,0xa80b9dddf423c633bd815bf930fb61d882195fae23850b7b5e371cb3b7b58744,external,0,0 Ether
