Class,address,age,block,creator,direction,inter_direction,txFee,txhash,txn_type,type,value
0,0x5d65d971895edc438f465c17db6992698a52318d,1520501706,5219757.0,0x089731260b16eab0b941cc060ad078fbcda64986,IN,3,0.00036884,0x28fd89acd2229cd943559eedde392c4056d3075ddadf946a544f20c57a868ef4,external,0,0 Ether
0,0x5d65d971895edc438f465c17db6992698a52318d,1520499452,5219593.0,0x089731260b16eab0b941cc060ad078fbcda64986,IN,3,0.0005182,0x89a966ff2435831bc2c37ed0555badf706702289dbcee5ace1683f99154e43fb,external,0,0 Ether
0,0x5d65d971895edc438f465c17db6992698a52318d,1520499300,5219588.0,0x089731260b16eab0b941cc060ad078fbcda64986,IN,3,0.0002,0xa35a2b55d9813481cd5ebc1528ca5d82d03cb98459dcd8b887995504cc0fe676,external,0,0 Ether
0,0x5d65d971895edc438f465c17db6992698a52318d,1520501219,5219714.0,0x089731260b16eab0b941cc060ad078fbcda64986,IN,3,0.00036884,0xb5377432a3e8563641971e41976d4c90c8a8450e165d4d7c735dd6e0068cd254,external,0,0 Ether
