Class,address,age,block,creator,direction,inter_direction,txFee,txhash,txn_type,type,value
0,0x5f742383b6d1298980030d6af943b76cdd902143,1483578560,2939074.0,0x0718197b9ac69127381ed0c4b5d0f724f857c4d1,IN,3,0.0007664,0x3a9712de10332e12cd93fd945d91edbf593dc54f26c98c15e696a7638c72b2d0,external,0,0.013333333333333 Ether
0,0x5f742383b6d1298980030d6af943b76cdd902143,1483578343,2939060.0,0x0718197b9ac69127381ed0c4b5d0f724f857c4d1,IN,3,0.0010664000000000001,0x4b10ebd97321b58c65e7187841f459161c79dadcb57530a888108facd644b667,external,0,0.013333333333333 Ether
0,0x5f742383b6d1298980030d6af943b76cdd902143,1483578767,2939094.0,0x0718197b9ac69127381ed0c4b5d0f724f857c4d1,IN,3,0.00083438,0x624ae657d0591335dd4e19372609c931b2ef47314a3f58075579c7d908e479f9,external,0,0 Ether
0,0x5f742383b6d1298980030d6af943b76cdd902143,1483578495,2939072.0,0x0718197b9ac69127381ed0c4b5d0f724f857c4d1,IN,3,0.00207384,0x68833674a58f643e958bf82ed16be99679317ba9bd90f92740a4a2556ab0ead7,external,0,0 Ether
