Class,address,age,block,creator,direction,inter_direction,txFee,txhash,txn_type,type,value
1,0x4e8ecf79ade5e2c49b9e30d795517a81e0bf00b8,1533642514,0.0,0xf39e044e1ab204460e06e87c6dca2c6319fc69e3,OUT,2,0.0,0x08f24e38b0d05f46ccaaaba66d004cc7f6a2a36a8b319b03a96de9b0c005ea29,internal,call,0.007673867053403 Ether
1,0x4e8ecf79ade5e2c49b9e30d795517a81e0bf00b8,1533397238,0.0,0xf39e044e1ab204460e06e87c6dca2c6319fc69e3,OUT,2,0.0,0x14acd5cf19534f7bd8a498e079bc54ed6c027f7c9c83c74e126364207a0dff68,internal,call,0.006902936087796 Ether
1,0x4e8ecf79ade5e2c49b9e30d795517a81e0bf00b8,1533076816,6067562.0,0xf39e044e1ab204460e06e87c6dca2c6319fc69e3,OUT,2,0.0,0x91be28f10e06d3374ab13975e062aea5dd0446bcaaad5926dfd0872bc6fc95f7,internal,call,0.143712005283406 Ether
