Class,address,age,block,creator,direction,inter_direction,txFee,txhash,txn_type,type,value
0,0x6090a6e47849629b7245dfa1ca21d94cd15878ef,1535672232,6245368.0,0xfdb33f8ac7ce72d7d4795dd8610e323b4c122fbb,IN,3,0.00468648,0x1b7ddfa8adeec448d44b1ae0f1a8b99df4ab7b8608fb2c723ff87fe61dcde6b0,external,0,0.01 Ether
0,0x6090a6e47849629b7245dfa1ca21d94cd15878ef,1535671646,6245328.0,0xfdb33f8ac7ce72d7d4795dd8610e323b4c122fbb,IN,3,0.00083811,0x999176a969505ff8281490421c378c42a1bd467e9d21d68276d84236522e2b6f,external,0,0 Ether
0,0x6090a6e47849629b7245dfa1ca21d94cd15878ef,1535672422,6245377.0,0xfdb33f8ac7ce72d7d4795dd8610e323b4c122fbb,IN,3,0.00468648,0xa77a897129ddef50255811d7dea9d1bd4d82e5428afb06eab2ca5479064d07c9,external,0,0.1 Ether
