Class,address,age,block,creator,direction,inter_direction,txFee,txhash,txn_type,type,value
1,0x702392282255f8c0993dbbbb148d80d2ef6795b1,1523549372,5427171.0,0xfea0904acc8df0f3288b6583f60b86c36ea52acd,OUT,2,0.0,0x8ce13c2c9d85131447b7bb8a44076d660db852ce4dce81fc8a1572c0549d60f4,internal,call,0.002850030958061 Ether
1,0x702392282255f8c0993dbbbb148d80d2ef6795b1,1523420829,5418298.0,0xfea0904acc8df0f3288b6583f60b86c36ea52acd,OUT,2,0.0,0xf1559212a80363cf497b1db968a87a2aad8c9517391ac2c11a3682900e2458b7,internal,call,0.003115777967592 Ether
1,0x702392282255f8c0993dbbbb148d80d2ef6795b1,1523367565,5417564.0,0xfea0904acc8df0f3288b6583f60b86c36ea52acd,OUT,2,0.0,0x5899a1be1c13cb4965cc3356537c1aaa84277f660b9215ad716969dcf7506aa2,internal,call,0.00412662883598 Ether
1,0x702392282255f8c0993dbbbb148d80d2ef6795b1,1523541841,5429600.0,0xfea0904acc8df0f3288b6583f60b86c36ea52acd,OUT,2,0.0,0x7390c726178f6b4f49475290d9c5e29571413e0363e0b477684eb739e8151739,internal,call,0.079217143278085 Ether
