Class,address,age,block,creator,direction,inter_direction,txFee,txhash,txn_type,type,value
0,0x65a15014964f2102ff58647e16a16a6b9e14bcf6,1503972636,4215988.0,0x30ba5f8fcd3181f785ca6f947eb66485c9a33c90,IN,3,0.00241598,0x0e63d5baf18424d3828a31ff0b4f79cdddc59cc8aa7f58e135d8384387941369,external,0,0 Ether
0,0x65a15014964f2102ff58647e16a16a6b9e14bcf6,1503974574,4216067.0,0x30ba5f8fcd3181f785ca6f947eb66485c9a33c90,IN,3,0.00212157,0x79f5244e45b1759afbddd784747d034388b6707a23d9be531cb0ca887a64b40a,external,0,0 Ether
