Class,address,age,block,creator,direction,inter_direction,txFee,txhash,txn_type,type,value
0,0x67a5de922c1f4d1a4dbd848466b86b5455fb6a3b,1522104115,5329714.0,0x7ce6c6f1002e5ad54c3d8326fddcf2fc78b80277,IN,3,0.0013254000000000002,0x19633871c7b5cdf327c11a602bec236bdc787f992aeee1dd43ecf52847badfaa,external,0,0.6 Ether
0,0x67a5de922c1f4d1a4dbd848466b86b5455fb6a3b,1522775381,5376204.0,0x7ce6c6f1002e5ad54c3d8326fddcf2fc78b80277,IN,3,0.00013705,0x2863707a8ed175fe8378659c289b186e531d89fdd5a94740c9dd2c18ec2f7c5e,external,0,0.0182 Ether
0,0x67a5de922c1f4d1a4dbd848466b86b5455fb6a3b,1522775229,5376197.0,0x7ce6c6f1002e5ad54c3d8326fddcf2fc78b80277,IN,3,0.00013705,0x4d004a64b530c8befd87276e372c747afe2e462f8941c44b498e04655197a0da,external,0,0.015 Ether
0,0x67a5de922c1f4d1a4dbd848466b86b5455fb6a3b,1522775307,5376199.0,0x7ce6c6f1002e5ad54c3d8326fddcf2fc78b80277,IN,3,0.00013705,0x5846af5fd7c2fca27e2b85a04d75560c2b458cc862f6e486f17157ad677c5269,external,0,0.0124 Ether
0,0x67a5de922c1f4d1a4dbd848466b86b5455fb6a3b,1522775217,5376195.0,0x7ce6c6f1002e5ad54c3d8326fddcf2fc78b80277,IN,3,0.00016705,0x944efdb97947ee76569729dee36108b7caab6eefe2a1c2b9954cb3ee69738455,external,0,0.0108 Ether
0,0x67a5de922c1f4d1a4dbd848466b86b5455fb6a3b,1522775315,5376200.0,0x7ce6c6f1002e5ad54c3d8326fddcf2fc78b80277,IN,3,0.00013705,0x972178a9ec5e2b8bcbb201ce025c3ebd70b2f187001335b67ec960de7c7ef165,external,0,0.0115 Ether
0,0x67a5de922c1f4d1a4dbd848466b86b5455fb6a3b,1522775330,5376202.0,0x7ce6c6f1002e5ad54c3d8326fddcf2fc78b80277,IN,3,0.00013705,0xa5f7134144f112cb65266cdd464be1544ac1443358fb64a8927e906e73975814,external,0,0.0132 Ether
