Class,address,age,block,creator,direction,inter_direction,txFee,txhash,txn_type,type,value
1,0x8a883a20940870dc055f2070ac8ec847ed2d9918,1533126692,6070921.0,0xc14f8469d4bb31c8e69fae9c16e262f45edc3635,OUT,2,0.0,0x853b86e9ca4bb1f3c0bb719a35ceb0e8849baafd4d6dcbffe8fb36f29fd5ad1b,internal,call,0.016052595865073 Ether
1,0x8a883a20940870dc055f2070ac8ec847ed2d9918,1533161635,0.0,0xc14f8469d4bb31c8e69fae9c16e262f45edc3635,OUT,2,0.0,0x01d366f00306970eb1a51b3131fb6b9a0a5377ea1e278bfcccf8e42379239086,internal,call,0.011420048998209 Ether
