Class,address,age,block,creator,direction,inter_direction,txFee,txhash,txn_type,type,value
0,0x67a5de922c1f4d1a4dbd848466b86b5455fb6a3b,1541036972,6622947.0,0x7ce6c6f1002e5ad54c3d8326fddcf2fc78b80277,IN,3,0.00059584,0x061df39f7a9e1303af0f44d62ec1ed3fde91335095bb718f1d0aab0ab8fd77bc,external,0,0.005 Ether
0,0x67a5de922c1f4d1a4dbd848466b86b5455fb6a3b,1541284047,6640431.0,0x7ce6c6f1002e5ad54c3d8326fddcf2fc78b80277,IN,3,0.00025602,0x28e4e35a0cf5cda271fc3ca38df1cf450f01e5269bc31253aca8c472c94b178e,external,0,0.0088 Ether
0,0x67a5de922c1f4d1a4dbd848466b86b5455fb6a3b,1541267572,6639214.0,0x7ce6c6f1002e5ad54c3d8326fddcf2fc78b80277,IN,3,0.00020482,0x484f3b94cdbe7146e52270c3a8be63999dee6167628540a5e1a51b8efdf7a358,external,0,0.005 Ether
