Class,address,age,block,creator,direction,inter_direction,txFee,txhash,txn_type,type,value
0,0x6810e776880c02933d47db1b9fc05908e5386b96,1521529963,5289828.0,0xbe4e25443df23382228e6347b06565edd838f901,IN,3,0.00102818,0x563d594c8c892b5b6cdf56393ecc933c6831d1362c82aec297b2af1f52f84f0b,external,0,0 Ether
0,0x6810e776880c02933d47db1b9fc05908e5386b96,1521565333,5292334.0,0xbe4e25443df23382228e6347b06565edd838f901,IN,3,0.00042946,0x7095ebae05bf540436638f90fa3e932246e6e6d730796e1d371645e98fda2fca,external,0,0 Ether
0,0x6810e776880c02933d47db1b9fc05908e5386b96,1521530463,5289861.0,0xbe4e25443df23382228e6347b06565edd838f901,IN,3,0.00072946,0x8beb74d30b6e7c0cec02389304e19a259722de8d459865233ab5568eab1eca90,external,0,0 Ether
