Class,address,age,block,creator,direction,inter_direction,txFee,txhash,txn_type,type,value
1,0x4e8ecf79ade5e2c49b9e30d795517a81e0bf00b8,1533532416,6098813.0,0xf39e044e1ab204460e06e87c6dca2c6319fc69e3,OUT,2,0.0,0x5b59c1715ff4960394895359d88a0323d2bba775622498fb4ea160e1aa987b30,internal,call,0.007237083414248 Ether
1,0x4e8ecf79ade5e2c49b9e30d795517a81e0bf00b8,1532765807,6046118.0,0xf39e044e1ab204460e06e87c6dca2c6319fc69e3,OUT,2,0.0,0xeccf5abd2577a11dcefb419aeca431e354b985bf20b9b9155747772cc0ebb56b,internal,call,0.164395193342629 Ether
1,0x4e8ecf79ade5e2c49b9e30d795517a81e0bf00b8,1532788445,6047686.0,0xf39e044e1ab204460e06e87c6dca2c6319fc69e3,OUT,2,0.0,0x438f1b208de73ef95f55e1df9d863c03f7be6f585fb13dc83f9a3020328d7da7,internal,call,0.07824857780743 Ether
