Class,address,age,block,creator,direction,inter_direction,txFee,txhash,txn_type,type,value
0,0xf4985070ce32b6b1994329df787d1acc9a2dd9e2,1531012338,5926523.0,0x01bf1d7c5e192313c26414e134584275f46271cf,OUT,2,0.0,0x68ab1381b1bbc3150ad2f777a636a450bf4b6a50b5d39690e4915eb3310b8db6,internal,call,0.000277777777777 Ether
0,0xf4985070ce32b6b1994329df787d1acc9a2dd9e2,1531012172,5926513.0,0x01bf1d7c5e192313c26414e134584275f46271cf,OUT,2,0.0,0x4fd4d3ce50b373f847b39b883a9e870a459b090f992868de3979407c991da32e,internal,call,0.000111111111111 Ether
