Class,address,age,block,creator,direction,inter_direction,txFee,txhash,txn_type,type,value
0,0x6fff3806bbac52a20e0d79bc538d527f6a22c96b,1506642868,4321310.0,0x00e34f866e953de05dcb97818c3722ee58a72eec,IN,3,0.00215661,0x7461236abd6072812c87de2dfe17552bf20f87f16b6c38b901a0de692a096392,external,0,0.00315 Ether
