Class,address,age,block,creator,direction,inter_direction,txFee,txhash,txn_type,type,value
0,0x6fff3806bbac52a20e0d79bc538d527f6a22c96b,1504012712,4217616.0,0x00e34f866e953de05dcb97818c3722ee58a72eec,IN,3,0.00215661,0x17c69ced063fc18c3dd38e7e6b5a7bb1bb5da04e91a91198044049a0df51cd66,external,0,1.05 Ether
0,0x6fff3806bbac52a20e0d79bc538d527f6a22c96b,1512986059,4715382.0,0x00e34f866e953de05dcb97818c3722ee58a72eec,IN,3,0.00278315,0x986c054f78d21245c808ff45f7d1ef6e70528936b3bbfeca03c1666a69f09c78,external,0,0 Ether
