Class,address,age,block,creator,direction,inter_direction,txFee,txhash,txn_type,type,value
0,0x701c244b988a513c945973defa05de933b23fe1d,1511459341,4610378.0,0xa0c81e7bca6b95b6cb1d6d4e5db744228ed6f5c1,IN,3,0.00142164,0x4e9fb0d321661ab531c0b2881ad420a9381a1091cbb706f1ef5e8fff28b26cae,external,0,0 Ether
0,0x701c244b988a513c945973defa05de933b23fe1d,1510993929,4576882.0,0xa0c81e7bca6b95b6cb1d6d4e5db744228ed6f5c1,IN,3,0.00232164,0x57cc145af71e7efbbb9d69b6079bdb59fc87182ad848aa2773b9c531df58383e,external,0,0 Ether
0,0x701c244b988a513c945973defa05de933b23fe1d,1510994770,4576936.0,0xa0c81e7bca6b95b6cb1d6d4e5db744228ed6f5c1,IN,3,0.00232164,0x776ad766ff5a757fe79d90d6d0cb04852bc75a35987b3d11075f13b37f0ea797,external,0,0 Ether
