Class,address,age,block,creator,direction,inter_direction,txFee,txhash,txn_type,type,value
0,0x701c244b988a513c945973defa05de933b23fe1d,1501870123,4118219.0,0xa0c81e7bca6b95b6cb1d6d4e5db744228ed6f5c1,IN,3,0.00081391,0x12fc0d3fddcf40a5759c2ce54718b293d7bfe339d6a75a97da91999384989c5b,external,0,0 Ether
0,0x701c244b988a513c945973defa05de933b23fe1d,1498145485,3915305.0,0xa0c81e7bca6b95b6cb1d6d4e5db744228ed6f5c1,IN,3,0.00172263,0x9e144131ff52d6b33233572065f9d01078021122d5adcb9b6603b543546939d8,external,0,7.01829347 Ether
