Class,address,age,block,creator,direction,inter_direction,txFee,txhash,txn_type,type,value
1,0xb10ea0d397db942a1083a4af9c6074ab63bc8c8b,1539914121,6543473.0,0x65b041db3135ed5f76d9486aa56f8ca5dc9a3f5e,OUT,2,0.0,0xd9988852892ffd6f99fe27ce2565986eb91f689d1228646c8ce1abadf99071b9,internal,call,0.161359322033898 Ether
1,0xb10ea0d397db942a1083a4af9c6074ab63bc8c8b,1540870962,6611230.0,0x65b041db3135ed5f76d9486aa56f8ca5dc9a3f5e,OUT,2,0.0,0x6956edd058e861ebb1cf197f8f2da5b05701cec81b0fb1356d74dea436e08686,internal,call,0.280393220338983 Ether
1,0xb10ea0d397db942a1083a4af9c6074ab63bc8c8b,1540481235,6583658.0,0x65b041db3135ed5f76d9486aa56f8ca5dc9a3f5e,OUT,2,0.0,0x1628d3f791d811d5ba7266b6379c1bb1f6e5d5115e1c44760a276e4d7b10109f,internal,call,0.408661016949152 Ether
1,0xb10ea0d397db942a1083a4af9c6074ab63bc8c8b,1541039369,6623117.0,0x65b041db3135ed5f76d9486aa56f8ca5dc9a3f5e,OUT,2,0.0,0xe8a402b0ba8c411b091aab34891262caa55cc4184f8555fac5400ae96acb903d,internal,call,0.120884745762711 Ether
1,0xb10ea0d397db942a1083a4af9c6074ab63bc8c8b,1539690234,6527606.0,0x65b041db3135ed5f76d9486aa56f8ca5dc9a3f5e,OUT,2,0.0,0x9b45b096dfc62c43727de6b7a2153af9d09fdbf5766dd6ddefd78a372e1f9205,internal,call,0.509003389830508 Ether
