Class,address,age,block,creator,direction,inter_direction,txFee,txhash,txn_type,type,value
1,0x7b307c1f0039f5d38770e15f8043b3dd26da5e8f,1540069627,6554513.0,0xe1f3294e25bb72a2fb53addb82aa1a033797e6e3,OUT,2,0.0,0x4ad449d2fcc760d3c1bcbff55f8d0cc9ed8b6425dd923efa89c05d83509f1f84,internal,call,0.149377152542372 Ether
1,0x7b307c1f0039f5d38770e15f8043b3dd26da5e8f,1539274712,6494964.0,0xe1f3294e25bb72a2fb53addb82aa1a033797e6e3,OUT,2,0.0,0x3c7d675f5dc7572221e90f74b2020ccb138b712c96c1df052a8dc7ed55e2e06b,internal,call,0.04580420338983 Ether
1,0x7b307c1f0039f5d38770e15f8043b3dd26da5e8f,1538967990,6476197.0,0xe1f3294e25bb72a2fb53addb82aa1a033797e6e3,OUT,2,0.0,0xe1f3883501e2ef3b9aaec3403457531dd5c76159b7c0d72854e52cedaeb9be95,internal,call,0.070711864406779 Ether
