Class,address,age,block,creator,direction,inter_direction,txFee,txhash,txn_type,type,value
0,0xc02aaa39b223fe8d0a0e5c4f27ead9083c756cc2,1538648554,6453304.0,0x4f26ffbe5f04ed43630fdc30a87638d53d0b0876,OUT,2,0.0,0x7d437a4f641b00ce68f9ca9489f68443a9404d6ecdfd06306204201bb71234fc,internal,call,0.002566796 Ether
0,0xc02aaa39b223fe8d0a0e5c4f27ead9083c756cc2,1538648477,6453297.0,0x4f26ffbe5f04ed43630fdc30a87638d53d0b0876,OUT,2,0.0,0xf30727785bc0c0503176b3bbf85a85d9a0cdd179984e3947a933d103f3c30e67,internal,call,0.002566796 Ether
0,0xc02aaa39b223fe8d0a0e5c4f27ead9083c756cc2,1537237534,6353887.0,0x4f26ffbe5f04ed43630fdc30a87638d53d0b0876,OUT,2,0.0,0xa9f4b7f57dd4935eef3a2d9e595dde8198ded7df618f094b521b99ca5bba4940,internal,call,0.0088 Ether
0,0xc02aaa39b223fe8d0a0e5c4f27ead9083c756cc2,1537236981,6353845.0,0x4f26ffbe5f04ed43630fdc30a87638d53d0b0876,OUT,2,0.0,0x8106abee862d7cc5c55d98735bdf2215f29661276a58e2584b647b2d60c83f2b,internal,call,0.0001474 Ether
