Class,address,age,block,creator,direction,inter_direction,txFee,txhash,txn_type,type,value
0,0x744d70fdbe2ba4cf95131626614a1763df805b9e,1530843447,5915227.0,0x6b9ef02657339310e28a7a9d4b5f25f7c1f68d61,IN,3,0.0020090999999999998,0x8c8ff952b1f31afaeb43a1ed6bfe5726b9e7b70475007ad268f8f127d2c3c760,external,0,0 Ether
0,0x744d70fdbe2ba4cf95131626614a1763df805b9e,1530843447,5915227.0,0x6b9ef02657339310e28a7a9d4b5f25f7c1f68d61,IN,3,0.0020091,0x8c8ff952b1f31afaeb43a1ed6bfe5726b9e7b70475007ad268f8f127d2c3c760,external,0,0 Ether
