Class,address,age,block,creator,direction,inter_direction,txFee,txhash,txn_type,type,value
0,0x744d70fdbe2ba4cf95131626614a1763df805b9e,1526329232,5615918.0,0x6b9ef02657339310e28a7a9d4b5f25f7c1f68d61,IN,3,0.00614856,0x19d0f863ca8bc38172a9557e4ad936c719e93da5dfd315a9dd8f6e55f43aa490,external,0,0 Ether
0,0x744d70fdbe2ba4cf95131626614a1763df805b9e,1524780149,5513268.0,0x6b9ef02657339310e28a7a9d4b5f25f7c1f68d61,IN,3,0.00745701,0x38c193f18c77f180d06cdf4f7d1affb597746e21d828f0fad4c68214e85f5478,external,0,0 Ether
0,0x744d70fdbe2ba4cf95131626614a1763df805b9e,1531063171,5929918.0,0x6b9ef02657339310e28a7a9d4b5f25f7c1f68d61,IN,3,0.00058828,0x76e558d8b7ffbb34dea80ff2ce2d97c6ebce065a9dd207eb20ea6c4b3b917006,external,0,0 Ether
