Class,address,age,block,creator,direction,inter_direction,txFee,txhash,txn_type,type,value
0,0x744d70fdbe2ba4cf95131626614a1763df805b9e,1531552461,5963452.0,0x6b9ef02657339310e28a7a9d4b5f25f7c1f68d61,IN,3,0.00547386,0x76788f7c5a0813e697fcc370c93b32a9d82504f8b6aeaa09403226ace88011fb,external,0,0 Ether
0,0x744d70fdbe2ba4cf95131626614a1763df805b9e,1531553059,5963493.0,0x6b9ef02657339310e28a7a9d4b5f25f7c1f68d61,IN,3,0.00547386,0x8b33b0fcca1fa4ba03d1afbb65b59a8f87ca2371bf66d1a16e2bf61b5bb964d7,external,0,0 Ether
