Class,address,age,block,creator,direction,inter_direction,txFee,txhash,txn_type,type,value
0,0x744d70fdbe2ba4cf95131626614a1763df805b9e,1538958078,6475472.0,0x6b9ef02657339310e28a7a9d4b5f25f7c1f68d61,IN,3,0.00094242,0x1032ef55cd0c9937b9132f78d1fffc9e92eead6e8d658b1f58ecba9edfdc1361,external,0,0 Ether
0,0x744d70fdbe2ba4cf95131626614a1763df805b9e,1538955780,6475303.0,0x6b9ef02657339310e28a7a9d4b5f25f7c1f68d61,IN,3,0.00094184,0x4e14c1072931d354b3ff435299defce2fbf57d18125c52f6d3c938e587b72049,external,0,0 Ether
