Class,address,age,block,creator,direction,inter_direction,txFee,txhash,txn_type,type,value
1,0x8a883a20940870dc055f2070ac8ec847ed2d9918,1533210186,6076649.0,0xc14f8469d4bb31c8e69fae9c16e262f45edc3635,OUT,2,0.0,0x1468a97c938035fed42621e17b0b2f7af29d488794ab6500d4b27e26c9b1159c,internal,call,0.005490810743796 Ether
1,0x8a883a20940870dc055f2070ac8ec847ed2d9918,1532392352,6020650.0,0xc14f8469d4bb31c8e69fae9c16e262f45edc3635,OUT,2,0.0,0x498b85206ac107952d98298d6fce7467c20354fe70b5b39fd20b854077779b65,internal,call,0.000707035699752 Ether
