Class,address,age,block,creator,direction,inter_direction,txFee,txhash,txn_type,type,value
1,0x536a6ba0d913d5d6a4ce2c6eb7ed0de3c0f0b89e,1537321358,6359732.0,0xb648cc3367571c9166e966d1eb97de3f9ebfb8fd,OUT,2,0.0,0x5b49910582b89633f9840e60788a890c1de3ab634e1f192c41e59f65e4174a58,internal,call,0.040161040486 Ether
1,0x536a6ba0d913d5d6a4ce2c6eb7ed0de3c0f0b89e,1536967366,6334930.0,0xb648cc3367571c9166e966d1eb97de3f9ebfb8fd,OUT,2,0.0,0xf4b448c6899664b969e512380bb267d4e8f1f29d57bf919141fdaedf7a132dd3,internal,call,0.0301207803645 Ether
1,0x536a6ba0d913d5d6a4ce2c6eb7ed0de3c0f0b89e,1537749769,6389817.0,0xb648cc3367571c9166e966d1eb97de3f9ebfb8fd,OUT,2,0.0,0x39f2edff6fed26efaa6a0a16f25fd7de3e4708d18b21b83118d233f4b114a335,internal,call,0.110161040486 Ether
