Class,address,age,block,creator,direction,inter_direction,txFee,txhash,txn_type,type,value
0,0xe6517b766e6ee07f91b517435ed855926bcb1aae,1499359316,3983032.0,0x0043a408e6a35c07e3c6e8f231b445d36a68e424,OUT,2,0.0,0x3bd9eaa195c54170d42872bf9494dce1ec4f13ce751b03b1e92c7b1e735029ca,internal,call,2.02041304347826 Ether
0,0xe6517b766e6ee07f91b517435ed855926bcb1aae,1499351884,3985079.0,0x0043a408e6a35c07e3c6e8f231b445d36a68e424,OUT,2,0.0,0x976a3886d5a9039636ae21d247a3bbd68968eaa4810464ef83ecea23f257f599,internal,call,0.49595652173913 Ether
