Class,address,age,block,creator,direction,inter_direction,txFee,txhash,txn_type,type,value
1,0x4f3db6d4c97b8248ad5e244e4f619086084f6848,1540977104,0.0,0xac560ed699346e4e3a3c2106ac90136883f7f624,OUT,2,0.0,0x4ab35afa9f34ab296442a7d3420febffd08ef3e5e601b8056a2d8704ff83828b,internal,call,0.002083333333333 Ether
1,0x4f3db6d4c97b8248ad5e244e4f619086084f6848,1540976110,6618653.0,0xac560ed699346e4e3a3c2106ac90136883f7f624,OUT,2,0.0,0x6a3725249a6a9a3adfdfd650023d0b77cf911a7a410f9a021cf9a884620f5740,internal,call,0.848611111111111 Ether
1,0x4f3db6d4c97b8248ad5e244e4f619086084f6848,1543468070,6794457.0,0xac560ed699346e4e3a3c2106ac90136883f7f624,OUT,2,0.0,0x7f973c91ed4cef27ad1480ddee3009a35b93e656db652bc362facebbf945ac98,internal,call,5.699722222222222 Ether
1,0x4f3db6d4c97b8248ad5e244e4f619086084f6848,1542019612,6692328.0,0xac560ed699346e4e3a3c2106ac90136883f7f624,OUT,2,0.0,0x7e1a0aa28105d7ae12cda7f4ce14c69fc162f62a8dc18c6a0e3409538c8e99a6,internal,call,2.14625 Ether
1,0x4f3db6d4c97b8248ad5e244e4f619086084f6848,1541473969,6653736.0,0xac560ed699346e4e3a3c2106ac90136883f7f624,OUT,2,0.0,0xb126af2c78dfdc7a0b39f4380170b559d78f7553dc0b8cc128918d2a4be96932,internal,call,1.955 Ether
