Class,address,age,block,creator,direction,inter_direction,txFee,txhash,txn_type,type,value
1,0x7b307c1f0039f5d38770e15f8043b3dd26da5e8f,1537863998,6397865.0,0xe1f3294e25bb72a2fb53addb82aa1a033797e6e3,IN,3,0.00163024,0x2933dc5b8c96004f5a1b18b6f1e2c51ff980ec63b608e3aa8c93cdd11324dd46,external,0,0 Ether
1,0x7b307c1f0039f5d38770e15f8043b3dd26da5e8f,1540261272,6568065.0,0xe1f3294e25bb72a2fb53addb82aa1a033797e6e3,IN,3,0.00031809,0x4a26d3fbd516ae9a070b6798180f1fec8b5a646233c48d91e0d205945185c5d5,external,0,0 Ether
