Class,address,age,block,creator,direction,inter_direction,txFee,txhash,txn_type,type,value
1,0x7b307c1f0039f5d38770e15f8043b3dd26da5e8f,1538286273,6427639.0,0xe1f3294e25bb72a2fb53addb82aa1a033797e6e3,IN,3,0.0028231,0x0e81807c4661a2551129586b8790e5ae6cc63542bd73f677cb419cb77248b47c,external,0,0 Ether
1,0x7b307c1f0039f5d38770e15f8043b3dd26da5e8f,1540186796,6562784.0,0xe1f3294e25bb72a2fb53addb82aa1a033797e6e3,IN,3,0.00163024,0x2c61d36e5e1c9dac984745668659667be3eae64607edcdd19a6e8c809c8003fe,external,0,0 Ether
1,0x7b307c1f0039f5d38770e15f8043b3dd26da5e8f,1538361260,6432938.0,0xe1f3294e25bb72a2fb53addb82aa1a033797e6e3,IN,3,0.0028231,0x3e0b57889c1fce285c8fe0e811a606003116b9ebbafff390372825bedec5ad8b,external,0,0 Ether
1,0x7b307c1f0039f5d38770e15f8043b3dd26da5e8f,1540251773,6567414.0,0xe1f3294e25bb72a2fb53addb82aa1a033797e6e3,IN,3,0.00258453,0x544266b22aa577a3709244e6fef71b2989a7c96b53c857e51d74b0b800a57c00,external,0,0 Ether
1,0x7b307c1f0039f5d38770e15f8043b3dd26da5e8f,1538139120,6417232.0,0xe1f3294e25bb72a2fb53addb82aa1a033797e6e3,IN,3,0.00437871,0x626dcb0843596e485fb117115f08c7d22e531b422887f0c342042c881a14381a,external,0,2.3 Ether
1,0x7b307c1f0039f5d38770e15f8043b3dd26da5e8f,1539927013,6544371.0,0xe1f3294e25bb72a2fb53addb82aa1a033797e6e3,IN,3,0.0028231,0x7faa06dcb49ab9e5c074875e525528eb8f876221276023e9686a2d6094baefe1,external,0,0 Ether
1,0x7b307c1f0039f5d38770e15f8043b3dd26da5e8f,1538361602,6432961.0,0xe1f3294e25bb72a2fb53addb82aa1a033797e6e3,IN,3,0.0028231,0x90b86e3a6b5553c0516c168ff4042bfa2f5c4498c76f3ea6b043ed9f5dce5c15,external,0,0 Ether
1,0x7b307c1f0039f5d38770e15f8043b3dd26da5e8f,1539419723,6508449.0,0xe1f3294e25bb72a2fb53addb82aa1a033797e6e3,IN,3,0.0028231,0x950061e4b7c91be1a5792cc7862fa2710b7561bdc59a788b57d291860de46b55,external,0,0 Ether
1,0x7b307c1f0039f5d38770e15f8043b3dd26da5e8f,1539622473,6519736.0,0xe1f3294e25bb72a2fb53addb82aa1a033797e6e3,IN,3,0.0028231,0xb15ae59ad0227326ad4b7bc38053a4885a72812ec1a8098c0a98a5972ef16ab1,external,0,0 Ether
