Class,address,age,block,creator,direction,inter_direction,txFee,txhash,txn_type,type,value
1,0x7b307c1f0039f5d38770e15f8043b3dd26da5e8f,1540053868,6550298.0,0xe1f3294e25bb72a2fb53addb82aa1a033797e6e3,IN,3,0.00019881,0x17c56ab16c484fc98430efa5b3ef644e98c89f854da54fa8e477e0b3330179f8,external,0,0 Ether
1,0x7b307c1f0039f5d38770e15f8043b3dd26da5e8f,1539661194,6525542.0,0xe1f3294e25bb72a2fb53addb82aa1a033797e6e3,IN,3,0.00011928,0x37da8b482acde4d3ba1356ac7dafa21d41ea4033257e45ab890b3746689cc6ed,external,0,0 Ether
1,0x7b307c1f0039f5d38770e15f8043b3dd26da5e8f,1539017784,6476672.0,0xe1f3294e25bb72a2fb53addb82aa1a033797e6e3,IN,3,0.00015904,0x4fe916af5ac60cb977892f7ae08e24f5ff16104f2d4e46597e780566d6e7cd71,external,0,0 Ether
1,0x7b307c1f0039f5d38770e15f8043b3dd26da5e8f,1539142672,6488699.0,0xe1f3294e25bb72a2fb53addb82aa1a033797e6e3,IN,3,0.00011928,0x6a6e76d8ec318898a98a03ec4619b2b1c9dc54c1e491e99780f6c03c9e3e807d,external,0,0 Ether
1,0x7b307c1f0039f5d38770e15f8043b3dd26da5e8f,1539878737,6537940.0,0xe1f3294e25bb72a2fb53addb82aa1a033797e6e3,IN,3,0.00015904,0x86f187fd9ac7bb8a526c09f35da0cecfac1ab5d5629608c54bb6465a8d4b8fbc,external,0,0 Ether
1,0x7b307c1f0039f5d38770e15f8043b3dd26da5e8f,1540263879,6568269.0,0xe1f3294e25bb72a2fb53addb82aa1a033797e6e3,IN,3,0.00015904,0x8c008bf91c9a80fc21cd73d01e8aea388594d2354e69272c015d4d5c98a98084,external,0,0 Ether
1,0x7b307c1f0039f5d38770e15f8043b3dd26da5e8f,1540227223,6562605.0,0xe1f3294e25bb72a2fb53addb82aa1a033797e6e3,IN,3,0.00023857,0x9220063980085dd67b04a77a71a138cf048366350b399f74357aee93c33e7157,external,0,0 Ether
