Class,address,age,block,creator,direction,inter_direction,txFee,txhash,txn_type,type,value
1,0x7b307c1f0039f5d38770e15f8043b3dd26da5e8f,1539518961,6515501.0,0xe1f3294e25bb72a2fb53addb82aa1a033797e6e3,IN,3,0.00218691,0x15bcdba3f371563559d168c51055b985a0b7f362c5c2999f8aaf0bd5fe051309,external,0,0 Ether
1,0x7b307c1f0039f5d38770e15f8043b3dd26da5e8f,1538296957,6428403.0,0xe1f3294e25bb72a2fb53addb82aa1a033797e6e3,IN,3,0.00258453,0x162a0be7e7d2a29a356d79c3a8953cf83ca9ec7f0213f2f667321ca1062b53bd,external,0,0.015539472 Ether
1,0x7b307c1f0039f5d38770e15f8043b3dd26da5e8f,1538634731,6452332.0,0xe1f3294e25bb72a2fb53addb82aa1a033797e6e3,IN,3,0.00258453,0x3263febf262859143788b80792c0130d7124cbdd2bba5067eba51c6ac5ffe9c3,external,0,0.110596986295633 Ether
1,0x7b307c1f0039f5d38770e15f8043b3dd26da5e8f,1538634029,6452280.0,0xe1f3294e25bb72a2fb53addb82aa1a033797e6e3,IN,3,0.00258453,0x32a38f3e09ec8eae873d2d7ca1fc188b2cbc84cded0c7a2f0ac5cba664882cc6,external,0,0 Ether
1,0x7b307c1f0039f5d38770e15f8043b3dd26da5e8f,1539851471,6539077.0,0xe1f3294e25bb72a2fb53addb82aa1a033797e6e3,IN,3,0.00242548,0x4819b245707e5f7db5ff959a8642194f15c10a4e3c7c35b9ed7163a51a5ae4b9,external,0,0 Ether
1,0x7b307c1f0039f5d38770e15f8043b3dd26da5e8f,1538297199,6428418.0,0xe1f3294e25bb72a2fb53addb82aa1a033797e6e3,IN,3,0.00258453,0x57fe74a7f495e034bc87c97c43eef82788b9871b4920e2a26f77f39bae571856,external,0,0.05 Ether
1,0x7b307c1f0039f5d38770e15f8043b3dd26da5e8f,1540434325,6580306.0,0xe1f3294e25bb72a2fb53addb82aa1a033797e6e3,IN,3,0.00246524,0x79d3a40c5a5aff7ac3365eec2507725c259208857b9b4ba52f8794a8416866d2,external,0,0 Ether
1,0x7b307c1f0039f5d38770e15f8043b3dd26da5e8f,1538030438,6409599.0,0xe1f3294e25bb72a2fb53addb82aa1a033797e6e3,IN,3,0.00610552,0x92d6c7231d18679382d08415298d15044ba34e1aaae95b486056e1b2fa733b27,external,0,0.542161302 Ether
1,0x7b307c1f0039f5d38770e15f8043b3dd26da5e8f,1538295680,6428312.0,0xe1f3294e25bb72a2fb53addb82aa1a033797e6e3,IN,3,0.00084,0x97d17d52af3765deefb3f22db7432a2980130f78cb83a8cbeb5f82f7e464fc65,external,0,0 Ether
