Class,address,age,block,creator,direction,inter_direction,txFee,txhash,txn_type,type,value
1,0x7b307c1f0039f5d38770e15f8043b3dd26da5e8f,1538643774,6452950.0,0xe1f3294e25bb72a2fb53addb82aa1a033797e6e3,IN,3,0.00035785,0x03c8f80a66dc1a22c014bce5c298f0c93ed7dd6d1be50f10301a8f00af085729,external,0,0.01 Ether
1,0x7b307c1f0039f5d38770e15f8043b3dd26da5e8f,1537960898,6404710.0,0xe1f3294e25bb72a2fb53addb82aa1a033797e6e3,IN,3,0.00035785,0x1e5148febfb313bb8d56581cb30117558f9ff26917fc984aeefa278e1897bb6d,external,0,0.023 Ether
1,0x7b307c1f0039f5d38770e15f8043b3dd26da5e8f,1539507511,6514666.0,0xe1f3294e25bb72a2fb53addb82aa1a033797e6e3,IN,3,0.00035785,0x20f803971024adafce4b13b489b444658855429b75fbc9ccdeebf87e326a250b,external,0,0.01 Ether
1,0x7b307c1f0039f5d38770e15f8043b3dd26da5e8f,1538476575,6441142.0,0xe1f3294e25bb72a2fb53addb82aa1a033797e6e3,IN,3,0.00035785,0x2829977cff9206f2b3d3d70838ea2c968b8f811c3b948f8c4123e4973140cec6,external,0,0.02 Ether
1,0x7b307c1f0039f5d38770e15f8043b3dd26da5e8f,1537957881,6404502.0,0xe1f3294e25bb72a2fb53addb82aa1a033797e6e3,IN,3,0.00035785,0x3509ae8a0c615ea4d295c7f6d9c0e9265de825b74526fe5ccc4756b209d72ae0,external,0,0.03 Ether
1,0x7b307c1f0039f5d38770e15f8043b3dd26da5e8f,1539776479,6533723.0,0xe1f3294e25bb72a2fb53addb82aa1a033797e6e3,IN,3,0.00035785,0x3a16bf9c0539cbfddf5d3e653aebcca2e2477651daaa566f6032de6ca6c1fa06,external,0,0.01 Ether
1,0x7b307c1f0039f5d38770e15f8043b3dd26da5e8f,1538997013,6478272.0,0xe1f3294e25bb72a2fb53addb82aa1a033797e6e3,IN,3,0.00035785,0x3a8135e294aca7db74a14dfc63fd4cf351e8a527a0965e58de2573017c2a3281,external,0,0.05 Ether
1,0x7b307c1f0039f5d38770e15f8043b3dd26da5e8f,1537791631,6392741.0,0xe1f3294e25bb72a2fb53addb82aa1a033797e6e3,IN,3,0.00061672,0x5427f2919390dfaebf5cc6f5502b9fd48901d30f37a45250169b8e1d27a2ec9a,external,0,0.07 Ether
1,0x7b307c1f0039f5d38770e15f8043b3dd26da5e8f,1540101289,6556704.0,0xe1f3294e25bb72a2fb53addb82aa1a033797e6e3,IN,3,0.00035785,0x881c32156461680d9322a20e7920ceba96d22a8524343e5625fe4f3db1554599,external,0,0.01 Ether
