Class,address,age,block,creator,direction,inter_direction,txFee,txhash,txn_type,type,value
1,0x7b307c1f0039f5d38770e15f8043b3dd26da5e8f,1538395370,6435348.0,0xe1f3294e25bb72a2fb53addb82aa1a033797e6e3,IN,3,0.00047714,0x246de83c9fccacc42e5e625e05eb29fe086c5f55de883aefe30c3028a2bab366,external,0,0 Ether
1,0x7b307c1f0039f5d38770e15f8043b3dd26da5e8f,1538049753,6410912.0,0xe1f3294e25bb72a2fb53addb82aa1a033797e6e3,IN,3,0.00074006,0x2df3a3c5ae8fe83148945de0ffd93ae907ea1b3052d782aab37a144b2fa95982,external,0,1 Ether
1,0x7b307c1f0039f5d38770e15f8043b3dd26da5e8f,1539161705,6489984.0,0xe1f3294e25bb72a2fb53addb82aa1a033797e6e3,IN,3,0.00039762,0x5e850ce4ff4d213b1302387bfcd3ef32c82c22c2aa3b8783fbe3d2943d051837,external,0,0 Ether
1,0x7b307c1f0039f5d38770e15f8043b3dd26da5e8f,1539056176,6482501.0,0xe1f3294e25bb72a2fb53addb82aa1a033797e6e3,IN,3,0.00019881,0x63c6f114256faf2388b36e30d97338d8329244afb1462f708e9be69a2926a966,external,0,0 Ether
1,0x7b307c1f0039f5d38770e15f8043b3dd26da5e8f,1538899155,6471222.0,0xe1f3294e25bb72a2fb53addb82aa1a033797e6e3,IN,3,0.00027833,0x6f7a505bd9cd288f6eecf3724c7b091fc7237da3719f4359485db5683b4da45b,external,0,0 Ether
1,0x7b307c1f0039f5d38770e15f8043b3dd26da5e8f,1539862873,6539881.0,0xe1f3294e25bb72a2fb53addb82aa1a033797e6e3,IN,3,0.00019881,0x943d5882b6f9ef557c048ae6a3635edac7d56168b9d39523b9ee4cf3b10c9b60,external,0,0 Ether
1,0x7b307c1f0039f5d38770e15f8043b3dd26da5e8f,1540255018,6567636.0,0xe1f3294e25bb72a2fb53addb82aa1a033797e6e3,IN,3,0.00019881,0x961c719f2e594c836f64e3bdb5fa9d8ee99a66985be72a104de9e35b835f8de4,external,0,0 Ether
1,0x7b307c1f0039f5d38770e15f8043b3dd26da5e8f,1539997654,6549360.0,0xe1f3294e25bb72a2fb53addb82aa1a033797e6e3,IN,3,0.00019881,0x9fae03cc68b1001c5bca220e04d71e733cb5f9ebb602c82f80a1c8bac744e86c,external,0,0 Ether
1,0x7b307c1f0039f5d38770e15f8043b3dd26da5e8f,1539691811,6527703.0,0xe1f3294e25bb72a2fb53addb82aa1a033797e6e3,IN,3,0.00019881,0xb1a708c41da1d1ad16cabf3be295872091bdabf14011be56f08df6c3fcfbb50c,external,0,0 Ether
