Class,address,age,block,creator,direction,inter_direction,txFee,txhash,txn_type,type,value
0,0x7c5a0ce9267ed19b22f8cae653f198e3e8daf098,1513446101,4745869.0,0x008cdc9b89ad677cef7f2c055efc97d3606a50bd,IN,3,0.00210284,0x21700b185516e84e5be011188375b148d0892e21a6d0aa15e089e66f7f94904d,external,0,0 Ether
0,0x7c5a0ce9267ed19b22f8cae653f198e3e8daf098,1513485574,4745600.0,0x008cdc9b89ad677cef7f2c055efc97d3606a50bd,IN,3,0.00209516,0x3ccbb47707a0b815f17bc3f5ba10aa6f65586819753624cbf508bbf2e93b7d18,external,0,0 Ether
0,0x7c5a0ce9267ed19b22f8cae653f198e3e8daf098,1512990654,4715661.0,0x008cdc9b89ad677cef7f2c055efc97d3606a50bd,IN,3,0.0011013,0x64cc4d0c8013bb817d50da0af1ed6c4dad5a2bb9acb735ee1abba81a77b7be18,external,0,0 Ether
0,0x7c5a0ce9267ed19b22f8cae653f198e3e8daf098,1512992540,4715779.0,0x008cdc9b89ad677cef7f2c055efc97d3606a50bd,IN,3,0.00110399,0x8f2c7441cfeb294841e87f977d35bb7682df79413ec98e057bcfc5661f61be5d,external,0,0 Ether
0,0x7c5a0ce9267ed19b22f8cae653f198e3e8daf098,1513446470,4745898.0,0x008cdc9b89ad677cef7f2c055efc97d3606a50bd,IN,3,0.00210028,0x93b1c5f7c671dec45054ec0ba12fad76a8b971b74baff26290e97f1ea06c0e64,external,0,0 Ether
0,0x7c5a0ce9267ed19b22f8cae653f198e3e8daf098,1513485766,4745608.0,0x008cdc9b89ad677cef7f2c055efc97d3606a50bd,IN,3,0.00210028,0xa2e49c12a04290a60d7ac82c5a507432ee2180f3023c1894afa64aeb64141f2b,external,0,0 Ether
