Class,address,age,block,creator,direction,inter_direction,txFee,txhash,txn_type,type,value
0,0x7c5a0ce9267ed19b22f8cae653f198e3e8daf098,1499837978,4012252.0,0x008cdc9b89ad677cef7f2c055efc97d3606a50bd,IN,3,0.00049281,0x03f9a0ecd5939bd0d1edb66414ec4b5b0bcfc5fa7f8a1b288498b0263f8e05db,external,0,0 Ether
0,0x7c5a0ce9267ed19b22f8cae653f198e3e8daf098,1499878378,4012120.0,0x008cdc9b89ad677cef7f2c055efc97d3606a50bd,IN,3,0.00045014,0x048ecbee8fecadf92d59a7e1de037ee0103c956e9e8ea5fbddf3b46d442060d3,external,0,0 Ether
0,0x7c5a0ce9267ed19b22f8cae653f198e3e8daf098,1499835946,4012163.0,0x008cdc9b89ad677cef7f2c055efc97d3606a50bd,IN,3,0.00049152,0x32ad5db92cb559df04bc14148565ce8d2cb2a826770a765a7310792f093cf505,external,0,0 Ether
