Class,address,age,block,creator,direction,inter_direction,txFee,txhash,txn_type,type,value
1,0xb10ea0d397db942a1083a4af9c6074ab63bc8c8b,1539754115,6532124.0,0x65b041db3135ed5f76d9486aa56f8ca5dc9a3f5e,OUT,2,0.0,0x4c15e6546e8003ae701f573511c26b22fded815fdeccfbd736da149984fc79c2,internal,call,0.020365832177977 Ether
1,0xb10ea0d397db942a1083a4af9c6074ab63bc8c8b,1540957907,6617398.0,0x65b041db3135ed5f76d9486aa56f8ca5dc9a3f5e,OUT,2,0.0,0x6b7aa6aefd614da76dd51394617efb9f53001421597ac74af45662830c52e832,internal,call,0.019792750759493 Ether
1,0xb10ea0d397db942a1083a4af9c6074ab63bc8c8b,1540814219,6607244.0,0x65b041db3135ed5f76d9486aa56f8ca5dc9a3f5e,OUT,2,0.0,0x7313967bf0a95b01cf5915253e97a9c02180f764996637dc655d29675cb309ac,internal,call,0.146428150192349 Ether
