Class,address,age,block,creator,direction,inter_direction,txFee,txhash,txn_type,type,value
0,0x7fdcd2a1e52f10c28cb7732f46393e297ecadda1,1528929750,5786021.0,0x7ce6c6f1002e5ad54c3d8326fddcf2fc78b80277,IN,3,0.00016203,0x186ae71fa1101ae4c2c9450d670588a3dab54787faae6b34f5e5d1aa52124255,external,0,0 Ether
0,0x7fdcd2a1e52f10c28cb7732f46393e297ecadda1,1528929694,5786014.0,0x7ce6c6f1002e5ad54c3d8326fddcf2fc78b80277,IN,3,0.00022203,0x34ab2b2c406fc430353a95c473ea07e0b92b036c8085d16f7dd62c67f6396a6a,external,0,0 Ether
0,0x7fdcd2a1e52f10c28cb7732f46393e297ecadda1,1529509050,5825252.0,0x7ce6c6f1002e5ad54c3d8326fddcf2fc78b80277,IN,3,0.00012152,0x6696b3990b5809ff27cc65f7bd10d12c41618aa0a8cf51ffdbc73252987e7ac3,external,0,0 Ether
0,0x7fdcd2a1e52f10c28cb7732f46393e297ecadda1,1528929703,5786016.0,0x7ce6c6f1002e5ad54c3d8326fddcf2fc78b80277,IN,3,0.00022203,0x8e95ecc22e2fcf2fd1b30e573e39b0d972ad2325a2a1da3a2207b3d9fa8d62d3,external,0,0 Ether
0,0x7fdcd2a1e52f10c28cb7732f46393e297ecadda1,1522827134,5379848.0,0x7ce6c6f1002e5ad54c3d8326fddcf2fc78b80277,IN,3,0.00056616,0xb0965459d41f676dc806b03505976a6549a99fcf15d00f1025309726d7a32e6a,external,0,0.008 Ether
