Class,address,age,block,creator,direction,inter_direction,txFee,txhash,txn_type,type,value
0,0x7fdcd2a1e52f10c28cb7732f46393e297ecadda1,1523345464,5416047.0,0x7ce6c6f1002e5ad54c3d8326fddcf2fc78b80277,IN,3,0.00045318,0x3135525fed8fbf3c507620eb35f1e56c0f3b405fc640361c26020adadf69caae,external,0,0.008 Ether
0,0x7fdcd2a1e52f10c28cb7732f46393e297ecadda1,1523348138,5416250.0,0x7ce6c6f1002e5ad54c3d8326fddcf2fc78b80277,IN,3,0.00033358,0x456272755a13aacfaf1b47b1de0f68446e8e3e43d9cea960668d43e26a14b751,external,0,0.008 Ether
0,0x7fdcd2a1e52f10c28cb7732f46393e297ecadda1,1523347181,5416170.0,0x7ce6c6f1002e5ad54c3d8326fddcf2fc78b80277,IN,3,0.00055534,0x47ec1003ea7d184e63f3488405a60d4cdedc3fcf5754e035857e00d10aae80b1,external,0,0 Ether
0,0x7fdcd2a1e52f10c28cb7732f46393e297ecadda1,1523346894,5416150.0,0x7ce6c6f1002e5ad54c3d8326fddcf2fc78b80277,IN,3,0.00033358,0x587ed2784a53c8bd1364cc3d2baf6652e155550fb5dca390d9ebfba0bc970971,external,0,0.008 Ether
