Class,address,age,block,creator,direction,inter_direction,txFee,txhash,txn_type,type,value
0,0x7fdcd2a1e52f10c28cb7732f46393e297ecadda1,1531179024,5937756.0,0x7ce6c6f1002e5ad54c3d8326fddcf2fc78b80277,IN,3,0.00028309,0x0ad2b57c7e82da0cc502025041887721bc9712bff01c518ddead176b9e67450b,external,0,0 Ether
0,0x7fdcd2a1e52f10c28cb7732f46393e297ecadda1,1531178656,5937730.0,0x7ce6c6f1002e5ad54c3d8326fddcf2fc78b80277,IN,3,0.00028309,0x566df5a6c9e35c00e7b010d095ecd935afca3d55eae2c9645f4c5bf5550d07b7,external,0,0 Ether
0,0x7fdcd2a1e52f10c28cb7732f46393e297ecadda1,1531216382,5940233.0,0x7ce6c6f1002e5ad54c3d8326fddcf2fc78b80277,IN,3,0.00020254,0xa5ae4c155bdcabeb40f1d95b397da4c87f330276357ce5f0514e6251352fa22d,external,0,0 Ether
