Class,address,age,block,creator,direction,inter_direction,txFee,txhash,txn_type,type,value
0,0x7fdcd2a1e52f10c28cb7732f46393e297ecadda1,1536769332,6318058.0,0x7ce6c6f1002e5ad54c3d8326fddcf2fc78b80277,IN,3,0.00022258,0x0b269ffa6e50a94c9cbba7b759e23ddfdfa438b0cc98b73e5a8b0da01ea0b1a4,external,0,0 Ether
0,0x7fdcd2a1e52f10c28cb7732f46393e297ecadda1,1543620861,6805197.0,0x7ce6c6f1002e5ad54c3d8326fddcf2fc78b80277,IN,3,0.00031091,0x3d4a85d0dc93b53e9c1d628ea28db2cdf1bb29c179b3cd00a93993d5aef15180,external,0,0 Ether
0,0x7fdcd2a1e52f10c28cb7732f46393e297ecadda1,1536763828,6320675.0,0x7ce6c6f1002e5ad54c3d8326fddcf2fc78b80277,IN,3,0.00017762,0x3ea6c1ed968199fc492806b1c94a0c1160b197788289acde907944b9adbf81b2,external,0,0 Ether
0,0x7fdcd2a1e52f10c28cb7732f46393e297ecadda1,1545245292,6918370.0,0x7ce6c6f1002e5ad54c3d8326fddcf2fc78b80277,IN,3,0.00031091,0x6fd5c53b36213d0a948d4446d7a43668bdff047dad85f60c878450f4d7eebed7,external,0,0 Ether
0,0x7fdcd2a1e52f10c28cb7732f46393e297ecadda1,1536764288,6320710.0,0x7ce6c6f1002e5ad54c3d8326fddcf2fc78b80277,IN,3,0.00012962,0xacc43931d5046e25f5f568d30454c3a77f055e7891a382e8b3a81e6d36e17a30,external,0,0 Ether
