Class,address,age,block,creator,direction,inter_direction,txFee,txhash,txn_type,type,value
0,0x7fdcd2a1e52f10c28cb7732f46393e297ecadda1,1532504390,6028247.0,0x7ce6c6f1002e5ad54c3d8326fddcf2fc78b80277,IN,3,0.00016652,0x438cc8e4a3bd9d3803b48aca1674ec9a3f05c476bceee3af87d336fd65e10f13,external,0,0 Ether
0,0x7fdcd2a1e52f10c28cb7732f46393e297ecadda1,1532504312,6028239.0,0x7ce6c6f1002e5ad54c3d8326fddcf2fc78b80277,IN,3,0.00016652,0x4854457761f88cee3e5277a2c77e1313d7d939fcfdb76ae6d147210a04e9998c,external,0,0 Ether
0,0x7fdcd2a1e52f10c28cb7732f46393e297ecadda1,1532429708,6023194.0,0x7ce6c6f1002e5ad54c3d8326fddcf2fc78b80277,IN,3,0.00012152,0x6143b66f8d8448150592b658ca9dc4dfb5ab290e0789ddde829960904ef17da5,external,0,0 Ether
0,0x7fdcd2a1e52f10c28cb7732f46393e297ecadda1,1532504441,6028251.0,0x7ce6c6f1002e5ad54c3d8326fddcf2fc78b80277,IN,3,0.00016652,0x6d5eba9a5b500749dfa3de35fc26bd40e173ccce43d7709e6bf8d815d351e439,external,0,0 Ether
0,0x7fdcd2a1e52f10c28cb7732f46393e297ecadda1,1532504441,6028251.0,0x7ce6c6f1002e5ad54c3d8326fddcf2fc78b80277,IN,3,0.00012152,0x9dac29285217d49826eac56fa4619e0786b707b6780079d6f5cd2dc0597fb9ad,external,0,0 Ether
