Class,address,age,block,creator,direction,inter_direction,txFee,txhash,txn_type,type,value
0,0x7fdcd2a1e52f10c28cb7732f46393e297ecadda1,1538086881,6413595.0,0x7ce6c6f1002e5ad54c3d8326fddcf2fc78b80277,IN,3,0.00111393,0x93191c8bfa00099d827e645351483e72c977505db9e9236e0e50e1ba51dc8935,external,0,0 Ether
0,0x7fdcd2a1e52f10c28cb7732f46393e297ecadda1,1537914216,6401418.0,0x7ce6c6f1002e5ad54c3d8326fddcf2fc78b80277,IN,3,0.00086639,0x98818d56b205daa0bc2eac845a85543f9cd55457264d5dc1870e5e20ba39fc12,external,0,0 Ether
