Class,address,age,block,creator,direction,inter_direction,txFee,txhash,txn_type,type,value
1,0x80e4f014c98320eab524ae16b0aaf1603f4dc01d,1538107926,6412021.0,0x96bb98183e5562913e72613c1979d0a13f8ec76b,IN,3,0.00019584,0x6c84b2e65699498dae4772cc7cafa4ae0d9fa37a868ab6fa32e6c7c5fc2e1a41,external,0,0 Ether
1,0x80e4f014c98320eab524ae16b0aaf1603f4dc01d,1538161457,6418814.0,0x96bb98183e5562913e72613c1979d0a13f8ec76b,IN,3,0.00017408,0x6cf7bbde7a032d1974fb15372a83126872b1ee336d46c267067ad93ddcb5deee,external,0,0 Ether
1,0x80e4f014c98320eab524ae16b0aaf1603f4dc01d,1538107948,6412023.0,0x96bb98183e5562913e72613c1979d0a13f8ec76b,IN,3,0.00021761,0x8192b81729b837278b8fbafdd164efd4cfafbdbd2ad96c8909ff1b444eea008d,external,0,0 Ether
