Class,address,age,block,creator,direction,inter_direction,txFee,txhash,txn_type,type,value
1,0x80e4f014c98320eab524ae16b0aaf1603f4dc01d,1538102099,6414648.0,0x96bb98183e5562913e72613c1979d0a13f8ec76b,IN,3,0.00024805,0x0eec75b30af1d62b2a3b72fe2f40f00f4688e71c7be51962aa79f84685899d1d,external,0,0 Ether
1,0x80e4f014c98320eab524ae16b0aaf1603f4dc01d,1538053251,6411188.0,0x96bb98183e5562913e72613c1979d0a13f8ec76b,IN,3,0.00038972,0x284c47e776ad8743e7d085baf189620fe84e5a3b201a00db7a05ec3a3c641774,external,0,0 Ether
1,0x80e4f014c98320eab524ae16b0aaf1603f4dc01d,1538284571,6427515.0,0x96bb98183e5562913e72613c1979d0a13f8ec76b,IN,3,0.00030067,0x3aedbfe3e4f1842dd938961ddc1e28cb4c056998f5b9891d3687bc7b739836a1,external,0,0 Ether
1,0x80e4f014c98320eab524ae16b0aaf1603f4dc01d,1538126115,6416327.0,0x96bb98183e5562913e72613c1979d0a13f8ec76b,IN,3,0.0002255,0x506b02c73ac1238483f86bbe13d8b426cb6ebd846f81592ba735d22f08fc4d56,external,0,0 Ether
1,0x80e4f014c98320eab524ae16b0aaf1603f4dc01d,1538048089,6410801.0,0x96bb98183e5562913e72613c1979d0a13f8ec76b,IN,3,0.00035429,0x66f1f8251df0c601d05c970aba05a7bd01dbf58acf465a4b0d9b3e123a77aadc,external,0,0 Ether
1,0x80e4f014c98320eab524ae16b0aaf1603f4dc01d,1538056675,6411445.0,0x96bb98183e5562913e72613c1979d0a13f8ec76b,IN,3,0.00047239,0x6a83cb7b7898984b439b030de3f51d68a141728178fa231ce3710b02944a86ea,external,0,0 Ether
1,0x80e4f014c98320eab524ae16b0aaf1603f4dc01d,1538028504,6409471.0,0x96bb98183e5562913e72613c1979d0a13f8ec76b,IN,3,0.00075015,0x8261ac0a27c74005c1818020c60497bf29df7f46a069a3767f9ba56f7da84735,external,0,0.03 Ether
