Class,address,age,block,creator,direction,inter_direction,txFee,txhash,txn_type,type,value
1,0xbeefd8fb3b5778f99e021afa2e41e0614af6af11,1540658904,6593175.0,0x300758881bf3756b6cb5b2e96f545d7b3566ce3a,OUT,2,0.0,0xa8cd794834998b63ad80b20740f5be4ac6a125a04facf57d9ca1259d36bb347c,internal,call,0.015480737704918 Ether
1,0xbeefd8fb3b5778f99e021afa2e41e0614af6af11,1539415421,6508109.0,0x300758881bf3756b6cb5b2e96f545d7b3566ce3a,OUT,2,0.0,0x1156a14a96cd15206c32972b653e91e8830c9bd759c3355e99da0d5948a5978c,internal,call,0.000027049180327 Ether
1,0xbeefd8fb3b5778f99e021afa2e41e0614af6af11,1539414038,0.0,0x300758881bf3756b6cb5b2e96f545d7b3566ce3a,OUT,2,0.0,0x098185949df3f9db13d0051c52d845763421e06f3b1902ad06bb7e0314c8a0d6,internal,call,0.001 Ether
1,0xbeefd8fb3b5778f99e021afa2e41e0614af6af11,1541810844,6677505.0,0x300758881bf3756b6cb5b2e96f545d7b3566ce3a,OUT,2,0.0,0x27b60df030a7de9616c470d9f6bd61b7031a41f3a16cdf88c9a3774c3451db7f,internal,call,0.006782991803278 Ether
1,0xbeefd8fb3b5778f99e021afa2e41e0614af6af11,1539428631,6509087.0,0x300758881bf3756b6cb5b2e96f545d7b3566ce3a,OUT,2,0.0,0x2c40e8e191ff10a19e7734e69c5a585c74413bd8a647aa6f76aef2bdfb4b3df6,internal,call,0.000240491803278 Ether
1,0xbeefd8fb3b5778f99e021afa2e41e0614af6af11,1541340511,6644404.0,0x300758881bf3756b6cb5b2e96f545d7b3566ce3a,OUT,2,0.0,0x4a590d4045558b0b0ef252cdbfade776981eb5c134996f7e6223f3e0da0e5ddb,internal,call,0.01133756557377 Ether
1,0xbeefd8fb3b5778f99e021afa2e41e0614af6af11,1539727171,6530220.0,0x300758881bf3756b6cb5b2e96f545d7b3566ce3a,OUT,2,0.0,0xa3243fa4f65266aff3dcfb1eaa7eadc24688e38eb6c4e5daaaf43b3d9557ea03,internal,call,0.005196639344262 Ether
