Class,address,age,block,creator,direction,inter_direction,txFee,txhash,txn_type,type,value
1,0xbeefd8fb3b5778f99e021afa2e41e0614af6af11,1541729560,6671762.0,0x300758881bf3756b6cb5b2e96f545d7b3566ce3a,OUT,2,0.0,0xeaf3e99ed49417133b6246fd2ca5136d4b1f0f9bfe8a4df53c62b29760763d91,internal,call,0.00837413114754 Ether
1,0xbeefd8fb3b5778f99e021afa2e41e0614af6af11,1540658892,6593174.0,0x300758881bf3756b6cb5b2e96f545d7b3566ce3a,OUT,2,0.0,0x737643e1e63ae623b96bfbf753ff90b6c0ebbcfa641ec17bc7ccb070fdc83296,internal,call,0.013563944262295 Ether
1,0xbeefd8fb3b5778f99e021afa2e41e0614af6af11,1540457931,6582044.0,0x300758881bf3756b6cb5b2e96f545d7b3566ce3a,OUT,2,0.0,0xd3717ed08eedb1e4ce94988602ca043c564a19820d40a47f8dc5b6b41c01a3c3,internal,call,0.0002 Ether
1,0xbeefd8fb3b5778f99e021afa2e41e0614af6af11,1538961623,6475721.0,0x300758881bf3756b6cb5b2e96f545d7b3566ce3a,OUT,2,0.0,0xbebbbf41dee8b3a303df25f6b4cd4e381c06b6a8bfcda4cd6154b93530d92964,internal,call,0.0178 Ether
1,0xbeefd8fb3b5778f99e021afa2e41e0614af6af11,1539120789,6487097.0,0x300758881bf3756b6cb5b2e96f545d7b3566ce3a,OUT,2,0.0,0xf8f5a13fde2b036d4929c6e21891a9aa3a09ecd61857e10550dd6379207f9bd7,internal,call,0.001827629508196 Ether
