Class,address,age,block,creator,direction,inter_direction,txFee,txhash,txn_type,type,value
0,0x55d34b686aa8c04921397c5807db9ecedba00a4c,1498013829,0.0,0x6b9ef02657339310e28a7a9d4b5f25f7c1f68d61,OUT,2,0.0,0x45a79bd04ea50a6c28ed8e6143a65ba68fe0ad93f0cd504b71b497a0999f47cc,internal,call,0.1 Ether
0,0x55d34b686aa8c04921397c5807db9ecedba00a4c,1497991230,0.0,0x6b9ef02657339310e28a7a9d4b5f25f7c1f68d61,OUT,2,0.0,0x0791aafa249225e97e22f50e032266d70b30d63458a6f682ae91d652d6088470,internal,call,2.230225105734854 Ether
0,0x55d34b686aa8c04921397c5807db9ecedba00a4c,1497989030,0.0,0x6b9ef02657339310e28a7a9d4b5f25f7c1f68d61,OUT,2,0.0,0x049be307b6b05896f29178b7748bf08f2820c95944068d128e6065cb87ef31f0,internal,call,11.053175452000384 Ether
