Class,address,age,block,creator,direction,inter_direction,txFee,txhash,txn_type,type,value
0,0x84119cb33e8f590d75c2d6ea4e6b0741a7494eda,1535107889,6206646.0,0xad8b03bb5576f31ff3fd29ebda4d5d920a5eafc9,IN,3,0.00014890000000000001,0x4e35045fbed6656219413f46eef50044f2aa88c05013e8f866a70f9477d07c27,external,0,0 Ether
0,0x84119cb33e8f590d75c2d6ea4e6b0741a7494eda,1534495745,6164750.0,0xad8b03bb5576f31ff3fd29ebda4d5d920a5eafc9,IN,3,0.00018082,0x83ac3dfb08d2fa2a829ccd615e6dcd7a2e2c724f26b08e3a14e9cedcc234e2ff,external,0,0 Ether
0,0x84119cb33e8f590d75c2d6ea4e6b0741a7494eda,1534495495,6164733.0,0xad8b03bb5576f31ff3fd29ebda4d5d920a5eafc9,IN,3,0.00018082,0xb6eb09f61806b19e296c82b3a71a0bdc942f8b76e07b57784536ba0eccc5c1d1,external,0,0 Ether
