Class,address,age,block,creator,direction,inter_direction,txFee,txhash,txn_type,type,value
0,0x867ffb5a3871b500f65bdfafe0136f9667deae06,1538720587,6458456.0,0x47d70d729c6efd464cc49ebb6f4ee240219ecb9e,IN,3,0.00035647,0x6a316eab2fa1d349537080d28dc090ba20e7491d7e2e56a1948533972d2af84d,external,0,0.1491 Ether
0,0x867ffb5a3871b500f65bdfafe0136f9667deae06,1538912944,6472235.0,0x47d70d729c6efd464cc49ebb6f4ee240219ecb9e,IN,3,0.00012137,0x6dd30cbc4add95f6edb7db15e0399f3c7541acd7503ef6c07c0eff0eede0aa24,external,0,0.19843 Ether
