Class,address,age,block,creator,direction,inter_direction,txFee,txhash,txn_type,type,value
0,0x89d24a6b4ccb1b6faa2625fe562bdd9a23260359,1524507085,5495003.0,0x552f355ccb9b91c8fb47d9c011abad5b72ec30e9,IN,3,0.00016654,0x8252efaa41ff9bc4107b55c014d1cc53d70e22593a454f6f607d9d7cdca018b8,external,0,0 Ether
0,0x89d24a6b4ccb1b6faa2625fe562bdd9a23260359,1530211555,5872514.0,0x552f355ccb9b91c8fb47d9c011abad5b72ec30e9,IN,3,0.00019034,0xaeaaf0a0d01beeb50730edf20b4f39e261d31b9933c831c16cdef4b9851ceedd,external,0,0 Ether
