Class,address,age,block,creator,direction,inter_direction,txFee,txhash,txn_type,type,value
0,0x89d24a6b4ccb1b6faa2625fe562bdd9a23260359,1525128514,5536443.0,0x552f355ccb9b91c8fb47d9c011abad5b72ec30e9,IN,3,0.00052306,0x2dd035760dbc61ad2e040d6983b52297967278453413b85f451976582fe4cb03,external,0,0 Ether
0,0x89d24a6b4ccb1b6faa2625fe562bdd9a23260359,1521333896,5276351.0,0x552f355ccb9b91c8fb47d9c011abad5b72ec30e9,IN,3,0.0012703,0x6f2b4241dcd1a4722449cd5a6d572ade07db476b16b97a4763d94facd46813d4,external,0,0 Ether
0,0x89d24a6b4ccb1b6faa2625fe562bdd9a23260359,1542671872,6738390.0,0x552f355ccb9b91c8fb47d9c011abad5b72ec30e9,IN,3,0.00044254,0x9e7c6297134cfe1ec39f5b13902bcb0d54f370b1e1a87ef8f6ad0a31c971cd4c,external,0,0 Ether
0,0x89d24a6b4ccb1b6faa2625fe562bdd9a23260359,1520422897,5214354.0,0x552f355ccb9b91c8fb47d9c011abad5b72ec30e9,IN,3,0.00094136,0xa0fb94715b8d621f49c877a26c34a2686238a7ab3e60d20481b7ed6948ecd8f7,external,0,0 Ether
