Class,address,age,block,creator,direction,inter_direction,txFee,txhash,txn_type,type,value
0,0x89d24a6b4ccb1b6faa2625fe562bdd9a23260359,1545404417,6929145.0,0x552f355ccb9b91c8fb47d9c011abad5b72ec30e9,IN,3,0.00013776,0x0fa00068c3871c7797a753b19fc749c93093299a16908a405ae6b2269a4e3136,external,0,0 Ether
0,0x89d24a6b4ccb1b6faa2625fe562bdd9a23260359,1546094168,6976434.0,0x552f355ccb9b91c8fb47d9c011abad5b72ec30e9,IN,3,6.517e-05,0x2f02975dfad8fe61e118af1ddaf31a410f50780350e891fdda3608c2069c3030,external,0,0 Ether
0,0x89d24a6b4ccb1b6faa2625fe562bdd9a23260359,1545402185,6928994.0,0x552f355ccb9b91c8fb47d9c011abad5b72ec30e9,IN,3,0.00018342,0x389ca5bda329ef5e290dd23add54eeca3331a794e65f42c72988812cbecbce12,external,0,0 Ether
0,0x89d24a6b4ccb1b6faa2625fe562bdd9a23260359,1545405221,6929203.0,0x552f355ccb9b91c8fb47d9c011abad5b72ec30e9,IN,3,0.00011555,0x453e84af918875e8b5b3b5a0240f7145f2a203b32eb93bee3773be7abb8f243a,external,0,0 Ether
0,0x89d24a6b4ccb1b6faa2625fe562bdd9a23260359,1545695606,6949083.0,0x552f355ccb9b91c8fb47d9c011abad5b72ec30e9,IN,3,0.00061777,0x629e2adf865ed0c625fe2e652cea4cefffc8b0c97c128a0ffe8d7610a247c9cb,external,0,0 Ether
0,0x89d24a6b4ccb1b6faa2625fe562bdd9a23260359,1546094808,6976477.0,0x552f355ccb9b91c8fb47d9c011abad5b72ec30e9,IN,3,9.517e-05,0xab7cca3162e1dfcc69eeee0ddc1816bbb56ffa97aa262833dda0209e6dc87a81,external,0,0 Ether
