Class,address,age,block,creator,direction,inter_direction,txFee,txhash,txn_type,type,value
1,0x7b307c1f0039f5d38770e15f8043b3dd26da5e8f,1539658907,6525365.0,0xe1f3294e25bb72a2fb53addb82aa1a033797e6e3,OUT,2,0.0,0x8ca11733ce62402a05ec27b59f755b43b17c7fa923a13007b82cdddfaf0dc305,internal,call,0.780250847457627 Ether
1,0x7b307c1f0039f5d38770e15f8043b3dd26da5e8f,1539325703,6501689.0,0xe1f3294e25bb72a2fb53addb82aa1a033797e6e3,OUT,2,0.0,0xe85765d19e2a3b50687d8f0ba60958c6165bc84ff834ff8c21ac1f514acf096a,internal,call,0.350711864406779 Ether
1,0x7b307c1f0039f5d38770e15f8043b3dd26da5e8f,1540111127,6557404.0,0xe1f3294e25bb72a2fb53addb82aa1a033797e6e3,OUT,2,0.0,0xa4c040645745a1e27fd3fcea4df9a13aab25db08cc4ac3d466916e965d541fbe,internal,call,0.262535593220338 Ether
1,0x7b307c1f0039f5d38770e15f8043b3dd26da5e8f,1540032771,0.0,0xe1f3294e25bb72a2fb53addb82aa1a033797e6e3,OUT,2,0.0,0x1b2130787ea796ce4147c7e511235a4a3c133d0f4eabeb0ae9a5bc752406e61e,internal,call,0.875308474576271 Ether
1,0x7b307c1f0039f5d38770e15f8043b3dd26da5e8f,1540232789,6566057.0,0xe1f3294e25bb72a2fb53addb82aa1a033797e6e3,OUT,2,0.0,0x0592d513f731d00533815135624079afe20307d4ab334824dc6b7ff4b680f20a,internal,call,0.410650847457627 Ether
1,0x7b307c1f0039f5d38770e15f8043b3dd26da5e8f,1540261315,6568070.0,0xe1f3294e25bb72a2fb53addb82aa1a033797e6e3,OUT,2,0.0,0x45fa48cc9f09b19021effe03178f674134627fdd34da771490ff09540fde48a2,internal,call,0.09553220338983 Ether
1,0x7b307c1f0039f5d38770e15f8043b3dd26da5e8f,1539426292,6508924.0,0xe1f3294e25bb72a2fb53addb82aa1a033797e6e3,OUT,2,0.0,0x9f4a37da20954d0e2af8ba6b848b828985511832591eec6221ef2cebf586d8a3,internal,call,0.343355932203389 Ether
1,0x7b307c1f0039f5d38770e15f8043b3dd26da5e8f,1539772246,0.0,0xe1f3294e25bb72a2fb53addb82aa1a033797e6e3,OUT,2,0.0,0xc45a8094aaba91d2dacd91a8af5cd6a4dba0b7e0a41f68f03622cee579316979,internal,call,0.382650847457627 Ether
