Class,address,age,block,creator,direction,inter_direction,txFee,txhash,txn_type,type,value
0,0x8aa33a7899fcc8ea5fbe6a608a109c3893a1b8b2,1517083093,4985722.0,0x000001f568875f378bf6d170b790967fe429c81a,IN,3,0.000984,0x29a687b34062f9aea4a1d1e8d0109e996036d24d4c4440cacae971071e3f1b81,external,0,0 Ether
0,0x8aa33a7899fcc8ea5fbe6a608a109c3893a1b8b2,1517083023,4985718.0,0x000001f568875f378bf6d170b790967fe429c81a,IN,3,0.0015394999999999999,0x4b7704694d55093e027d95b6e746ca57dc58ef51d9fab6f7392d102e3282e7bc,external,0,0 Ether
