Class,address,age,block,creator,direction,inter_direction,txFee,txhash,txn_type,type,value
0,0x8aa33a7899fcc8ea5fbe6a608a109c3893a1b8b2,1525435347,5556551.0,0x000001f568875f378bf6d170b790967fe429c81a,IN,3,0.000726,0x575705fbe8559654980cbef00017eb66707aac3402c0d023b2ad3cee376133f7,external,0,0 Ether
0,0x8aa33a7899fcc8ea5fbe6a608a109c3893a1b8b2,1525435505,5556562.0,0x000001f568875f378bf6d170b790967fe429c81a,IN,3,0.00112647,0x6f74b09e40cdcdfcc61a751c2aaadd359a78f58fa755cb8156ed4aacc01dd7c3,external,0,0 Ether
