Class,address,age,block,creator,direction,inter_direction,txFee,txhash,txn_type,type,value
0,0xe7232a9fd8bf427aa41918bc008d32290e22990e,1539481276,6512777.0,0xe44c4cbfdfb747dcde4f99c5462c0ff82d8c6903,OUT,2,0.0,0x7fa781fc5f524018138f702c105ae0360686dd188fee6f97d3336a43cb3a4669,internal,call,0.042361111111111 Ether
0,0xe7232a9fd8bf427aa41918bc008d32290e22990e,1535728603,6249202.0,0xe44c4cbfdfb747dcde4f99c5462c0ff82d8c6903,OUT,2,0.0,0xb4ccaecbe8ee3b0b2b73624a3de230b5236a3a8ff713bcfea5830a4ca22d8ecc,internal,call,0.000706018518518 Ether
