Class,address,age,block,creator,direction,inter_direction,txFee,txhash,txn_type,type,value
1,0xb45fc19d6672084e10000ca72ab08be598efc151,1537653869,6382991.0,0x609432fa3d5d55ef29d804cd1bcf3f45159bfbce,OUT,2,0.0,0x35c7364424a302200845f8deceac2ef335a7984eb6db4d2c61605a225c907d97,internal,call,0.2773715 Ether
1,0xb45fc19d6672084e10000ca72ab08be598efc151,1537426798,6367135.0,0x609432fa3d5d55ef29d804cd1bcf3f45159bfbce,OUT,2,0.0,0x8089cb47ca020699553b7a353b027e1a6efda55b0e89323de8320c660303cc4c,internal,call,0.596440875 Ether
