Class,address,age,block,creator,direction,inter_direction,txFee,txhash,txn_type,type,value
1,0xdf93cdb6dd65c6c28c78dcdc1762aa34caf81678,1540459949,6582190.0,0xcc1ceb36cab5ada7fd0376b55602dd0d4b429c30,OUT,2,0.0,0xde2a1d498065e589596930538a81331e165c4fee885835947f135afed05c2936,internal,call,0.10388136 Ether
1,0xdf93cdb6dd65c6c28c78dcdc1762aa34caf81678,1540947163,6616643.0,0xcc1ceb36cab5ada7fd0376b55602dd0d4b429c30,OUT,2,0.0,0x460ace63e0e3437ab83c3adbac11360d00fcdaa0d03db1109b8baaaea2a466d4,internal,call,0.06730449 Ether
1,0xdf93cdb6dd65c6c28c78dcdc1762aa34caf81678,1541435341,0.0,0xcc1ceb36cab5ada7fd0376b55602dd0d4b429c30,OUT,2,0.0,0x1123669d7f46d54426da7c8fd42bdf3d4bff1114fab1c9a55cded0c0d82f7104,internal,call,0.07342137 Ether
1,0xdf93cdb6dd65c6c28c78dcdc1762aa34caf81678,1540539257,0.0,0xcc1ceb36cab5ada7fd0376b55602dd0d4b429c30,OUT,2,0.0,0xa2a6087765f6b846daa80b58ff6d6573a362c06de925719fe42a602da765e95c,internal,call,0.01308582 Ether
