Class,address,age,block,creator,direction,inter_direction,txFee,txhash,txn_type,type,value
1,0xe1c9a03cf690256ff7738cbd508c88cf5238a535,1523083471,5397731.0,0xc84c18a88789dba5b0ca9c13973435bbce7e961d,OUT,2,0.0,0x21146a02f0296f0ba81f3656138775323d772360b6607995b5c851ea5cde655d,internal,call,0.004113559205377 Ether
1,0xe1c9a03cf690256ff7738cbd508c88cf5238a535,1523144297,5402003.0,0xc84c18a88789dba5b0ca9c13973435bbce7e961d,OUT,2,0.0,0x0239f0a53c4ea043a40074897ccfb2ba5b37c484c5883d080f11c150277c4c06,internal,call,0.022530327527744 Ether
1,0xe1c9a03cf690256ff7738cbd508c88cf5238a535,1523134268,5401325.0,0xc84c18a88789dba5b0ca9c13973435bbce7e961d,OUT,2,0.0,0x133dd08b6289d38ba6e4cbcce03704ae6f1138bb42602c11accf872cc7a86931,internal,call,0.002949050360817 Ether
1,0xe1c9a03cf690256ff7738cbd508c88cf5238a535,1523076193,5394179.0,0xc84c18a88789dba5b0ca9c13973435bbce7e961d,OUT,2,0.0,0x1f5cd97ead662f5fac930b9c881d85fdecebb43dc344f7fc90293b4f687ee339,internal,call,0.010042001364384 Ether
1,0xe1c9a03cf690256ff7738cbd508c88cf5238a535,1522967645,5389647.0,0xc84c18a88789dba5b0ca9c13973435bbce7e961d,OUT,2,0.0,0xe8bf906ad4a6d3eae6304c9ea79d73011670f40b752622214c5a903559a618a4,internal,call,0.14548035518086 Ether
