Class,address,age,block,creator,direction,inter_direction,txFee,txhash,txn_type,type,value
0,0x8d12a197cb00d4747a1fe03395095ce2a5cc6819,1546764606,7021049.0,0x1ed014aec47fae44c9e55bac7662c0b78ae61798,IN,3,0.00011797,0x61b1cc341378b0702a29635b3011a0c38a03a8eefc335a7cf789eabfb210f997,external,0,1.22 Ether
0,0x8d12a197cb00d4747a1fe03395095ce2a5cc6819,1546765242,7021091.0,0x1ed014aec47fae44c9e55bac7662c0b78ae61798,IN,3,0.00019076,0x7e6a932426b401774f9d2d59d00879a766395cdead63b3269f73c656ca30eb8d,external,0,0 Ether
0,0x8d12a197cb00d4747a1fe03395095ce2a5cc6819,1546764826,7021070.0,0x1ed014aec47fae44c9e55bac7662c0b78ae61798,IN,3,0.0015674,0xb14594fe94ddccd22fd70725cca1ee7ddb3c46e3a51aae7045aae4e0c98a7c09,external,0,0 Ether
