Class,address,age,block,creator,direction,inter_direction,txFee,txhash,txn_type,type,value
0,0x8d12a197cb00d4747a1fe03395095ce2a5cc6819,1546130960,6978978.0,0x1ed014aec47fae44c9e55bac7662c0b78ae61798,IN,3,0.0015,0x38727ceab9aa0f52b86bbcca795291b6f9e1a9d19ced450cafd652f154973e77,external,0,0 Ether
0,0x8d12a197cb00d4747a1fe03395095ce2a5cc6819,1545086654,6907639.0,0x1ed014aec47fae44c9e55bac7662c0b78ae61798,IN,3,0.00055945,0x73cc30a600ddddfb910bef88d025a5ca5a4cb44f5cbc890d580810e9c2c27c0c,external,0,0 Ether
0,0x8d12a197cb00d4747a1fe03395095ce2a5cc6819,1546207412,6984228.0,0x1ed014aec47fae44c9e55bac7662c0b78ae61798,IN,3,0.00022778,0x87dee4abbe505ce15929ebd814ef55015b1449d1ed3e6eb1f80a1bafeb763d72,external,0,0 Ether
0,0x8d12a197cb00d4747a1fe03395095ce2a5cc6819,1546130860,6978974.0,0x1ed014aec47fae44c9e55bac7662c0b78ae61798,IN,3,0.0004706000000000001,0x9e72d1e084c2fe3d36170ebdc2f8f0c5979774e732d154a633370468ee188a34,external,0,0 Ether
0,0x8d12a197cb00d4747a1fe03395095ce2a5cc6819,1546814873,7024300.0,0x1ed014aec47fae44c9e55bac7662c0b78ae61798,IN,3,0.00015676,0x51f91db445b140f3c624b0a3eaaff7bf0fcf60c4541545346d4bac70d9a2c9ec,external,0,0 Ether
0,0x8d12a197cb00d4747a1fe03395095ce2a5cc6819,1546929492,7031767.0,0x1ed014aec47fae44c9e55bac7662c0b78ae61798,IN,3,0.00047022,0x596e7e23b8b1fb263969e7509f1111e1c943d6b0d74ffc5b335d884a40db538b,external,0,0 Ether
0,0x8d12a197cb00d4747a1fe03395095ce2a5cc6819,1547067803,7040684.0,0x1ed014aec47fae44c9e55bac7662c0b78ae61798,IN,3,0.00015695,0x708738cbdfb4dfee512fc6b9f29d4aa528ac2aa61f3be74c7a1fd0c7c23340b2,external,0,0 Ether
