Class,address,age,block,creator,direction,inter_direction,txFee,txhash,txn_type,type,value
0,0x8d12a197cb00d4747a1fe03395095ce2a5cc6819,1544971098,6899773.0,0x1ed014aec47fae44c9e55bac7662c0b78ae61798,IN,3,0.0001516,0x4473cfa6725cb6e4c52ade5edace0303c13db2beefad4998ff6e83d6f1af03e7,external,0,0 Ether
0,0x8d12a197cb00d4747a1fe03395095ce2a5cc6819,1544970722,6899750.0,0x1ed014aec47fae44c9e55bac7662c0b78ae61798,IN,3,0.00037322,0x5aefdf68da1b6aa12aaf119165d29d3ca2dd42ccc7a61a1d9d38d6d8fdee6828,external,0,0 Ether
0,0x8d12a197cb00d4747a1fe03395095ce2a5cc6819,1544969912,6899695.0,0x1ed014aec47fae44c9e55bac7662c0b78ae61798,IN,3,0.00015798,0x9d629b0613b923d05376595d1708e9198dd42f2831a9c3c17a62360bea52844e,external,0,0 Ether
