Class,address,age,block,creator,direction,inter_direction,txFee,txhash,txn_type,type,value
0,0x8d12a197cb00d4747a1fe03395095ce2a5cc6819,1544995569,6901449.0,0x1ed014aec47fae44c9e55bac7662c0b78ae61798,IN,3,0.00056946,0x608fa866f929e66de38217419119e4cdb1be92888060663b506a9a86f5252a87,external,0,0 Ether
0,0x8d12a197cb00d4747a1fe03395095ce2a5cc6819,1544995509,6901447.0,0x1ed014aec47fae44c9e55bac7662c0b78ae61798,IN,3,0.00139959,0x6eacddf0981d571eeaed0e41517a5c417eba4250dcff6e6e784875c7b00be4ff,external,0,0 Ether
0,0x8d12a197cb00d4747a1fe03395095ce2a5cc6819,1544995130,6901425.0,0x1ed014aec47fae44c9e55bac7662c0b78ae61798,IN,3,0.0005685,0xa303274e67e644fbb5c0dc971a52f756b997ea0a20bfe21ee75445257575b935,external,0,0 Ether
