Class,address,age,block,creator,direction,inter_direction,txFee,txhash,txn_type,type,value
0,0x8d12a197cb00d4747a1fe03395095ce2a5cc6819,1545990788,6969335.0,0x1ed014aec47fae44c9e55bac7662c0b78ae61798,IN,3,0.00015226,0x98d075e8804ec76c6f93f568637dfb5af4d44be7d9ed5d69e644b0f1793a4c44,external,0,0 Ether
0,0x8d12a197cb00d4747a1fe03395095ce2a5cc6819,1545208569,6915881.0,0x1ed014aec47fae44c9e55bac7662c0b78ae61798,IN,3,0.00015252,0x9b10ae84491ee4ad239e113a531bd4ad2c6ddddf75b087547f81b244e3c6741b,external,0,0 Ether
0,0x8d12a197cb00d4747a1fe03395095ce2a5cc6819,1546934394,7032067.0,0x1ed014aec47fae44c9e55bac7662c0b78ae61798,IN,3,0.00019269,0xa6e0c549ba47d38c7213ef2bf3b88a297841f81c376d61de3c7a8cf4e187af92,external,0,0 Ether
