Class,address,age,block,creator,direction,inter_direction,txFee,txhash,txn_type,type,value
0,0x8d12a197cb00d4747a1fe03395095ce2a5cc6819,1543301026,6782696.0,0x1ed014aec47fae44c9e55bac7662c0b78ae61798,IN,3,0.00015216,0x09a176b411cf39d94913f52cb3ee26a26287520e444a11e7afdc98ce0812ace8,external,0,0 Ether
0,0x8d12a197cb00d4747a1fe03395095ce2a5cc6819,1543300453,6782660.0,0x1ed014aec47fae44c9e55bac7662c0b78ae61798,IN,3,0.001,0x45533af1dced8e04b593e44e3b9bc13fcbe2c45b18b2e868ebe8171dce37f992,external,0,0 Ether
0,0x8d12a197cb00d4747a1fe03395095ce2a5cc6819,1543301283,6782713.0,0x1ed014aec47fae44c9e55bac7662c0b78ae61798,IN,3,0.00017797,0x5a1ac6f36d6b7e49776f4572c1421da891fc5f3f58922a4a995e95b8d80a5d43,external,0,0.004 Ether
0,0x8d12a197cb00d4747a1fe03395095ce2a5cc6819,1543301370,6782718.0,0x1ed014aec47fae44c9e55bac7662c0b78ae61798,IN,3,0.00037194,0x7b25b6ceb98173e7c812b53af48a58cb2a005628c607141587754d7c4f43a4ac,external,0,0 Ether
