Class,address,age,block,creator,direction,inter_direction,txFee,txhash,txn_type,type,value
0,0x8d12a197cb00d4747a1fe03395095ce2a5cc6819,1545036608,6904238.0,0x1ed014aec47fae44c9e55bac7662c0b78ae61798,IN,3,0.00017695,0x04a72572631974187e8b35d9c87abc2d940ba5713622b337726e69e70f8ead79,external,0,40 Ether
0,0x8d12a197cb00d4747a1fe03395095ce2a5cc6819,1543664875,6808236.0,0x1ed014aec47fae44c9e55bac7662c0b78ae61798,IN,3,0.00015565,0x202106b320b92245b2de36d01143f1e7c595e356b8d8460b0c9dc72f59280cfa,external,0,0 Ether
0,0x8d12a197cb00d4747a1fe03395095ce2a5cc6819,1543589370,6802955.0,0x1ed014aec47fae44c9e55bac7662c0b78ae61798,IN,3,0.00032442,0x32fafec40fa8c3bdfad4d7ebd33383625847e32de94e9e88592f96b4bcdb70ae,external,0,82 Ether
0,0x8d12a197cb00d4747a1fe03395095ce2a5cc6819,1545394210,6928482.0,0x1ed014aec47fae44c9e55bac7662c0b78ae61798,IN,3,0.00015185,0x3580add81a05994b953f07a4c335ace1a3615a9dd55e105f0563528b23cff183,external,0,0 Ether
0,0x8d12a197cb00d4747a1fe03395095ce2a5cc6819,1546141306,6979638.0,0x1ed014aec47fae44c9e55bac7662c0b78ae61798,IN,3,0.00012004,0x762ddd3d8ae565aa32c9a9d4f5e7f162dcbb5efb8c9c916bba897746ce4e6e36,external,0,0 Ether
0,0x8d12a197cb00d4747a1fe03395095ce2a5cc6819,1545029033,6903695.0,0x1ed014aec47fae44c9e55bac7662c0b78ae61798,IN,3,0.00026574,0xa55a18c43bf91f0477603f4d02f0381e3bdfb44ebb7716749d1ed953e9e0d07a,external,0,0 Ether
