Class,address,age,block,creator,direction,inter_direction,txFee,txhash,txn_type,type,value
0,0x8d12a197cb00d4747a1fe03395095ce2a5cc6819,1544879958,6893404.0,0x1ed014aec47fae44c9e55bac7662c0b78ae61798,IN,3,0.00378108,0x21a261873066e17195e498bf6cb48b83dbe5b1adc644e46db4ea29dd82d255d1,external,0,0 Ether
0,0x8d12a197cb00d4747a1fe03395095ce2a5cc6819,1544879472,6893364.0,0x1ed014aec47fae44c9e55bac7662c0b78ae61798,IN,3,0.00157614,0x64286395643151cf6b802191f396dc4d97c872eb9f22b174fa52429b90626b72,external,0,0 Ether
