Class,address,age,block,creator,direction,inter_direction,txFee,txhash,txn_type,type,value
0,0x8f3470a7388c05ee4e7af3d01d8c722b0ff52374,1511257185,4595816.0,0x44cab6f6dc7045fd4acd1d0f3d09fc7a83004bd3,IN,3,0.00147204,0x04a8b41afb004977c90318d7bbd54427878f2deb458ae0501869eba0a4d194d4,external,0,0 Ether
0,0x8f3470a7388c05ee4e7af3d01d8c722b0ff52374,1511256838,4595795.0,0x44cab6f6dc7045fd4acd1d0f3d09fc7a83004bd3,IN,3,0.00206948,0x4dc7d061f620c4a1be563656e4ef02255b530e3b7ce45d253313d24888253b8a,external,0,0 Ether
0,0x8f3470a7388c05ee4e7af3d01d8c722b0ff52374,1511257358,4595828.0,0x44cab6f6dc7045fd4acd1d0f3d09fc7a83004bd3,IN,3,0.00147204,0x4f7917e15bc356cda36845b539c7a43769641af505c82312cf39bb6f41542f65,external,0,0 Ether
0,0x8f3470a7388c05ee4e7af3d01d8c722b0ff52374,1511258189,4595890.0,0x44cab6f6dc7045fd4acd1d0f3d09fc7a83004bd3,IN,3,0.0008746,0x5cd085d97b676d4f82ec2743ae697a74c9c3d70abc4159e4f42b1a45cdb18d4a,external,0,0 Ether
