Class,address,age,block,creator,direction,inter_direction,txFee,txhash,txn_type,type,value
0,0x8f3470a7388c05ee4e7af3d01d8c722b0ff52374,1503313534,4187012.0,0x44cab6f6dc7045fd4acd1d0f3d09fc7a83004bd3,IN,3,0.00018242,0x15721142b6803d5c8c33aececf5b7fa39de17e4898bed67ee68c6c3b77237af6,external,0,0 Ether
0,0x8f3470a7388c05ee4e7af3d01d8c722b0ff52374,1503313342,4187003.0,0x44cab6f6dc7045fd4acd1d0f3d09fc7a83004bd3,IN,3,0.00018242,0x3aa9ea49a845f9da7624d489a975d84a000fee78525e9f9cedc2f10eafb52d63,external,0,0 Ether
0,0x8f3470a7388c05ee4e7af3d01d8c722b0ff52374,1503327246,4187684.0,0x44cab6f6dc7045fd4acd1d0f3d09fc7a83004bd3,IN,3,0.00018242,0x5485172dc72e01d2be07cdeee36cedfca74514cf4a3aee95d4e2dade239f1772,external,0,0 Ether
0,0x8f3470a7388c05ee4e7af3d01d8c722b0ff52374,1503318720,4187276.0,0x44cab6f6dc7045fd4acd1d0f3d09fc7a83004bd3,IN,3,0.00108647,0x7188fd0d6be653bd95d32ba3315e94757ea2502c787350e193040b2ad87ddca2,external,0,0 Ether
