Class,address,age,block,creator,direction,inter_direction,txFee,txhash,txn_type,type,value
0,0x459f7854776ed005b6ec63a88f834fdab0b6993e,1507651128,0.0,0xa7b0883a9e885177f30fcdc42b6e4a015f20e53b,OUT,2,0.0,0x7252f2c437994d6ff09886c488922ec0d47b33b8ad67307931628c6e4cdebf3a,internal,call,0.000001 Ether
0,0x459f7854776ed005b6ec63a88f834fdab0b6993e,1507650430,0.0,0xa7b0883a9e885177f30fcdc42b6e4a015f20e53b,OUT,2,0.0,0x1a1137375e832a1d8c89dbe72e068100a27d17441659a72e2dbed74d60f0715c,internal,call,0.000001 Ether
