Class,address,age,block,creator,direction,inter_direction,txFee,txhash,txn_type,type,value
0,0x8f3470a7388c05ee4e7af3d01d8c722b0ff52374,1502222499,4134766.0,0x44cab6f6dc7045fd4acd1d0f3d09fc7a83004bd3,IN,3,0.00018217,0x06128a3816dd604182f331ef6e0f61ea67d14ade38d18112c1a6b9d66eae40f9,external,0,0 Ether
0,0x8f3470a7388c05ee4e7af3d01d8c722b0ff52374,1536413000,6296372.0,0x44cab6f6dc7045fd4acd1d0f3d09fc7a83004bd3,IN,3,0.00077416,0x31b538a0e3bebc5b024c16f0f58c3cf7a235a12c82875d9e6a2d4e04243a9c27,external,0,0 Ether
0,0x8f3470a7388c05ee4e7af3d01d8c722b0ff52374,1542265599,6709685.0,0x44cab6f6dc7045fd4acd1d0f3d09fc7a83004bd3,IN,3,0.00095516,0x54aa6a213f7f4721c3c7fe0ebb59568da927fbb1000b00fc6d09724c4d9588bc,external,0,0 Ether
0,0x8f3470a7388c05ee4e7af3d01d8c722b0ff52374,1502507635,4148260.0,0x44cab6f6dc7045fd4acd1d0f3d09fc7a83004bd3,IN,3,0.00018268,0x6e5ad00d6e353d4d5d0a3543e4e666d1295b611e169d63fa6ab1f5b316ce869e,external,0,0 Ether
0,0x8f3470a7388c05ee4e7af3d01d8c722b0ff52374,1502507863,4148274.0,0x44cab6f6dc7045fd4acd1d0f3d09fc7a83004bd3,IN,3,0.00018268,0x87438c65659e8113202c7404b2d1e2c085a8e116dd85ff197bd9e6e9c3be1589,external,0,0 Ether
0,0x8f3470a7388c05ee4e7af3d01d8c722b0ff52374,1543823729,6819341.0,0x44cab6f6dc7045fd4acd1d0f3d09fc7a83004bd3,IN,3,0.00095849,0x93508b2b625197d1fb41632792055d557300cf2599d45913c5ec0b2a59c57e66,external,0,0 Ether
0,0x8f3470a7388c05ee4e7af3d01d8c722b0ff52374,1540354193,6571594.0,0x44cab6f6dc7045fd4acd1d0f3d09fc7a83004bd3,IN,3,0.00134682,0x9fabdb224f0849e16986573a745ab06db49efcfc9e8f1f6db0c561842bddc0bc,external,0,0 Ether
