Class,address,age,block,creator,direction,inter_direction,txFee,txhash,txn_type,type,value
0,0x8f3470a7388c05ee4e7af3d01d8c722b0ff52374,1504416146,4234048.0,0x44cab6f6dc7045fd4acd1d0f3d09fc7a83004bd3,IN,3,0.00132483,0x439ae89f2aefcbce3f4986fb31993b992d3ff6735f5588ce3e732d719fd335ef,external,0,0 Ether
0,0x8f3470a7388c05ee4e7af3d01d8c722b0ff52374,1503396026,4190984.0,0x44cab6f6dc7045fd4acd1d0f3d09fc7a83004bd3,IN,3,0.00121232,0x6b9f5b665d7e082f1a646aff7ad2c867cd83cd8bd78cd2c2ec8a0c639d37a94d,external,0,0 Ether
0,0x8f3470a7388c05ee4e7af3d01d8c722b0ff52374,1504415764,4234039.0,0x44cab6f6dc7045fd4acd1d0f3d09fc7a83004bd3,IN,3,0.00186253,0x9742946b35dd420e0ce9f10412d85f9bd3ac0ac8a7ee6364b90db5fb405a0d2d,external,0,0 Ether
0,0x8f3470a7388c05ee4e7af3d01d8c722b0ff52374,1504416440,4234059.0,0x44cab6f6dc7045fd4acd1d0f3d09fc7a83004bd3,IN,3,0.00078944,0x9e900fe5bd6618010749b2983a6a5b43c6b18dccdde112b0de6806a2364882d0,external,0,0 Ether
