Class,address,age,block,creator,direction,inter_direction,txFee,txhash,txn_type,type,value
1,0xb547027a4ccd46ec98199fa88aaedf5aa981db26,1537985970,0.0,0xaf9c025ce6322a23ac00301c714f4f42895c9818,OUT,2,0.0,0x32dd38078e8fa6f926dd420a186861afa5650380dcfa546f617833eb0a778f1c,internal,call,0.001925 Ether
1,0xb547027a4ccd46ec98199fa88aaedf5aa981db26,1537984706,6406411.0,0xaf9c025ce6322a23ac00301c714f4f42895c9818,OUT,2,0.0,0x93ef23474e0c2487406872a8c4c08fa3843da44536d10f1cf9df0eff065d74d0,internal,call,0.077916666666666 Ether
1,0xb547027a4ccd46ec98199fa88aaedf5aa981db26,1537933721,6402784.0,0xaf9c025ce6322a23ac00301c714f4f42895c9818,OUT,2,0.0,0x19d17bba10ed4c7fdfdb4bd71d3cb39461c6ccdc3d10d919f4c73c2657205ab7,internal,call,0.056741666666666 Ether
1,0xb547027a4ccd46ec98199fa88aaedf5aa981db26,1537863682,6397839.0,0xaf9c025ce6322a23ac00301c714f4f42895c9818,OUT,2,0.0,0xd4308582f76cc5ae8a3ad8e0a07233b9a121764e1806f54e783d91e6161ee2b5,internal,call,0.0979 Ether
1,0xb547027a4ccd46ec98199fa88aaedf5aa981db26,1537896559,6400196.0,0xaf9c025ce6322a23ac00301c714f4f42895c9818,OUT,2,0.0,0x38535928f585e9a16c04ed79b514e5c0647ed1193801acb48cfbd978add2be94,internal,call,0.050233333333333 Ether
