Class,address,age,block,creator,direction,inter_direction,txFee,txhash,txn_type,type,value
0,0x93e682107d1e9defb0b5ee701c71707a4b2e46bc,1530394919,5884839.0,0xc5cf6410a3f2eda2b31ea73a4fd9b3e80d035fe1,IN,3,0.00206912,0x0f03eba3f6cb96f1743720c38ccd345bd6fe837126d2df365513b1a456d1cd2f,external,0,0 Ether
0,0x93e682107d1e9defb0b5ee701c71707a4b2e46bc,1530404048,5885474.0,0xc5cf6410a3f2eda2b31ea73a4fd9b3e80d035fe1,IN,3,0.00147168,0x25a3e7352ac40617c266937d3af40c08b449af8e7edbd468a67d97d03ce2671f,external,0,0 Ether
