Class,address,age,block,creator,direction,inter_direction,txFee,txhash,txn_type,type,value
0,0x93e682107d1e9defb0b5ee701c71707a4b2e46bc,1531796446,5980198.0,0xc5cf6410a3f2eda2b31ea73a4fd9b3e80d035fe1,IN,3,0.00150584,0x04e0f8bcc1315dbfe2c651fe7f8adeccdbc9a497a991f6335831a1f75a1a845e,external,0,0 Ether
0,0x93e682107d1e9defb0b5ee701c71707a4b2e46bc,1531796064,5980171.0,0xc5cf6410a3f2eda2b31ea73a4fd9b3e80d035fe1,IN,3,0.00150584,0x126f2bb8cdfeb9f76467444e31795bab5ddfe797cbb0ee19a38e72ba4e8912c6,external,0,0 Ether
0,0x93e682107d1e9defb0b5ee701c71707a4b2e46bc,1531365913,5950470.0,0xc5cf6410a3f2eda2b31ea73a4fd9b3e80d035fe1,IN,3,0.00150584,0x399f4c17cedbacbaf2374b5ecb2cf537c7bb8b4b9c561a6bfadad73863ac349c,external,0,0 Ether
0,0x93e682107d1e9defb0b5ee701c71707a4b2e46bc,1530870418,5917027.0,0xc5cf6410a3f2eda2b31ea73a4fd9b3e80d035fe1,IN,3,0.00211822,0x478627f32a4a56e1f75382c0cb6962d5dc6a50d48126116a50cf5b940009d435,external,0,0 Ether
0,0x93e682107d1e9defb0b5ee701c71707a4b2e46bc,1526427906,5622427.0,0xc5cf6410a3f2eda2b31ea73a4fd9b3e80d035fe1,IN,3,0.00150322,0x9dbfbfdade3b572236f3a691ae352b9fb381f10ae3666f567275aa10172cda23,external,0,0 Ether
