Class,address,age,block,creator,direction,inter_direction,txFee,txhash,txn_type,type,value
0,0x93e682107d1e9defb0b5ee701c71707a4b2e46bc,1522273771,5341341.0,0xc5cf6410a3f2eda2b31ea73a4fd9b3e80d035fe1,IN,3,0.00320647,0x2f40451d611c0b92442ad4939ca9ff1e751f3cd004efa7fc4b18ca0d6ea1c7f7,external,0,0 Ether
0,0x93e682107d1e9defb0b5ee701c71707a4b2e46bc,1521329623,5276076.0,0xc5cf6410a3f2eda2b31ea73a4fd9b3e80d035fe1,IN,3,0.00212347,0x47710b701f0b08b8835296cb457d4eefee1304d61d596a801d514e8407f2679e,external,0,0 Ether
