Class,address,age,block,creator,direction,inter_direction,txFee,txhash,txn_type,type,value
0,0x96a65609a7b84e8842732deb08f56c3e21ac6f8a,1511226955,4593676.0,0x387792f7d2aa6e7fa1312261cf36f5f6f6b97c00,IN,3,0.00045414,0x06ccfb5bb6910d66cdbff41239be0e71cf47df62f5cb92814512df6f4e91ee96,external,0,0 Ether
0,0x96a65609a7b84e8842732deb08f56c3e21ac6f8a,1523090380,5398226.0,0x387792f7d2aa6e7fa1312261cf36f5f6f6b97c00,IN,3,0.00011385,0x1556aa1625793ff46dd937149c17136765f36808c9009b18c1a3a8449671fd07,external,0,0 Ether
0,0x96a65609a7b84e8842732deb08f56c3e21ac6f8a,1522024753,5324260.0,0x387792f7d2aa6e7fa1312261cf36f5f6f6b97c00,IN,3,0.00011321,0x42f3234d3c76e7cb7c16022ad5856e0313a2aae4d8152d018c3def52cc78cb25,external,0,0 Ether
0,0x96a65609a7b84e8842732deb08f56c3e21ac6f8a,1517189353,4993099.0,0x387792f7d2aa6e7fa1312261cf36f5f6f6b97c00,IN,3,0.00067929,0x4cd690cf15be128014b30a033a43495f146ef1c32a8269903d40f183fc63a82d,external,0,0 Ether
0,0x96a65609a7b84e8842732deb08f56c3e21ac6f8a,1516737561,4961980.0,0x387792f7d2aa6e7fa1312261cf36f5f6f6b97c00,IN,3,0.0007925,0x660847428627e971cfb3d12a43789095523c0fd4eaa63f7af9caf98498ba367a,external,0,0 Ether
0,0x96a65609a7b84e8842732deb08f56c3e21ac6f8a,1508028240,4367473.0,0x387792f7d2aa6e7fa1312261cf36f5f6f6b97c00,IN,3,0.00045286,0x695eb091236a50757328aa4695ff94f0f6eefc172ecc72a452fbc46a12f315de,external,0,0 Ether
0,0x96a65609a7b84e8842732deb08f56c3e21ac6f8a,1522729746,5370044.0,0x387792f7d2aa6e7fa1312261cf36f5f6f6b97c00,IN,3,0.00011353,0x7dc60fec02379dad47b73ca16d0eb00b68ef6918ecf83d63484ee893544d7ff0,external,0,0 Ether
0,0x96a65609a7b84e8842732deb08f56c3e21ac6f8a,1513008908,4713967.0,0x387792f7d2aa6e7fa1312261cf36f5f6f6b97c00,IN,3,0.00068121,0x845debc34ea43491eb0f0d5e031681c577ad6fba45ea31ea00764c823c2d7c97,external,0,0 Ether
