Class,address,age,block,creator,direction,inter_direction,txFee,txhash,txn_type,type,value
0,0x96a65609a7b84e8842732deb08f56c3e21ac6f8a,1517570630,5018907.0,0x387792f7d2aa6e7fa1312261cf36f5f6f6b97c00,IN,3,0.00120662,0x143d436d5e7faa59c74f877fe6ea937e58ee04431a73ed0290aabdd24fefc5cf,external,0,0 Ether
0,0x96a65609a7b84e8842732deb08f56c3e21ac6f8a,1526821523,5648207.0,0x387792f7d2aa6e7fa1312261cf36f5f6f6b97c00,IN,3,0.00063993,0x1cc5e5dac7a2e87b84ca314831f32f666773808c4c655d707f335393d832b5b8,external,0,0 Ether
0,0x96a65609a7b84e8842732deb08f56c3e21ac6f8a,1530319441,5879801.0,0x387792f7d2aa6e7fa1312261cf36f5f6f6b97c00,IN,3,0.00086578,0x45352ae31c06a878459eaee7b16b44669ee38b391f7883534e9bd1f97d33ab2b,external,0,0 Ether
