Class,address,age,block,creator,direction,inter_direction,txFee,txhash,txn_type,type,value
0,0x96a65609a7b84e8842732deb08f56c3e21ac6f8a,1514078817,4787676.0,0x387792f7d2aa6e7fa1312261cf36f5f6f6b97c00,IN,3,0.00047999999999999996,0x331feb93eb2535e6cb3baf434ce0ff188e84e4f39a0c95124bf93b089fda3a28,external,0,0 Ether
0,0x96a65609a7b84e8842732deb08f56c3e21ac6f8a,1514079031,4787693.0,0x387792f7d2aa6e7fa1312261cf36f5f6f6b97c00,IN,3,0.00105158,0x4aa44d2f36850f7f871b96e1e3686239b34b7227867ca3d511960cee0b51a880,external,0,0 Ether
0,0x96a65609a7b84e8842732deb08f56c3e21ac6f8a,1514079200,4787704.0,0x387792f7d2aa6e7fa1312261cf36f5f6f6b97c00,IN,3,0.00045286,0x87a27408d0c76b1ff5709e8471bef5d38d3cae9a50fb4b0c93d9bf4b8d45dedb,external,0,0 Ether
