Class,address,age,block,creator,direction,inter_direction,txFee,txhash,txn_type,type,value
0,0x96a65609a7b84e8842732deb08f56c3e21ac6f8a,1513401254,4742844.0,0x387792f7d2aa6e7fa1312261cf36f5f6f6b97c00,IN,3,0.0015,0x58d96e608396f0470c79fac6c6e1556d4c56b068041b1945d91cd05154e8250f,external,0,0 Ether
0,0x96a65609a7b84e8842732deb08f56c3e21ac6f8a,1513401879,4742878.0,0x387792f7d2aa6e7fa1312261cf36f5f6f6b97c00,IN,3,0.00113505,0x61058e53aa10028ba01290ba22a0bd84f42c1b537f1dba2f46bcf0a4a192bfe3,external,0,0 Ether
0,0x96a65609a7b84e8842732deb08f56c3e21ac6f8a,1521750600,5305128.0,0x387792f7d2aa6e7fa1312261cf36f5f6f6b97c00,IN,3,0.00037643,0xa17093811a16beeb34a0893b30c4459d61f88da206744bbb8f541660e296998c,external,0,0 Ether
