Class,address,age,block,creator,direction,inter_direction,txFee,txhash,txn_type,type,value
0,0x96a65609a7b84e8842732deb08f56c3e21ac6f8a,1514080152,4787770.0,0x387792f7d2aa6e7fa1312261cf36f5f6f6b97c00,IN,3,0.00075414,0x5c8a6042db26672c7dd1bb76f905d6f277b2b42ba4268ff395511155c9353f1e,external,0,0 Ether
0,0x96a65609a7b84e8842732deb08f56c3e21ac6f8a,1514081912,4787880.0,0x387792f7d2aa6e7fa1312261cf36f5f6f6b97c00,IN,3,0.00047819,0xa221d534c73e2cb603363b6d6d782333d921dc424993303ecf644da766b9c331,external,0,0 Ether
0,0x96a65609a7b84e8842732deb08f56c3e21ac6f8a,1514554409,4820403.0,0x387792f7d2aa6e7fa1312261cf36f5f6f6b97c00,IN,3,0.0004566,0xa774b2e51bb35779344092c5c88a8a54e9e96bc9b8f08129a6aab69ceb94e86a,external,0,0 Ether
