Class,address,age,block,creator,direction,inter_direction,txFee,txhash,txn_type,type,value
0,0x96a65609a7b84e8842732deb08f56c3e21ac6f8a,1522879464,5383424.0,0x387792f7d2aa6e7fa1312261cf36f5f6f6b97c00,IN,3,0.00018212,0x33efd00d963411e8c988780b340e8f5398449b7601507e0f20112563c42e3e2e,external,0,0 Ether
0,0x96a65609a7b84e8842732deb08f56c3e21ac6f8a,1514921628,4845215.0,0x387792f7d2aa6e7fa1312261cf36f5f6f6b97c00,IN,3,0.0011055,0xadcebc1681b8a0f0c09445fa9d9ddb135a9c9c9172f238cfcf2d74c10b887960,external,0,0 Ether
