Class,address,age,block,creator,direction,inter_direction,txFee,txhash,txn_type,type,value
1,0x4e8ecf79ade5e2c49b9e30d795517a81e0bf00b8,1532723492,0.0,0xf39e044e1ab204460e06e87c6dca2c6319fc69e3,OUT,2,0.0,0xb9435fa4a3824459c86af0c39980e812feb93ba6e24e4a5a6cc0ededfd12b44d,internal,call,0.199563127063775 Ether
1,0x4e8ecf79ade5e2c49b9e30d795517a81e0bf00b8,1532716413,6042747.0,0xf39e044e1ab204460e06e87c6dca2c6319fc69e3,OUT,2,0.0,0x9d7dd53d377e3c1362ba4afeb77ee588a298558b6d73ba2b4128a0b9851fecde,internal,call,0.44928883865678 Ether
