Class,address,age,block,creator,direction,inter_direction,txFee,txhash,txn_type,type,value
1,0xb547027a4ccd46ec98199fa88aaedf5aa981db26,1537801183,0.0,0xaf9c025ce6322a23ac00301c714f4f42895c9818,OUT,2,0.0,0xa221d73ed0f0d9d91dbe034f9f56ae98d84e8edb3b684447523a8bc619e3da6d,internal,call,0.000160416666666 Ether
1,0xb547027a4ccd46ec98199fa88aaedf5aa981db26,1538017146,6408667.0,0xaf9c025ce6322a23ac00301c714f4f42895c9818,OUT,2,0.0,0x1934a6fdeeba58869bcc75477a3979c4150965f01f34fb7d6b282c271941b9b4,internal,call,0.000091666666666 Ether
1,0xb547027a4ccd46ec98199fa88aaedf5aa981db26,1538017064,6408665.0,0xaf9c025ce6322a23ac00301c714f4f42895c9818,OUT,2,0.0,0x6f2ab91b405c03412d6344d9106711713c7e98b6c8d7f8a1bbaeecb63803cc00,internal,call,0.012833333333333 Ether
1,0xb547027a4ccd46ec98199fa88aaedf5aa981db26,1537800733,0.0,0xaf9c025ce6322a23ac00301c714f4f42895c9818,OUT,2,0.0,0xad24eae9ad3367d2b47bc310324ccc0bfb8734dad13564b79c1149756d9bcde0,internal,call,0.000171875 Ether
1,0xb547027a4ccd46ec98199fa88aaedf5aa981db26,1537973940,0.0,0xaf9c025ce6322a23ac00301c714f4f42895c9818,OUT,2,0.0,0x44099bb2b4a559e3229ef4b45887ccb753aadfbe6695a87574ad8895fb36840c,internal,call,0.129754166666666 Ether
1,0xb547027a4ccd46ec98199fa88aaedf5aa981db26,1537804068,0.0,0xaf9c025ce6322a23ac00301c714f4f42895c9818,OUT,2,0.0,0xe8b4b44c3e4c0ff659d50cb993b962f8d7916487f8551491d2ee2e83cddfc35f,internal,call,0.001260416666666 Ether
1,0xb547027a4ccd46ec98199fa88aaedf5aa981db26,1538000266,6407498.0,0xaf9c025ce6322a23ac00301c714f4f42895c9818,OUT,2,0.0,0xf784ace1f7547a4bad87377480a068abd05b9fca88a7d37bb656edb878fc09f5,internal,call,0.020075 Ether
