Class,address,age,block,creator,direction,inter_direction,txFee,txhash,txn_type,type,value
1,0x9b5bbb16a7a68660f6503eff6c8e3159820d6396,1540471707,6582997.0,0xdacca760db181e54d96b9a061acc0d2d48a05593,OUT,2,0.0,0xe388277aad768a99ed88ca945780476cea7fe6086dd1294ac95ee1da0c073fdc,internal,call,0.0255 Ether
1,0x9b5bbb16a7a68660f6503eff6c8e3159820d6396,1538722080,6458557.0,0xdacca760db181e54d96b9a061acc0d2d48a05593,OUT,2,0.0,0x9319d0eba6df259507f1b3f5766fc4c9b2c5ceb39c3ff69f7d4f128425d49548,internal,call,0.0255 Ether
1,0x9b5bbb16a7a68660f6503eff6c8e3159820d6396,1540293003,6570307.0,0xdacca760db181e54d96b9a061acc0d2d48a05593,OUT,2,0.0,0x3a29ed8daa12c01f125a00b94a6269cc1ba8d541415081c11d3768add3f35acd,internal,call,0.03825 Ether
1,0x9b5bbb16a7a68660f6503eff6c8e3159820d6396,1538546879,6446105.0,0xdacca760db181e54d96b9a061acc0d2d48a05593,OUT,2,0.0,0x2906757273eea06aa70b3486f7969ed2a4c50a1bacd22af6adcb0b2f85270795,internal,call,0.0255 Ether
1,0x9b5bbb16a7a68660f6503eff6c8e3159820d6396,1540018192,6550831.0,0xdacca760db181e54d96b9a061acc0d2d48a05593,OUT,2,0.0,0x5981de072715b4570a1ba603d7b7bcd22ab79f4608dffc3f3133e26ab324707f,internal,call,0.0765 Ether
1,0x9b5bbb16a7a68660f6503eff6c8e3159820d6396,1539499740,6514113.0,0xdacca760db181e54d96b9a061acc0d2d48a05593,OUT,2,0.0,0xd2365a934cd12deb6286bb92c6fa755b5bb03c7985aa47e5f20745f98b67dd82,internal,call,0.11475 Ether
