Class,address,age,block,creator,direction,inter_direction,txFee,txhash,txn_type,type,value
0,0xb56c725467c7eec851b1a4a4222d930932b04e89,1501434133,4097350.0,0xff9f64abe5d9ea11e3f2617c0715d6e0f0be175d,OUT,2,0.0,0x5a7549b98f9b2efd991bf1be9fbef6b17bf3642d647c173cceb8ed6fd581fedd,internal,call,0.008427625 Ether
0,0xb56c725467c7eec851b1a4a4222d930932b04e89,1520320626,5207362.0,0xff9f64abe5d9ea11e3f2617c0715d6e0f0be175d,OUT,2,0.0,0x045465a9046be760cbcb074c4bea742b05803d6850f830086c2d033c2c5949f1,internal,call,0.01806625 Ether
0,0xb56c725467c7eec851b1a4a4222d930932b04e89,1520257115,5203061.0,0xff9f64abe5d9ea11e3f2617c0715d6e0f0be175d,OUT,2,0.0,0xbc95ae9edb6ce3c85a28ffd5ddcddc45fbff26c1695e4cd64f770cbfdff8ee99,internal,call,0.028613125 Ether
0,0xb56c725467c7eec851b1a4a4222d930932b04e89,1510236466,4522370.0,0xff9f64abe5d9ea11e3f2617c0715d6e0f0be175d,OUT,2,0.0,0x8ecc304918d031867f43a17c4dd2aca04b309a5acf0e6233e026f554eb0189c0,internal,call,0.014221 Ether
0,0xb56c725467c7eec851b1a4a4222d930932b04e89,1510229527,4521877.0,0xff9f64abe5d9ea11e3f2617c0715d6e0f0be175d,OUT,2,0.0,0x14ab668c6d1c39d40115cefa7ac3584503f9bd15d44caa90c6d1ec70d5bfed5a,internal,call,0.00541 Ether
0,0xb56c725467c7eec851b1a4a4222d930932b04e89,1510225719,4521586.0,0xff9f64abe5d9ea11e3f2617c0715d6e0f0be175d,OUT,2,0.0,0xccb2a2709b03c8b92fcadd33f00404bb4e648f20cd9637f366e1c414990bf11d,internal,call,0.000515 Ether
0,0xb56c725467c7eec851b1a4a4222d930932b04e89,1510224742,4521506.0,0xff9f64abe5d9ea11e3f2617c0715d6e0f0be175d,OUT,2,0.0,0xba13e3f50a01da7170a4172911b39198e547db9da848a10a13a8751a15aa8a51,internal,call,0.0087205 Ether
