Class,address,age,block,creator,direction,inter_direction,txFee,txhash,txn_type,type,value
0,0x9f8f72aa9304c8b593d555f12ef6589cc3a579a2,1544127180,6840544.0,0x731c6f8c754fa404cfcc2ed8035ef79262f65702,IN,3,0.00059401,0x28b1293859b855dc5561499e1e45c9a53915fee430c773bce874956d45ef0589,external,0,0 Ether
0,0x9f8f72aa9304c8b593d555f12ef6589cc3a579a2,1544127875,6840589.0,0x731c6f8c754fa404cfcc2ed8035ef79262f65702,IN,3,0.00100704,0x552e38ad96de6cdc24237985326f67389da40d05cec46479806a159d2391e030,external,0,0 Ether
