Class,address,age,block,creator,direction,inter_direction,txFee,txhash,txn_type,type,value
0,0x9f1b9ea49eeab4bee2a2ce780fb9996dab384f3f,1503249249,4183864.0,0x6adabe44107afda369d73c671a32b9afee810121,IN,3,0.0007704,0x479e06b96f636b2ffbeab4d08d2949725e71bf76aedff40547e0ac7e5b5aeaa7,external,0,0 Ether
0,0x9f1b9ea49eeab4bee2a2ce780fb9996dab384f3f,1503530902,4197572.0,0x6adabe44107afda369d73c671a32b9afee810121,IN,3,0.00045539999999999996,0x613ef3c118f8d3aed3a714c0b73486786de91d09f313d0132aec693c65ba5b8f,external,0,0 Ether
0,0x9f1b9ea49eeab4bee2a2ce780fb9996dab384f3f,1503249117,4183858.0,0x6adabe44107afda369d73c671a32b9afee810121,IN,3,0.0010854,0x8534361fc79a665225eaffdde814c3c3cfa6692347d3beeabb7eedcf5fc77c17,external,0,0 Ether
