Class,address,age,block,creator,direction,inter_direction,txFee,txhash,txn_type,type,value
1,0x8a883a20940870dc055f2070ac8ec847ed2d9918,1532319577,6012836.0,0xc14f8469d4bb31c8e69fae9c16e262f45edc3635,OUT,2,0.0,0xe21bf0a63968501813f2b4f92556027dc00a281bb6516091ace2c7612ccd294f,internal,call,0.127268495236314 Ether
1,0x8a883a20940870dc055f2070ac8ec847ed2d9918,1532290069,0.0,0xc14f8469d4bb31c8e69fae9c16e262f45edc3635,OUT,2,0.0,0x2654489680a16766cee79043c8cb4dc9dca50a2ecaedb80cb4d08c8744f60549,internal,call,0.983970409194831 Ether
1,0x8a883a20940870dc055f2070ac8ec847ed2d9918,1532447319,6024395.0,0xc14f8469d4bb31c8e69fae9c16e262f45edc3635,OUT,2,0.0,0xc0cb94a38015059cf3f4e8bb1951a05f323f9693006d30624f90b2b6a3085a21,internal,call,0.047322125565084 Ether
1,0x8a883a20940870dc055f2070ac8ec847ed2d9918,1533206098,6076372.0,0xc14f8469d4bb31c8e69fae9c16e262f45edc3635,OUT,2,0.0,0xc6498807cacbaed90036bd6f6da2d74232f4b34e62cb171ac13df6d1d77e4736,internal,call,0.23913799620632 Ether
1,0x8a883a20940870dc055f2070ac8ec847ed2d9918,1532256710,0.0,0xc14f8469d4bb31c8e69fae9c16e262f45edc3635,OUT,2,0.0,0x465641bf563ac77f3e0a8c01633e94e82bac920d33ae4d10ad8376d66533c9ff,internal,call,0.244629485958922 Ether
1,0x8a883a20940870dc055f2070ac8ec847ed2d9918,1532252857,6011181.0,0xc14f8469d4bb31c8e69fae9c16e262f45edc3635,OUT,2,0.0,0x22c2eb2cfa712d632dd4a736d246c64479271fb957b00b96e07cb2fc93e20136,internal,call,0.179060994369486 Ether
1,0x8a883a20940870dc055f2070ac8ec847ed2d9918,1532323895,6016042.0,0xc14f8469d4bb31c8e69fae9c16e262f45edc3635,OUT,2,0.0,0x7ba7bed4e013b7005c00b636e1aa45ff5a77e670bd00c9110c6558299fd8d863,internal,call,0.588865524579601 Ether
1,0x8a883a20940870dc055f2070ac8ec847ed2d9918,1532292583,0.0,0xc14f8469d4bb31c8e69fae9c16e262f45edc3635,OUT,2,0.0,0xfd3c3c2e0cb38bf50e84e2caccc6683e82c7a4ea0783dc7dd535de33fc3c6b94,internal,call,0.121495019605304 Ether
1,0x8a883a20940870dc055f2070ac8ec847ed2d9918,1532282659,6013275.0,0xc14f8469d4bb31c8e69fae9c16e262f45edc3635,OUT,2,0.0,0xb89c00709394e0ac4d6eb9c1509d2984cb0ce967c2949c343dc9eb9743bb20c0,internal,call,0.112208212858993 Ether
