Class,address,age,block,creator,direction,inter_direction,txFee,txhash,txn_type,type,value
0,0x0777f76d195795268388789343068e4fcd286919,1532840844,0.0,0xbea8c2f97fa34dc1cfdd7acbdc8226fb1c8c7473,OUT,2,0.0,0x558ebc021fdcdc41e0cf4810d890bfe21abbf4811163c7cde354921f3b1c9272,internal,call,0.007056 Ether
0,0x0777f76d195795268388789343068e4fcd286919,1532963317,0.0,0xbea8c2f97fa34dc1cfdd7acbdc8226fb1c8c7473,OUT,2,0.0,0x680d92e20af648a1bd4f734a5f3574223e87b8ac01b8d72277972b070840321d,internal,call,0.001188 Ether
0,0x0777f76d195795268388789343068e4fcd286919,1532963131,0.0,0xbea8c2f97fa34dc1cfdd7acbdc8226fb1c8c7473,OUT,2,0.0,0x2febb8cda39f588f49aa2dbab465d3617b48e77a82659eeea1bf3be983ff48dd,internal,call,0.001188 Ether
0,0x0777f76d195795268388789343068e4fcd286919,1532962852,0.0,0xbea8c2f97fa34dc1cfdd7acbdc8226fb1c8c7473,OUT,2,0.0,0xe1c92ba3a4a0c1a3502a206db619badd8b2b4ed6f8f1ff1cd63023f5abf9a270,internal,call,0.021384 Ether
0,0x0777f76d195795268388789343068e4fcd286919,1532845656,0.0,0xbea8c2f97fa34dc1cfdd7acbdc8226fb1c8c7473,OUT,2,0.0,0xab79a8b71bc87992d36a81d4240b336ccfa90e11aca63036014e7f1536d71b13,internal,call,0.001176 Ether
0,0x0777f76d195795268388789343068e4fcd286919,1532844683,0.0,0xbea8c2f97fa34dc1cfdd7acbdc8226fb1c8c7473,OUT,2,0.0,0xe6ce6aa5cb6bd9ac5d32a8555794be3c87ab69c94b4918f376350ccecc173109,internal,call,0.007056 Ether
