Class,address,age,block,creator,direction,inter_direction,txFee,txhash,txn_type,type,value
1,0x4e8ecf79ade5e2c49b9e30d795517a81e0bf00b8,1533115866,6070237.0,0xf39e044e1ab204460e06e87c6dca2c6319fc69e3,OUT,2,0.0,0xac0b382bf42f2e1f5e3f5dce0b8b5df8e696f8956c2e732f4aca83fbe821e777,internal,call,0.4 Ether
1,0x4e8ecf79ade5e2c49b9e30d795517a81e0bf00b8,1533014935,6063349.0,0xf39e044e1ab204460e06e87c6dca2c6319fc69e3,OUT,2,0.0,0x29b04797988f62fe70bebfa6bb8ed8d7814c81b52a31009edbaa5a3d2c41987c,internal,call,0.401546510532949 Ether
1,0x4e8ecf79ade5e2c49b9e30d795517a81e0bf00b8,1532794164,6045106.0,0xf39e044e1ab204460e06e87c6dca2c6319fc69e3,OUT,2,0.0,0x562d720b1a21cd4f048a18833220a20e6e98e085c301168cc12b87e12c2f1181,internal,call,0.395502272501464 Ether
