Class,address,age,block,creator,direction,inter_direction,txFee,txhash,txn_type,type,value
0,0xa74476443119a942de498590fe1f2454d7d4ac0d,1542198225,6704914.0,0x42c8fcbc73d625f1d258a32915b6a573095de93d,IN,3,0.00029376,0x272dd9daf52e6dca0538f2567e2d44e52d9beaeb05fb14f380df6e3bfdd52908,external,0,0 Ether
0,0xa74476443119a942de498590fe1f2454d7d4ac0d,1542201960,6705194.0,0x42c8fcbc73d625f1d258a32915b6a573095de93d,IN,3,0.00011934,0x4d0487e629ff94aa7157842165a1dc988a82fbdced6306c6cf10966bf3510344,external,0,0 Ether
