Class,address,age,block,creator,direction,inter_direction,txFee,txhash,txn_type,type,value
0,0xa74476443119a942de498590fe1f2454d7d4ac0d,1527765034,5709837.0,0x42c8fcbc73d625f1d258a32915b6a573095de93d,IN,3,0.00081206,0x69b8c64a09a4da005bcf99dd7a3082c16e871c7f03f43880806431e946a53bf6,external,0,0 Ether
0,0xa74476443119a942de498590fe1f2454d7d4ac0d,1531069938,5930364.0,0x42c8fcbc73d625f1d258a32915b6a573095de93d,IN,3,0.00028691,0x8ef2cc8672befe3ef89e75541f3b2186189a0971d61934f7974c9a901c566fbf,external,0,0 Ether
