Class,address,age,block,creator,direction,inter_direction,txFee,txhash,txn_type,type,value
0,0xa74476443119a942de498590fe1f2454d7d4ac0d,1545781398,6955015.0,0x42c8fcbc73d625f1d258a32915b6a573095de93d,IN,3,0.00212052,0x2f3a98937b6443314cef2c2f7e22700d21484451eea089c5d9d2390486bce119,external,0,0 Ether
0,0xa74476443119a942de498590fe1f2454d7d4ac0d,1545782271,6955068.0,0x42c8fcbc73d625f1d258a32915b6a573095de93d,IN,3,0.00212314,0x643794764fcc9377ab626b62b8a031d68c7dd822f3b6ca92696d9bacdf4cbe0c,external,0,0 Ether
