Class,address,age,block,creator,direction,inter_direction,txFee,txhash,txn_type,type,value
0,0xaaab2ec23dd5dd9602e631b8399fa94c9d134b3a,1503073857,4173308.0,0x5cd9f1c602ca78444142568958151027b1334d36,IN,3,0.0034866999999999997,0x424ce74949488dde3bd292f561fa0ca49b29ac697bb1f4c401630317cf5cd571,external,0,10 Ether
0,0xaaab2ec23dd5dd9602e631b8399fa94c9d134b3a,1503073187,4173273.0,0x5cd9f1c602ca78444142568958151027b1334d36,IN,3,0.0034866999999999997,0x75c4ad54acd5019eca0bdf0803bfbed01f6a81f91bd40de29bbc0c706e56729f,external,0,10 Ether
0,0xaaab2ec23dd5dd9602e631b8399fa94c9d134b3a,1503073606,4173297.0,0x5cd9f1c602ca78444142568958151027b1334d36,IN,3,0.00313803,0xa4cf44c8b5551ed594ca100833c5f977d96aa22c6bfca57fdfec7af98faec875,external,0,10 Ether
