Class,address,age,block,creator,direction,inter_direction,txFee,txhash,txn_type,type,value
0,0xab16e0d25c06cb376259cc18c1de4aca57605589,1507487093,4349342.0,0x5cb8a6440469ef1c632a50fa796f4a631d5798a2,IN,3,0.00062085,0x7b11646b52452e2d19b9bcb455694d6a3da40662595b30faf8fd067c15ece828,external,0,0 Ether
0,0xab16e0d25c06cb376259cc18c1de4aca57605589,1507487476,4349349.0,0x5cb8a6440469ef1c632a50fa796f4a631d5798a2,IN,3,0.00062085,0x9d3b32ba087e4b1ec7a3673d03cafb92116c5673d199167e84b6acdc36ec29c6,external,0,0 Ether
0,0xab16e0d25c06cb376259cc18c1de4aca57605589,1507487093,4349342.0,0x5cb8a6440469ef1c632a50fa796f4a631d5798a2,IN,3,0.00062085,0xa534ada3c3ad90ecbc4cb4b8c960edf34151e0b8cb512dd16ecd253653fe1b4c,external,0,0 Ether
