Class,address,age,block,creator,direction,inter_direction,txFee,txhash,txn_type,type,value
0,0xaec2e87e0a235266d9c5adc9deb4b2e29b54d009,1493663282,3635294.0,0x0860df0aeb7fdd29c6da4dbc7aaed0da59325ddd,IN,3,0.00126057,0x5e7f8e956ce1f7d247f5cd79d40e077cdc66e8a54bb16a1580261451536f7cc0,external,0,0 Ether
0,0xaec2e87e0a235266d9c5adc9deb4b2e29b54d009,1491491877,3489901.0,0x0860df0aeb7fdd29c6da4dbc7aaed0da59325ddd,IN,3,0.00113718,0x5ea0eae249597cca49e5e65c573c7e00179546826943955b7c232fd88a930bee,external,0,0 Ether
0,0xaec2e87e0a235266d9c5adc9deb4b2e29b54d009,1491057883,3460172.0,0x0860df0aeb7fdd29c6da4dbc7aaed0da59325ddd,IN,3,0.00138634,0x62e34036c68a9ee4bf96a80e8a58b45bc14c4f9cc334eceb1efe68ecaf34010c,external,0,0 Ether
0,0xaec2e87e0a235266d9c5adc9deb4b2e29b54d009,1492896218,3584662.0,0x0860df0aeb7fdd29c6da4dbc7aaed0da59325ddd,IN,3,0.00138634,0x9fc61b1d9b40e5d426462cd74b03d7f52bfdc8c852197a978b57bcb2d6b69006,external,0,0 Ether
