Class,address,age,block,creator,direction,inter_direction,txFee,txhash,txn_type,type,value
0,0xaf4dce16da2877f8c9e00544c93b62ac40631f16,1514043079,4785236.0,0x009ad183826518ca658c2be352eaafb3990416c0,IN,3,0.00156315,0x0d0d1e232b2f0a9119cb1006863e95e1a0989cc02a0095e8023df4e887aed58d,external,0,0 Ether
0,0xaf4dce16da2877f8c9e00544c93b62ac40631f16,1514253661,4799879.0,0x009ad183826518ca658c2be352eaafb3990416c0,IN,3,0.0010421,0x109bfa8c72f38cc0fad512b92483f5aab2543cc23be6560a0c0412186650945b,external,0,0 Ether
0,0xaf4dce16da2877f8c9e00544c93b62ac40631f16,1513636816,4758547.0,0x009ad183826518ca658c2be352eaafb3990416c0,IN,3,0.0007792000000000001,0x16a04ab3441058845efc435b440657cb787992e23753e2f1b20742480edd41f6,external,0,0 Ether
0,0xaf4dce16da2877f8c9e00544c93b62ac40631f16,1507802089,4359879.0,0x009ad183826518ca658c2be352eaafb3990416c0,IN,3,0.00109554,0x331499823746bbec3d07ae9a55c826d7fdfe5b771e0ab9b4b9ee4ea06eefd2c9,external,0,0 Ether
0,0xaf4dce16da2877f8c9e00544c93b62ac40631f16,1507844064,4361316.0,0x009ad183826518ca658c2be352eaafb3990416c0,IN,3,0.00158035,0xb57309280799ab9f6a3011b77a6ac3b734720aa7de4f7d5e7e1b93118c506f06,external,0,0 Ether
