Class,address,age,block,creator,direction,inter_direction,txFee,txhash,txn_type,type,value
0,0xaf4dce16da2877f8c9e00544c93b62ac40631f16,1504621777,4242494.0,0x009ad183826518ca658c2be352eaafb3990416c0,IN,3,0.001,0x61cabfbfb25530e20c71bf33e117463c8960b1f93b331d05b59781f4cac48749,external,0,0 Ether
0,0xaf4dce16da2877f8c9e00544c93b62ac40631f16,1505206444,4266578.0,0x009ad183826518ca658c2be352eaafb3990416c0,IN,3,0.00018321,0x64782faabe6efc90d6339983d824543b23e19c0ef6d4179a9d88532f128f28bd,external,0,0 Ether
0,0xaf4dce16da2877f8c9e00544c93b62ac40631f16,1509607600,4477117.0,0x009ad183826518ca658c2be352eaafb3990416c0,IN,3,0.0007792000000000001,0x70433e729708c1d0746af375c1e83006f161d1d7f516184a3d4bffc882b0f50c,external,0,0 Ether
0,0xaf4dce16da2877f8c9e00544c93b62ac40631f16,1504621085,4242473.0,0x009ad183826518ca658c2be352eaafb3990416c0,IN,3,0.00018321,0x98c0ef0433fb7cb7965edad14025ea5f26bb645a27c2e66e46a273b17eac0524,external,0,0 Ether
