Class,address,age,block,creator,direction,inter_direction,txFee,txhash,txn_type,type,value
0,0xaf30d2a7e90d7dc361c8c4585e9bb7d2f6f15bc7,1514872722,4841978.0,0x7b174763483367307a177ecebf043697eb4673c7,IN,3,0.00042219999999999996,0x7a31d8cd91be2696a67d752425aa54913e39fb64299a691fb2795d9d7ad6e055,external,0,0 Ether
0,0xaf30d2a7e90d7dc361c8c4585e9bb7d2f6f15bc7,1514872722,4841978.0,0x7b174763483367307a177ecebf043697eb4673c7,IN,3,0.0004222,0x7a31d8cd91be2696a67d752425aa54913e39fb64299a691fb2795d9d7ad6e055,external,0,0 Ether
