Class,address,age,block,creator,direction,inter_direction,txFee,txhash,txn_type,type,value
0,0xaf30d2a7e90d7dc361c8c4585e9bb7d2f6f15bc7,1521792218,5308050.0,0x7b174763483367307a177ecebf043697eb4673c7,IN,3,0.0018920000000000002,0x8f7bb7c4274903809931985f5327f34f7927dd68b39bc7bfa19e79b626bed9c9,external,0,0 Ether
0,0xaf30d2a7e90d7dc361c8c4585e9bb7d2f6f15bc7,1521792218,5308050.0,0x7b174763483367307a177ecebf043697eb4673c7,IN,3,0.001892,0x8f7bb7c4274903809931985f5327f34f7927dd68b39bc7bfa19e79b626bed9c9,external,0,0 Ether
