Class,address,age,block,creator,direction,inter_direction,txFee,txhash,txn_type,type,value
0,0xaf30d2a7e90d7dc361c8c4585e9bb7d2f6f15bc7,1541484982,6654478.0,0x7b174763483367307a177ecebf043697eb4673c7,IN,3,0.00078972,0x6b4b246eb2f900cc893e3ae8bd04f0b85c2b5ee0eb6119694a2018701c8a5194,external,0,0 Ether
0,0xaf30d2a7e90d7dc361c8c4585e9bb7d2f6f15bc7,1541485230,6654490.0,0x7b174763483367307a177ecebf043697eb4673c7,IN,3,0.00034068,0xb433e27b61f593f6f9f943bee6d58a57267d24c50481432f30db3bb3c107d4c2,external,0,0 Ether
