Class,address,age,block,creator,direction,inter_direction,txFee,txhash,txn_type,type,value
0,0xaf4dce16da2877f8c9e00544c93b62ac40631f16,1515688810,4890694.0,0x009ad183826518ca658c2be352eaafb3990416c0,IN,3,0.0021363000000000003,0x0ae5fbaead8e0400404dc135b77ab47d1c1599d3f6dc4a0a8279265040c2db73,external,0,0 Ether
0,0xaf4dce16da2877f8c9e00544c93b62ac40631f16,1515689528,4890729.0,0x009ad183826518ca658c2be352eaafb3990416c0,IN,3,0.00152392,0x3062eeb2867fbd7cbe937cce2d0148575c8dd3a8a031eac8e2ed8dbea6f1179f,external,0,0 Ether
