Class,address,age,block,creator,direction,inter_direction,txFee,txhash,txn_type,type,value
0,0xaf4dce16da2877f8c9e00544c93b62ac40631f16,1504858255,4252214.0,0x009ad183826518ca658c2be352eaafb3990416c0,IN,3,0.00077786,0x037a0f446031958b7ed7c05cb5887ecd13ddafbba0a708cd7a71cd47834cc064,external,0,0 Ether
0,0xaf4dce16da2877f8c9e00544c93b62ac40631f16,1504864024,4252446.0,0x009ad183826518ca658c2be352eaafb3990416c0,IN,3,0.00046286,0x83c64ea28884128da877cca4c95358fdb4ebcb02db79ab3584c2d5c7ce9f8938,external,0,0 Ether
