Class,address,age,block,creator,direction,inter_direction,txFee,txhash,txn_type,type,value
0,0x8d12a197cb00d4747a1fe03395095ce2a5cc6819,1541393954,6645083.0,0x1ed014aec47fae44c9e55bac7662c0b78ae61798,OUT,2,0.0,0x162faabf91b7936678dd95a3d4714be06a26e46e187232fa84447afa3c18bad4,internal,call,0.43 Ether
0,0x8d12a197cb00d4747a1fe03395095ce2a5cc6819,1537563349,6376674.0,0x1ed014aec47fae44c9e55bac7662c0b78ae61798,OUT,2,0.0,0x5546e38553ab2ed3f6bb02f726239924e96d83d5c23c04857ac63f5e2a90b110,internal,call,0.312537141074984 Ether
0,0x8d12a197cb00d4747a1fe03395095ce2a5cc6819,1538042382,6410412.0,0x1ed014aec47fae44c9e55bac7662c0b78ae61798,OUT,2,0.0,0x00ce5e65b95b457672c3bec3bcbf01118872be8844619485baee574ab481f840,internal,call,0.337986608815445 Ether
0,0x8d12a197cb00d4747a1fe03395095ce2a5cc6819,1540466256,6582616.0,0x1ed014aec47fae44c9e55bac7662c0b78ae61798,OUT,2,0.0,0x92c87c5fb343b612d542dea47d0d5d50c4076fa80cf20ec5cab25386bd03b52a,internal,call,0.45486406074967 Ether
0,0x8d12a197cb00d4747a1fe03395095ce2a5cc6819,1531141210,5935181.0,0x1ed014aec47fae44c9e55bac7662c0b78ae61798,OUT,2,0.0,0x93d32beac23c675f998e6e8c75c54bef62d18261db282acc80d74cf2c9bc9ea5,internal,call,0.29 Ether
