Class,address,age,block,creator,direction,inter_direction,txFee,txhash,txn_type,type,value
0,0xaf4dce16da2877f8c9e00544c93b62ac40631f16,1520338549,5208603.0,0x009ad183826518ca658c2be352eaafb3990416c0,IN,3,0.00085488,0x75705b81b94d38f90d32f4480de5aaceb45981e51330cd8cea83dafe28b8a52c,external,0,0 Ether
0,0xaf4dce16da2877f8c9e00544c93b62ac40631f16,1520337816,5208565.0,0x009ad183826518ca658c2be352eaafb3990416c0,IN,3,0.0005313,0x81d620698c5b74b8234c0323eaf489b08d87417359dd6d7b9b8ea455ffa2ee1f,external,0,0 Ether
