Class,address,age,block,creator,direction,inter_direction,txFee,txhash,txn_type,type,value
0,0xaf30d2a7e90d7dc361c8c4585e9bb7d2f6f15bc7,1520838784,5242693.0,0x7b174763483367307a177ecebf043697eb4673c7,IN,3,0.0018920000000000002,0x80eeb53e4f0aa3aba8de2b8f459e40ce32f5b03dc90977fb4d09f0dcce022bb3,external,0,0 Ether
0,0xaf30d2a7e90d7dc361c8c4585e9bb7d2f6f15bc7,1520838784,5242693.0,0x7b174763483367307a177ecebf043697eb4673c7,IN,3,0.001892,0x80eeb53e4f0aa3aba8de2b8f459e40ce32f5b03dc90977fb4d09f0dcce022bb3,external,0,0 Ether
