Class,address,age,block,creator,direction,inter_direction,txFee,txhash,txn_type,type,value
0,0xb0866289e870d2efc282406cf4123df6e5bcb652,1540778071,6604652.0,0x00129669b171f73773d712ede3fb9afce2aff35b,IN,3,0.00099739,0x53c6934875c3580f4ec2c57dd851a7620a34b4024a4f8b8d2100fd9001e3eae8,external,0,0 Ether
0,0xb0866289e870d2efc282406cf4123df6e5bcb652,1540777802,6604638.0,0x00129669b171f73773d712ede3fb9afce2aff35b,IN,3,0.000775,0x607ffc41f3ffccc2b7f64e850c71813689f5f39f10d3f7f007a479f44226c81c,external,0,0 Ether
