Class,address,age,block,creator,direction,inter_direction,txFee,txhash,txn_type,type,value
1,0xb10ea0d397db942a1083a4af9c6074ab63bc8c8b,1540077013,6555038.0,0x65b041db3135ed5f76d9486aa56f8ca5dc9a3f5e,IN,3,0.00264276,0x0486132110df62682e338602c96465e7f79f8ba4638ccca463a27364dc6944e5,external,0,0 Ether
1,0xb10ea0d397db942a1083a4af9c6074ab63bc8c8b,1540339937,6573628.0,0x65b041db3135ed5f76d9486aa56f8ca5dc9a3f5e,IN,3,0.0007559999999999999,0x119a7a5de37ff7a9647ee9683c42511e7527f4ecd488c0556652867b20d03432,external,0,0 Ether
1,0xb10ea0d397db942a1083a4af9c6074ab63bc8c8b,1540862732,6610638.0,0x65b041db3135ed5f76d9486aa56f8ca5dc9a3f5e,IN,3,0.00210276,0x16761e524bc6b887486342f6a512378b82587fc5957dab36f4aa42425f468376,external,0,0 Ether
