Class,address,age,block,creator,direction,inter_direction,txFee,txhash,txn_type,type,value
0,0xb1690c08e213a35ed9bab7b318de14420fb57d8c,1540650240,6595612.0,0xba52c75764d6f594735dc735be7f1830cdf58ddf,IN,3,0.00013652,0x15141806e7629e9f85e1d820682ebd0db7d732e674ea53c5aa1f01923fff1f6f,external,0,0.006021329690601 Ether
0,0xb1690c08e213a35ed9bab7b318de14420fb57d8c,1540649771,6595591.0,0xba52c75764d6f594735dc735be7f1830cdf58ddf,IN,3,0.00026871,0x7b98deb518f2000d848590ec58df262336fd5fa563970abf7b759fdc50e74b74,external,0,0.002 Ether
