Class,address,age,block,creator,direction,inter_direction,txFee,txhash,txn_type,type,value
1,0xb10ea0d397db942a1083a4af9c6074ab63bc8c8b,1540047131,6552927.0,0x65b041db3135ed5f76d9486aa56f8ca5dc9a3f5e,IN,3,0.00017523,0x1f1025ec5bf0abb5a092b31c0ffc93d88e4ba969605f24e7927dbff88a7d6ddc,external,0,0 Ether
1,0xb10ea0d397db942a1083a4af9c6074ab63bc8c8b,1539513212,6515069.0,0x65b041db3135ed5f76d9486aa56f8ca5dc9a3f5e,IN,3,0.00017523,0x23e3e111fee43b6c402b8fbda824fe0d3bfd430e21ee5615e660a8018d40e697,external,0,0 Ether
1,0xb10ea0d397db942a1083a4af9c6074ab63bc8c8b,1540721061,6600650.0,0x65b041db3135ed5f76d9486aa56f8ca5dc9a3f5e,IN,3,0.00023364,0x29c27ca68a20b45a882ef8a1213bed0104eabd4bf8378bc78c4230e661443cec,external,0,0 Ether
1,0xb10ea0d397db942a1083a4af9c6074ab63bc8c8b,1538727970,6458973.0,0x65b041db3135ed5f76d9486aa56f8ca5dc9a3f5e,IN,3,0.00049645,0x3a8a31de0e62024f975ae615f028b24d711c86757428b6ae98671b860d1322d6,external,0,0.05 Ether
1,0xb10ea0d397db942a1083a4af9c6074ab63bc8c8b,1539783396,6534232.0,0x65b041db3135ed5f76d9486aa56f8ca5dc9a3f5e,IN,3,0.00017523,0x56f57a87fa10a17a32e86415ac088d444cfdd8ae4cb3929b312fbae2abfb6133,external,0,0 Ether
1,0xb10ea0d397db942a1083a4af9c6074ab63bc8c8b,1539336640,6502451.0,0x65b041db3135ed5f76d9486aa56f8ca5dc9a3f5e,IN,3,0.00056,0x611cd16618d70e6639d1b22eb4098fd36c2a2d64ff8f53f4d90cfddf3e6ce5d1,external,0,0 Ether
1,0xb10ea0d397db942a1083a4af9c6074ab63bc8c8b,1539336699,6502457.0,0x65b041db3135ed5f76d9486aa56f8ca5dc9a3f5e,IN,3,0.00058728,0x7e3f98e06d470dcc9979a79816c8113584cc5370db5f77dedbb5a608eaa878b0,external,0,0 Ether
