Class,address,age,block,creator,direction,inter_direction,txFee,txhash,txn_type,type,value
1,0xb10ea0d397db942a1083a4af9c6074ab63bc8c8b,1539413755,6507979.0,0x65b041db3135ed5f76d9486aa56f8ca5dc9a3f5e,IN,3,0.00033694,0x1b6e0680b5226f120fb9e6d504471945ad88da9175c4fb375019c846989780d2,external,0,0.19 Ether
1,0xb10ea0d397db942a1083a4af9c6074ab63bc8c8b,1539632073,6523523.0,0x65b041db3135ed5f76d9486aa56f8ca5dc9a3f5e,IN,3,0.00011682,0x1e9e68535d9aa2c32abc359124fdd43bdb21499a8242b14139b1566457e5fc24,external,0,0 Ether
1,0xb10ea0d397db942a1083a4af9c6074ab63bc8c8b,1540032207,6551841.0,0x65b041db3135ed5f76d9486aa56f8ca5dc9a3f5e,IN,3,0.00025169,0x28f960c0cafada00b7523cb1a937713a05f11d834c984567fc7b57f613e8d78a,external,0,0.01 Ether
1,0xb10ea0d397db942a1083a4af9c6074ab63bc8c8b,1540003773,6549807.0,0x65b041db3135ed5f76d9486aa56f8ca5dc9a3f5e,IN,3,0.00020443,0x410ed224ca1114ae705d6b7b240ac700175a9d7aacf183a8baa3b6e5681bd42c,external,0,0 Ether
1,0xb10ea0d397db942a1083a4af9c6074ab63bc8c8b,1539506984,6514624.0,0x65b041db3135ed5f76d9486aa56f8ca5dc9a3f5e,IN,3,0.0001615,0x8035199a9e1e7988f95ce4d582b26117ac0a45ba3e7d4c54cff51439bc057554,external,0,0 Ether
