Class,address,age,block,creator,direction,inter_direction,txFee,txhash,txn_type,type,value
0,0xb1690c08e213a35ed9bab7b318de14420fb57d8c,1538640371,6452718.0,0xba52c75764d6f594735dc735be7f1830cdf58ddf,IN,3,0.00011211,0x281fa0c9c706868c5f2ede217c9313c3ea96643c1085ac55aa6064fecb4ee319,external,0,0 Ether
0,0xb1690c08e213a35ed9bab7b318de14420fb57d8c,1538640467,6452725.0,0xba52c75764d6f594735dc735be7f1830cdf58ddf,IN,3,0.00014555,0x79fa45b5da04aaa30cf955746be4b2fa07ec73d0b3f7e6a63c8e4ac0c0435870,external,0,0 Ether
