Class,address,age,block,creator,direction,inter_direction,txFee,txhash,txn_type,type,value
1,0xb10ea0d397db942a1083a4af9c6074ab63bc8c8b,1540860904,6610491.0,0x65b041db3135ed5f76d9486aa56f8ca5dc9a3f5e,IN,3,0.00554895,0x2f963e8e59ff9c83888b799fcac5fb8efadfbda0bd1454a00d38eba28a92336d,external,0,0 Ether
1,0xb10ea0d397db942a1083a4af9c6074ab63bc8c8b,1539572324,6519290.0,0x65b041db3135ed5f76d9486aa56f8ca5dc9a3f5e,IN,3,0.00418437,0x32ac1deb30e1ab7204b8d762eef76280b4717cc5cca82df2e26bff71c043ba81,external,0,0 Ether
1,0xb10ea0d397db942a1083a4af9c6074ab63bc8c8b,1540006896,6550018.0,0x65b041db3135ed5f76d9486aa56f8ca5dc9a3f5e,IN,3,0.00239481,0x496d53493a88a58076267b38600762f2676841f07f6e6c535c01a19ee7e28332,external,0,0 Ether
1,0xb10ea0d397db942a1083a4af9c6074ab63bc8c8b,1538980208,6477082.0,0x65b041db3135ed5f76d9486aa56f8ca5dc9a3f5e,IN,3,0.00460491,0x5475fbac4703c2f7cd074fd040259d54d0c06266684b7494e85fdd270c55ab05,external,0,2 Ether
1,0xb10ea0d397db942a1083a4af9c6074ab63bc8c8b,1540432425,6580180.0,0x65b041db3135ed5f76d9486aa56f8ca5dc9a3f5e,IN,3,0.00332937,0xa9c267f40c24d720c1e787a70886186de2fd7ac45d1588d67c9bc569674792b2,external,0,0 Ether
1,0xb10ea0d397db942a1083a4af9c6074ab63bc8c8b,1540254895,6567628.0,0x65b041db3135ed5f76d9486aa56f8ca5dc9a3f5e,IN,3,0.00332937,0xab058216471034ba08fe050d9d33ffe3ebb84db42145eb9405a55963c3a53ddc,external,0,0 Ether
