Class,address,age,block,creator,direction,inter_direction,txFee,txhash,txn_type,type,value
0,0xb1690c08e213a35ed9bab7b318de14420fb57d8c,1546894128,7029444.0,0xba52c75764d6f594735dc735be7f1830cdf58ddf,IN,3,0.00036406,0x216b211fbdd337595f0e135ac249f0ad6879b2da6bdccc4644a5d474cff3555a,external,0,0.001497802083333 Ether
