Class,address,age,block,creator,direction,inter_direction,txFee,txhash,txn_type,type,value
0,0xb1690c08e213a35ed9bab7b318de14420fb57d8c,1538036994,6410044.0,0xba52c75764d6f594735dc735be7f1830cdf58ddf,IN,3,0.00181945,0x1dae5583a52c629cae7e56c87afb3150180a40b8ce17e68c7d2a8815b802feb5,external,0,0 Ether
0,0xb1690c08e213a35ed9bab7b318de14420fb57d8c,1538739893,6459791.0,0xba52c75764d6f594735dc735be7f1830cdf58ddf,IN,3,9.016e-05,0x34c30a57a6a0cc992488d2bbadf9cf7aae1d41a17e654da39cf4c3a20070743c,external,0,0.087124440019208 Ether
0,0xb1690c08e213a35ed9bab7b318de14420fb57d8c,1539122847,6487238.0,0xba52c75764d6f594735dc735be7f1830cdf58ddf,IN,3,0.00083744,0x3803ca016603960b42740be11dea22581808078531db3f22d95c35fdd9e577a4,external,0,0.01 Ether
0,0xb1690c08e213a35ed9bab7b318de14420fb57d8c,1538739886,6459789.0,0xba52c75764d6f594735dc735be7f1830cdf58ddf,IN,3,6.762e-05,0x397e967b31a4ae9ec1214ea282b06658251e3ccb79cad0203441b217e1fd6daf,external,0,0.019887373773868 Ether
0,0xb1690c08e213a35ed9bab7b318de14420fb57d8c,1538945566,6474597.0,0xba52c75764d6f594735dc735be7f1830cdf58ddf,IN,3,0.00033810000000000003,0x4cf877198b198a84ca959606cefa3e1a0f6af9562511a26ae68c14b6f555ee75,external,0,0.018462844798732 Ether
0,0xb1690c08e213a35ed9bab7b318de14420fb57d8c,1539137426,6488319.0,0xba52c75764d6f594735dc735be7f1830cdf58ddf,IN,3,0.00083744,0x8d832e87a9a2f6de35f125c4f91e07f7d243855e23835d42b6f7eb54e5d61964,external,0,0.007 Ether
0,0xb1690c08e213a35ed9bab7b318de14420fb57d8c,1538899521,6471242.0,0xba52c75764d6f594735dc735be7f1830cdf58ddf,IN,3,0.0001704,0x9e15b0934c142d6a77c1b66d4073d0863fd7afc08a7ad64302f35aafd707fc2f,external,0,0 Ether
0,0xb1690c08e213a35ed9bab7b318de14420fb57d8c,1538899576,6471248.0,0xba52c75764d6f594735dc735be7f1830cdf58ddf,IN,3,0.00015695,0xb2b250c16c6bac5a3d969564949886ec8b64b30397b4581e050157d01b301125,external,0,0 Ether
