Class,address,age,block,creator,direction,inter_direction,txFee,txhash,txn_type,type,value
1,0xb10ea0d397db942a1083a4af9c6074ab63bc8c8b,1539397388,6506787.0,0x65b041db3135ed5f76d9486aa56f8ca5dc9a3f5e,IN,3,0.00022023,0x6e0635a988e8c3ecc94fbb494b2b928f35dbbfc76bd879155b2e2745aeda8bec,external,0,0 Ether
1,0xb10ea0d397db942a1083a4af9c6074ab63bc8c8b,1540694953,6598795.0,0x65b041db3135ed5f76d9486aa56f8ca5dc9a3f5e,IN,3,0.00023364,0x6f1a2f9454d23d47696d3343d22b3d5ce87413f197a8230061d7d27452cea508,external,0,0 Ether
1,0xb10ea0d397db942a1083a4af9c6074ab63bc8c8b,1538821526,6465673.0,0x65b041db3135ed5f76d9486aa56f8ca5dc9a3f5e,IN,3,0.00029194,0xa71d254251090f744b1331ef6c1a2e883bba2584df33205f9ec5c9a47105a179,external,0,0.09 Ether
