Class,address,age,block,creator,direction,inter_direction,txFee,txhash,txn_type,type,value
1,0xb10ea0d397db942a1083a4af9c6074ab63bc8c8b,1539251533,6496378.0,0x65b041db3135ed5f76d9486aa56f8ca5dc9a3f5e,IN,3,0.00029205,0x034c15f00e5a37befd1cc68acf7b289d9b3bc0af4a6ca17bf6469785ec5e8c2e,external,0,0 Ether
1,0xb10ea0d397db942a1083a4af9c6074ab63bc8c8b,1540123891,6558334.0,0x65b041db3135ed5f76d9486aa56f8ca5dc9a3f5e,IN,3,0.00023364,0x12c0ca976d9f6f9e4d7d5ba724bcd3bc586773e092515ec1a706d8587cd6b6f5,external,0,0 Ether
1,0xb10ea0d397db942a1083a4af9c6074ab63bc8c8b,1540644323,6595201.0,0x65b041db3135ed5f76d9486aa56f8ca5dc9a3f5e,IN,3,0.00023364,0x1bdb2b337f50a18a2c7000bb86ccd018027fb09a5d2a38b39cc78f45dcd300ab,external,0,0 Ether
1,0xb10ea0d397db942a1083a4af9c6074ab63bc8c8b,1539769835,6533250.0,0x65b041db3135ed5f76d9486aa56f8ca5dc9a3f5e,IN,3,0.00017523,0x639aba535b9a520042ccc03f9dcedd3c80c68626cdd1cf36c52b4c266a5c6681,external,0,0 Ether
1,0xb10ea0d397db942a1083a4af9c6074ab63bc8c8b,1538986448,6477491.0,0x65b041db3135ed5f76d9486aa56f8ca5dc9a3f5e,IN,3,0.00029205,0x65c41f1516b39d71a6392396cba40e74c644761139c66b414a0016c32e056cd3,external,0,0 Ether
1,0xb10ea0d397db942a1083a4af9c6074ab63bc8c8b,1539509958,6514831.0,0x65b041db3135ed5f76d9486aa56f8ca5dc9a3f5e,IN,3,0.00023364,0x66cd256add9031aa035c8df885fb6f6ece87c5e21c4c605808d82a84481690f2,external,0,0 Ether
1,0xb10ea0d397db942a1083a4af9c6074ab63bc8c8b,1540382183,6576660.0,0x65b041db3135ed5f76d9486aa56f8ca5dc9a3f5e,IN,3,0.00046728,0x6a137de874787dcf9d3c5f7921b9e6f1b30ec7d81879eded1cc70575d82f3c1f,external,0,0 Ether
1,0xb10ea0d397db942a1083a4af9c6074ab63bc8c8b,1540907361,6613759.0,0x65b041db3135ed5f76d9486aa56f8ca5dc9a3f5e,IN,3,0.00023364,0x9e584748ddbbcb8ff81a3118d061633b3a107c0a6632a630f78554885a5444c2,external,0,0 Ether
