Class,address,age,block,creator,direction,inter_direction,txFee,txhash,txn_type,type,value
0,0xb1690c08e213a35ed9bab7b318de14420fb57d8c,1545892969,6962609.0,0xba52c75764d6f594735dc735be7f1830cdf58ddf,IN,3,0.00013197,0x3ee592ddf818b809d2ac50eb443d075b11eaa066b0aad7cdf1fe79e4e0bb1a19,external,0,0.004966192498342 Ether
0,0xb1690c08e213a35ed9bab7b318de14420fb57d8c,1545892969,6962609.0,0xba52c75764d6f594735dc735be7f1830cdf58ddf,IN,3,0.00017547,0x57bb06682cb9be4edf3e007cc38de28d2f07ad37f291ad36f2ff7693035cac91,external,0,0.004974334939965 Ether
