Class,address,age,block,creator,direction,inter_direction,txFee,txhash,txn_type,type,value
1,0xb10ea0d397db942a1083a4af9c6074ab63bc8c8b,1540838181,6608912.0,0x65b041db3135ed5f76d9486aa56f8ca5dc9a3f5e,IN,3,0.00035046,0x3c1b51f23e9afb22b38a61a3c9e87ade460e1dcf85e87ada1e7f392c82390389,external,0,0 Ether
1,0xb10ea0d397db942a1083a4af9c6074ab63bc8c8b,1540205499,6564065.0,0x65b041db3135ed5f76d9486aa56f8ca5dc9a3f5e,IN,3,0.00044046,0x42b860553d9f6d50ec3f76d9108ee893a8877193301b673a980a1db98a1492e3,external,0,0 Ether
1,0xb10ea0d397db942a1083a4af9c6074ab63bc8c8b,1540725949,6600991.0,0x65b041db3135ed5f76d9486aa56f8ca5dc9a3f5e,IN,3,0.00035046,0x47f0aed23b242dbc3c1a126f68f03da4fe9ce0a14dd8b0b4593c8335e3db0609,external,0,0 Ether
1,0xb10ea0d397db942a1083a4af9c6074ab63bc8c8b,1541374992,6646740.0,0x65b041db3135ed5f76d9486aa56f8ca5dc9a3f5e,IN,3,0.00019139,0x9a4d408bda2e44327cb11b4d2a54ccc0a56fe56a115c44167106f98fe4117b2f,external,0,0 Ether
1,0xb10ea0d397db942a1083a4af9c6074ab63bc8c8b,1540725245,6600945.0,0x65b041db3135ed5f76d9486aa56f8ca5dc9a3f5e,IN,3,0.000126,0xa1f63de1d8ea22e6982e3391a63dc7ba455eaf6c4f1fa159b424fe5e839399fd,external,0,0 Ether
