Class,address,age,block,creator,direction,inter_direction,txFee,txhash,txn_type,type,value
0,0xb24754be79281553dc1adc160ddf5cd9b74361a4,1523349354,5416333.0,0xe49b91d0a956356501fcbbad3b488ee052102aa8,IN,3,0.00018176,0x14cd99f98c4b6cf5922a74a0bcbf9818597b70b426accdd01f7c44f29abfd3c3,external,0,0 Ether
0,0xb24754be79281553dc1adc160ddf5cd9b74361a4,1545045042,6904817.0,0xe49b91d0a956356501fcbbad3b488ee052102aa8,IN,3,0.00018176,0xa437b19b6638f98427413cdc976837084e60feb762c78c31c5e1ccf21839ca54,external,0,0 Ether
