Class,address,age,block,creator,direction,inter_direction,txFee,txhash,txn_type,type,value
0,0xb24754be79281553dc1adc160ddf5cd9b74361a4,1509431351,4464494.0,0xe49b91d0a956356501fcbbad3b488ee052102aa8,IN,3,0.00078374,0x0ea3f9b57d7203a222882405874956854852631c02b15f3705fc5fa02bc32a4a,external,0,0 Ether
0,0xb24754be79281553dc1adc160ddf5cd9b74361a4,1499846740,4012716.0,0xe49b91d0a956356501fcbbad3b488ee052102aa8,IN,3,0.00078239,0x24713737a595d4dd35c00d819b789728255616b9fc67e166b8c471eee2f3c86d,external,0,0 Ether
0,0xb24754be79281553dc1adc160ddf5cd9b74361a4,1499867159,4013810.0,0xe49b91d0a956356501fcbbad3b488ee052102aa8,IN,3,0.00048703,0x4d3c8f6b7ad357f8b4959e71fa50348eb0fdd736061152c33d55e17340ddf059,external,0,0 Ether
