Class,address,age,block,creator,direction,inter_direction,txFee,txhash,txn_type,type,value
0,0xb2f7eb1f2c37645be61d73953035360e768d81e6,1506417840,4313849.0,0x1667c5c1b15df4edd64ade7c96f2165e97c6577e,IN,3,0.00106272,0x45908f7537d404db1aa50be26a92b4413915ab977518ff8d4f39568df11266e2,external,0,4.98 Ether
0,0xb2f7eb1f2c37645be61d73953035360e768d81e6,1506348587,4311542.0,0x1667c5c1b15df4edd64ade7c96f2165e97c6577e,IN,3,0.00137772,0x9ce085547995618b0cd7c963aae4331fd5363190d4b185fa7104d6e8d6b137c7,external,0,1.8958 Ether
