Class,address,age,block,creator,direction,inter_direction,txFee,txhash,txn_type,type,value
0,0xb2f7eb1f2c37645be61d73953035360e768d81e6,1511143996,4587802.0,0x1667c5c1b15df4edd64ade7c96f2165e97c6577e,IN,3,0.00036876,0x27fec4edb9ba63a791e7a62439dc756254b79511cfd955cb663fbe07a3b7bc0e,external,0,0 Ether
0,0xb2f7eb1f2c37645be61d73953035360e768d81e6,1513663348,4760309.0,0x1667c5c1b15df4edd64ade7c96f2165e97c6577e,IN,3,0.00111045,0x52c4fc75ae39d0ccc36464f44050be6c94af37bc022d53cee00f15140d3ddbd7,external,0,0 Ether
0,0xb2f7eb1f2c37645be61d73953035360e768d81e6,1511390806,4605466.0,0x1667c5c1b15df4edd64ade7c96f2165e97c6577e,IN,3,0.00036876,0xa553c5fb6cc3543cdacb18b152fb0200da68bfd1679bf04761d0d736cf3922d7,external,0,0 Ether
