Class,address,age,block,creator,direction,inter_direction,txFee,txhash,txn_type,type,value
0,0xb7cb1c96db6b22b0d3d9536e0108d062bd488f74,1543209661,6776359.0,0x309a272885bdea62d99c4e32e40bee93a3ccef6a,IN,3,0.00157348,0x690973e673edf52c70cf084f79a8f399afb30fc8839541f9b2b9a44078fa19dd,external,0,0 Ether
0,0xb7cb1c96db6b22b0d3d9536e0108d062bd488f74,1543618057,6805003.0,0x309a272885bdea62d99c4e32e40bee93a3ccef6a,IN,3,0.00094425,0x86a26cf90c1ec8ed556f548e878cf70dbb0d46393ea6cf1d72d1d462089e8b2f,external,0,0 Ether
