Class,address,age,block,creator,direction,inter_direction,txFee,txhash,txn_type,type,value
0,0xb7cb1c96db6b22b0d3d9536e0108d062bd488f74,1538339166,6431368.0,0x309a272885bdea62d99c4e32e40bee93a3ccef6a,IN,3,0.00077305,0x104984042a303e7a5463735965f7e886036979f26193638ecc7240d2163fed56,external,0,0 Ether
0,0xb7cb1c96db6b22b0d3d9536e0108d062bd488f74,1538332880,6430947.0,0x309a272885bdea62d99c4e32e40bee93a3ccef6a,IN,3,0.00063982,0x94293e893c01c966e2b8d7329110feaf9b44bfc1415e66984778bff954e685b7,external,0,0 Ether
