Class,address,age,block,creator,direction,inter_direction,txFee,txhash,txn_type,type,value
0,0xb7cb1c96db6b22b0d3d9536e0108d062bd488f74,1523855653,5451090.0,0x309a272885bdea62d99c4e32e40bee93a3ccef6a,IN,3,0.00123,0x32a7203992ef431d276c8f745090c4258c3e6e9af577d6111d802f93fefb517e,external,0,0 Ether
0,0xb7cb1c96db6b22b0d3d9536e0108d062bd488f74,1525871398,5585642.0,0x309a272885bdea62d99c4e32e40bee93a3ccef6a,IN,3,0.00211039,0x4d422f619c777fa306d905955a6ad95f7dea7ca0a91ba958f440844faa06a3af,external,0,0 Ether
