Class,address,age,block,creator,direction,inter_direction,txFee,txhash,txn_type,type,value
0,0xb9aac097f4dadcd6f06761eb470346415ef28d5a,1503546236,4198343.0,0x54d9249c776c56520a62faecb87a00e105e8c9dc,IN,3,0.00290913,0x50e0ee5a767bb4c2aab63069e4402529a64b5e0b06679a3a7282766ca26aa4fd,external,0,6.8 Ether
0,0xb9aac097f4dadcd6f06761eb470346415ef28d5a,1503545608,4198318.0,0x54d9249c776c56520a62faecb87a00e105e8c9dc,IN,3,0.00525,0x611e0d4a8ff8c3bb2c7e6f854d567e45770a1d06767b0711dfdde7ba8e182020,external,0,6.8 Ether
0,0xb9aac097f4dadcd6f06761eb470346415ef28d5a,1503546058,4198335.0,0x54d9249c776c56520a62faecb87a00e105e8c9dc,IN,3,0.0525,0x87fd545fa4cb95946f901ea49e489881c6d0af780bb2e41ab4589135a0550d7b,external,0,6.8 Ether
0,0xb9aac097f4dadcd6f06761eb470346415ef28d5a,1503546150,4198339.0,0x54d9249c776c56520a62faecb87a00e105e8c9dc,IN,3,0.0063,0xae979844a9c5700e11b8ade5f4a9a986b4f16781eb79c086d2f2547488ce615b,external,0,6.8 Ether
