Class,address,age,block,creator,direction,inter_direction,txFee,txhash,txn_type,type,value
1,0x4e8ecf79ade5e2c49b9e30d795517a81e0bf00b8,1532859720,6052706.0,0xf39e044e1ab204460e06e87c6dca2c6319fc69e3,OUT,2,0.0,0x782d1fcb6c889c267da1af42a375687b975f31842d33407615f5f4c4066b53db,internal,call,0.017275543262878 Ether
1,0x4e8ecf79ade5e2c49b9e30d795517a81e0bf00b8,1532875355,6053772.0,0xf39e044e1ab204460e06e87c6dca2c6319fc69e3,OUT,2,0.0,0x99087f251ca169220a337a1210e5ec31c3f95c9c69dd46045e87a5a02d522e4d,internal,call,0.012485512407613 Ether
1,0x4e8ecf79ade5e2c49b9e30d795517a81e0bf00b8,1532878964,6054022.0,0xf39e044e1ab204460e06e87c6dca2c6319fc69e3,OUT,2,0.0,0xcbe2deef05a25aa8255bd90c3104739c46066f73eb5133a4ee128f826459cf30,internal,call,0.000213349285392 Ether
1,0x4e8ecf79ade5e2c49b9e30d795517a81e0bf00b8,1532878835,6054014.0,0xf39e044e1ab204460e06e87c6dca2c6319fc69e3,OUT,2,0.0,0xd67565c0e6e688189f8507bc4dd65843700911050ad9fb7e95ca38720713c679,internal,call,0.004019680108909 Ether
1,0x4e8ecf79ade5e2c49b9e30d795517a81e0bf00b8,1532887270,6054605.0,0xf39e044e1ab204460e06e87c6dca2c6319fc69e3,OUT,2,0.0,0xd468713ecf25321ad895e6a6a543a2d7cf686120c8f16871f358edc2a782c675,internal,call,0.00746067549029 Ether
1,0x4e8ecf79ade5e2c49b9e30d795517a81e0bf00b8,1532894515,6055097.0,0xf39e044e1ab204460e06e87c6dca2c6319fc69e3,OUT,2,0.0,0xe643300fccd14b572ddf83b907e2749d97caeb186802752817e730a7b12792d1,internal,call,0.011310069923504 Ether
1,0x4e8ecf79ade5e2c49b9e30d795517a81e0bf00b8,1532889437,6054748.0,0xf39e044e1ab204460e06e87c6dca2c6319fc69e3,OUT,2,0.0,0x703bbceef133eb908c32842b3d840b3ae65cb712095b778aae31033095e6cc27,internal,call,0.001387009775161 Ether
