Class,address,age,block,creator,direction,inter_direction,txFee,txhash,txn_type,type,value
0,0xbb9bc244d798123fde783fcc1c72d3bb8c189413,1473953574,2266670.0,0x793ea9692ada1900fbd0b80fffec6e431fe8b391,IN,3,0.00091728,0x190b7fa095cd86dfa67817e4f5f4b7ac0b899349a08340564a487ff713eb1607,external,0,0 Ether
0,0xbb9bc244d798123fde783fcc1c72d3bb8c189413,1467677926,1828124.0,0x793ea9692ada1900fbd0b80fffec6e431fe8b391,IN,3,0.00125428,0x1d5cbb7e1fecca15a042cbc2b868017610bb869b52bcdfdfa63a5d6caa9b7708,external,0,0 Ether
0,0xbb9bc244d798123fde783fcc1c72d3bb8c189413,1467847476,1839899.0,0x793ea9692ada1900fbd0b80fffec6e431fe8b391,IN,3,0.00125428,0x821e4ace285df9134788f839e12c10b9376e4e09e51280db2feaec767465a448,external,0,0 Ether
0,0xbb9bc244d798123fde783fcc1c72d3bb8c189413,1492127553,3532883.0,0x793ea9692ada1900fbd0b80fffec6e431fe8b391,IN,3,0.00061959,0x93bb33049f294122a1f75fc9e62699c2301cb9c8b865c943ab708c5cb7ba436d,external,0,0 Ether
