Class,address,age,block,creator,direction,inter_direction,txFee,txhash,txn_type,type,value
0,0xbb9bc244d798123fde783fcc1c72d3bb8c189413,1469046317,1923693.0,0x793ea9692ada1900fbd0b80fffec6e431fe8b391,IN,3,0.00070257,0x02f74b26070134094e76f4d6fbf11e549b78f03d70285087addb3a48463d41e3,external,0,0 Ether
0,0xbb9bc244d798123fde783fcc1c72d3bb8c189413,1469045557,1923646.0,0x793ea9692ada1900fbd0b80fffec6e431fe8b391,IN,3,0.00104761,0x58c607db199890f7914b3f020ce7279aee46c9ae663f5bbaa59e1d431bd3e852,external,0,0 Ether
