Class,address,age,block,creator,direction,inter_direction,txFee,txhash,txn_type,type,value
0,0xbb9bc244d798123fde783fcc1c72d3bb8c189413,1473467887,2232693.0,0x793ea9692ada1900fbd0b80fffec6e431fe8b391,IN,3,0.00091216,0x1f2849f3497ec46598af61da0b76188e60cbcaa6d714469550c2bf9009cacfae,external,0,0 Ether
0,0xbb9bc244d798123fde783fcc1c72d3bb8c189413,1473982692,2268689.0,0x793ea9692ada1900fbd0b80fffec6e431fe8b391,IN,3,0.00061216,0xb30c34e23025783c04d1ba99567d23528a8c8a562b4ab88a18eb30b393045081,external,0,0 Ether
