Class,address,age,block,creator,direction,inter_direction,txFee,txhash,txn_type,type,value
1,0x7e0529eb456a7c806b5fe7b3d69a805339a06180,1538681389,6455668.0,0x8c691931c6c4ecd92ecc26f9706faaf4aebe137d,OUT,2,0.0,0x39e1b578f07fcebf3130a59b67fa4f9d5660f29f10cebb42d07446b12e8637f6,internal,call,41.158834991740114 Ether
1,0x7e0529eb456a7c806b5fe7b3d69a805339a06180,1538681389,0.0,0x8c691931c6c4ecd92ecc26f9706faaf4aebe137d,OUT,2,0.0,0x39e1b578f07fcebf3130a59b67fa4f9d5660f29f10cebb42d07446b12e8637f6,internal,call,51.646923738546542 Ether
1,0x7e0529eb456a7c806b5fe7b3d69a805339a06180,1538681389,0.0,0x8c691931c6c4ecd92ecc26f9706faaf4aebe137d,OUT,2,0.0,0x39e1b578f07fcebf3130a59b67fa4f9d5660f29f10cebb42d07446b12e8637f6,internal,call,32.550493430532598 Ether
