Class,address,age,block,creator,direction,inter_direction,txFee,txhash,txn_type,type,value
1,0xbeefd8fb3b5778f99e021afa2e41e0614af6af11,1541950776,6687429.0,0x300758881bf3756b6cb5b2e96f545d7b3566ce3a,IN,3,0.00108892,0x0bee4297c3dcbe04cd53e3e6881abf1e65f03c8dba3911cf6bb311872add459d,external,0,0 Ether
1,0xbeefd8fb3b5778f99e021afa2e41e0614af6af11,1540521866,6586550.0,0x300758881bf3756b6cb5b2e96f545d7b3566ce3a,IN,3,0.00146415,0x2f6e3423bed37acde76fba89dab76f2e1a4381ffa416b30a2fcb88dc264a4644,external,0,0 Ether
1,0xbeefd8fb3b5778f99e021afa2e41e0614af6af11,1540225738,6562507.0,0x300758881bf3756b6cb5b2e96f545d7b3566ce3a,IN,3,0.0019522000000000003,0x4a4f5d7d6c0acc3f512de0a59b7967b2f497f794f6e26b0fb87af02b6b0b76ba,external,0,0 Ether
1,0xbeefd8fb3b5778f99e021afa2e41e0614af6af11,1541420380,6649958.0,0x300758881bf3756b6cb5b2e96f545d7b3566ce3a,IN,3,0.0014652,0x6dae009b9dae8c2dfe9287d0d066cc52adb5a84ba2820716092cfa918ecb22da,external,0,0 Ether
1,0xbeefd8fb3b5778f99e021afa2e41e0614af6af11,1540731256,6601359.0,0x300758881bf3756b6cb5b2e96f545d7b3566ce3a,IN,3,0.00232956,0x6f3c4ba40369a306a7f6acac9e4c8e2ca258903855fd965eb7e43a1484b4c3a2,external,0,0.01 Ether
1,0xbeefd8fb3b5778f99e021afa2e41e0614af6af11,1540992729,6619866.0,0x300758881bf3756b6cb5b2e96f545d7b3566ce3a,IN,3,0.00146415,0x7b95bbdfeb5078873e1330eaf7cde36b85d7de98cf3a32f079f86d4712ce646a,external,0,0 Ether
1,0xbeefd8fb3b5778f99e021afa2e41e0614af6af11,1540348538,6574240.0,0x300758881bf3756b6cb5b2e96f545d7b3566ce3a,IN,3,0.0019199999999999998,0xad824d0d81694040a821c195a534fe93264881798cb0f458d3274bee082ab9b2,external,0,0 Ether
