Class,address,age,block,creator,direction,inter_direction,txFee,txhash,txn_type,type,value
1,0xbeefd8fb3b5778f99e021afa2e41e0614af6af11,1541259698,6638661.0,0x300758881bf3756b6cb5b2e96f545d7b3566ce3a,IN,3,0.0001221,0x0a6b2a6b8f8d0564e3d956404c75aaf49eda1374086f52207606352fedc9b280,external,0,0 Ether
1,0xbeefd8fb3b5778f99e021afa2e41e0614af6af11,1541715400,6670755.0,0x300758881bf3756b6cb5b2e96f545d7b3566ce3a,IN,3,0.00020345,0x15ffbf55b9c4807e52d6b69eafe27e24f676e8afc22e531a10ee37ffb1492662,external,0,0 Ether
1,0xbeefd8fb3b5778f99e021afa2e41e0614af6af11,1539539131,6516925.0,0x300758881bf3756b6cb5b2e96f545d7b3566ce3a,IN,3,0.00020335,0x41afd04124ae6b586828c4f9c14d5f067d1930f41c87114ed0ac756201b31bac,external,0,0 Ether
1,0xbeefd8fb3b5778f99e021afa2e41e0614af6af11,1540855114,6610110.0,0x300758881bf3756b6cb5b2e96f545d7b3566ce3a,IN,3,0.00012201,0x4385ac3cbfc49fa1d6dff82d81d4610ab020df4076932d19c1531614f78960f8,external,0,0 Ether
1,0xbeefd8fb3b5778f99e021afa2e41e0614af6af11,1538561768,6447117.0,0x300758881bf3756b6cb5b2e96f545d7b3566ce3a,IN,3,0.00047528,0x6868f86b0d70e2061a53b6c909599529feb98db495416135b822d467bda716b2,external,0,0.4 Ether
1,0xbeefd8fb3b5778f99e021afa2e41e0614af6af11,1539125036,6487397.0,0x300758881bf3756b6cb5b2e96f545d7b3566ce3a,IN,3,0.00012201,0x86989bb30b768e093f067be62fe3c037564aad7a22db82a250027e8785cec1e1,external,0,0 Ether
