Class,address,age,block,creator,direction,inter_direction,txFee,txhash,txn_type,type,value
1,0xbeefd8fb3b5778f99e021afa2e41e0614af6af11,1541818451,6678064.0,0x300758881bf3756b6cb5b2e96f545d7b3566ce3a,IN,3,0.00012207,0x3ce684180d2f5d3a22085d9bd1b6bf0e092d38fdb01cd5935aa478f4b825bc4b,external,0,0 Ether
1,0xbeefd8fb3b5778f99e021afa2e41e0614af6af11,1539643921,6524342.0,0x300758881bf3756b6cb5b2e96f545d7b3566ce3a,IN,3,0.00034344,0x45ebe5e880547655147ce0af33b7de66fbeb4ec6c07cd9c9e80895f112e31ed7,external,0,0.01 Ether
1,0xbeefd8fb3b5778f99e021afa2e41e0614af6af11,1539997261,6549326.0,0x300758881bf3756b6cb5b2e96f545d7b3566ce3a,IN,3,0.00016268,0x644da9be5cd327720942b77674c3c9079bd7905ad81b85303c5c2b01dc752f83,external,0,0 Ether
1,0xbeefd8fb3b5778f99e021afa2e41e0614af6af11,1540470881,6582945.0,0x300758881bf3756b6cb5b2e96f545d7b3566ce3a,IN,3,0.00016268,0x94a0f43aca0d8dbb83a2d4ca64f531f261ed85ce46a95c5c2c0fa0e62d17bd95,external,0,0 Ether
