Class,address,age,block,creator,direction,inter_direction,txFee,txhash,txn_type,type,value
1,0xbeefd8fb3b5778f99e021afa2e41e0614af6af11,1539485060,6513040.0,0x300758881bf3756b6cb5b2e96f545d7b3566ce3a,IN,3,4.067e-05,0x078395136262b99ddea70c3a240560b950f1eeb398de50feb71413e8538f809f,external,0,0 Ether
1,0xbeefd8fb3b5778f99e021afa2e41e0614af6af11,1539212112,6493616.0,0x300758881bf3756b6cb5b2e96f545d7b3566ce3a,IN,3,0.0012879,0x24f4b0787d2c24c0a658a770b665c38542c45f7d8fb4717307787e274c40b887,external,0,0.019 Ether
1,0xbeefd8fb3b5778f99e021afa2e41e0614af6af11,1539757613,6532379.0,0x300758881bf3756b6cb5b2e96f545d7b3566ce3a,IN,3,0.0006471000000000001,0x2f9636b525414f8467ff7fb037fb4229490225506bb09f08d2d0fa2369c1fe8f,external,0,0.04 Ether
1,0xbeefd8fb3b5778f99e021afa2e41e0614af6af11,1540894258,6612852.0,0x300758881bf3756b6cb5b2e96f545d7b3566ce3a,IN,3,0.00028469,0x6f6028bdbdbbf9dbe20bc7aa184c5ea9b805e2530cdca0f9fc516806a305943f,external,0,0 Ether
1,0xbeefd8fb3b5778f99e021afa2e41e0614af6af11,1540450871,6581495.0,0x300758881bf3756b6cb5b2e96f545d7b3566ce3a,IN,3,0.00028469,0x8f61043d0941dbdaf0867af028f438badc2d5dfec68f6505626e7d10623c4174,external,0,0 Ether
1,0xbeefd8fb3b5778f99e021afa2e41e0614af6af11,1541144711,6630501.0,0x300758881bf3756b6cb5b2e96f545d7b3566ce3a,IN,3,0.0002849,0x911e444ad9f24b27064f259e5285d6fa6e5d724deedd9c2195597fe44376e1eb,external,0,0 Ether
1,0xbeefd8fb3b5778f99e021afa2e41e0614af6af11,1539757464,6532367.0,0x300758881bf3756b6cb5b2e96f545d7b3566ce3a,IN,3,0.00040671,0x965856e232e51b26f70872276d583439e30d3332a364e4cbb55ccb12882a3646,external,0,0 Ether
1,0xbeefd8fb3b5778f99e021afa2e41e0614af6af11,1541583418,6661456.0,0x300758881bf3756b6cb5b2e96f545d7b3566ce3a,IN,3,0.00028483,0x9d195e1e7373f9351e112c2b2cec43e97463a1ec9b20fda7e5125a83834520fc,external,0,0 Ether
1,0xbeefd8fb3b5778f99e021afa2e41e0614af6af11,1542013508,6691874.0,0x300758881bf3756b6cb5b2e96f545d7b3566ce3a,IN,3,0.00021173,0xa68d584347a20f40a8062042d102a1c1ad049d4ac054ef530d4deef9244e8882,external,0,0 Ether
