Class,address,age,block,creator,direction,inter_direction,txFee,txhash,txn_type,type,value
1,0xbeefd8fb3b5778f99e021afa2e41e0614af6af11,1541447464,6651862.0,0x300758881bf3756b6cb5b2e96f545d7b3566ce3a,IN,3,0.0006512,0x3f8c34cb62f6e9c50e17eaea5dac20a81da9e5048c9d95c09a7944cf43236dc9,external,0,0 Ether
1,0xbeefd8fb3b5778f99e021afa2e41e0614af6af11,1540085840,6555675.0,0x300758881bf3756b6cb5b2e96f545d7b3566ce3a,IN,3,0.00265311,0x4b8a12e2562cbc97691bd122d1a851ed7c043fcc30ddd2a381d4fc509b17747b,external,0,0.02 Ether
1,0xbeefd8fb3b5778f99e021afa2e41e0614af6af11,1539136536,6488260.0,0x300758881bf3756b6cb5b2e96f545d7b3566ce3a,IN,3,0.00057034,0x4edb473f24dcfc7196c4767445e74450a0c6b6280db63e4bcf5cc119faafe1f4,external,0,0.1 Ether
1,0xbeefd8fb3b5778f99e021afa2e41e0614af6af11,1540391632,6577326.0,0x300758881bf3756b6cb5b2e96f545d7b3566ce3a,IN,3,0.00032355,0x645c80fa4c49ca51357d2b50e179b94e948e1d39e07307615927204b181e4a47,external,0,0.03 Ether
1,0xbeefd8fb3b5778f99e021afa2e41e0614af6af11,1539561124,6518487.0,0x300758881bf3756b6cb5b2e96f545d7b3566ce3a,IN,3,0.00024402,0xb23b92155d4f0f313321247efa13bbe7c12079d8b7f0951647f4135f7f7a1eef,external,0,0 Ether
