Class,address,age,block,creator,direction,inter_direction,txFee,txhash,txn_type,type,value
0,0xc02aaa39b223fe8d0a0e5c4f27ead9083c756cc2,1537158955,6345346.0,0x4f26ffbe5f04ed43630fdc30a87638d53d0b0876,IN,3,0.00010987,0x79476ff37c489740234dc536521f6747d2ed193f4432123acc6174f02d6c7f49,external,0,0 Ether
0,0xc02aaa39b223fe8d0a0e5c4f27ead9083c756cc2,1537118342,6345520.0,0x4f26ffbe5f04ed43630fdc30a87638d53d0b0876,IN,3,0.00015408,0x86be4a216ec08334874c86c0ea596fd88f0216d9bd6b7056066057af826b3ce5,external,0,0 Ether
