Class,address,age,block,creator,direction,inter_direction,txFee,txhash,txn_type,type,value
0,0xc02aaa39b223fe8d0a0e5c4f27ead9083c756cc2,1544025514,6833454.0,0x4f26ffbe5f04ed43630fdc30a87638d53d0b0876,IN,3,0.00047112,0x06a2a7403d32eaf5cf0cb0ba05e792605ae363d53b01c1418f674d841c0fa12c,external,0,0 Ether
0,0xc02aaa39b223fe8d0a0e5c4f27ead9083c756cc2,1544071190,6833634.0,0x4f26ffbe5f04ed43630fdc30a87638d53d0b0876,IN,3,0.00036624,0x38040e0bfc26297e7f4a8afc97f21e816ac10cec1c7403efd844c8d414fa9883,external,0,0 Ether
0,0xc02aaa39b223fe8d0a0e5c4f27ead9083c756cc2,1544025406,6833450.0,0x4f26ffbe5f04ed43630fdc30a87638d53d0b0876,IN,3,0.00060684,0x52fc3dcc59f6cc0cdba3498eac9c3b579ad7569fd77e8432672c78392e52d0d2,external,0,0.02 Ether
0,0xc02aaa39b223fe8d0a0e5c4f27ead9083c756cc2,1544071336,6833644.0,0x4f26ffbe5f04ed43630fdc30a87638d53d0b0876,IN,3,0.00036688,0xac374e141f08b932873297386896d225ebd427bdd828bf2c340aac1520670c5b,external,0,0 Ether
