Class,address,age,block,creator,direction,inter_direction,txFee,txhash,txn_type,type,value
0,0xc02aaa39b223fe8d0a0e5c4f27ead9083c756cc2,1538180597,6420156.0,0x4f26ffbe5f04ed43630fdc30a87638d53d0b0876,IN,3,0.00076896,0x01d253ebe06bdfa9d6d0454a7035f8e9d513040cdb3332701618a1a3add34c80,external,0,0 Ether
0,0xc02aaa39b223fe8d0a0e5c4f27ead9083c756cc2,1538180540,6420153.0,0x4f26ffbe5f04ed43630fdc30a87638d53d0b0876,IN,3,0.00070653,0xa253b9695568ea149d0327c3c16c0fa938681d1b91d529f98f66b8d63ab0378c,external,0,0.005 Ether
0,0xc02aaa39b223fe8d0a0e5c4f27ead9083c756cc2,1538180831,6420173.0,0x4f26ffbe5f04ed43630fdc30a87638d53d0b0876,IN,3,0.00045637,0xb00f92f4a4792b771930c444a1fdfacc355e2469bd294589bc9dfb167b9cf700,external,0,0.0031 Ether
