Class,address,age,block,creator,direction,inter_direction,txFee,txhash,txn_type,type,value
0,0xc02aaa39b223fe8d0a0e5c4f27ead9083c756cc2,1542718360,6741618.0,0x4f26ffbe5f04ed43630fdc30a87638d53d0b0876,IN,3,0.00028305,0x07ab387c4801ad293c1e9aa077fe637b1c02bbb27c4c34708e769d335117d13c,external,0,0 Ether
0,0xc02aaa39b223fe8d0a0e5c4f27ead9083c756cc2,1544118507,6839946.0,0x4f26ffbe5f04ed43630fdc30a87638d53d0b0876,IN,3,0.00013051,0x0b654f6812978b950ef84d7620553b6b75907c99dca37e356a53e877d96ebfb9,external,0,0 Ether
0,0xc02aaa39b223fe8d0a0e5c4f27ead9083c756cc2,1542718438,6741622.0,0x4f26ffbe5f04ed43630fdc30a87638d53d0b0876,IN,3,0.00019305,0x0ce5b95d3b5149c2415c88c2770be9eb54e7e1a15c75151b6abb1e5d77b10ec0,external,0,0 Ether
0,0xc02aaa39b223fe8d0a0e5c4f27ead9083c756cc2,1542615103,6734424.0,0x4f26ffbe5f04ed43630fdc30a87638d53d0b0876,IN,3,0.00019842,0x3d7c6b937a231e77875222e7649fd8d1d3d470b8ed242a0ac5808440ec8ed991,external,0,50 Ether
0,0xc02aaa39b223fe8d0a0e5c4f27ead9083c756cc2,1544075431,6836931.0,0x4f26ffbe5f04ed43630fdc30a87638d53d0b0876,IN,3,0.00026007,0x84650f4317ad425dbfcc46f5c9832ae61047545bda6fec81f24cb184d5e66613,external,0,40 Ether
0,0xc02aaa39b223fe8d0a0e5c4f27ead9083c756cc2,1543265130,6780275.0,0x4f26ffbe5f04ed43630fdc30a87638d53d0b0876,IN,3,0.00011338,0x8d06e60562d86e94b34758ce36af8898a0007d55db5b307ab5202f0e4ffa2106,external,0,63 Ether
