Class,address,age,block,creator,direction,inter_direction,txFee,txhash,txn_type,type,value
0,0xc02aaa39b223fe8d0a0e5c4f27ead9083c756cc2,1542618488,6734644.0,0x4f26ffbe5f04ed43630fdc30a87638d53d0b0876,IN,3,0.00017007,0x082fb3ad7c554caf5fca162cc1c9c371f69b2794022c7bf50a4bfee433b7c9a3,external,0,250 Ether
0,0xc02aaa39b223fe8d0a0e5c4f27ead9083c756cc2,1542187385,6704138.0,0x4f26ffbe5f04ed43630fdc30a87638d53d0b0876,IN,3,0.00047176,0x19a0340484ab35f073852393210319759b4ec70072dbbafc04473382ddc7b27f,external,0,0 Ether
0,0xc02aaa39b223fe8d0a0e5c4f27ead9083c756cc2,1542970534,6759385.0,0x4f26ffbe5f04ed43630fdc30a87638d53d0b0876,IN,3,0.00031180000000000004,0x42fe55f603252b896ac8b8d4aae76450cf9b434b2c417ac8646b2bbd84b4d123,external,0,12 Ether
0,0xc02aaa39b223fe8d0a0e5c4f27ead9083c756cc2,1542971038,6759419.0,0x4f26ffbe5f04ed43630fdc30a87638d53d0b0876,IN,3,0.00014173,0x5cb88c55e42ed1765fad245fc19f546448b4887f9de7a33613763685171437e9,external,0,27.5 Ether
0,0xc02aaa39b223fe8d0a0e5c4f27ead9083c756cc2,1542186983,6704114.0,0x4f26ffbe5f04ed43630fdc30a87638d53d0b0876,IN,3,0.00028346,0x95dba6bb491fb15985d935097119bed7b815fd38b299ed15889dfe348e58d51b,external,0,40 Ether
0,0xc02aaa39b223fe8d0a0e5c4f27ead9083c756cc2,1542970554,6759387.0,0x4f26ffbe5f04ed43630fdc30a87638d53d0b0876,IN,3,0.00031180000000000004,0x9628ededc22641cb490728121dce320065e9178e401e3e7a9191d466f574d04f,external,0,12 Ether
0,0xc02aaa39b223fe8d0a0e5c4f27ead9083c756cc2,1542970471,6759382.0,0x4f26ffbe5f04ed43630fdc30a87638d53d0b0876,IN,3,0.00017007,0xab1819cfe90caf448569686c3c4371e464fb599627087b17b25cb61efa38b929,external,0,40 Ether
0,0xc02aaa39b223fe8d0a0e5c4f27ead9083c756cc2,1545451162,6932359.0,0x4f26ffbe5f04ed43630fdc30a87638d53d0b0876,IN,3,0.00011006,0xab25b5dd371d54c9932a65c1a95f461e431b5371663965e8a38bb7b520857c8c,external,0,0 Ether
