Class,address,age,block,creator,direction,inter_direction,txFee,txhash,txn_type,type,value
0,0xc02aaa39b223fe8d0a0e5c4f27ead9083c756cc2,1538641054,6452768.0,0x4f26ffbe5f04ed43630fdc30a87638d53d0b0876,IN,3,0.00031184,0x4edeb60cf48780156d49020e4a8dcdacae13753b955fff4357e31857174c9f56,external,0,0 Ether
0,0xc02aaa39b223fe8d0a0e5c4f27ead9083c756cc2,1538638835,6452618.0,0x4f26ffbe5f04ed43630fdc30a87638d53d0b0876,IN,3,0.00024094,0x67ce2296118c30d24f1191a534ae03cccdf2e1846865256281631b8373204d0f,external,0,0.0012 Ether
0,0xc02aaa39b223fe8d0a0e5c4f27ead9083c756cc2,1538787925,6463239.0,0x4f26ffbe5f04ed43630fdc30a87638d53d0b0876,IN,3,0.00029665,0x96692518d8f32c7578b69efc38684b5262d75ba194460d029d52fa7472d65172,external,0,0 Ether
