Class,address,age,block,creator,direction,inter_direction,txFee,txhash,txn_type,type,value
0,0xc02aaa39b223fe8d0a0e5c4f27ead9083c756cc2,1536912298,6331051.0,0x4f26ffbe5f04ed43630fdc30a87638d53d0b0876,IN,3,0.0001887,0x3037b63da2721d74b493f4955dbdcb0bd548d5f52c4dd4997ea23f928df38a8a,external,0,0 Ether
0,0xc02aaa39b223fe8d0a0e5c4f27ead9083c756cc2,1544908387,6895375.0,0x4f26ffbe5f04ed43630fdc30a87638d53d0b0876,IN,3,0.00039444,0x4990e7668c3aff5f0a20636f316a5d29a9b979d7a630251eab0d86972545efa0,external,0,2.1 Ether
0,0xc02aaa39b223fe8d0a0e5c4f27ead9083c756cc2,1538992498,6477926.0,0x4f26ffbe5f04ed43630fdc30a87638d53d0b0876,IN,3,0.00017338,0x5ca87ede8a300f7ab08be53efb3e25b459bbeb41a48d49e97c92c7a21b66278f,external,0,0.4 Ether
0,0xc02aaa39b223fe8d0a0e5c4f27ead9083c756cc2,1536911702,6331015.0,0x4f26ffbe5f04ed43630fdc30a87638d53d0b0876,IN,3,0.0001887,0x6139d0e52363806e73619e94719574d3ed53618eb452067a6bd6e7b980885c47,external,0,0 Ether
0,0xc02aaa39b223fe8d0a0e5c4f27ead9083c756cc2,1538074862,6412745.0,0x4f26ffbe5f04ed43630fdc30a87638d53d0b0876,IN,3,0.00024002,0x918b04f7e2cd1db3e02c202ba952baf07922b163cacd01932cef31686512971c,external,0,0 Ether
