Class,address,age,block,creator,direction,inter_direction,txFee,txhash,txn_type,type,value
0,0xc02aaa39b223fe8d0a0e5c4f27ead9083c756cc2,1543522979,6798263.0,0x4f26ffbe5f04ed43630fdc30a87638d53d0b0876,IN,3,0.00073376,0x92a2ff4c152e0d89b9e4fddba781279bad4a82086ca20ed701604f0bc0c46c36,external,0,0 Ether
0,0xc02aaa39b223fe8d0a0e5c4f27ead9083c756cc2,1545265120,6919694.0,0x4f26ffbe5f04ed43630fdc30a87638d53d0b0876,IN,3,0.00047176,0xaa08b014d211d356e95496c71a7c191553da558b94f852228d5fec70bf811305,external,0,0 Ether
