Class,address,age,block,creator,direction,inter_direction,txFee,txhash,txn_type,type,value
0,0xc02aaa39b223fe8d0a0e5c4f27ead9083c756cc2,1540184804,6562659.0,0x4f26ffbe5f04ed43630fdc30a87638d53d0b0876,IN,3,0.00023927,0x238860c0035d4a9c18784b5f54894e2a61069e7d7faa2e568c1711b2d0cfd034,external,0,0 Ether
0,0xc02aaa39b223fe8d0a0e5c4f27ead9083c756cc2,1540445460,6581108.0,0x4f26ffbe5f04ed43630fdc30a87638d53d0b0876,IN,3,0.00029299,0x410ca811202e4e62fa8b4f0688c70230f2449f9a4c662ebd599db6c263fef041,external,0,0 Ether
0,0xc02aaa39b223fe8d0a0e5c4f27ead9083c756cc2,1542640283,6736180.0,0x4f26ffbe5f04ed43630fdc30a87638d53d0b0876,IN,3,0.00026102,0x50ef3e9532c65e3e18ca8c06b4eec9d83e06f608b55920fe59ef5ba02b299611,external,0,0 Ether
0,0xc02aaa39b223fe8d0a0e5c4f27ead9083c756cc2,1540882184,6612058.0,0x4f26ffbe5f04ed43630fdc30a87638d53d0b0876,IN,3,0.0002935,0x548f118e0a14a347848a762deafef16bfe49c0dcec265f2a26ff3695ec6d8c80,external,0,0 Ether
0,0xc02aaa39b223fe8d0a0e5c4f27ead9083c756cc2,1542644648,6733471.0,0x4f26ffbe5f04ed43630fdc30a87638d53d0b0876,IN,3,0.00026102,0x55a6cd293906b52dc744a134ca323bc77a06e7fdc049f6a0dd60e658ba87cfe7,external,0,0 Ether
0,0xc02aaa39b223fe8d0a0e5c4f27ead9083c756cc2,1542696799,6740129.0,0x4f26ffbe5f04ed43630fdc30a87638d53d0b0876,IN,3,0.00032628,0x61efe23e944f79bf147294a315513a85fd2d463c85aa2b57cc39a65fa15d52b2,external,0,0 Ether
0,0xc02aaa39b223fe8d0a0e5c4f27ead9083c756cc2,1542696425,6740110.0,0x4f26ffbe5f04ed43630fdc30a87638d53d0b0876,IN,3,0.00032628,0x8e4b7ffe3800411ff0b09db875d9c9fba582f896805c6e462db52598d02df99c,external,0,0 Ether
0,0xc02aaa39b223fe8d0a0e5c4f27ead9083c756cc2,1539767415,6533070.0,0x4f26ffbe5f04ed43630fdc30a87638d53d0b0876,IN,3,7.337e-05,0x9ac78572cdbb1c6b946d98294fe4b0db5bad79b6f6884382c077acd23cad1871,external,0,0 Ether
0,0xc02aaa39b223fe8d0a0e5c4f27ead9083c756cc2,1543225678,6777486.0,0x4f26ffbe5f04ed43630fdc30a87638d53d0b0876,IN,3,0.00021752,0xae534d9603840ed361dc4afd38848e91af52f2b2bcf1c4572649eddaaf3597bf,external,0,0 Ether
