Class,address,age,block,creator,direction,inter_direction,txFee,txhash,txn_type,type,value
1,0x9b5bbb16a7a68660f6503eff6c8e3159820d6396,1540516046,6586124.0,0xdacca760db181e54d96b9a061acc0d2d48a05593,OUT,2,0.0,0xf654acbac032e03519447d4e0345e7f762d9ef29cd965afd2bb345116cc7e04f,internal,call,0.0206125 Ether
1,0x9b5bbb16a7a68660f6503eff6c8e3159820d6396,1540046145,6552850.0,0xdacca760db181e54d96b9a061acc0d2d48a05593,OUT,2,0.0,0x9a3e63646acfa404a796f3ad199deb30bd864bf931bd7fa9d1d6bc22f0c4121f,internal,call,0.01649 Ether
1,0x9b5bbb16a7a68660f6503eff6c8e3159820d6396,1539699952,6528302.0,0xdacca760db181e54d96b9a061acc0d2d48a05593,OUT,2,0.0,0xfeb721fd4a15467e4a2defdd2e8ab56780fae579070e2676b2aeef16aca51417,internal,call,0.0206125 Ether
1,0x9b5bbb16a7a68660f6503eff6c8e3159820d6396,1539265242,6497375.0,0xdacca760db181e54d96b9a061acc0d2d48a05593,OUT,2,0.0,0x9b00bd728f4642043a802c773c2960a473ad1e57a9a2c39015863151eda5626b,internal,call,0.008245 Ether
1,0x9b5bbb16a7a68660f6503eff6c8e3159820d6396,1539080718,6484186.0,0xdacca760db181e54d96b9a061acc0d2d48a05593,OUT,2,0.0,0x467f370f4f5303c45822eac840aa14be476163e65fda1e07d8ac07cb2be7ed15,internal,call,0.008245 Ether
