Class,address,age,block,creator,direction,inter_direction,txFee,txhash,txn_type,type,value
0,0x964f35fae36d75b1e72770e244f6595b68508cf5,1523171687,5403908.0,0x8007ce15acda724689760b4ba493d4766f973649,OUT,2,0.0,0xe4504bf86517a13820b1143966d3b819523e1fe7a535fccd64a702290e4491a3,internal,call,0.025327232962784 Ether
0,0x964f35fae36d75b1e72770e244f6595b68508cf5,1523171564,5403899.0,0x8007ce15acda724689760b4ba493d4766f973649,OUT,2,0.0,0xf63fbcc67a2ca5bfad21304dff7162c3c3b6251716e25f71acab0fc652269d5a,internal,call,0.002528443705 Ether
0,0x964f35fae36d75b1e72770e244f6595b68508cf5,1521878332,5314022.0,0x8007ce15acda724689760b4ba493d4766f973649,OUT,2,0.0,0x268a96542cb6ccc6b08cba72bac3d28ff1d28c9845283a89cf59888e389b9cc7,internal,call,0.044856251986 Ether
