Class,address,age,block,creator,direction,inter_direction,txFee,txhash,txn_type,type,value
0,0xc7af99fe5513eb6710e6d5f44f9989da40f27f26,1513800772,4769192.0,0xba52c75764d6f594735dc735be7f1830cdf58ddf,IN,3,0.00090917,0x12c733a2d48d6c810cc2b0f9c8c9beb7112e717e7c28304a35f017485f496e22,external,0,0 Ether
0,0xc7af99fe5513eb6710e6d5f44f9989da40f27f26,1514102839,4789311.0,0xba52c75764d6f594735dc735be7f1830cdf58ddf,IN,3,0.00090917,0x20a80993f806118ef9bb287d3180fe9e5df41ed7436f60a0d82b432fab7fe834,external,0,0 Ether
0,0xc7af99fe5513eb6710e6d5f44f9989da40f27f26,1518693777,5096352.0,0xba52c75764d6f594735dc735be7f1830cdf58ddf,IN,3,0.00072734,0x24f7d6adf7b8bbfa5c0f5bc535c3cb9ff80576aa8ad57b63c46fb03f5a403dd3,external,0,0 Ether
0,0xc7af99fe5513eb6710e6d5f44f9989da40f27f26,1513927507,4777402.0,0xba52c75764d6f594735dc735be7f1830cdf58ddf,IN,3,0.00163651,0x3a30849a922d312bbad17a9725ae233d1f84dc9970ec03afc7610bdace5dbe0b,external,0,0 Ether
0,0xc7af99fe5513eb6710e6d5f44f9989da40f27f26,1513816730,4770217.0,0xba52c75764d6f594735dc735be7f1830cdf58ddf,IN,3,0.00090917,0x53c993c14f7c8018ee9917779268152546e8bb09662332c1caf38a3d8f478eff,external,0,0 Ether
0,0xc7af99fe5513eb6710e6d5f44f9989da40f27f26,1513910580,4776323.0,0xba52c75764d6f594735dc735be7f1830cdf58ddf,IN,3,0.00090917,0x5fde83c7b39e4d0003dc3c64a1dae15d1fa97dc092e1526f517653954dbf076e,external,0,0 Ether
0,0xc7af99fe5513eb6710e6d5f44f9989da40f27f26,1517505188,5014504.0,0xba52c75764d6f594735dc735be7f1830cdf58ddf,IN,3,0.00072734,0xa98182eec74bd023124924f30ff984021e910820c74848ccfa2f665f7ddcf6fd,external,0,0 Ether
