Class,address,age,block,creator,direction,inter_direction,txFee,txhash,txn_type,type,value
0,0xc8c6a31a4a806d3710a7b38b7b296d2fabccdba8,1507646500,4354670.0,0x85196da9269b24bdf5ffd2624abb387fca05382b,IN,3,0.00036561,0x08f8258e77ea6b49cb9210e44b31f61e652cb61e388b32c779c78cc1ca139341,external,0,0 Ether
0,0xc8c6a31a4a806d3710a7b38b7b296d2fabccdba8,1507568343,4350604.0,0x85196da9269b24bdf5ffd2624abb387fca05382b,IN,3,0.00029897,0x3e7738d2624ea84a739bd5d6885b75ea78fa49fac4e25866a3b27c993a58ae0c,external,0,0 Ether
0,0xc8c6a31a4a806d3710a7b38b7b296d2fabccdba8,1507764983,4358616.0,0x85196da9269b24bdf5ffd2624abb387fca05382b,IN,3,0.00029897,0x6b140361d63360d35d4d330f606fb253fc819606732b49424fa15421704bbdb3,external,0,0 Ether
