Class,address,age,block,creator,direction,inter_direction,txFee,txhash,txn_type,type,value
0,0xc8c6a31a4a806d3710a7b38b7b296d2fabccdba8,1526358285,5614992.0,0x85196da9269b24bdf5ffd2624abb387fca05382b,IN,3,0.00091725,0x41630f4eb1c8509697cafb3ac51f8e44777fafa4ae644405f8f6df5fc9771fdf,external,0,0 Ether
0,0xc8c6a31a4a806d3710a7b38b7b296d2fabccdba8,1526358072,5614979.0,0x85196da9269b24bdf5ffd2624abb387fca05382b,IN,3,0.0021420000000000002,0x94ccfcda60f61c2ad97e348160904dec869faf05222f1eb30826ab96c6a4bab4,external,0,0 Ether
