Class,address,age,block,creator,direction,inter_direction,txFee,txhash,txn_type,type,value
0,0xc8c6a31a4a806d3710a7b38b7b296d2fabccdba8,1514717714,4831446.0,0x85196da9269b24bdf5ffd2624abb387fca05382b,IN,3,0.00048712,0x23fbe6cf03aaf57f08f50efe86a53aa5c55f90f5daeb87e23945a5ff1c243def,external,0,0 Ether
0,0xc8c6a31a4a806d3710a7b38b7b296d2fabccdba8,1514717666,4831443.0,0x85196da9269b24bdf5ffd2624abb387fca05382b,IN,3,0.00074872,0x74c527fdb2f0b47814ae9f88b306b24771c1d7e1f4006a641e7d5eb5e50d2b1f,external,0,0 Ether
