Class,address,age,block,creator,direction,inter_direction,txFee,txhash,txn_type,type,value
0,0xcb94be6f13a1182e4a4b6140cb7bf2025d28e41b,1495843504,3775131.0,0xcb657c0d074daced6ba36efdfc42bd8018b8dcca,IN,3,0.00076761,0x7a928b45a6943d5986e105cd182a50b5bdb38710312e2625420a2e92807f01fe,external,0,0 Ether
0,0xcb94be6f13a1182e4a4b6140cb7bf2025d28e41b,1500515479,4047924.0,0xcb657c0d074daced6ba36efdfc42bd8018b8dcca,IN,3,0.00076895,0xb7aa30e81eadb88ef9fe8cc1b28745b2a9ff60c7c99d31607d75e0ef13e83f51,external,0,0 Ether
