Class,address,age,block,creator,direction,inter_direction,txFee,txhash,txn_type,type,value
0,0xcbeaec699431857fdb4d37addbbdc20e132d4903,1505412399,4275136.0,0xf6fd3570e80a67e26400043efe077c0b9aac7d42,IN,3,0.0018618999999999999,0xa354df48f9796ba38c908dddd781afb0524c8298ab86f2b7847b68cda955501b,external,0,0 Ether
0,0xcbeaec699431857fdb4d37addbbdc20e132d4903,1505330750,4271715.0,0xf6fd3570e80a67e26400043efe077c0b9aac7d42,IN,3,0.00186055,0xa909f2be56785e66098a77c789c4c2e199546618b0ab166eff25cde09b96f691,external,0,0 Ether
