Class,address,age,block,creator,direction,inter_direction,txFee,txhash,txn_type,type,value
0,0xcbeaec699431857fdb4d37addbbdc20e132d4903,1511860730,4638951.0,0xf6fd3570e80a67e26400043efe077c0b9aac7d42,IN,3,0.00211493,0x3d25758b77b43e9fb338c4df445233400706d38c241f253908f0b9c99e6f8e11,external,0,0 Ether
0,0xcbeaec699431857fdb4d37addbbdc20e132d4903,1511861472,4639004.0,0xf6fd3570e80a67e26400043efe077c0b9aac7d42,IN,3,0.000583,0xa2c3844b8eb2d64b134b749caf91c20d3046d2efe723476dcfeab21e308d6708,external,0,0 Ether
0,0xcbeaec699431857fdb4d37addbbdc20e132d4903,1511861756,4639026.0,0xf6fd3570e80a67e26400043efe077c0b9aac7d42,IN,3,0.000583,0xa797a4f9be8fa341e1f964442e397998e96d2cab32c9d6bb280c2adbdd037f2d,external,0,0 Ether
