Class,address,age,block,creator,direction,inter_direction,txFee,txhash,txn_type,type,value
0,0xcb94be6f13a1182e4a4b6140cb7bf2025d28e41b,1527254590,5676399.0,0xcb657c0d074daced6ba36efdfc42bd8018b8dcca,IN,3,0.00077351,0x1686768c9cbee3e46a97e66a46319ba5415e8e871375d19f88e229399d634fae,external,0,0 Ether
0,0xcb94be6f13a1182e4a4b6140cb7bf2025d28e41b,1527683649,5704510.0,0xcb657c0d074daced6ba36efdfc42bd8018b8dcca,IN,3,0.0006192999999999999,0x4e09071531b3f28c621d693fc4cfdc00175329289769e12e0d8adf5a0c469085,external,0,0 Ether
0,0xcb94be6f13a1182e4a4b6140cb7bf2025d28e41b,1529145749,5800531.0,0xcb657c0d074daced6ba36efdfc42bd8018b8dcca,IN,3,0.0003185,0xac544c7c0d12ce00dc3c90afdaf65aba7cc6e6efab95f414337f964c930be0ba,external,0,0 Ether
