Class,address,age,block,creator,direction,inter_direction,txFee,txhash,txn_type,type,value
0,0xcbeaec699431857fdb4d37addbbdc20e132d4903,1504379534,4232575.0,0xf6fd3570e80a67e26400043efe077c0b9aac7d42,IN,3,0.00211493,0xb17050e9a0c43ddb1dfc7f9c30719fc36f35cafe891203663513145f275c2191,external,0,0 Ether
0,0xcbeaec699431857fdb4d37addbbdc20e132d4903,1504380295,4232608.0,0xf6fd3570e80a67e26400043efe077c0b9aac7d42,IN,3,0.00216017,0xb4a1a08d15dc4ba2006da3addade43d355af8f818081ba8141cc452fd0f4259c,external,0,0 Ether
