Class,address,age,block,creator,direction,inter_direction,txFee,txhash,txn_type,type,value
0,0xcbeaec699431857fdb4d37addbbdc20e132d4903,1513824240,4770693.0,0xf6fd3570e80a67e26400043efe077c0b9aac7d42,IN,3,0.00139893,0x08aef6b873f8f8d3f68c00919bd18d34dbf6f2b8a15f4437534c21000257fc03,external,0,0 Ether
0,0xcbeaec699431857fdb4d37addbbdc20e132d4903,1512502330,4683178.0,0xf6fd3570e80a67e26400043efe077c0b9aac7d42,IN,3,0.00458526,0x1282759df6983e0b1630170ca71baa88c329310b274b5a5fc299fa8b2bd1307b,external,0,0 Ether
0,0xcbeaec699431857fdb4d37addbbdc20e132d4903,1512443260,4679372.0,0xf6fd3570e80a67e26400043efe077c0b9aac7d42,IN,3,0.0014602999999999999,0x40a40b09dc34fe1da64d99d5de1a2c8948dd78b418a4f348716add127c0e73fe,external,0,0 Ether
0,0xcbeaec699431857fdb4d37addbbdc20e132d4903,1525068914,5532515.0,0xf6fd3570e80a67e26400043efe077c0b9aac7d42,IN,3,0.00050353,0x49350f694bbcc76e35257f6cf0f0b7d4b450c111d242756a59d338e45de8ff21,external,0,0 Ether
0,0xcbeaec699431857fdb4d37addbbdc20e132d4903,1512508299,4683562.0,0xf6fd3570e80a67e26400043efe077c0b9aac7d42,IN,3,0.00298862,0x5ebfdbb3380f6383c47154bb1d9c85ac17602e1acb0538ef79eadcb65dab1f24,external,0,0 Ether
0,0xcbeaec699431857fdb4d37addbbdc20e132d4903,1509939530,4500963.0,0xf6fd3570e80a67e26400043efe077c0b9aac7d42,IN,3,0.00040310000000000004,0x94458f4920b1b70078aaf02d1ead07e03871b404eea3b70c2c63bd194d908315,external,0,0 Ether
0,0xcbeaec699431857fdb4d37addbbdc20e132d4903,1512502416,4683185.0,0xf6fd3570e80a67e26400043efe077c0b9aac7d42,IN,3,0.00347244,0xba02f87e0ebb18f883fe238a53ba304839c738f68e3199d8b7134ec282b2e68d,external,0,0 Ether
