Class,address,age,block,creator,direction,inter_direction,txFee,txhash,txn_type,type,value
0,0xcbcc0f036ed4788f63fc0fee32873d6a7487b908,1494934602,3717897.0,0xc890b1f532e674977dfdb791cafaee898dfa9671,IN,3,0.00048708,0x2c0392ceb4a0d6be92bf18bdf71f8ebe4094a06e1cffbad4d0d33480c16fa3fd,external,0,0 Ether
0,0xcbcc0f036ed4788f63fc0fee32873d6a7487b908,1494937707,3718091.0,0xc890b1f532e674977dfdb791cafaee898dfa9671,IN,3,0.00074362,0x6216ca8ed1eb6561559f9dc304b9380ea9ca5a258f741fd6216e0c44a9137479,external,0,0 Ether
0,0xcbcc0f036ed4788f63fc0fee32873d6a7487b908,1495541407,3756066.0,0xc890b1f532e674977dfdb791cafaee898dfa9671,IN,3,0.00077811,0x6ccf6abaf4286fd6aea1f3a5fa858829f131faf56e37db7aba752c4666dede1d,external,0,0 Ether
