Class,address,age,block,creator,direction,inter_direction,txFee,txhash,txn_type,type,value
0,0xcc4ef9eeaf656ac1a2ab886743e98e97e090ed38,1513656311,4757039.0,0x31efd75bc0b5fbafc6015bd50590f4fdab6a3f22,IN,3,0.00018219,0x173485d536475ed15c62ebfa6103cfa904059d856e3e64416adbade457686dbb,external,0,0 Ether
0,0xcc4ef9eeaf656ac1a2ab886743e98e97e090ed38,1514766422,4834826.0,0x31efd75bc0b5fbafc6015bd50590f4fdab6a3f22,IN,3,0.00043295,0x3d62e39c9db50fb7f3a2f5dd3911de72e326d442b312f4a65ea3b797e36af84d,external,0,0 Ether
0,0xcc4ef9eeaf656ac1a2ab886743e98e97e090ed38,1505352421,4272600.0,0x31efd75bc0b5fbafc6015bd50590f4fdab6a3f22,IN,3,0.00058231,0x6f2ddfc002a8aea81430d1332dbf2fa38c3c3d475ded1069e819ba00a9fb30eb,external,0,0 Ether
