Class,address,age,block,creator,direction,inter_direction,txFee,txhash,txn_type,type,value
0,0xd0a6e6c54dbc68db5db3a091b171a77407ff7ccf,1527652539,5702465.0,0x0008ec9f540ceb20cda44ec8503981ff58a3361b,IN,3,0.00679185,0x40ca99b9d10caef664e1cca18a582e96080c204a089057a32a29f6a269d4cda1,external,0,0 Ether
0,0xd0a6e6c54dbc68db5db3a091b171a77407ff7ccf,1527697889,5702592.0,0x0008ec9f540ceb20cda44ec8503981ff58a3361b,IN,3,0.00341685,0x7029e22e265da98c05738ebbadd9dfc618a8f25682bcbac10d86498d8b8a13b1,external,0,0 Ether
