Class,address,age,block,creator,direction,inter_direction,txFee,txhash,txn_type,type,value
0,0xd0a6e6c54dbc68db5db3a091b171a77407ff7ccf,1526913332,5654230.0,0x0008ec9f540ceb20cda44ec8503981ff58a3361b,IN,3,0.00033126,0x6510c222992bf47fe240316f521de06fb649bf5f4a3c621ca5a5e1b563dc3cc2,external,0,0 Ether
0,0xd0a6e6c54dbc68db5db3a091b171a77407ff7ccf,1526913351,5654232.0,0x0008ec9f540ceb20cda44ec8503981ff58a3361b,IN,3,0.00033126,0x78a99cfe8e965c1eae7600243e818243986993010a76c1c5c5d8f3510d61da5e,external,0,0 Ether
