Class,address,age,block,creator,direction,inter_direction,txFee,txhash,txn_type,type,value
0,0xd0a6e6c54dbc68db5db3a091b171a77407ff7ccf,1527194267,5672481.0,0x0008ec9f540ceb20cda44ec8503981ff58a3361b,IN,3,0.00046786,0x49a290d3d5fdf29488dd630a9abfcc83c793d2ebce9f6e57362b08148241e404,external,0,0.49 Ether
0,0xd0a6e6c54dbc68db5db3a091b171a77407ff7ccf,1527193837,5672456.0,0x0008ec9f540ceb20cda44ec8503981ff58a3361b,IN,3,0.00046786,0x723a5e40b70f912c82f6dff9c465fccf9073cbea23bae33e8920ee5296e5a481,external,0,0.5 Ether
