Class,address,age,block,creator,direction,inter_direction,txFee,txhash,txn_type,type,value
0,0xd0a6e6c54dbc68db5db3a091b171a77407ff7ccf,1526700159,5640245.0,0x0008ec9f540ceb20cda44ec8503981ff58a3361b,IN,3,0.00046786,0x3d18aa3afaf141241c6c0f7d715364b6464ff74eab1008a27e08d63500ccd54b,external,0,0.1 Ether
0,0xd0a6e6c54dbc68db5db3a091b171a77407ff7ccf,1526848032,5649926.0,0x0008ec9f540ceb20cda44ec8503981ff58a3361b,IN,3,0.00026526,0x6c1b8e1acf76de5d2873d0be794cb8db2ddf5e16f644d4098bf8fbd5f963bfdd,external,0,0 Ether
0,0xd0a6e6c54dbc68db5db3a091b171a77407ff7ccf,1526732919,5642348.0,0x0008ec9f540ceb20cda44ec8503981ff58a3361b,IN,3,0.00041588,0x93211bd8a39df8583c5a2d3bd33420159c713580d032526a96a16bb887688abd,external,0,0.1 Ether
0,0xd0a6e6c54dbc68db5db3a091b171a77407ff7ccf,1527047877,5662912.0,0x0008ec9f540ceb20cda44ec8503981ff58a3361b,IN,3,0.00059685,0x950a5acbc9845b52eaa0c1f3612c5bf9b0853c88f2e086693ce4d313a762fb15,external,0,0 Ether
0,0xd0a6e6c54dbc68db5db3a091b171a77407ff7ccf,1526732802,5642342.0,0x0008ec9f540ceb20cda44ec8503981ff58a3361b,IN,3,0.00031191,0xb29622693a5d28aa1c589bbbcc35e370380e5b2c5699c00b9f9857989d203153,external,0,0.1 Ether
