Class,address,age,block,creator,direction,inter_direction,txFee,txhash,txn_type,type,value
0,0xd0a6e6c54dbc68db5db3a091b171a77407ff7ccf,1527474345,5690853.0,0x0008ec9f540ceb20cda44ec8503981ff58a3361b,IN,3,0.00397902,0x7882665d74e8fa208977399d9696c74efe30fed1e7befe6deff07001159f3548,external,0,0 Ether
0,0xd0a6e6c54dbc68db5db3a091b171a77407ff7ccf,1527321269,5680822.0,0x0008ec9f540ceb20cda44ec8503981ff58a3361b,IN,3,0.00046786,0x8b08a9238631749cd8294f95c79c014e687c07fa862b5ca72b8315181c02a9ba,external,0,2.517529 Ether
