Class,address,age,block,creator,direction,inter_direction,txFee,txhash,txn_type,type,value
1,0x4e8ecf79ade5e2c49b9e30d795517a81e0bf00b8,1532920253,6056888.0,0xf39e044e1ab204460e06e87c6dca2c6319fc69e3,OUT,1,0.0,0x9021cf61feb19ebccb4e072465a9cab32cfcd4cd376ea46c7203570e645237ae,internal,call,0.165710836156623 Ether
1,0x4e8ecf79ade5e2c49b9e30d795517a81e0bf00b8,1532760773,6045766.0,0xf39e044e1ab204460e06e87c6dca2c6319fc69e3,OUT,2,0.0,0xfcd0ce07c148d7698974f46b29b26d3a2f60d33c9ef78727d0b5fc53dde8423e,internal,call,0.213842524738419 Ether
1,0x4e8ecf79ade5e2c49b9e30d795517a81e0bf00b8,1532728474,0.0,0xf39e044e1ab204460e06e87c6dca2c6319fc69e3,OUT,1,0.0,0x7142ac02c05dbcb76c0feb7bae453cbf780015769c928b965114e9c5a9d1f35a,internal,call,0.400794301941569 Ether
