Class,address,age,block,creator,direction,inter_direction,txFee,txhash,txn_type,type,value
0,0x8d12a197cb00d4747a1fe03395095ce2a5cc6819,1540639231,6594876.0,0x1ed014aec47fae44c9e55bac7662c0b78ae61798,OUT,2,0.0,0xf3c8cc25040583020d3481740892645a8ddc675793ff327c232245f37b86365b,internal,call,0.0008679284208 Ether
0,0x8d12a197cb00d4747a1fe03395095ce2a5cc6819,1540628325,6594087.0,0x1ed014aec47fae44c9e55bac7662c0b78ae61798,OUT,2,0.0,0xd5e91a0806c6ce9567d5a8b4ae4dce9c881c81e570ccf96373fdd86af5f99892,internal,call,0.002 Ether
0,0x8d12a197cb00d4747a1fe03395095ce2a5cc6819,1540954934,6617190.0,0x1ed014aec47fae44c9e55bac7662c0b78ae61798,OUT,2,0.0,0xecc6ff61afdcb6fce4a23aad4ab6020583b909bbd5b686d56392f1c6e1bde8fc,internal,call,0.008 Ether
0,0x8d12a197cb00d4747a1fe03395095ce2a5cc6819,1532250748,6011030.0,0x1ed014aec47fae44c9e55bac7662c0b78ae61798,OUT,2,0.0,0x158562b1fafaf0ef476de001e504c018d4be6693a2e2fcf5a2aa51012788be78,internal,call,0.007668726946465 Ether
0,0x8d12a197cb00d4747a1fe03395095ce2a5cc6819,1532249861,6010969.0,0x1ed014aec47fae44c9e55bac7662c0b78ae61798,OUT,2,0.0,0x94172cea67864effc7133179e897e27c285cc676d9681c104eb6cb6cac483d88,internal,call,0.008541521284019 Ether
0,0x8d12a197cb00d4747a1fe03395095ce2a5cc6819,1534855323,6189366.0,0x1ed014aec47fae44c9e55bac7662c0b78ae61798,OUT,2,0.0,0xe86997a5d9db6cd290e6e154628965617c78645239f862fc6bd43650148168c0,internal,call,0.1304 Ether
