Class,address,age,block,creator,direction,inter_direction,txFee,txhash,txn_type,type,value
0,0xd850942ef8811f2a866692a623011bde52a462c1,1532436658,6023682.0,0x5cd9f1c602ca78444142568958151027b1334d36,IN,3,0.00159912,0x9ce9fd8a6332f26532b8d97f3d1ec1e4858d13402e508d6aedf41a8bb117ec1c,external,0,0 Ether
0,0xd850942ef8811f2a866692a623011bde52a462c1,1532503973,6028215.0,0x5cd9f1c602ca78444142568958151027b1334d36,IN,3,0.00163585,0xb1154d722f1ec71c2ee50e73d1082fc254f54710ab6bd2a68be221e3b25f860f,external,0,0 Ether
0,0xd850942ef8811f2a866692a623011bde52a462c1,1532503353,6028171.0,0x5cd9f1c602ca78444142568958151027b1334d36,IN,3,0.00224298,0xb6d37e2c6e8a7470691ababdcb54d444cebe176f78a7844c0fb5ac316e416270,external,0,0 Ether
