Class,address,age,block,creator,direction,inter_direction,txFee,txhash,txn_type,type,value
0,0xd850942ef8811f2a866692a623011bde52a462c1,1536839946,6325949.0,0x5cd9f1c602ca78444142568958151027b1334d36,IN,3,0.0006498,0x690097f17a1b684683893edf8b5d74881517978a569b75083ca0cb12117d0110,external,0,0 Ether
0,0xd850942ef8811f2a866692a623011bde52a462c1,1536318828,6289905.0,0x5cd9f1c602ca78444142568958151027b1334d36,IN,3,0.00145635,0x6fd26219c9a6cef491c8c97fd90e7692e1a9688b2b2d3d9f131955c43259dd49,external,0,0 Ether
