Class,address,age,block,creator,direction,inter_direction,txFee,txhash,txn_type,type,value
0,0x964f35fae36d75b1e72770e244f6595b68508cf5,1522202310,5336407.0,0x8007ce15acda724689760b4ba493d4766f973649,OUT,2,0.0,0xdd70a1441c5722f2df5818a5ad270fce5d50b6d1b6de80f49dc28d45df66d66f,internal,call,0.00375984594986 Ether
0,0x964f35fae36d75b1e72770e244f6595b68508cf5,1522178606,5334832.0,0x8007ce15acda724689760b4ba493d4766f973649,OUT,2,0.0,0x5c846952875ec1a1501f7bb524d8a437abe6374734d9edc1bc18411996852adf,internal,call,0.019909744927748 Ether
