Class,address,age,block,creator,direction,inter_direction,txFee,txhash,txn_type,type,value
0,0xdd974d5c2e2928dea5f71b9825b8b646686bd200,1546468484,7001947.0,0xd6cd31f283d24cfb442cba1bcf42290c07c15792,IN,3,0.00029699,0x339c3b9f7b98567ab09258a16459fc39d293e97d197211fd8993c0742cda5646,external,0,0 Ether
0,0xdd974d5c2e2928dea5f71b9825b8b646686bd200,1545260197,6919392.0,0xd6cd31f283d24cfb442cba1bcf42290c07c15792,IN,3,0.00039294,0x74953c963cce04c114458f9bb81473276eace19b31a84b9ac587574001b82a0a,external,0,0 Ether
0,0xdd974d5c2e2928dea5f71b9825b8b646686bd200,1545436390,6931314.0,0xd6cd31f283d24cfb442cba1bcf42290c07c15792,IN,3,0.00039107,0x911cc6a079cce58b1879f6d3e96f9f8b8a9eec898b970d2fb6a7268514f50dd1,external,0,0 Ether
0,0xdd974d5c2e2928dea5f71b9825b8b646686bd200,1545436259,6931308.0,0xd6cd31f283d24cfb442cba1bcf42290c07c15792,IN,3,0.00022347,0x92a647b2dec6ab6c1ddda8ab5e85e5d0cd8ca731b529c7f86d60ca2b184d644f,external,0,0 Ether
