Class,address,age,block,creator,direction,inter_direction,txFee,txhash,txn_type,type,value
0,0xdd974d5c2e2928dea5f71b9825b8b646686bd200,1541277609,6639940.0,0xd6cd31f283d24cfb442cba1bcf42290c07c15792,IN,3,0.00044746,0x135811b8e8c14bd1782ec3a1e9f2e36cb847375277b6f3374d9e012f8ad5e8be,external,0,0 Ether
0,0xdd974d5c2e2928dea5f71b9825b8b646686bd200,1541261420,6635692.0,0xd6cd31f283d24cfb442cba1bcf42290c07c15792,IN,3,0.0004449,0x878067e3b36cf9ac5709e7478f0aadbf2dfcb049938328e873e5cac2f69d26c4,external,0,0 Ether
