Class,address,age,block,creator,direction,inter_direction,txFee,txhash,txn_type,type,value
1,0xe1c9a03cf690256ff7738cbd508c88cf5238a535,1522954055,5388671.0,0xc84c18a88789dba5b0ca9c13973435bbce7e961d,OUT,2,0.0,0x76c0c823ffbb0c293632277d6911a94d6653d5d7ae9b50771571c2649b24cbe4,internal,call,0.041135667447332 Ether
1,0xe1c9a03cf690256ff7738cbd508c88cf5238a535,1522951192,5388470.0,0xc84c18a88789dba5b0ca9c13973435bbce7e961d,OUT,2,0.0,0xad4d77db9272b1a384ba98fe054775a1bee625efc532e2984dfc6b42566f9f7f,internal,call,0.053191963439443 Ether
1,0xe1c9a03cf690256ff7738cbd508c88cf5238a535,1522986407,5390917.0,0xc84c18a88789dba5b0ca9c13973435bbce7e961d,OUT,2,0.0,0xdb1f98bbc4cf92f650b039452131f427aa9ea5e2dbf78fc1c27d7cfe57db3c8c,internal,call,0.107835084827872 Ether
1,0xe1c9a03cf690256ff7738cbd508c88cf5238a535,1523091750,5398328.0,0xc84c18a88789dba5b0ca9c13973435bbce7e961d,OUT,2,0.0,0xda95d6f9ad21e282512939af2bf1c11572715f065401eb8e5c94cc038e05e26c,internal,call,0.199726614686273 Ether
1,0xe1c9a03cf690256ff7738cbd508c88cf5238a535,1523115872,5400001.0,0xc84c18a88789dba5b0ca9c13973435bbce7e961d,OUT,2,0.0,0x21df3e2dfd42c3cbcae5bf71be2f6937c3c34b5b4fee55c5212cc51fb79a3261,internal,call,0.416131684132489 Ether
