Class,address,age,block,creator,direction,inter_direction,txFee,txhash,txn_type,type,value
0,0xe05ebd94ca833855133f63190d7fb2d7ba640462,1525504883,5561155.0,0x7ce6c6f1002e5ad54c3d8326fddcf2fc78b80277,IN,3,0.00029645,0x56c6c4788445da7d61579031ab561c99280e707e43bcae1344679668ca3c7eb2,external,0,0 Ether
0,0xe05ebd94ca833855133f63190d7fb2d7ba640462,1523602726,5433760.0,0x7ce6c6f1002e5ad54c3d8326fddcf2fc78b80277,IN,3,0.0002735,0x824b9b2b88acc0dcf547fe599a017fb82060394ea75814640d2d49a2f9334e4c,external,0,0 Ether
