Class,address,age,block,creator,direction,inter_direction,txFee,txhash,txn_type,type,value
0,0xe3818504c1b32bf1557b16c238b2e01fd3149c17,1533228612,6074969.0,0xb54e04007682780abc1c6ad607088d9346d11a46,IN,3,0.00012012,0x9c074aa3af016d5a5f4b530226893611e91074c003bfbc28b85f14bb5ad0ec1d,external,0,0 Ether
0,0xe3818504c1b32bf1557b16c238b2e01fd3149c17,1533228559,6074967.0,0xb54e04007682780abc1c6ad607088d9346d11a46,IN,3,0.00023041,0xa447c91fc003294345acbaa8e9af29cf3a639f7f33ffce4f0560ea09853fe14c,external,0,0 Ether
