Class,address,age,block,creator,direction,inter_direction,txFee,txhash,txn_type,type,value
0,0xe3818504c1b32bf1557b16c238b2e01fd3149c17,1513711038,4763335.0,0xb54e04007682780abc1c6ad607088d9346d11a46,IN,3,0.00161287,0x00742c79b8b81c49b0014851007ebe73f4cdf4ebadfb10a77d1880d8d8752e7f,external,0,0 Ether
0,0xe3818504c1b32bf1557b16c238b2e01fd3149c17,1511353300,4602731.0,0xb54e04007682780abc1c6ad607088d9346d11a46,IN,3,0.00018432,0x1e510f1c3582c5536e9a6df95e1075dab4d31f761942dee1c71d1a5df31c16f4,external,0,0 Ether
0,0xe3818504c1b32bf1557b16c238b2e01fd3149c17,1513852461,4772513.0,0xb54e04007682780abc1c6ad607088d9346d11a46,IN,3,0.0011125,0x3aefac9c90cf3e4b5cc9d6880b9cc5c5ad860d2f9d272dc915fead04f4f2814d,external,0,0 Ether
