Class,address,age,block,creator,direction,inter_direction,txFee,txhash,txn_type,type,value
0,0xe3818504c1b32bf1557b16c238b2e01fd3149c17,1517170017,4991801.0,0xb54e04007682780abc1c6ad607088d9346d11a46,IN,3,0.00224675,0x0d8419f72791f5552a36a9db221821755e814a7b8814a2f610796ada9e26c6b5,external,0,0 Ether
0,0xe3818504c1b32bf1557b16c238b2e01fd3149c17,1521357185,5277953.0,0xb54e04007682780abc1c6ad607088d9346d11a46,IN,3,0.00095675,0x46d8b8f4ef96911c1cfdae2065c5cbedd28aafa9d54b00e468ab2df5405a0ad7,external,0,0 Ether
0,0xe3818504c1b32bf1557b16c238b2e01fd3149c17,1522732050,5373206.0,0xb54e04007682780abc1c6ad607088d9346d11a46,IN,3,0.0016045000000000002,0x8a1e073b878a8d2a277d1b5f35bbef02b3a6d8b7bd6d481111e1040a65944ce9,external,0,0 Ether
0,0xe3818504c1b32bf1557b16c238b2e01fd3149c17,1545204130,6915571.0,0xb54e04007682780abc1c6ad607088d9346d11a46,IN,3,0.0005206000000000001,0x94b9f8f74ecdab059342b8e8cdf887702897ce474231f3e8229cc0ffba686b85,external,0,0 Ether
0,0xe3818504c1b32bf1557b16c238b2e01fd3149c17,1507936043,4364391.0,0xb54e04007682780abc1c6ad607088d9346d11a46,IN,3,0.00109725,0xb83357e9bd3a57658833f0f728259b47b0656dc338549a990909c37cd7d1dfed,external,0,0 Ether
