Class,address,age,block,creator,direction,inter_direction,txFee,txhash,txn_type,type,value
0,0xe3818504c1b32bf1557b16c238b2e01fd3149c17,1525358040,5551536.0,0xb54e04007682780abc1c6ad607088d9346d11a46,IN,3,0.00345135,0x07971e6b875b0c4be8fcffe25c2be02610c8b7b6a95f44ad8fd8f879fdeeeead,external,0,0 Ether
0,0xe3818504c1b32bf1557b16c238b2e01fd3149c17,1525345502,5550684.0,0xb54e04007682780abc1c6ad607088d9346d11a46,IN,3,0.00345135,0x1ef583d62a4111c5940d95f61ff22d43f147c8ccad462b7d3be5adf6c599fde0,external,0,0 Ether
0,0xe3818504c1b32bf1557b16c238b2e01fd3149c17,1525427621,5556052.0,0xb54e04007682780abc1c6ad607088d9346d11a46,IN,3,0.00345135,0x34c5a3be2718771b79026e535cd4fcde967498dd60fd4ca73d3edf8db9a48043,external,0,0 Ether
0,0xe3818504c1b32bf1557b16c238b2e01fd3149c17,1525430804,5556256.0,0xb54e04007682780abc1c6ad607088d9346d11a46,IN,3,0.00046725,0x44b2289921cd29f5d19075c5909b8687bcf543a396514b3e4d9d3cbe36b87061,external,0,0 Ether
0,0xe3818504c1b32bf1557b16c238b2e01fd3149c17,1525346747,5550779.0,0xb54e04007682780abc1c6ad607088d9346d11a46,IN,3,0.0004659,0x58b8b694aa781583989bf482892cb414fbeef9cb314576b084fbb923727eebc1,external,0,0 Ether
0,0xe3818504c1b32bf1557b16c238b2e01fd3149c17,1517928657,5043650.0,0xb54e04007682780abc1c6ad607088d9346d11a46,IN,3,0.00253099,0xaf79e89e4242aa11aea042db30b71b81ece0fb1256f7224eb18fab9ab0b1ff06,external,0,0 Ether
