Class,address,age,block,creator,direction,inter_direction,txFee,txhash,txn_type,type,value
0,0xe3818504c1b32bf1557b16c238b2e01fd3149c17,1531764381,5978019.0,0xb54e04007682780abc1c6ad607088d9346d11a46,IN,3,0.00018432,0x34a0a48664342b951346e6dcc58d482a13d2ab6691d0f69222e00d845f341f22,external,0,0 Ether
0,0xe3818504c1b32bf1557b16c238b2e01fd3149c17,1531766142,5978136.0,0xb54e04007682780abc1c6ad607088d9346d11a46,IN,3,0.00018484,0x3d1315b4834d571e0f0f07cecd5dc68cbefe2ae8cbd44f697f0c9285cb0be41b,external,0,0 Ether
0,0xe3818504c1b32bf1557b16c238b2e01fd3149c17,1533556536,6100458.0,0xb54e04007682780abc1c6ad607088d9346d11a46,IN,3,0.00011157,0x5d76dd2644691649101761705c645df6959becbfaf9047d9f5dcdd4edb876e88,external,0,0 Ether
0,0xe3818504c1b32bf1557b16c238b2e01fd3149c17,1531765547,5978095.0,0xb54e04007682780abc1c6ad607088d9346d11a46,IN,3,0.0003135,0x8bca7bd5c69480b5010f6990d9e1d6e6b41087781764576acd13489f79ed1e3f,external,0,0 Ether
