Class,address,age,block,creator,direction,inter_direction,txFee,txhash,txn_type,type,value
0,0xe41d2489571d322189246dafa5ebde1f4699f498,1545239572,6917997.0,0xa3b2d1087bcebe59d188a23f75620612d967df72,IN,3,0.00046953,0x4bf9f7dc513dbe621756fe6195833f569a9082a4b3cf02d4a2ae350af8c09167,external,0,0 Ether
0,0xe41d2489571d322189246dafa5ebde1f4699f498,1545234203,6917651.0,0xa3b2d1087bcebe59d188a23f75620612d967df72,IN,3,0.00031263,0x961a1921b58548283c81fc54e86ff28c00b34e0a2e78d75a8a64c6d1a97e51b2,external,0,0 Ether
0,0xe41d2489571d322189246dafa5ebde1f4699f498,1545234308,6917659.0,0xa3b2d1087bcebe59d188a23f75620612d967df72,IN,3,0.00026085,0xa940de1c04485d2b911d8b83f7b86b99c6bd1ee71ec8c7f546f9b77bd18d6376,external,0,0 Ether
