Class,address,age,block,creator,direction,inter_direction,txFee,txhash,txn_type,type,value
0,0xe41d2489571d322189246dafa5ebde1f4699f498,1544375571,6857948.0,0xa3b2d1087bcebe59d188a23f75620612d967df72,IN,3,0.00090897,0x823e68325cf827c0f18fce454e6d5f48a32f5c6e8a777652f84a1367c2c28d6b,external,0,0 Ether
0,0xe41d2489571d322189246dafa5ebde1f4699f498,1544375492,6857942.0,0xa3b2d1087bcebe59d188a23f75620612d967df72,IN,3,0.00214421,0x83d8a27cdd04e899d5b4d2f2062a3c00d4348eaefee096fe49f5f06a568d32ad,external,0,0 Ether
