Class,address,age,block,creator,direction,inter_direction,txFee,txhash,txn_type,type,value
0,0xe41d2489571d322189246dafa5ebde1f4699f498,1544496547,6866472.0,0xa3b2d1087bcebe59d188a23f75620612d967df72,IN,3,0.0004434,0x3acc27ec6805505494f9971d324cb94f2cb93637479f88b9c39f2e7bb042ea53,external,0,0 Ether
0,0xe41d2489571d322189246dafa5ebde1f4699f498,1547225370,7048048.0,0xa3b2d1087bcebe59d188a23f75620612d967df72,IN,3,0.0004434,0x68522d338ff8d06471d43edcf1214ca724f1d90ea87f5ac0edfad27ee56b2ffb,external,0,0 Ether
