Class,address,age,block,creator,direction,inter_direction,txFee,txhash,txn_type,type,value
0,0xe41d2489571d322189246dafa5ebde1f4699f498,1546199899,6983697.0,0xa3b2d1087bcebe59d188a23f75620612d967df72,IN,3,0.00031263,0x2bcfc258b0a3a1a7df58f0edab75de26396affd9aa98597c99300f88fd1c89e3,external,0,0 Ether
0,0xe41d2489571d322189246dafa5ebde1f4699f498,1546260977,6987820.0,0xa3b2d1087bcebe59d188a23f75620612d967df72,IN,3,0.0005217,0x50c9009185fd4a493957fb46d04589042555ba03701220dc82531badd804d8a2,external,0,0 Ether
0,0xe41d2489571d322189246dafa5ebde1f4699f498,1546246393,6986795.0,0xa3b2d1087bcebe59d188a23f75620612d967df72,IN,3,0.00052106,0x9a983a65d749f9ed31b0f1e5cf7a3d560cf67e2d25854be6a00c2e5984fd43da,external,0,0 Ether
0,0xe41d2489571d322189246dafa5ebde1f4699f498,1546280349,6989211.0,0xa3b2d1087bcebe59d188a23f75620612d967df72,IN,3,0.00026085,0xa1ba1a9c6b97e6e74987e3b3d68793ca72297aa10d003adee75662b6bfa0de52,external,0,0 Ether
