Class,address,age,block,creator,direction,inter_direction,txFee,txhash,txn_type,type,value
0,0xe41d2489571d322189246dafa5ebde1f4699f498,1542664242,6737860.0,0xa3b2d1087bcebe59d188a23f75620612d967df72,IN,3,0.00044596,0x5020209eb30e93453e5f5fad64c351d848805e586e4170cab8b0134e0708226e,external,0,0 Ether
0,0xe41d2489571d322189246dafa5ebde1f4699f498,1541102982,6627563.0,0xa3b2d1087bcebe59d188a23f75620612d967df72,IN,3,0.00044212,0x0dea9b828dde0ecc07b2b657d69100340ad4fe829ecaf3583becef3cadee536b,external,0,0 Ether
0,0xe41d2489571d322189246dafa5ebde1f4699f498,1541105316,6627729.0,0xa3b2d1087bcebe59d188a23f75620612d967df72,IN,3,0.0004434,0x1d6b91bd635880b1e09e373c26b1e21d925cfdef1ab32b1f4d0034ca69d54ff9,external,0,0 Ether
0,0xe41d2489571d322189246dafa5ebde1f4699f498,1541109664,6628014.0,0xa3b2d1087bcebe59d188a23f75620612d967df72,IN,3,0.00048196,0x38d6fb083fe8a928b894bb5cebefc17afb712341ac5612d0f64379ead04a1e9b,external,0,0 Ether
0,0xe41d2489571d322189246dafa5ebde1f4699f498,1541109664,6628014.0,0xa3b2d1087bcebe59d188a23f75620612d967df72,IN,3,0.0004434,0x4e4937035edea93b59c24653e632a680bb801b40769f897e4b15657a6f1085e6,external,0,0 Ether
0,0xe41d2489571d322189246dafa5ebde1f4699f498,1541109664,6628014.0,0xa3b2d1087bcebe59d188a23f75620612d967df72,IN,3,0.00048196,0x83bf0bfd5280eb5dbfa9ae5291df2df79c3725b8e1ab4698c54dfbbe9c007a78,external,0,0 Ether
0,0xe41d2489571d322189246dafa5ebde1f4699f498,1541409016,6649145.0,0xa3b2d1087bcebe59d188a23f75620612d967df72,IN,3,0.0004434,0x9b4c36084f92ac6fe65f5b4719f9ff826b39fbc9fe6a43d24a0940556e8e2fe2,external,0,0 Ether
