Class,address,age,block,creator,direction,inter_direction,txFee,txhash,txn_type,type,value
0,0xe41d2489571d322189246dafa5ebde1f4699f498,1544847455,6888044.0,0xa3b2d1087bcebe59d188a23f75620612d967df72,IN,3,0.00026053,0x268dead6c1a43f32787d20a8e00ba4a9430bb43f1ba67f6db2183d2a6c36287f,external,0,0 Ether
0,0xe41d2489571d322189246dafa5ebde1f4699f498,1541563775,6657019.0,0xa3b2d1087bcebe59d188a23f75620612d967df72,IN,3,0.00041736,0x0d944a8d1df94c501913965e5cb4aebbfc0e7beb20c4fa49ee955dc598b5e107,external,0,0 Ether
0,0xe41d2489571d322189246dafa5ebde1f4699f498,1541515339,6656650.0,0xa3b2d1087bcebe59d188a23f75620612d967df72,IN,3,0.00041684,0x844328540e10dc0609ecd14b23952d74fedfe3b21c438beca0459e6509631a37,external,0,0 Ether
