Class,address,age,block,creator,direction,inter_direction,txFee,txhash,txn_type,type,value
0,0xc02aaa39b223fe8d0a0e5c4f27ead9083c756cc2,1543370750,6787574.0,0x4f26ffbe5f04ed43630fdc30a87638d53d0b0876,OUT,2,0.0,0xc730e5d51a8a988b7efdb8819233acd7a0895dcb8e0f9ffbced7d8f0115fd590,internal,call,8.643043097929394 Ether
0,0xc02aaa39b223fe8d0a0e5c4f27ead9083c756cc2,1543884690,6823613.0,0x4f26ffbe5f04ed43630fdc30a87638d53d0b0876,OUT,2,0.0,0xfca208d56975199d79618465b5e564e48baa8865a07e11da46431eb9cd3fe7aa,internal,call,8.889679082585118 Ether
