Class,address,age,block,creator,direction,inter_direction,txFee,txhash,txn_type,type,value
1,0x7b307c1f0039f5d38770e15f8043b3dd26da5e8f,1540196978,6563478.0,0xe1f3294e25bb72a2fb53addb82aa1a033797e6e3,OUT,2,0.0,0x7a55702c8897bc462f79f5fb4c131cbdfe9e3a59302e9f0004039040b4bd42f0,internal,call,0.254759322033898 Ether
1,0x7b307c1f0039f5d38770e15f8043b3dd26da5e8f,1538561280,6447088.0,0xe1f3294e25bb72a2fb53addb82aa1a033797e6e3,OUT,2,0.0,0xb7857e6032eaec6e18077ed79e9fe9bd48eb84296189998d8cfdad91e6ee19d2,internal,call,0.244969491525423 Ether
1,0x7b307c1f0039f5d38770e15f8043b3dd26da5e8f,1539666105,6525901.0,0xe1f3294e25bb72a2fb53addb82aa1a033797e6e3,OUT,2,0.0,0x2c551d3fabcd4a16a6b8dce3e41d5126d08cad806430535547acd64664b5ff8e,internal,call,0.208250847457627 Ether
1,0x7b307c1f0039f5d38770e15f8043b3dd26da5e8f,1538050301,6410955.0,0xe1f3294e25bb72a2fb53addb82aa1a033797e6e3,OUT,2,0.0,0x6c31ca62b96ae28868d40f07e9c77a5b2ea7559fd083e941fb4ed0f61323de36,internal,call,0.04408813559322 Ether
1,0x7b307c1f0039f5d38770e15f8043b3dd26da5e8f,1538637012,6452484.0,0xe1f3294e25bb72a2fb53addb82aa1a033797e6e3,OUT,2,0.0,0xb4f7373ecc661eed85d960c99880b8eb2f8b3ab1b83f354590c64d056047657f,internal,call,0.036583050847457 Ether
1,0x7b307c1f0039f5d38770e15f8043b3dd26da5e8f,1539234482,6495184.0,0xe1f3294e25bb72a2fb53addb82aa1a033797e6e3,OUT,2,0.0,0x04f12b4a0afd5fe9e560c6895afdd31bbf21fca54a87561022f5edda4fcafc2c,internal,call,0.289491525423728 Ether
