Class,address,age,block,creator,direction,inter_direction,txFee,txhash,txn_type,type,value
0,0xe7775a6e9bcf904eb39da2b68c5efb4f9360e08c,1496122713,3792905.0,0x1ff21eca1c3ba96ed53783ab9c92ffbf77862584,IN,3,0.00196024,0x169df922adc5862ec6e3f8bd8ecf6a2a2496e7aa62964faacc96b6576f44fc48,external,0,0 Ether
0,0xe7775a6e9bcf904eb39da2b68c5efb4f9360e08c,1496122128,3792864.0,0x1ff21eca1c3ba96ed53783ab9c92ffbf77862584,IN,3,0.00196024,0x1e6407c4112a43682b1bc875cedc8b2786f81de451987b2eb12bd70624b1d1eb,external,0,0 Ether
0,0xe7775a6e9bcf904eb39da2b68c5efb4f9360e08c,1496215236,3798855.0,0x1ff21eca1c3ba96ed53783ab9c92ffbf77862584,IN,3,0.00224028,0x2d6767ff5fae97e09649a6c198e45ce6a482cf460cd42532e48fc95c1d3397a8,external,0,0 Ether
0,0xe7775a6e9bcf904eb39da2b68c5efb4f9360e08c,1496215692,3798887.0,0x1ff21eca1c3ba96ed53783ab9c92ffbf77862584,IN,3,0.00108928,0x2f049a2550e15d7853a77be3b016f8935741531c0f9a4daa63b5f554c273530a,external,0,0 Ether
0,0xe7775a6e9bcf904eb39da2b68c5efb4f9360e08c,1496287349,3803270.0,0x1ff21eca1c3ba96ed53783ab9c92ffbf77862584,IN,3,0.00269445,0x65c22746239bb6133f7ab94f8aa48313c0c938e450de66c609aed69a3cb01287,external,0,0 Ether
0,0xe7775a6e9bcf904eb39da2b68c5efb4f9360e08c,1496215395,3798866.0,0x1ff21eca1c3ba96ed53783ab9c92ffbf77862584,IN,3,0.00108928,0x66862a506f820a6c08259489fadfd0c57066728090c34fe8f05ab03803cc70b7,external,0,0 Ether
