Class,address,age,block,creator,direction,inter_direction,txFee,txhash,txn_type,type,value
0,0xe8ff5c9c75deb346acac493c463c8950be03dfba,1508490801,4396830.0,0xfc1ccdca6b4670516504409341a31e444ff6f43f,IN,3,0.0013557,0x81221036fa273829f1bb62440270433963e75b027f9e465eae1c9f32cd12b7ca,external,0,0 Ether
0,0xe8ff5c9c75deb346acac493c463c8950be03dfba,1508490520,4396812.0,0xfc1ccdca6b4670516504409341a31e444ff6f43f,IN,3,0.00315186,0x943eb62575b1e7e640662cc2003e0c61399f950d36196ce1852b987bfe0be223,external,0,0 Ether
