Class,address,age,block,creator,direction,inter_direction,txFee,txhash,txn_type,type,value
0,0xe8ff5c9c75deb346acac493c463c8950be03dfba,1515774360,4896053.0,0xfc1ccdca6b4670516504409341a31e444ff6f43f,IN,3,0.0012038,0x1bd2c90db03513dde75bc1c3c12944a63248da5047237dc38014650b62d0e958,external,0,0 Ether
0,0xe8ff5c9c75deb346acac493c463c8950be03dfba,1516041057,4915693.0,0xfc1ccdca6b4670516504409341a31e444ff6f43f,IN,3,0.0012586,0x1c37b42fee08ef94a992a047d63d01160c6d4df11a3563c9aba1be8b93e5df82,external,0,0 Ether
0,0xe8ff5c9c75deb346acac493c463c8950be03dfba,1519879766,5174338.0,0xfc1ccdca6b4670516504409341a31e444ff6f43f,IN,3,0.00045062,0x21bed4d798bd149dc63651c25b08379ebc857124b571d1e57296343bcd037fae,external,0,0 Ether
0,0xe8ff5c9c75deb346acac493c463c8950be03dfba,1516040405,4915652.0,0xfc1ccdca6b4670516504409341a31e444ff6f43f,IN,3,0.0012586,0x572cd3fb12d7f966e63fbcfae63ced24a877d7df79167132a1d9b056f678be4b,external,0,0 Ether
0,0xe8ff5c9c75deb346acac493c463c8950be03dfba,1516042203,4915777.0,0xfc1ccdca6b4670516504409341a31e444ff6f43f,IN,3,0.0012586,0x5e8e461549a85ad589b9044348b2ac4fc0a0ad8d719d646dfeeceecff4fe7d33,external,0,0 Ether
0,0xe8ff5c9c75deb346acac493c463c8950be03dfba,1516044607,4915943.0,0xfc1ccdca6b4670516504409341a31e444ff6f43f,IN,3,0.0012586,0x72ea2344d33c9da1ff028259b24cd94de49d3462560143f6faf2c678cbdaf676,external,0,0 Ether
0,0xe8ff5c9c75deb346acac493c463c8950be03dfba,1515773752,4896015.0,0xfc1ccdca6b4670516504409341a31e444ff6f43f,IN,3,0.00112655,0x8947ca57182bcf7ef377e59ab23d04adb5dd65e088b5db468f4f4f617bdc93e9,external,0,0 Ether
0,0xe8ff5c9c75deb346acac493c463c8950be03dfba,1516044014,4915900.0,0xfc1ccdca6b4670516504409341a31e444ff6f43f,IN,3,0.0012586,0x98d994d51fb139ca6e2f50dc4b7bfa49ae2f61b184ffbf6fa4eda441e571caa0,external,0,0 Ether
0,0xe8ff5c9c75deb346acac493c463c8950be03dfba,1516045217,4915987.0,0xfc1ccdca6b4670516504409341a31e444ff6f43f,IN,3,0.0012586,0x9b3a7d1e868dd791962973af009ddf6df2b531eff765eaaa537252c1370862e6,external,0,0 Ether
