Class,address,age,block,creator,direction,inter_direction,txFee,txhash,txn_type,type,value
0,0xe8ff5c9c75deb346acac493c463c8950be03dfba,1507208379,4340076.0,0xfc1ccdca6b4670516504409341a31e444ff6f43f,IN,3,0.0011017999999999998,0x55cb302a3080c54a11e0f6ccdf2f021023938634e7825822a77eb9c386ec935e,external,0,0 Ether
0,0xe8ff5c9c75deb346acac493c463c8950be03dfba,1507208553,4340081.0,0xfc1ccdca6b4670516504409341a31e444ff6f43f,IN,3,0.00047583,0x5e7b5c0a96d4dec4ce9154d8da13f45bebd8cf91e263724c171b10d2423a969c,external,0,0 Ether
