Class,address,age,block,creator,direction,inter_direction,txFee,txhash,txn_type,type,value
0,0xe8ff5c9c75deb346acac493c463c8950be03dfba,1515541267,4884144.0,0xfc1ccdca6b4670516504409341a31e444ff6f43f,IN,3,0.00338355,0x023b1315858c40f70dfcdbe1ed204dc7d73bd335cf0d722f30eab9af151bf51e,external,0,0 Ether
0,0xe8ff5c9c75deb346acac493c463c8950be03dfba,1515345760,4871955.0,0xfc1ccdca6b4670516504409341a31e444ff6f43f,IN,3,0.00180148,0x4fbf152b02bc4f6a94da7974b7b19373690da53e4c90e4f4909a06d8cb6d9a3d,external,0,0 Ether
0,0xe8ff5c9c75deb346acac493c463c8950be03dfba,1515131589,4858447.0,0xfc1ccdca6b4670516504409341a31e444ff6f43f,IN,3,0.0011017999999999998,0x71cfc74d7d8567bbe990072e6728c28c012475f96b4a5440a2fa6726dcf9b7bb,external,0,0 Ether
