Class,address,age,block,creator,direction,inter_direction,txFee,txhash,txn_type,type,value
1,0x9d68a447a8718ef30645d23d423be1ea6b7d370f,1538003483,6407713.0,0xbfb297616ffa0124a288e212d1e6df5299c9f8d0,OUT,2,0.0,0xaaadd8e901aa12a553a8b415edc62a0f1654f00fd8687e375df8f01330b26c2f,internal,call,0.027791666666666 Ether
1,0x9d68a447a8718ef30645d23d423be1ea6b7d370f,1537996551,6407230.0,0xbfb297616ffa0124a288e212d1e6df5299c9f8d0,OUT,2,0.0,0xabd5d1279c85a6e3509db546f313b5199d11fd4a2be8addb2c73ca68c1a76381,internal,call,0.070197916666666 Ether
1,0x9d68a447a8718ef30645d23d423be1ea6b7d370f,1538033074,6409773.0,0xbfb297616ffa0124a288e212d1e6df5299c9f8d0,OUT,2,0.0,0x37c9cd43f678efb38142c672e1a095ebb31767a2adc5c3f652a98b9242f37546,internal,call,0.103739583333333 Ether
1,0x9d68a447a8718ef30645d23d423be1ea6b7d370f,1538053527,6411213.0,0xbfb297616ffa0124a288e212d1e6df5299c9f8d0,OUT,2,0.0,0x580b082f6c9fc3b398dc757f5769ac0efa00bf1b2dbeb6f9a61efad3087e8455,internal,call,0.018208333333333 Ether
1,0x9d68a447a8718ef30645d23d423be1ea6b7d370f,1538007108,6407963.0,0xbfb297616ffa0124a288e212d1e6df5299c9f8d0,OUT,2,0.0,0x1297701fe224db6ea2c012a96d1674e3654851dd24001c55cea0dee7380f76f4,internal,call,0.014375 Ether
1,0x9d68a447a8718ef30645d23d423be1ea6b7d370f,1538056704,0.0,0xbfb297616ffa0124a288e212d1e6df5299c9f8d0,OUT,2,0.0,0x79912fb9461d0d098baea794494a7e7ab627a0be2599ebeb952c0a965f374241,internal,call,0.012697916666666 Ether
1,0x9d68a447a8718ef30645d23d423be1ea6b7d370f,1538048946,6410855.0,0xbfb297616ffa0124a288e212d1e6df5299c9f8d0,OUT,2,0.0,0xc83560fbd0dfa07fc8ea2714ec574fe936b76aad086ec732670d7da4d15e0c05,internal,call,0.063489583333333 Ether
1,0x9d68a447a8718ef30645d23d423be1ea6b7d370f,1538022135,6405963.0,0xbfb297616ffa0124a288e212d1e6df5299c9f8d0,OUT,2,0.0,0x45b57b8cc0043c32a7deed0db974e34510daf2b53748c6a1dad36289e5abb667,internal,call,0.040729166666666 Ether
