Class,address,age,block,creator,direction,inter_direction,txFee,txhash,txn_type,type,value
0,0xe94327d07fc17907b4db788e5adf2ed424addff6,1516370872,4937039.0,0x7e614ec62cfd5761f20a9c5a2fe2bc0ac7431918,IN,3,0.00186245,0x1147a15812baa1e65ddc56a14cd818ea230d813b01b7e43d22235e3abe19cc6f,external,0,0 Ether
0,0xe94327d07fc17907b4db788e5adf2ed424addff6,1539343281,6502952.0,0x7e614ec62cfd5761f20a9c5a2fe2bc0ac7431918,IN,3,0.00018119999999999999,0x1c759aead3887b01dcf01aaca9160f5303e6605746e21fff48ea68fde4699c44,external,0,0 Ether
0,0xe94327d07fc17907b4db788e5adf2ed424addff6,1539343170,6502943.0,0x7e614ec62cfd5761f20a9c5a2fe2bc0ac7431918,IN,3,0.00018119999999999999,0x3dbc54f4835e895cb7014beb75ae15ca5bf0927566997cff610d52fbfd389e38,external,0,0 Ether
0,0xe94327d07fc17907b4db788e5adf2ed424addff6,1539343678,6502979.0,0x7e614ec62cfd5761f20a9c5a2fe2bc0ac7431918,IN,3,0.00017077,0x573db1ecd667cb851005c56d1f3ebcd0914257b40872f39f3c1042fde2a32462,external,0,0 Ether
0,0xe94327d07fc17907b4db788e5adf2ed424addff6,1539343514,6502971.0,0x7e614ec62cfd5761f20a9c5a2fe2bc0ac7431918,IN,3,0.00017395,0x689bb7b364ec50edc3fa8d47a2fb3916e8b06a88ae7011dc8ac28e911a8826aa,external,0,0 Ether
0,0xe94327d07fc17907b4db788e5adf2ed424addff6,1539344149,6503014.0,0x7e614ec62cfd5761f20a9c5a2fe2bc0ac7431918,IN,3,0.00015945,0x832f7935453e957f6074bc784cd7f00395fd8ca8b67f13d3ea6306d2be187dc2,external,0,0 Ether
0,0xe94327d07fc17907b4db788e5adf2ed424addff6,1539355737,6503828.0,0x7e614ec62cfd5761f20a9c5a2fe2bc0ac7431918,IN,3,0.00014534,0x83f159d3d4c69bdf737902a9e9d729f28e23516bfc1db158d208a61729be7752,external,0,0 Ether
