Class,address,age,block,creator,direction,inter_direction,txFee,txhash,txn_type,type,value
1,0x4e8ecf79ade5e2c49b9e30d795517a81e0bf00b8,1532723460,0.0,0xf39e044e1ab204460e06e87c6dca2c6319fc69e3,OUT,2,0.0,0xaabd98ec3da546a7a7268c7032e2ed8247ed7324b23a595874194997299b22a1,internal,call,0.004298005308239 Ether
1,0x4e8ecf79ade5e2c49b9e30d795517a81e0bf00b8,1532744238,6044655.0,0xf39e044e1ab204460e06e87c6dca2c6319fc69e3,OUT,2,0.0,0x16bac2e197ae3a4cf320642ea81ebab9b03c9e06281cf5c68cea71403dddb1e2,internal,call,0.199605056519672 Ether
1,0x4e8ecf79ade5e2c49b9e30d795517a81e0bf00b8,1532723350,0.0,0xf39e044e1ab204460e06e87c6dca2c6319fc69e3,OUT,2,0.0,0x2e68df3868c018096e84abde9ee59f08502a7a5966dd50cca23db9baadda1e49,internal,call,0.152214706490067 Ether
1,0x4e8ecf79ade5e2c49b9e30d795517a81e0bf00b8,1532712286,0.0,0xf39e044e1ab204460e06e87c6dca2c6319fc69e3,OUT,2,0.0,0x44120bb5fc0ad0451175576b700043c82aaabfb6d353277fd18acace61741e66,internal,call,2.043580629033316 Ether
