Class,address,age,block,creator,direction,inter_direction,txFee,txhash,txn_type,type,value
0,0xea1f346faf023f974eb5adaf088bbcdf02d761f4,1509040832,4436505.0,0x00e0689e16232945f97c27bde102a054e2108670,IN,3,0.00069027,0x0f97747ff3e3e6179e1d2d65a30047e585d09443645fd0f896a6c76849b2622f,external,0,0 Ether
0,0xea1f346faf023f974eb5adaf088bbcdf02d761f4,1512674671,4694473.0,0x00e0689e16232945f97c27bde102a054e2108670,IN,3,0.00280709,0x38fde300f922bf632fdff227a6d071ebe6a635105d9a46e2f8e57bf9d3d5687f,external,0,0 Ether
0,0xea1f346faf023f974eb5adaf088bbcdf02d761f4,1512761415,4700311.0,0x00e0689e16232945f97c27bde102a054e2108670,IN,3,0.00231018,0x43344357e3cb9a60bd3e4be871b543943ce374f553563dd69b6ecdf1ad941f90,external,0,0 Ether
0,0xea1f346faf023f974eb5adaf088bbcdf02d761f4,1509040594,4436481.0,0x00e0689e16232945f97c27bde102a054e2108670,IN,3,0.00312798,0x914d817388a3ec91149a0d06d638fc93eaed1c769b398389ba38f118f29d8f9a,external,0,0 Ether
