Class,address,age,block,creator,direction,inter_direction,txFee,txhash,txn_type,type,value
1,0x7e0529eb456a7c806b5fe7b3d69a805339a06180,1537807615,6390842.0,0x8c691931c6c4ecd92ecc26f9706faaf4aebe137d,OUT,2,0.0,0x2239cc89e8accd61a2c28af8efe58baf575e50891684a68c101a7c4d56891ff8,internal,call,0.705197896590793 Ether
1,0x7e0529eb456a7c806b5fe7b3d69a805339a06180,1537971648,6405460.0,0x8c691931c6c4ecd92ecc26f9706faaf4aebe137d,OUT,2,0.0,0x1ea142942800f73d94c257d2063ce248ada6137a32c2df1beb4ac202715eb55f,internal,call,0.380829041088151 Ether
1,0x7e0529eb456a7c806b5fe7b3d69a805339a06180,1537891195,6399772.0,0x8c691931c6c4ecd92ecc26f9706faaf4aebe137d,OUT,2,0.0,0x2412bc5e444fbdb0360232fa35dce4e4b138e6665fb5c910570466d34da8fe3f,internal,call,0.127634678285585 Ether
1,0x7e0529eb456a7c806b5fe7b3d69a805339a06180,1538622304,6451455.0,0x8c691931c6c4ecd92ecc26f9706faaf4aebe137d,OUT,2,0.0,0x423a1a4893adbc98865e9afce05f152ba72be301bea7bc084b99c038a4343c0a,internal,call,3.078945959978836 Ether
1,0x7e0529eb456a7c806b5fe7b3d69a805339a06180,1538390034,6434998.0,0x8c691931c6c4ecd92ecc26f9706faaf4aebe137d,OUT,2,0.0,0x7d3fa17ec2988b9e5aa2717be70507a72f0d7ebfe6b35a041cbe8a4a12939047,internal,call,0.111610677269678 Ether
