Class,address,age,block,creator,direction,inter_direction,txFee,txhash,txn_type,type,value
0,0xea097a2b1db00627b2fa17460ad260c016016977,1523752033,5443984.0,0xc7e98536e016bdf82203e8d4df5f31b88d5e3ab7,IN,3,0.00022542,0x01d55418738aec62f414fe828baa6b77ebb73b46fc89f96eba6a3458139cdef9,external,0,0 Ether
0,0xea097a2b1db00627b2fa17460ad260c016016977,1523078544,5397400.0,0xc7e98536e016bdf82203e8d4df5f31b88d5e3ab7,IN,3,0.00022542,0x1e3783d9d419a3731373471a5a7849ca401df5d8d17c80a85b5f365f8b2f7812,external,0,0 Ether
0,0xea097a2b1db00627b2fa17460ad260c016016977,1523120249,5397283.0,0xc7e98536e016bdf82203e8d4df5f31b88d5e3ab7,IN,3,0.00022542,0xa9d79196ae88d6202d48d3ef4799a894a5b98125c83d9b2d921a93208abc803d,external,0,0 Ether
