Class,address,age,block,creator,direction,inter_direction,txFee,txhash,txn_type,type,value
0,0xee22430595ae400a30ffba37883363fbf293e24e,1502689325,4156937.0,0x408a302b84c5747fb668234f6ca6d3c63f305611,IN,3,0.00103958,0x045a5025eea2c1155b3aa87b99cbb05b4de20beaa3dd6dd38a2bb6a34b496892,external,0,0 Ether
0,0xee22430595ae400a30ffba37883363fbf293e24e,1502689436,4156944.0,0x408a302b84c5747fb668234f6ca6d3c63f305611,IN,3,0.00103958,0x24ea1f551e9989c203e3162e13a05dba549e76ac760fa631bb8b5d96a4c3b61d,external,0,0 Ether
0,0xee22430595ae400a30ffba37883363fbf293e24e,1502689071,4156923.0,0x408a302b84c5747fb668234f6ca6d3c63f305611,IN,3,0.00103958,0x308a80ada230a7a4acdf7b3d88736ca1d4be6a1f8842c0393d1af4210a0c7bfb,external,0,0 Ether
0,0xee22430595ae400a30ffba37883363fbf293e24e,1502689585,4156946.0,0x408a302b84c5747fb668234f6ca6d3c63f305611,IN,3,0.00103958,0x3cb673ed91e02817286c86c2f600b0fce97db727a6817d98b260b48f5c69efc0,external,0,0 Ether
0,0xee22430595ae400a30ffba37883363fbf293e24e,1502689386,4156941.0,0x408a302b84c5747fb668234f6ca6d3c63f305611,IN,3,0.00103958,0x3ea36b7f1a3a401ae4873762b1979212321b4c31cc106feb751c831dd732925f,external,0,0 Ether
0,0xee22430595ae400a30ffba37883363fbf293e24e,1502691188,4157026.0,0x408a302b84c5747fb668234f6ca6d3c63f305611,IN,3,0.00047567,0x4b0868cb17b66ce1d271852cff1841bc96cffa5a76c43859435f4d125e7f028e,external,0,0 Ether
0,0xee22430595ae400a30ffba37883363fbf293e24e,1502689349,4156939.0,0x408a302b84c5747fb668234f6ca6d3c63f305611,IN,3,0.00103958,0x715e8fb399b56300fd7795a937facae5172f12a4644ce95ac077b44a83317058,external,0,0 Ether
0,0xee22430595ae400a30ffba37883363fbf293e24e,1502689180,4156929.0,0x408a302b84c5747fb668234f6ca6d3c63f305611,IN,3,0.00103958,0x942462b7a889d8b154b24d170379eb2d164391623789b6bf1bc499cd797fbc50,external,0,0 Ether
