Class,address,age,block,creator,direction,inter_direction,txFee,txhash,txn_type,type,value
0,0x8d12a197cb00d4747a1fe03395095ce2a5cc6819,1546998252,7036213.0,0x1ed014aec47fae44c9e55bac7662c0b78ae61798,OUT,2,0.0,0xaac23fcd464ba59989e93f9bb1fc2010501a403056105078c23cd8fa1818e5eb,internal,call,0.3675609 Ether
0,0x8d12a197cb00d4747a1fe03395095ce2a5cc6819,1542511063,6727090.0,0x1ed014aec47fae44c9e55bac7662c0b78ae61798,OUT,2,0.0,0x7ed20cc7f7c5c178cd5020365854e530fc855209926b6761a2d2740785cfe318,internal,call,0.02197188715 Ether
0,0x8d12a197cb00d4747a1fe03395095ce2a5cc6819,1542509835,6727017.0,0x1ed014aec47fae44c9e55bac7662c0b78ae61798,OUT,2,0.0,0xf3aa87f4ceea9dc73354547da65f4989f642671a3b7a6e2375e08e1b08162c4b,internal,call,0.34360608 Ether
0,0x8d12a197cb00d4747a1fe03395095ce2a5cc6819,1537573857,6377412.0,0x1ed014aec47fae44c9e55bac7662c0b78ae61798,OUT,2,0.0,0x9e711aa9e6595a0e8acf30f325ef49eb4b8a61f2371fafc34b953f12afe09c80,internal,call,0.010777447725 Ether
0,0x8d12a197cb00d4747a1fe03395095ce2a5cc6819,1537572653,6377338.0,0x1ed014aec47fae44c9e55bac7662c0b78ae61798,OUT,2,0.0,0x3d340c6b08e0c230901290a69cb2e84ff7f9b89cd6c290c5ebb35846e9370d50,internal,call,0.012526353954582 Ether
0,0x8d12a197cb00d4747a1fe03395095ce2a5cc6819,1537572272,6377303.0,0x1ed014aec47fae44c9e55bac7662c0b78ae61798,OUT,2,0.0,0xc4d6f4e0c7832ca81910ce53f182a110d00c2a6469733eb2798e4a8fc3ff7351,internal,call,0.038588376034 Ether
0,0x8d12a197cb00d4747a1fe03395095ce2a5cc6819,1536254039,6285455.0,0x1ed014aec47fae44c9e55bac7662c0b78ae61798,OUT,2,0.0,0x632fed97ef5443c6194b72e8f9c63899f6096537640503716b5e31db5afbe47b,internal,call,0.013199412817539 Ether
