Class,address,age,block,creator,direction,inter_direction,txFee,txhash,txn_type,type,value
1,0xe1c9a03cf690256ff7738cbd508c88cf5238a535,1525230617,5543141.0,0xc84c18a88789dba5b0ca9c13973435bbce7e961d,OUT,2,0.0,0x54bf151a2637b34424d7573c7cc58d0c9d3acadbfb4b9ffbaaa0e91bbfdbc28e,internal,call,0.006891298323451 Ether
1,0xe1c9a03cf690256ff7738cbd508c88cf5238a535,1524553334,5498012.0,0xc84c18a88789dba5b0ca9c13973435bbce7e961d,OUT,2,0.0,0xa43503d7a40927180519b1d14f2e5dd11c1d5baf93835945620768c98d9877f7,internal,call,0.005208253085668 Ether
1,0xe1c9a03cf690256ff7738cbd508c88cf5238a535,1523167952,5403642.0,0xc84c18a88789dba5b0ca9c13973435bbce7e961d,OUT,2,0.0,0xb08bbe7cfdb9936f5a30e0c302dfaf80f74938a56455fd61eaac80f810ab056b,internal,call,0.022715483564389 Ether
