Class,address,age,block,creator,direction,inter_direction,txFee,txhash,txn_type,type,value
0,0x867ffb5a3871b500f65bdfafe0136f9667deae06,1547789936,7087383.0,0x47d70d729c6efd464cc49ebb6f4ee240219ecb9e,OUT,2,0.0,0xf0d51f7531767c8f79afa0b1e6f38f6d0db08080d3775c0c95c2cbb5f800c319,internal,call,0.212057317152 Ether
0,0x867ffb5a3871b500f65bdfafe0136f9667deae06,1547421096,7063549.0,0x47d70d729c6efd464cc49ebb6f4ee240219ecb9e,OUT,2,0.0,0xfba683c530b1ff36d61a4c87b887689ac2136bafcf8f65b6bb92feeea01fb073,internal,call,0.43322175648 Ether
0,0x867ffb5a3871b500f65bdfafe0136f9667deae06,1547836127,7090373.0,0x47d70d729c6efd464cc49ebb6f4ee240219ecb9e,OUT,2,0.0,0x782e5ceae004240b983f389704a8e48e205d5b764efafa1fb1fffb57408de4ee,internal,call,0.26545528368 Ether
