Class,address,age,block,creator,direction,inter_direction,txFee,txhash,txn_type,type,value
0,0xf433089366899d83a9f26a773d59ec7ecf30355e,1517786482,5033870.0,0xe7184ea8880d850874d3072b80a273dce10b910f,IN,3,0.00042996,0x0950cc708bbd99e5de56eaa53608f4872f2bb96566d8f16c1a41b4e2e27318af,external,0,0 Ether
0,0xf433089366899d83a9f26a773d59ec7ecf30355e,1517787695,5033950.0,0xe7184ea8880d850874d3072b80a273dce10b910f,IN,3,0.00043124,0x529286a16f3071a929b0df816eec0aeeba08662fd7900ca6b961ce470f5a1ef0,external,0,0 Ether
