Class,address,age,block,creator,direction,inter_direction,txFee,txhash,txn_type,type,value
0,0xf433089366899d83a9f26a773d59ec7ecf30355e,1541976303,6689232.0,0xe7184ea8880d850874d3072b80a273dce10b910f,IN,3,0.00043124,0x4112ba56ea1c1e857171a06b4c88567e2261b8eb2120a737f0e822de730c42e4,external,0,0 Ether
0,0xf433089366899d83a9f26a773d59ec7ecf30355e,1542271860,6710134.0,0xe7184ea8880d850874d3072b80a273dce10b910f,IN,3,0.00043124,0x749cddc6b1916db7c6db66b451979a0cd4b4cb43a679e6f5804e1b146e989674,external,0,0 Ether
