Class,address,age,block,creator,direction,inter_direction,txFee,txhash,txn_type,type,value
0,0xf8e386eda857484f5a12e4b5daa9984e06e73705,1531713503,5974575.0,0x0006b2c810f77f28aa30eeb6508af12730b87370,IN,3,0.00214421,0x2d93b4d4b2105b20af248acc67f39ea042565c5a5027bcb70deea6f11c392ea9,external,0,0 Ether
0,0xf8e386eda857484f5a12e4b5daa9984e06e73705,1531941466,5989946.0,0x0006b2c810f77f28aa30eeb6508af12730b87370,IN,3,0.00214421,0x821c07556e914bf60b8565b0f3357e97b05fda45860a0a460879bc7ee8acb86b,external,0,0 Ether
