Class,address,age,block,creator,direction,inter_direction,txFee,txhash,txn_type,type,value
0,0xf8e386eda857484f5a12e4b5daa9984e06e73705,1511141555,4587624.0,0x0006b2c810f77f28aa30eeb6508af12730b87370,IN,3,0.00015608,0xb22e71a7ea55ca83550f6688a00e09c134c399b12edb3003c0626ddb87284c88,external,0,0 Ether
0,0xf8e386eda857484f5a12e4b5daa9984e06e73705,1511141555,4587624.0,0x0006b2c810f77f28aa30eeb6508af12730b87370,IN,3,0.00015608,0xb22e71a7ea55ca83550f6688a00e09c134c399b12edb3003c0626ddb87284c88,external,0,0 Ether
