Class,address,age,block,creator,direction,inter_direction,txFee,txhash,txn_type,type,value
0,0xfa05a73ffe78ef8f1a739473e462c54bae6567d9,1507443934,4347880.0,0x00af63755982b0107f6a7489af91a5db3b55add4,IN,3,0.00079258,0x1240877e29e035018a8cf1a4d258973f96684220eaaa269086db4696c615b2dc,external,0,0 Ether
0,0xfa05a73ffe78ef8f1a739473e462c54bae6567d9,1515610958,4888539.0,0x00af63755982b0107f6a7489af91a5db3b55add4,IN,3,0.00079258,0x74001d2701260fef959f9e78300a802119f911a12a779284d61b67246d3d2b33,external,0,0 Ether
