Class,address,age,block,creator,direction,inter_direction,txFee,txhash,txn_type,type,value
0,0xfa05a73ffe78ef8f1a739473e462c54bae6567d9,1493898047,3650604.0,0x00af63755982b0107f6a7489af91a5db3b55add4,IN,3,0.00075356,0x067827c22f71cd885cfb181e9628ff97ce19f90bf3b06cc0ea899979e912b842,external,0,0 Ether
0,0xfa05a73ffe78ef8f1a739473e462c54bae6567d9,1492162772,3535302.0,0x00af63755982b0107f6a7489af91a5db3b55add4,IN,3,0.0014,0x4f8fb2e5e24078ca47df00c666e79489869173ea9cdd2ac42afc129474c057ef,external,0,12.36 Ether
0,0xfa05a73ffe78ef8f1a739473e462c54bae6567d9,1492163535,3535351.0,0x00af63755982b0107f6a7489af91a5db3b55add4,IN,3,0.00103256,0x52aa785277e2677d12ae790dc39887500775fcfdff80774f1975bd47cb4ab36f,external,0,12.36 Ether
