Class,address,age,block,creator,direction,inter_direction,txFee,txhash,txn_type,type,value
0,0xfa05a73ffe78ef8f1a739473e462c54bae6567d9,1505809944,4291693.0,0x00af63755982b0107f6a7489af91a5db3b55add4,IN,3,0.00284115,0x020b2b6081f48a675e87ee5b2ae937ecfe297c79a29089eb2e9e618d6d019744,external,0,0 Ether
0,0xfa05a73ffe78ef8f1a739473e462c54bae6567d9,1506669416,4322173.0,0x00af63755982b0107f6a7489af91a5db3b55add4,IN,3,0.00203806,0xb3a63cce076bb0f7eb0431cce17c3f1864a09882ce38170b68d06f15060384f4,external,0,0 Ether
