Class,address,age,block,creator,direction,inter_direction,txFee,txhash,txn_type,type,value
1,0x8a883a20940870dc055f2070ac8ec847ed2d9918,1533161657,0.0,0xc14f8469d4bb31c8e69fae9c16e262f45edc3635,OUT,2,0.0,0x0482bbfa41eb02c2f65bd1c4ad802d6432c0502229c568ce5379ca131732e8ce,internal,call,0.027044922413821 Ether
1,0x8a883a20940870dc055f2070ac8ec847ed2d9918,1532450631,6021696.0,0xc14f8469d4bb31c8e69fae9c16e262f45edc3635,OUT,2,0.0,0x1bed61f38c8dea8c2bd9d53caa822098ca58e1324d289215a596cfad34abb74f,internal,call,0.006291997953452 Ether
1,0x8a883a20940870dc055f2070ac8ec847ed2d9918,1532317784,6015628.0,0xc14f8469d4bb31c8e69fae9c16e262f45edc3635,OUT,2,0.0,0x9af3e734fe2c55cbac9b89ad6c31836bb0c8fb033569a8eb419fdfbc6497eaf8,internal,call,0.014715533819108 Ether
1,0x8a883a20940870dc055f2070ac8ec847ed2d9918,1532750589,6042107.0,0xc14f8469d4bb31c8e69fae9c16e262f45edc3635,OUT,2,0.0,0xe34534805ef9dd57d3584dfbec5ef3b9c557714a2b04bcd876bbb8ce4a3d666e,internal,call,0.001571449286423 Ether
