Class,address,age,block,creator,direction,inter_direction,txFee,txhash,txn_type,type,value
1,0xb10ea0d397db942a1083a4af9c6074ab63bc8c8b,1540889161,6612526.0,0x65b041db3135ed5f76d9486aa56f8ca5dc9a3f5e,OUT,1,0.0,0x80db99b40a6cb5e330ece579ebb93699d6b7c4a16deada15d1da7373a1c28f85,internal,call,0.007634576271186 Ether
1,0xb10ea0d397db942a1083a4af9c6074ab63bc8c8b,1540982479,0.0,0x65b041db3135ed5f76d9486aa56f8ca5dc9a3f5e,OUT,1,0.0,0x43697a18d2415a4bbb677c22f60ae4b1ff517a45e5c519565bf73c0ba21cae53,internal,call,0.004474576271186 Ether
1,0xb10ea0d397db942a1083a4af9c6074ab63bc8c8b,1540990779,6619737.0,0x65b041db3135ed5f76d9486aa56f8ca5dc9a3f5e,OUT,1,0.0,0x3671f6891dbd0df1ccf214208c92da0ba296fcc881f57ea07a28b8e35d08e6ed,internal,call,0.000414237288135 Ether
