Class,address,age,block,creator,direction,inter_direction,txFee,txhash,txn_type,type,value
0,0x006bea43baa3f7a6f765f14f10a1a1b08334ef45,1513046947,4719442.0,0xaf773cb251d81178a611ba74e279bbaddce560c2,IN,3,0.00078422,0x37be9d03290479a7895c5f1f28e5146075882028df2a4fac0a27066e14f4d280,external,0,0 Ether
0,0x006bea43baa3f7a6f765f14f10a1a1b08334ef45,1525574397,5565767.0,0xaf773cb251d81178a611ba74e279bbaddce560c2,IN,3,0.00078691,0x4257c60b926edb90360b12b66ce389bbdb4dae8020aaba68a6540073453e583e,external,0,0 Ether
