Class,address,age,block,creator,direction,inter_direction,txFee,txhash,txn_type,type,value
1,0x7b307c1f0039f5d38770e15f8043b3dd26da5e8f,1540257198,0.0,0xe1f3294e25bb72a2fb53addb82aa1a033797e6e3,OUT,1,0.0,0x34c0af4116fa0b1fc63eb789746b03e3355e44a9459d34b5cba5c4c6b528d078,internal,call,0.015710847457627 Ether
1,0x7b307c1f0039f5d38770e15f8043b3dd26da5e8f,1539602914,6521438.0,0xe1f3294e25bb72a2fb53addb82aa1a033797e6e3,OUT,2,0.0,0xf6aa1eb3df7f643bb81f20146c0c091312a2cf2626f27bbbb0e9155cff91202a,internal,call,0.00001220338983 Ether
1,0x7b307c1f0039f5d38770e15f8043b3dd26da5e8f,1539601663,6521348.0,0xe1f3294e25bb72a2fb53addb82aa1a033797e6e3,OUT,2,0.0,0xf551b0acb452abb77196e6c473b325f8a7f8733cef9ad7bf99335d813822c50e,internal,call,0.012579796610169 Ether
