Class,address,age,block,creator,direction,inter_direction,txFee,txhash,txn_type,type,value
1,0x7b307c1f0039f5d38770e15f8043b3dd26da5e8f,1540204421,6563989.0,0xe1f3294e25bb72a2fb53addb82aa1a033797e6e3,OUT,1,0.0,0x20f10fb983e55ea476806520cf86ac426aaafc36d66040012505721929f8d2b5,internal,call,0.000024 Ether
1,0x7b307c1f0039f5d38770e15f8043b3dd26da5e8f,1540218795,6564999.0,0xe1f3294e25bb72a2fb53addb82aa1a033797e6e3,OUT,1,0.0,0x914eef87b93ea7f9131a89eed63860383496e1c03b8d64e64c3987fe54ac8d73,internal,call,0.000136949152542 Ether
1,0x7b307c1f0039f5d38770e15f8043b3dd26da5e8f,1540253391,0.0,0xe1f3294e25bb72a2fb53addb82aa1a033797e6e3,OUT,1,0.0,0x6488a2d2410eeb39fbeb877f3eee4be46c4ba45f87f4f8190015edc85912ef80,internal,call,0.000342779661016 Ether
1,0x7b307c1f0039f5d38770e15f8043b3dd26da5e8f,1540201943,0.0,0xe1f3294e25bb72a2fb53addb82aa1a033797e6e3,OUT,1,0.0,0x51a4442d7e28f93ec4032ef628531205aef161faff125608e27a7c2009eb4cfb,internal,call,0.001679457627118 Ether
1,0x7b307c1f0039f5d38770e15f8043b3dd26da5e8f,1539865634,6540070.0,0xe1f3294e25bb72a2fb53addb82aa1a033797e6e3,OUT,2,0.0,0xdba6dcdfefb117fefab0449df8951e5402d8586d260ffcdb0cb6233f0d0bb3a4,internal,call,0.015190508474576 Ether
1,0x7b307c1f0039f5d38770e15f8043b3dd26da5e8f,1540026243,6551426.0,0xe1f3294e25bb72a2fb53addb82aa1a033797e6e3,OUT,2,0.0,0xf20850c089d791ceb63fc89eaca065ac25fa43d9c12799334624f8c8d4fa5a64,internal,call,0.001539796610169 Ether
