Class,address,age,block,creator,direction,inter_direction,txFee,txhash,txn_type,type,value
0,0x07cff9c779702a57a4da4b15ef9a0af58e9472d3,1537763289,6387711.0,0x005f7ed737346941acd68d0292a86f21d173538a,IN,3,0.00194487,0x090b89505363aff7b2a026a278c67591fb9c35f2a65ff56449029a7d6bc6f1b6,external,0,0 Ether
0,0x07cff9c779702a57a4da4b15ef9a0af58e9472d3,1537651637,6382846.0,0x005f7ed737346941acd68d0292a86f21d173538a,IN,3,0.00194487,0x5e8e342dcbe2acf041307f483600017a68933bbe5ba86b51387f3098f06c9fc6,external,0,0 Ether
