Class,address,age,block,creator,direction,inter_direction,txFee,txhash,txn_type,type,value
0,0x08f5a9235b08173b7569f83645d2c7fb55e8ccd8,1513034684,4718570.0,0x5e9c071070343395106991556d3eb0651edff8cf,IN,3,0.00101715,0x1814a3e0d48091761fddf5c3ecb7834c5bac107898422196e939290d5c200157,external,0,0 Ether
0,0x08f5a9235b08173b7569f83645d2c7fb55e8ccd8,1513637134,4758572.0,0x5e9c071070343395106991556d3eb0651edff8cf,IN,3,0.000463,0x51ce5108b8c5bbd93487688bfb514f6724df46b21cc087b5c625a4a84666cadc,external,0,0 Ether
