Class,address,age,block,creator,direction,inter_direction,txFee,txhash,txn_type,type,value
1,0xbeefd8fb3b5778f99e021afa2e41e0614af6af11,1541470610,6653502.0,0x300758881bf3756b6cb5b2e96f545d7b3566ce3a,OUT,2,0.0,0xd931f9bb476560e3673497005ed5aff93d1c8fb4efdb64c06501b7dd52b45d70,internal,call,0.066185409836065 Ether
1,0xbeefd8fb3b5778f99e021afa2e41e0614af6af11,1539905033,0.0,0x300758881bf3756b6cb5b2e96f545d7b3566ce3a,OUT,1,0.0,0x19af3ea169852190c408888fe1ccf1acec8fbe0f91b55b5b5a8f6a4fc7416e3f,internal,call,0.041471311475409 Ether
1,0xbeefd8fb3b5778f99e021afa2e41e0614af6af11,1540157937,6560770.0,0x300758881bf3756b6cb5b2e96f545d7b3566ce3a,OUT,1,0.0,0x9fb9ad6b7bc2c2de6a1b24469610a91bdfe2468622473dc2c0757877022b4c06,internal,call,0.044040983606557 Ether
1,0xbeefd8fb3b5778f99e021afa2e41e0614af6af11,1540524827,6586749.0,0x300758881bf3756b6cb5b2e96f545d7b3566ce3a,OUT,1,0.0,0x1dfe32b7926b0ec39327f07530dcabc497e875f6dec89aed2f63b9f4c37674e6,internal,call,0.063882786885245 Ether
1,0xbeefd8fb3b5778f99e021afa2e41e0614af6af11,1539580379,0.0,0x300758881bf3756b6cb5b2e96f545d7b3566ce3a,OUT,1,0.0,0x8e65bb447077fb8e29d481c5e83d5a9657eb99bb39f73da2849775145cae03e1,internal,call,0.01 Ether
1,0xbeefd8fb3b5778f99e021afa2e41e0614af6af11,1541782364,6672467.0,0x300758881bf3756b6cb5b2e96f545d7b3566ce3a,OUT,1,0.0,0x68e800207f29ca15008f5e0a718501df1e3badc8cabf0b7eea85d772202a8e8e,internal,call,0.038862704918032 Ether
1,0xbeefd8fb3b5778f99e021afa2e41e0614af6af11,1541915440,6684944.0,0x300758881bf3756b6cb5b2e96f545d7b3566ce3a,OUT,1,0.0,0x95e02a522cbc0b49e5994c8220474d88e199e8ddd51d0c0185ff772147cd2259,internal,call,0.025567622950819 Ether
1,0xbeefd8fb3b5778f99e021afa2e41e0614af6af11,1541089399,6623596.0,0x300758881bf3756b6cb5b2e96f545d7b3566ce3a,OUT,1,0.0,0x79f1508c7fbb69ae247ae3278e38d49e36225de04f40681aa7a6b2079a4f0354,internal,call,0.09060737704918 Ether
1,0xbeefd8fb3b5778f99e021afa2e41e0614af6af11,1539667579,6525995.0,0x300758881bf3756b6cb5b2e96f545d7b3566ce3a,OUT,1,0.0,0xab0f155b4d07c128f56a4c78f3d9c30a2b84370c394406dcfbff8481b000a787,internal,call,0.015174590163934 Ether
