Class,address,age,block,creator,direction,inter_direction,txFee,txhash,txn_type,type,value
1,0x4e8ecf79ade5e2c49b9e30d795517a81e0bf00b8,1532711992,0.0,0xf39e044e1ab204460e06e87c6dca2c6319fc69e3,OUT,1,0.0,0xb04b65ac2ad70e93a1398fa9cd99e2016e8b041684bdfc963d161f8073fb380c,internal,call,3.042076667029813 Ether
1,0x4e8ecf79ade5e2c49b9e30d795517a81e0bf00b8,1532744444,6044668.0,0xf39e044e1ab204460e06e87c6dca2c6319fc69e3,OUT,2,0.0,0xc0cac008f5d29c12dd28f28e71945763c1871983bfdc3e28268d2e8d9cccd3ca,internal,call,0.100128544944532 Ether
