Class,address,age,block,creator,direction,inter_direction,txFee,txhash,txn_type,type,value
1,0x4e8ecf79ade5e2c49b9e30d795517a81e0bf00b8,1533475914,6094913.0,0xf39e044e1ab204460e06e87c6dca2c6319fc69e3,OUT,1,0.0,0x0faec350df1e987e080b75b459925eefc24f4ec5bc5a108aa3f7f601fa473e7d,internal,call,0.019973490723208 Ether
1,0x4e8ecf79ade5e2c49b9e30d795517a81e0bf00b8,1533560482,6100719.0,0xf39e044e1ab204460e06e87c6dca2c6319fc69e3,OUT,2,0.0,0xc2e9640d1b140ba5065555635c223c1790a9f7c9fb0283672cc8b2a832554f01,internal,call,0.015373753930374 Ether
1,0x4e8ecf79ade5e2c49b9e30d795517a81e0bf00b8,1533129174,0.0,0xf39e044e1ab204460e06e87c6dca2c6319fc69e3,OUT,1,0.0,0x9a3167b396abcaddf80a71e9dfb4ab8477504a07a5ebc8b85f53d9b2a6396f6c,internal,call,0.043511193536468 Ether
1,0x4e8ecf79ade5e2c49b9e30d795517a81e0bf00b8,1532965443,6060003.0,0xf39e044e1ab204460e06e87c6dca2c6319fc69e3,OUT,2,0.0,0xc8b8130501f092907a798519a7689f53aaf56c3acd57feba413b90ff32fe5930,internal,call,0.003189266445991 Ether
1,0x4e8ecf79ade5e2c49b9e30d795517a81e0bf00b8,1533137685,6071736.0,0xf39e044e1ab204460e06e87c6dca2c6319fc69e3,OUT,2,0.0,0xd3197075be6ac3ee227e3beb92240497fa0839e6b32658e71d1de45a776a019b,internal,call,0.010961486753209 Ether
