Class,address,age,block,creator,direction,inter_direction,txFee,txhash,txn_type,type,value
0,0x09678741bd50c3e74301f38fbd0136307099ae5d,1517507625,5014661.0,0xa38f728c9431a4248753c63423518faf4de63e18,IN,3,0.00018071,0x68f977b73aad5c605083f85fe2b74ab841c1883883d3fa3d9f60e9f3b0d56358,external,0,0.05915 Ether
