Class,address,age,block,creator,direction,inter_direction,txFee,txhash,txn_type,type,value
1,0xf00e5a59fde1cb2ead96a8be7711abc3f981e0f1,1538076311,6412849.0,0x96bb98183e5562913e72613c1979d0a13f8ec76b,OUT,2,0.0,0x85e289d0fd6703aeb68637404aab7a0300aabf15fb70d07a56fedb2872b4cbe5,internal,call,0.012166666666666 Ether
1,0xf00e5a59fde1cb2ead96a8be7711abc3f981e0f1,1538063207,6411914.0,0x96bb98183e5562913e72613c1979d0a13f8ec76b,OUT,2,0.0,0x430b7f778d62a7ab7a9003fe0f79a4165d432791b19a550fe69e5685eb9e134e,internal,call,0.050611111111111 Ether
1,0xf00e5a59fde1cb2ead96a8be7711abc3f981e0f1,1538008501,6408056.0,0x96bb98183e5562913e72613c1979d0a13f8ec76b,OUT,2,0.0,0xd14e9b19d0e83555eaca75fcc4599438cfea6e9d871011a54efa4055cdde0434,internal,call,0.090944444444444 Ether
