Class,address,age,block,creator,direction,inter_direction,txFee,txhash,txn_type,type,value
0,0x09678741bd50c3e74301f38fbd0136307099ae5d,1520395021,5212440.0,0xa38f728c9431a4248753c63423518faf4de63e18,IN,3,0.00018071,0x59e14a978081262b97a8cd28a5afb26d1d4a8720a619f2635ea70a70319eea21,external,0,3.83122 Ether
