Class,address,age,block,creator,direction,inter_direction,txFee,txhash,txn_type,type,value
0,0x0b76544f6c413a555f309bf76260d1e02377c02a,1523604818,5433901.0,0xe9a24f8628006c7f33f91c0248e10e62a121b516,IN,3,0.00131717,0x26972cbe4f4052bc0d614d20cd31a8bb23bf02f0d721408784a630559efd98dd,external,0,0 Ether
0,0x0b76544f6c413a555f309bf76260d1e02377c02a,1523604746,5433898.0,0xe9a24f8628006c7f33f91c0248e10e62a121b516,IN,3,0.00125,0x33c75975d9353cb412aa1ca4cf2406d73b0403c2d32c32209d6b28f630121aa3,external,0,0 Ether
0,0x0b76544f6c413a555f309bf76260d1e02377c02a,1523604046,5433844.0,0xe9a24f8628006c7f33f91c0248e10e62a121b516,IN,3,0.00238491,0x797f3404842df1c5f0b264e1356aea9bc07da6716729992ee1170ee668277a64,external,0,0 Ether
0,0x0b76544f6c413a555f309bf76260d1e02377c02a,1517105384,4987252.0,0xe9a24f8628006c7f33f91c0248e10e62a121b516,IN,3,0.0043545,0x91bf90a8ed2ab7b47847fd7796d4b08e77726ee81eb224dac1a3ea58bae0ea10,external,0,0 Ether
0,0x0b76544f6c413a555f309bf76260d1e02377c02a,1523601258,5433655.0,0xe9a24f8628006c7f33f91c0248e10e62a121b516,IN,3,0.00238491,0x91e3d82d8d14e197578143002fb67afd339428ce6f52a4e200a46a05f17f5b01,external,0,0 Ether
0,0x0b76544f6c413a555f309bf76260d1e02377c02a,1523604373,5433870.0,0xe9a24f8628006c7f33f91c0248e10e62a121b516,IN,3,0.00103587,0x927cf099cda2c21058794f187e926423b61c86ac67ad32a3483b956fa708d094,external,0,0 Ether
