Class,address,age,block,creator,direction,inter_direction,txFee,txhash,txn_type,type,value
1,0x8036165ccabee251c886d6121b047c16b5e798b5,1523056513,5395798.0,0x4be640dcce08e68ede454202fbc59cf5f9e8ea1f,OUT,2,0.0,0x649b3367fe22194f706da7d3fc54bcfb3210a0904f05b2f035030cd75f47e04d,internal,call,0.025272670202183 Ether
1,0x8036165ccabee251c886d6121b047c16b5e798b5,1523112994,5399811.0,0x4be640dcce08e68ede454202fbc59cf5f9e8ea1f,OUT,2,0.0,0x9dbc64c97502b1737b4ac0920a8d2f5fbfabc23f91bb92e367fe250d2bde21a7,internal,call,0.078525472693594 Ether
