Class,address,age,block,creator,direction,inter_direction,txFee,txhash,txn_type,type,value
1,0x4e8ecf79ade5e2c49b9e30d795517a81e0bf00b8,1533584132,6102348.0,0xf39e044e1ab204460e06e87c6dca2c6319fc69e3,OUT,1,0.0,0x709c56faf7890d24e9dcf44c5d032fe7b8ec3e99ce7595435899c1f6e1b90cb2,internal,call,0.000141156458368 Ether
1,0x4e8ecf79ade5e2c49b9e30d795517a81e0bf00b8,1533586332,0.0,0xf39e044e1ab204460e06e87c6dca2c6319fc69e3,OUT,2,0.0,0xbfe9bcb77b49a028af745cbfef8ae947b843f8688111354d97b05a8a8aae1d16,internal,call,0.001111295603366 Ether
