Class,address,age,block,creator,direction,inter_direction,txFee,txhash,txn_type,type,value
1,0x7b307c1f0039f5d38770e15f8043b3dd26da5e8f,1539074460,6483769.0,0xe1f3294e25bb72a2fb53addb82aa1a033797e6e3,OUT,1,0.0,0x321b290851e95815ec272e748df2789e42a9dece4be2a59cfb05e5c2232fdf87,internal,call,0.01530033898305 Ether
1,0x7b307c1f0039f5d38770e15f8043b3dd26da5e8f,1538562890,6447182.0,0xe1f3294e25bb72a2fb53addb82aa1a033797e6e3,OUT,1,0.0,0x8301a3d6b80eb1372c39e560a8813e2c1962473a361f48a7e2e305394095dcc3,internal,call,0.010725423728813 Ether
1,0x7b307c1f0039f5d38770e15f8043b3dd26da5e8f,1538916453,6472485.0,0xe1f3294e25bb72a2fb53addb82aa1a033797e6e3,OUT,2,0.0,0xe082ced7496c59c3f1f36968f3e2d1d1c80c434cf80f019523eacb65c7a0bf1a,internal,call,0.027378983050847 Ether
1,0x7b307c1f0039f5d38770e15f8043b3dd26da5e8f,1538634162,6452293.0,0xe1f3294e25bb72a2fb53addb82aa1a033797e6e3,OUT,1,0.0,0x525e64da0e6264d39cfed54e25b7d332ac73584902dcbe72a4705eaf24072281,internal,call,0.006930169491525 Ether
