Class,address,age,block,creator,direction,inter_direction,txFee,txhash,txn_type,type,value
0,0xb1690c08e213a35ed9bab7b318de14420fb57d8c,1543971767,0.0,0xba52c75764d6f594735dc735be7f1830cdf58ddf,OUT,2,0.0,0x3e56cd8eddcf090614539d9136de413d94c167512a5fa417e6436d06749511c1,internal,call,0.0048125 Ether
0,0xb1690c08e213a35ed9bab7b318de14420fb57d8c,1543971767,0.0,0xba52c75764d6f594735dc735be7f1830cdf58ddf,OUT,2,0.0,0xa7e87f5e0ca18392406aa82b8c1b7650f6ed5929184bcbb89c51b7affc89fe35,internal,call,0.0048125 Ether
