Class,address,age,block,creator,direction,inter_direction,txFee,txhash,txn_type,type,value
1,0xf00e5a59fde1cb2ead96a8be7711abc3f981e0f1,1537866261,6398008.0,0x96bb98183e5562913e72613c1979d0a13f8ec76b,OUT,2,0.0,0xca6dc87ebd366a30eb545b0f958212bd7c6545fa68717c21442c1c26d3d9c6d1,internal,call,1.283333333333333 Ether
1,0xf00e5a59fde1cb2ead96a8be7711abc3f981e0f1,1537879524,6398956.0,0x96bb98183e5562913e72613c1979d0a13f8ec76b,OUT,2,0.0,0x0e1eadc2673e027745b1f13a38fe373e928e69a819436a76cdab38c4b5a4c977,internal,call,1.783333333333333 Ether
1,0xf00e5a59fde1cb2ead96a8be7711abc3f981e0f1,1537873095,6398524.0,0x96bb98183e5562913e72613c1979d0a13f8ec76b,OUT,2,0.0,0xd05e6ed154997d203e26f46808aec3695326c4d6da724d5c4f1cb138a66b8a98,internal,call,0.75 Ether
1,0xf00e5a59fde1cb2ead96a8be7711abc3f981e0f1,1537870364,0.0,0x96bb98183e5562913e72613c1979d0a13f8ec76b,OUT,2,0.0,0xfa96807e934cf6317f93037b3056d972caa3872d69697a1cac8d0dd0dddf8283,internal,call,1.15 Ether
1,0xf00e5a59fde1cb2ead96a8be7711abc3f981e0f1,1537926500,6402282.0,0x96bb98183e5562913e72613c1979d0a13f8ec76b,OUT,2,0.0,0x5d037d65744d24548aa09de0d38656c99d2e48a078aa292de84b7d205d15fa5f,internal,call,7.766666666666666 Ether
1,0xf00e5a59fde1cb2ead96a8be7711abc3f981e0f1,1537889436,6399652.0,0x96bb98183e5562913e72613c1979d0a13f8ec76b,OUT,2,0.0,0x85f3b64dfd03fdb6dcf2a6027922e6d3d4a0cc59e9db25deab1f18588e1506e0,internal,call,2.766666666666666 Ether
1,0xf00e5a59fde1cb2ead96a8be7711abc3f981e0f1,1537861617,6397699.0,0x96bb98183e5562913e72613c1979d0a13f8ec76b,OUT,2,0.0,0xaeb1d751e6ab769b23cd5cc69d68dd1926ff4ba4a0d33623837c479056bf1f47,internal,call,1.583333333333333 Ether
1,0xf00e5a59fde1cb2ead96a8be7711abc3f981e0f1,1537898540,6400337.0,0x96bb98183e5562913e72613c1979d0a13f8ec76b,OUT,2,0.0,0x617ce5d56153b5ececd97855923ab4fe48f5aedbc394a5580eb39c0da07ea86a,internal,call,2.516666666666666 Ether
