Class,address,age,block,creator,direction,inter_direction,txFee,txhash,txn_type,type,value
1,0x4e8ecf79ade5e2c49b9e30d795517a81e0bf00b8,1532712042,0.0,0xf39e044e1ab204460e06e87c6dca2c6319fc69e3,OUT,1,0.0,0x178a2870ace52b82683308d79c96113c4a19dcfb4eb3d34841fa72f8f2bc1a17,internal,call,0.710718133347317 Ether
1,0x4e8ecf79ade5e2c49b9e30d795517a81e0bf00b8,1532722830,0.0,0xf39e044e1ab204460e06e87c6dca2c6319fc69e3,OUT,2,0.0,0xef7c79c33756a7449aa55b887d1afdbdb9e3afc2208050faac03350e3e9e8187,internal,call,0.583874161938067 Ether
1,0x4e8ecf79ade5e2c49b9e30d795517a81e0bf00b8,1532712775,0.0,0xf39e044e1ab204460e06e87c6dca2c6319fc69e3,OUT,1,0.0,0x965e3ecc9c68b5fdc8f344fadd7a4b286e492adad0c900396026b16377893991,internal,call,0.237840749714382 Ether
1,0x4e8ecf79ade5e2c49b9e30d795517a81e0bf00b8,1532711736,0.0,0xf39e044e1ab204460e06e87c6dca2c6319fc69e3,OUT,2,0.0,0xc6caba9a7226d0a945f57aeb9c0bb967582d98091cface1817d0c690ac61218b,internal,call,7.314989032842285 Ether
1,0x4e8ecf79ade5e2c49b9e30d795517a81e0bf00b8,1532713914,0.0,0xf39e044e1ab204460e06e87c6dca2c6319fc69e3,OUT,2,0.0,0xfdfaa87a07343b07adacb6683f0aa56d988f56beee871574b94f0f96cad0e44e,internal,call,0.11243852957737 Ether
1,0x4e8ecf79ade5e2c49b9e30d795517a81e0bf00b8,1532712315,0.0,0xf39e044e1ab204460e06e87c6dca2c6319fc69e3,OUT,1,0.0,0x5c3ad10f3c924e4c02c74c07278ea369e316da1bdf038f09bd7dae5f6c6cc135,internal,call,0.232093034161513 Ether
1,0x4e8ecf79ade5e2c49b9e30d795517a81e0bf00b8,1532713678,0.0,0xf39e044e1ab204460e06e87c6dca2c6319fc69e3,OUT,2,0.0,0xbd52702085da9b23dd76841050429047ab424fbfe121761d76b76c474e238a3b,internal,call,0.374437692474748 Ether
1,0x4e8ecf79ade5e2c49b9e30d795517a81e0bf00b8,1532717742,0.0,0xf39e044e1ab204460e06e87c6dca2c6319fc69e3,OUT,2,0.0,0xed3abc6bcfe5c7e67e021fbc0c2e38883141bff6c29db4e21e2e713f67b569a7,internal,call,0.280960752411995 Ether
