Class,address,age,block,creator,direction,inter_direction,txFee,txhash,txn_type,type,value
1,0x8a883a20940870dc055f2070ac8ec847ed2d9918,1533208692,6076551.0,0xc14f8469d4bb31c8e69fae9c16e262f45edc3635,OUT,2,0.0,0x052626fbdf888e3392c82bb9f2de2b9e8d4c869707d264275e54d187f3733905,internal,call,0.123569946600739 Ether
1,0x8a883a20940870dc055f2070ac8ec847ed2d9918,1532575970,6033163.0,0xc14f8469d4bb31c8e69fae9c16e262f45edc3635,OUT,2,0.0,0x9df4f3409d3b8276b2065a93a957a87756c2f44eaf8c9538fdc2994608ca7ee1,internal,call,0.017152309894627 Ether
1,0x8a883a20940870dc055f2070ac8ec847ed2d9918,1532812144,6049404.0,0xc14f8469d4bb31c8e69fae9c16e262f45edc3635,OUT,2,0.0,0x721f87c236b233f4be2cfb0bf89c12a775c7065dbd70aebc152cfeddc85e0eaa,internal,call,0.00300043366173 Ether
