Class,address,age,block,creator,direction,inter_direction,txFee,txhash,txn_type,type,value
1,0x5101067e64f9e564bed7dd9c7378d7cc9dd5f550,1535110331,6206827.0,0xd1f3d2855a36657df21418286d3b5ab592cd0cb9,OUT,2,0.0,0x6f89c96aa681793c1ee7bfc57d0bedd04f665760072d6ede42b0a296da66eeab,internal,call,0.021364901318606 Ether
1,0x5101067e64f9e564bed7dd9c7378d7cc9dd5f550,1535109936,6206796.0,0xd1f3d2855a36657df21418286d3b5ab592cd0cb9,OUT,2,0.0,0xdfb2e2cd33814c9f6f31c886cd21316511153d7b5910a0c5fb1a16b87370b4f5,internal,call,0.007893950359351 Ether
1,0x5101067e64f9e564bed7dd9c7378d7cc9dd5f550,1535127260,6205008.0,0xd1f3d2855a36657df21418286d3b5ab592cd0cb9,OUT,2,0.0,0x796ac6c2956ecb62c02cfd2ebb2ebab430b625000c37740c4fad6786fdf763f3,internal,call,0.184186684287003 Ether
