Class,address,age,block,creator,direction,inter_direction,txFee,txhash,txn_type,type,value
0,0x8d12a197cb00d4747a1fe03395095ce2a5cc6819,1546883507,7028809.0,0x1ed014aec47fae44c9e55bac7662c0b78ae61798,OUT,1,0.0,0x6748e93c6df6fe7d8590d705478118781c794a16023ae1d0ce90e1273cee201e,internal,call,0.2 Ether
0,0x8d12a197cb00d4747a1fe03395095ce2a5cc6819,1545930370,6965195.0,0x1ed014aec47fae44c9e55bac7662c0b78ae61798,OUT,1,0.0,0x4e3fb4237bd27fd8e3553d2f9423011e0ecae65310aff9f1e1cf1f601137c335,internal,call,0.00008644981181 Ether
0,0x8d12a197cb00d4747a1fe03395095ce2a5cc6819,1545930370,6965195.0,0x1ed014aec47fae44c9e55bac7662c0b78ae61798,OUT,1,0.0,0x4e3fb4237bd27fd8e3553d2f9423011e0ecae65310aff9f1e1cf1f601137c335,internal,call,0.00008644981181 Ether
0,0x8d12a197cb00d4747a1fe03395095ce2a5cc6819,1546537308,7006429.0,0x1ed014aec47fae44c9e55bac7662c0b78ae61798,OUT,2,0.0,0xd6259387e4f5e5772586d67dbad047230aa68c9885324b43e208b4d70c109e4a,internal,call,0.000055236553728 Ether
0,0x8d12a197cb00d4747a1fe03395095ce2a5cc6819,1532170755,6005512.0,0x1ed014aec47fae44c9e55bac7662c0b78ae61798,OUT,2,0.0,0xb3d6a614bc1a75008a7261a95849e49612fac222c49afdcc83002a12cfcc829a,internal,call,0.096 Ether
