Class,address,age,block,creator,direction,inter_direction,txFee,txhash,txn_type,type,value
1,0x4e8ecf79ade5e2c49b9e30d795517a81e0bf00b8,1533837091,6119695.0,0xf39e044e1ab204460e06e87c6dca2c6319fc69e3,OUT,1,0.0,0x37a73047ce78edc9a91feed857a4abcf5538bcc1611b37c697172f3da9e032ad,internal,call,0.019868697264281 Ether
1,0x4e8ecf79ade5e2c49b9e30d795517a81e0bf00b8,1533011133,6060168.0,0xf39e044e1ab204460e06e87c6dca2c6319fc69e3,OUT,2,0.0,0xcb0ffcacca98d3406e64806b543c3ef5e97251f17884140d5ef3f9d546c49e4a,internal,call,0.027621316121292 Ether
