Class,address,age,block,creator,direction,inter_direction,txFee,txhash,txn_type,type,value
0,0x177d39ac676ed1c67a2b268ad7f1e58826e5b0af,1502900633,4165002.0,0xa869b2674914ec42b66dafe65acac797cd241cba,IN,3,0.00094767,0x3954f60ab4518874f5348870dab48f34e9f03fb97e54620e96c5fde709c47269,external,0,0 Ether
0,0x177d39ac676ed1c67a2b268ad7f1e58826e5b0af,1502860566,4165126.0,0xa869b2674914ec42b66dafe65acac797cd241cba,IN,3,0.00094927,0x9d0a93766c313f86ee8be9812b1494bebb7704aaaa686a0645414ca6c273af5e,external,0,0 Ether
