Class,address,age,block,creator,direction,inter_direction,txFee,txhash,txn_type,type,value
1,0x4e8ecf79ade5e2c49b9e30d795517a81e0bf00b8,1532715448,0.0,0xf39e044e1ab204460e06e87c6dca2c6319fc69e3,OUT,2,0.0,0xe2be53741acedc61e8d69b55847e2d760819c7a085a253c80e586b6ccc1b04c0,internal,call,0.424117839582583 Ether
1,0x4e8ecf79ade5e2c49b9e30d795517a81e0bf00b8,1532724774,6043310.0,0xf39e044e1ab204460e06e87c6dca2c6319fc69e3,OUT,1,0.0,0x3196d74feba5b2c8f0bbf9c39fb4d6226e6f9ca42c79eba4a73864832f15e0ac,internal,call,0.058909780725066 Ether
