Class,address,age,block,creator,direction,inter_direction,txFee,txhash,txn_type,type,value
1,0x8a883a20940870dc055f2070ac8ec847ed2d9918,1532442181,6024045.0,0xc14f8469d4bb31c8e69fae9c16e262f45edc3635,OUT,2,0.0,0xc2c43c70776e55ada78a2b5f0e3e4af853aed88743db1a5d2701f6dccb3a601e,internal,call,0.003229428742104 Ether
1,0x8a883a20940870dc055f2070ac8ec847ed2d9918,1533219456,6077297.0,0xc14f8469d4bb31c8e69fae9c16e262f45edc3635,OUT,2,0.0,0x02b61af0dc5be1c571d2d83b73efbb098bde5029ee2a77691702d201ef3d6574,internal,call,0.017201983023194 Ether
1,0x8a883a20940870dc055f2070ac8ec847ed2d9918,1532300814,6014538.0,0xc14f8469d4bb31c8e69fae9c16e262f45edc3635,OUT,2,0.0,0xd22e35e99fb930ef2b78120bcead4bd8fc30300cdf6a74c823a7ab143ca4c832,internal,call,0.12763244865046 Ether
1,0x8a883a20940870dc055f2070ac8ec847ed2d9918,1532328155,6016334.0,0xc14f8469d4bb31c8e69fae9c16e262f45edc3635,OUT,2,0.0,0xa6fc5320d947e5cb172fe8425194847e3d7acbbfc224a8efa7f25964da4e708f,internal,call,0.009623717251508 Ether
