Class,address,age,block,creator,direction,inter_direction,txFee,txhash,txn_type,type,value
1,0xb10ea0d397db942a1083a4af9c6074ab63bc8c8b,1540963553,6617775.0,0x65b041db3135ed5f76d9486aa56f8ca5dc9a3f5e,OUT,1,0.0,0xa209d6b651eac9deb41bcb195674f814e104d2a2671d6ce37b40c44f0f172398,internal,call,0.01281627118644 Ether
1,0xb10ea0d397db942a1083a4af9c6074ab63bc8c8b,1540697668,6599010.0,0x65b041db3135ed5f76d9486aa56f8ca5dc9a3f5e,OUT,1,0.0,0x0192630e90477e05cde131fd08dd5b25b802e1823f42298e88fd7700ad853b47,internal,call,0.016130169491525 Ether
1,0xb10ea0d397db942a1083a4af9c6074ab63bc8c8b,1540897070,6613049.0,0x65b041db3135ed5f76d9486aa56f8ca5dc9a3f5e,OUT,1,0.0,0x9c1f2647b3adc6714231171e71803952fdcd76dc0cf4195cd4cae169726c0ed0,internal,call,0.038071864406779 Ether
1,0xb10ea0d397db942a1083a4af9c6074ab63bc8c8b,1541065201,6624929.0,0x65b041db3135ed5f76d9486aa56f8ca5dc9a3f5e,OUT,1,0.0,0x353c92e4b94e1b7d1914fdb74264116b714f062f8cbc6468e7f8fef24dcf8c4e,internal,call,0.008005423728813 Ether
1,0xb10ea0d397db942a1083a4af9c6074ab63bc8c8b,1541023349,6621977.0,0x65b041db3135ed5f76d9486aa56f8ca5dc9a3f5e,OUT,1,0.0,0x59f72b4721d0c9308cc55469fe37b7a0d29112be4a40e6bef2552368e31ce671,internal,call,0.011395254237288 Ether
1,0xb10ea0d397db942a1083a4af9c6074ab63bc8c8b,1540125244,6558430.0,0x65b041db3135ed5f76d9486aa56f8ca5dc9a3f5e,OUT,2,0.0,0xf9eadbbbe55875a8d42d93f1d8096a5ca0517f6a34260dd84e7499c1398b008b,internal,call,0.026774237288135 Ether
1,0xb10ea0d397db942a1083a4af9c6074ab63bc8c8b,1540657225,6593062.0,0x65b041db3135ed5f76d9486aa56f8ca5dc9a3f5e,OUT,1,0.0,0x55d6fab2785849cda204f97a6a2142fea43828b0cf98dc02232df3468b2a04f0,internal,call,0.046345762711864 Ether
1,0xb10ea0d397db942a1083a4af9c6074ab63bc8c8b,1540372609,6575972.0,0x65b041db3135ed5f76d9486aa56f8ca5dc9a3f5e,OUT,1,0.0,0x8af061962c4a2a1bc71861311bea28fd24839450d5b7e864ecdbdcc414e89972,internal,call,0.047571525423728 Ether
1,0xb10ea0d397db942a1083a4af9c6074ab63bc8c8b,1539986150,6548557.0,0x65b041db3135ed5f76d9486aa56f8ca5dc9a3f5e,OUT,2,0.0,0xdd496e321f980513ff5ac9e18a72cc02b8ca5674f532cd93f66b129d4b89b6a5,internal,call,0.105686779661016 Ether
