Class,address,age,block,creator,direction,inter_direction,txFee,txhash,txn_type,type,value
0,0x1d462414fe14cf489c7a21cac78509f4bf8cd7c0,1517334218,5002969.0,0x7702629d7192c4dc4dc4eb8b24d1edba0383ee8a,IN,3,0.00307998,0x29b74c64f32f9c795df84081c941f0e00c59f970d98688c9113a3cb77d396101,external,0,0 Ether
0,0x1d462414fe14cf489c7a21cac78509f4bf8cd7c0,1517335103,5003018.0,0x7702629d7192c4dc4dc4eb8b24d1edba0383ee8a,IN,3,0.00217998,0x9150e739e6260d560b842bb9f0446b1933d1ba55b73c24651d5d7bd0fc9870a2,external,0,0 Ether
