Class,address,age,block,creator,direction,inter_direction,txFee,txhash,txn_type,type,value
1,0x7b307c1f0039f5d38770e15f8043b3dd26da5e8f,1540365359,6575447.0,0xe1f3294e25bb72a2fb53addb82aa1a033797e6e3,OUT,1,0.0,0x69a8094b99d819d37f526091b4fa7908f23cad933c93d762d610e5ccecc9ebc5,internal,call,0.012028277966101 Ether
1,0x7b307c1f0039f5d38770e15f8043b3dd26da5e8f,1539753128,0.0,0xe1f3294e25bb72a2fb53addb82aa1a033797e6e3,OUT,2,0.0,0xc8478dfd7ad23877aeb8545defebb6662378129276e10e831cb0ef9c6a558ad4,internal,call,0.045379857627118 Ether
1,0x7b307c1f0039f5d38770e15f8043b3dd26da5e8f,1539952004,6546166.0,0xe1f3294e25bb72a2fb53addb82aa1a033797e6e3,OUT,1,0.0,0x62b8f1fcf1388e8cd70b9d3a9e6265d1a78f5f6607f44707fdef0393af87d6b6,internal,call,0.027649952542372 Ether
1,0x7b307c1f0039f5d38770e15f8043b3dd26da5e8f,1539425981,6508893.0,0xe1f3294e25bb72a2fb53addb82aa1a033797e6e3,OUT,2,0.0,0xf11201a1320d3ce3b3e297d88da00ee2b8e7798b943073e8d69815c6e2cbbcbe,internal,call,0.000339911864406 Ether
1,0x7b307c1f0039f5d38770e15f8043b3dd26da5e8f,1539423299,6508712.0,0xe1f3294e25bb72a2fb53addb82aa1a033797e6e3,OUT,1,0.0,0x3ac1996070caf9f9e62f783126f5e4c7ac0b6aa134c997bf2156648580276c83,internal,call,0.011391742372881 Ether
1,0x7b307c1f0039f5d38770e15f8043b3dd26da5e8f,1540194076,6563277.0,0xe1f3294e25bb72a2fb53addb82aa1a033797e6e3,OUT,1,0.0,0x7f33e2eb4a1ac6d464b1bf023bda9ad6aa3489d8a4f1a76c5e8b339a3308d675,internal,call,0.033525959322033 Ether
1,0x7b307c1f0039f5d38770e15f8043b3dd26da5e8f,1539339296,6502646.0,0xe1f3294e25bb72a2fb53addb82aa1a033797e6e3,OUT,2,0.0,0xba7d6bb91c5bc5980d2484f8fae0ec105abfad2071025f19c84df79b18248a8e,internal,call,0.000284745762711 Ether
1,0x7b307c1f0039f5d38770e15f8043b3dd26da5e8f,1539336961,0.0,0xe1f3294e25bb72a2fb53addb82aa1a033797e6e3,OUT,2,0.0,0xb4255d0f78b7de2407063d4cc5bcd50c2cfb6d251cad7147c5ddd40576146466,internal,call,0.010340677966101 Ether
