Class,address,age,block,creator,direction,inter_direction,txFee,txhash,txn_type,type,value
1,0xbeefd8fb3b5778f99e021afa2e41e0614af6af11,1540558217,0.0,0x300758881bf3756b6cb5b2e96f545d7b3566ce3a,OUT,1,0.0,0xaf1dc23c5d3debe07e86dd0aa06a525c6ad3d8718ff66319288d30c57211f2b3,internal,call,0.06 Ether
1,0xbeefd8fb3b5778f99e021afa2e41e0614af6af11,1541081190,6626074.0,0x300758881bf3756b6cb5b2e96f545d7b3566ce3a,OUT,1,0.0,0x2ec1daaa76810cc05f2a4f92d6ae579a3e3284ffa3db2546201e28cf40461003,internal,call,0.799303278688524 Ether
1,0xbeefd8fb3b5778f99e021afa2e41e0614af6af11,1540620888,0.0,0x300758881bf3756b6cb5b2e96f545d7b3566ce3a,OUT,2,0.0,0xe3f2e3e8f5d1532342572305f4692850284fd88eddf1c80e0430e119ad245bb6,internal,call,0.01 Ether
1,0xbeefd8fb3b5778f99e021afa2e41e0614af6af11,1540620888,0.0,0x300758881bf3756b6cb5b2e96f545d7b3566ce3a,OUT,2,0.0,0xe3f2e3e8f5d1532342572305f4692850284fd88eddf1c80e0430e119ad245bb6,internal,call,0.028571311475409 Ether
1,0xbeefd8fb3b5778f99e021afa2e41e0614af6af11,1540602591,0.0,0x300758881bf3756b6cb5b2e96f545d7b3566ce3a,OUT,1,0.0,0x229ed4bad081335d31670e7a50a35d72a4868f3622e8c1e34eaf812e988d27b0,internal,call,0.03 Ether
1,0xbeefd8fb3b5778f99e021afa2e41e0614af6af11,1540602591,0.0,0x300758881bf3756b6cb5b2e96f545d7b3566ce3a,OUT,1,0.0,0x229ed4bad081335d31670e7a50a35d72a4868f3622e8c1e34eaf812e988d27b0,internal,call,0.046947540983606 Ether
1,0xbeefd8fb3b5778f99e021afa2e41e0614af6af11,1541546594,0.0,0x300758881bf3756b6cb5b2e96f545d7b3566ce3a,OUT,2,0.0,0xf4bd127f847c9d2ec47d6f9a10508a914374165bd8d02eb7de397594837d14c4,internal,call,0.670983606557377 Ether
1,0xbeefd8fb3b5778f99e021afa2e41e0614af6af11,1541683955,6668563.0,0x300758881bf3756b6cb5b2e96f545d7b3566ce3a,OUT,2,0.0,0xeb42b571dee4a18810a6a9756e2699dcb0cac804afdca4f5348d8f0a66d3b339,internal,call,0.199692622950819 Ether
1,0xbeefd8fb3b5778f99e021afa2e41e0614af6af11,1541918929,6685194.0,0x300758881bf3756b6cb5b2e96f545d7b3566ce3a,OUT,1,0.0,0xa0cde94ab1fa9d10c001a75cce6bd62e5e4b558152ba8c55f7f938741243d7bb,internal,call,0.340799180327868 Ether
