Class,address,age,block,creator,direction,inter_direction,txFee,txhash,txn_type,type,value
1,0xb547027a4ccd46ec98199fa88aaedf5aa981db26,1537815266,6394416.0,0xaf9c025ce6322a23ac00301c714f4f42895c9818,OUT,1,0.0,0x01f3f96949d3e19b38f2168a75d33f35a6e5af18bc8e84dd0281625b81e4c349,internal,call,0.001895208333333 Ether
1,0xb547027a4ccd46ec98199fa88aaedf5aa981db26,1537899802,6400419.0,0xaf9c025ce6322a23ac00301c714f4f42895c9818,OUT,1,0.0,0x379312f00d85c83f83cc609ee57ab2517432ca9d48a076aeedf6a815111c90c1,internal,call,0.003228958333333 Ether
1,0xb547027a4ccd46ec98199fa88aaedf5aa981db26,1537975190,6405727.0,0xaf9c025ce6322a23ac00301c714f4f42895c9818,OUT,2,0.0,0xbb9ac4a8331b849a15722d2bbd6df659e7228a934c18eb2ba25a9b0223de1545,internal,call,0.00171875 Ether
1,0xb547027a4ccd46ec98199fa88aaedf5aa981db26,1537930228,6402542.0,0xaf9c025ce6322a23ac00301c714f4f42895c9818,OUT,1,0.0,0x5b231d352b74b0d4ad757bf51a6508b681fc65ff768d4ca9c220b59259597ef8,internal,call,0.001161875 Ether
