Class,address,age,block,creator,direction,inter_direction,txFee,txhash,txn_type,type,value
1,0x536a6ba0d913d5d6a4ce2c6eb7ed0de3c0f0b89e,1537702634,0.0,0xb648cc3367571c9166e966d1eb97de3f9ebfb8fd,OUT,2,0.0,0xbd02cbf6877c2910b38ce930554492b77ee7bd4b8694a0f2eb5897cecf8416f4,internal,call,0.01443479765 Ether
1,0x536a6ba0d913d5d6a4ce2c6eb7ed0de3c0f0b89e,1537608324,0.0,0xb648cc3367571c9166e966d1eb97de3f9ebfb8fd,OUT,1,0.0,0x0f6657ca97129e7aec45f06f4728b4648e39e812e3fc522a9b6529107fe5845e,internal,call,0.01443476265 Ether
1,0x536a6ba0d913d5d6a4ce2c6eb7ed0de3c0f0b89e,1537948190,0.0,0xb648cc3367571c9166e966d1eb97de3f9ebfb8fd,OUT,1,0.0,0xa915cd43bfbbe172cca58ad1ee7a10cce98354dda59f71a69d18fb1bebd69736,internal,call,0.0288696653 Ether
