Class,address,age,block,creator,direction,inter_direction,txFee,txhash,txn_type,type,value
1,0x7b307c1f0039f5d38770e15f8043b3dd26da5e8f,1540261123,6568053.0,0xe1f3294e25bb72a2fb53addb82aa1a033797e6e3,OUT,1,0.0,0x62af48a5c589acc9dba12f9a634974dd1055bb3f13a15e4a20a724424b3b2e53,internal,call,0.221075593220338 Ether
1,0x7b307c1f0039f5d38770e15f8043b3dd26da5e8f,1539645632,6524460.0,0xe1f3294e25bb72a2fb53addb82aa1a033797e6e3,OUT,1,0.0,0x4d63466b9ff8c66bbb0b8247190f75094600b2a54f4fca555decc26e2fa0547a,internal,call,2.475369830508474 Ether
1,0x7b307c1f0039f5d38770e15f8043b3dd26da5e8f,1540116061,6557773.0,0xe1f3294e25bb72a2fb53addb82aa1a033797e6e3,OUT,1,0.0,0x1e0751b6ddf6e7a3418a013f34476bc4b875aebf98c75e71671c9cf59a1df8f6,internal,call,1.682588813559322 Ether
1,0x7b307c1f0039f5d38770e15f8043b3dd26da5e8f,1540199990,0.0,0xe1f3294e25bb72a2fb53addb82aa1a033797e6e3,OUT,1,0.0,0x2d53dd18cf94d5ce623c29b5b03f41bfda2d5cb78252f3f76443c682bff01ab1,internal,call,0.298151525423728 Ether
1,0x7b307c1f0039f5d38770e15f8043b3dd26da5e8f,1538238329,6421237.0,0xe1f3294e25bb72a2fb53addb82aa1a033797e6e3,OUT,1,0.0,0x4dfcd8e5940b8f42153029c053091f69a87f272c530374ae1189a61dd5fc2222,internal,call,0.900818644067796 Ether
1,0x7b307c1f0039f5d38770e15f8043b3dd26da5e8f,1538957754,6475451.0,0xe1f3294e25bb72a2fb53addb82aa1a033797e6e3,OUT,1,0.0,0x46166c6788c7b7d882a3fee74d03cba9f030e951e31f9e62568c10fa4da2e2ad,internal,call,2.738266440677966 Ether
