Class,address,age,block,creator,direction,inter_direction,txFee,txhash,txn_type,type,value
1,0x4e71b5e47a7e4f8eaccff4ade0e3292f80780cf0,1533116089,6070257.0,0x6c7dfe3c255a098ea031f334436dd50345cfc737,OUT,2,0.0,0x4cf17fe8fe4623961ad5acc68eafb06b9b33a63562e8fb8ad0531672c530dbc6,internal,call,0.005885361761139 Ether
1,0x4e71b5e47a7e4f8eaccff4ade0e3292f80780cf0,1533088341,6068330.0,0x6c7dfe3c255a098ea031f334436dd50345cfc737,OUT,2,0.0,0xeaeffbbb86974553efd0baeb6597d9d1ebc6e5d0c843ae3836e1a11cadd33024,internal,call,0.021654443188587 Ether
1,0x4e71b5e47a7e4f8eaccff4ade0e3292f80780cf0,1534702919,6178908.0,0x6c7dfe3c255a098ea031f334436dd50345cfc737,OUT,2,0.0,0xb1b4d093af93bfa8b91acdb4d94214404709242ce4bf2d17e108e0c65c9e9aa9,internal,call,0.094910607018168 Ether
