Class,address,age,block,creator,direction,inter_direction,txFee,txhash,txn_type,type,value
0,0x27054b13b1b798b345b591a4d22e6562d47ea75a,1519879817,5174342.0,0x1ff808e34e4df60326a3fc4c2b0f80748a3d60c2,IN,3,0.00479565,0x01c3a5a1b7245c802843c9e215a1128591966396561963c3d854edb943891208,external,0,0 Ether
0,0x27054b13b1b798b345b591a4d22e6562d47ea75a,1524486245,5493602.0,0x1ff808e34e4df60326a3fc4c2b0f80748a3d60c2,IN,3,0.00330367,0x04be39bed59ba31e6f517b9036f6a8dd62f924a61670edd1a846b452238091f1,external,0,0 Ether
0,0x27054b13b1b798b345b591a4d22e6562d47ea75a,1514698791,4830184.0,0x1ff808e34e4df60326a3fc4c2b0f80748a3d60c2,IN,3,0.00213396,0x1af3eb9cc444bf8bbc85a18f2d7e2534c7e9eda66ccc00ae0f381642eebb1762,external,0,0 Ether
0,0x27054b13b1b798b345b591a4d22e6562d47ea75a,1519144387,5124423.0,0x1ff808e34e4df60326a3fc4c2b0f80748a3d60c2,IN,3,0.00306792,0x56bb8ac97e6d6473b8b5ee5a195a1628f0307537a04d8baa1d659796779ce219,external,0,0 Ether
0,0x27054b13b1b798b345b591a4d22e6562d47ea75a,1524934473,5520664.0,0x1ff808e34e4df60326a3fc4c2b0f80748a3d60c2,IN,3,0.00027459,0x59791ae4c0e3919b23a87f379fafc18e08a464daf334d17250c668f8a135577d,external,0,0 Ether
0,0x27054b13b1b798b345b591a4d22e6562d47ea75a,1514699126,4830212.0,0x1ff808e34e4df60326a3fc4c2b0f80748a3d60c2,IN,3,0.00153396,0x5d86aa4ee0a83efb2b399d047fbd912c9cc8097b02266a7d05bbecf12a2d831f,external,0,0 Ether
0,0x27054b13b1b798b345b591a4d22e6562d47ea75a,1524564480,5498750.0,0x1ff808e34e4df60326a3fc4c2b0f80748a3d60c2,IN,3,0.00528155,0x61383c40a7e86e1dc20b184a7b781a8c53de631794d39c1760c137216ef08163,external,0,0 Ether
0,0x27054b13b1b798b345b591a4d22e6562d47ea75a,1527738289,5708076.0,0x1ff808e34e4df60326a3fc4c2b0f80748a3d60c2,IN,3,0.00337471,0x813d7916e356e9e4200bace1ae26eacdb89962fc6c2d7462ac02808efde82dd6,external,0,0 Ether
0,0x27054b13b1b798b345b591a4d22e6562d47ea75a,1514257427,4800160.0,0x1ff808e34e4df60326a3fc4c2b0f80748a3d60c2,IN,3,0.00213396,0xb106fe2652ce2243ab03c2c216796227c19ddf9f9cb527dfba68a5d1836923eb,external,0,0 Ether
