Class,address,age,block,creator,direction,inter_direction,txFee,txhash,txn_type,type,value
1,0x4e8ecf79ade5e2c49b9e30d795517a81e0bf00b8,1532821005,6050012.0,0xf39e044e1ab204460e06e87c6dca2c6319fc69e3,OUT,2,0.0,0xdfa0f5832e70214cbed2ddaaf169423f8a1ceba078a07ebd1ec6b2bb97eb7eba,internal,call,0.030911156028176 Ether
1,0x4e8ecf79ade5e2c49b9e30d795517a81e0bf00b8,1532811314,0.0,0xf39e044e1ab204460e06e87c6dca2c6319fc69e3,OUT,1,0.0,0x56237031a9e02193201bc04e528f6fa7050393d7c64d5da9da56875968c5ac27,internal,call,0.024546688142092 Ether
1,0x4e8ecf79ade5e2c49b9e30d795517a81e0bf00b8,1532828991,6050560.0,0xf39e044e1ab204460e06e87c6dca2c6319fc69e3,OUT,1,0.0,0x05938d275cdfe856ecd94492bab97b00c441af0fa73607f67e77db2e3947f480,internal,call,0.026884581002565 Ether
1,0x4e8ecf79ade5e2c49b9e30d795517a81e0bf00b8,1532804033,0.0,0xf39e044e1ab204460e06e87c6dca2c6319fc69e3,OUT,1,0.0,0x96adc538a9a30ac9bdcbc6d7cb4a804adcfc4d3ff401599c8f68f025e90c803d,internal,call,0.024311575073921 Ether
1,0x4e8ecf79ade5e2c49b9e30d795517a81e0bf00b8,1532838478,0.0,0xf39e044e1ab204460e06e87c6dca2c6319fc69e3,OUT,2,0.0,0xf9f1960d3228736a8f69d141c1b27c9a31c207dd4e9ca816a897708504419968,internal,call,0.054668894914659 Ether
