Class,address,age,block,creator,direction,inter_direction,txFee,txhash,txn_type,type,value
1,0x4e8ecf79ade5e2c49b9e30d795517a81e0bf00b8,1532740155,0.0,0xf39e044e1ab204460e06e87c6dca2c6319fc69e3,OUT,1,0.0,0x680a88aca943d809c903493183403c22dc1eb351cbd5d00c04faeafb6e2b4961,internal,call,0.073371466096901 Ether
1,0x4e8ecf79ade5e2c49b9e30d795517a81e0bf00b8,1533075364,6067480.0,0xf39e044e1ab204460e06e87c6dca2c6319fc69e3,OUT,1,0.0,0x61ece8da24f07ef884e7a06078822cb5c68072c89524a79206dde6f73b9a52b3,internal,call,0.000948498231639 Ether
