Class,address,age,block,creator,direction,inter_direction,txFee,txhash,txn_type,type,value
0,0x2956356cd2a2bf3202f771f50d3d14a367b48070,1513186534,4728548.0,0xa3b2d1087bcebe59d188a23f75620612d967df72,IN,3,0.00151003,0x253062546e4d774e274bc47566e315312ebed91846f1509cde08d9d7b12f3a6a,external,0,0 Ether
0,0x2956356cd2a2bf3202f771f50d3d14a367b48070,1513186456,4728544.0,0xa3b2d1087bcebe59d188a23f75620612d967df72,IN,3,0.00129064,0x3e7085f1e55ec2a52b7496e7d238256c82c53208d6f58df42e7f5ff5637a42b2,external,0,0 Ether
0,0x2956356cd2a2bf3202f771f50d3d14a367b48070,1513185572,4728487.0,0xa3b2d1087bcebe59d188a23f75620612d967df72,IN,3,0.00151003,0x502254fd36eab32a94784904353b843efe27a8c07ee6fe6ffe26490a60a68c46,external,0,0 Ether
0,0x2956356cd2a2bf3202f771f50d3d14a367b48070,1513186222,4728526.0,0xa3b2d1087bcebe59d188a23f75620612d967df72,IN,3,0.00048418,0x7cc9fbe3a0d8d641d92bd3d5e748b93d6dc75abf1d1881b070dd85856ee7829c,external,0,0 Ether
0,0x2956356cd2a2bf3202f771f50d3d14a367b48070,1513234676,4731765.0,0xa3b2d1087bcebe59d188a23f75620612d967df72,IN,3,0.00102988,0x922ea2e05d68e4bf7c86b818a2931b0c0869ee303682fb71714961d5b77e6eb5,external,0,0 Ether
