Class,address,age,block,creator,direction,inter_direction,txFee,txhash,txn_type,type,value
1,0x9d68a447a8718ef30645d23d423be1ea6b7d370f,1538053171,6411180.0,0xbfb297616ffa0124a288e212d1e6df5299c9f8d0,OUT,2,0.0,0xc5888234e41a390b168fd55b7e5043cd6f20c8dd5ea333514be58058338a0a28,internal,call,0.068680555555555 Ether
1,0x9d68a447a8718ef30645d23d423be1ea6b7d370f,1538050543,0.0,0xbfb297616ffa0124a288e212d1e6df5299c9f8d0,OUT,2,0.0,0xb919c5c2b505578391d95279e528ce56a97fba8a6c953af1c0c5c286ee8beed8,internal,call,0.091041666666666 Ether
1,0x9d68a447a8718ef30645d23d423be1ea6b7d370f,1538047170,6410751.0,0xbfb297616ffa0124a288e212d1e6df5299c9f8d0,OUT,2,0.0,0x9529d63425fa269ce7bcd7b76fc91731ff3a88549bbe889e190b733cf2d79ae5,internal,call,0.1725 Ether
1,0x9d68a447a8718ef30645d23d423be1ea6b7d370f,1538040672,6410287.0,0xbfb297616ffa0124a288e212d1e6df5299c9f8d0,OUT,2,0.0,0x99503ecd5871c3bec351c514cd350b6159c699ef1efcb262dc0785ea4a3a30fd,internal,call,1.159583333333333 Ether
