Class,address,age,block,creator,direction,inter_direction,txFee,txhash,txn_type,type,value
1,0xb2816223fddc21aca553ba208c7b7a13b27c207c,1542943796,6757540.0,0x50b69eb0234c84e44a6951ba0ad2e316a81d0900,OUT,2,0.0,0x87defd4e1f8bfb5d59c913c60cc7e0af7794ddb12cf5a449c5067ae0d771ee5a,internal,call,0.0171 Ether
1,0xb2816223fddc21aca553ba208c7b7a13b27c207c,1542397016,6719032.0,0x50b69eb0234c84e44a6951ba0ad2e316a81d0900,OUT,2,0.0,0xcf8c9c75d7bf6d63c243f79b815f9098c5bf5d0126f88950558e8f6d645cf5df,internal,call,0.016954399305555 Ether
1,0xb2816223fddc21aca553ba208c7b7a13b27c207c,1542589020,6732598.0,0x50b69eb0234c84e44a6951ba0ad2e316a81d0900,OUT,2,0.0,0xf95fb06871828a16a948096d65946f882f8c1193532172e82e8f4c4b7921ab11,internal,call,0.012666930555555 Ether
1,0xb2816223fddc21aca553ba208c7b7a13b27c207c,1543128961,6770647.0,0x50b69eb0234c84e44a6951ba0ad2e316a81d0900,OUT,2,0.0,0xa7221d387d7ef79659e9edc41855ef8c086a2be8401aaeb8e046157d70048c54,internal,call,0.012215746527777 Ether
