Class,address,age,block,creator,direction,inter_direction,txFee,txhash,txn_type,type,value
1,0x702392282255f8c0993dbbbb148d80d2ef6795b1,1523124403,5400612.0,0xfea0904acc8df0f3288b6583f60b86c36ea52acd,OUT,2,0.0,0xcaea4205a9a459e8024b687cc51d7a915b862c0d8d16cdbbb5b0b7c974f18340,internal,call,0.080739260322801 Ether
1,0x702392282255f8c0993dbbbb148d80d2ef6795b1,1523192156,5405362.0,0xfea0904acc8df0f3288b6583f60b86c36ea52acd,OUT,2,0.0,0xf40edf8da41918eba5e051e4a97630a6149afd71bd2b89d0fdcc8a035d362dbb,internal,call,0.113944509271786 Ether
