Class,address,age,block,creator,direction,inter_direction,txFee,txhash,txn_type,type,value
1,0x4e8ecf79ade5e2c49b9e30d795517a81e0bf00b8,1532729070,6043588.0,0xf39e044e1ab204460e06e87c6dca2c6319fc69e3,OUT,1,0.0,0x95528f49ea58f7e72f9d165f2a0e19f08f7f86612c9a3aa2a600a6e620f4c013,internal,call,0.067111304587111 Ether
1,0x4e8ecf79ade5e2c49b9e30d795517a81e0bf00b8,1532745787,0.0,0xf39e044e1ab204460e06e87c6dca2c6319fc69e3,OUT,2,0.0,0xbe105f7be689ebfb15c6df811c55b32387b0daf7d7faaf5f9206a62193bf62c9,internal,call,0.071495771858993 Ether
