Class,address,age,block,creator,direction,inter_direction,txFee,txhash,txn_type,type,value
0,0x2c4e8f2d746113d0696ce89b35f0d8bf88e0aeca,1512282454,4668750.0,0x592f56f480033c80642437d888258cd77f57edce,IN,3,0.00025596,0x763c66e12770234305d0ac5720aa23b18f794d6fa1a9eb1f71b171897ea1feba,external,0,0 Ether
0,0x2c4e8f2d746113d0696ce89b35f0d8bf88e0aeca,1515306504,4869405.0,0x592f56f480033c80642437d888258cd77f57edce,IN,3,0.00110011,0x8994a939b5464deaeee2fa3d4d1cfb44c5b2e2b35b8d0dbd0e19047c33eb569d,external,0,0 Ether
