Class,address,age,block,creator,direction,inter_direction,txFee,txhash,txn_type,type,value
1,0x7b307c1f0039f5d38770e15f8043b3dd26da5e8f,1539584889,6520154.0,0xe1f3294e25bb72a2fb53addb82aa1a033797e6e3,OUT,1,0.0,0x5d45cad6548e71c8108536251aff6ca4e1e6ae6ccddcbb0bec8a56f544ffcd43,internal,call,0.062647457627118 Ether
1,0x7b307c1f0039f5d38770e15f8043b3dd26da5e8f,1539325567,6501673.0,0xe1f3294e25bb72a2fb53addb82aa1a033797e6e3,OUT,2,0.0,0xc2c9f66594fe59df9c4db00395e97ffcd265de90946f779acfcae75b8638e755,internal,call,0.062735593220338 Ether
1,0x7b307c1f0039f5d38770e15f8043b3dd26da5e8f,1539065727,6483166.0,0xe1f3294e25bb72a2fb53addb82aa1a033797e6e3,OUT,1,0.0,0x95508307e611af1bdbab99a55d89c065e465ca1c0c44669e0aff666308321c2d,internal,call,0.042274576271186 Ether
1,0x7b307c1f0039f5d38770e15f8043b3dd26da5e8f,1540109980,6557330.0,0xe1f3294e25bb72a2fb53addb82aa1a033797e6e3,OUT,1,0.0,0x6ba7af4234624fe77514065313a2cc6fa677f1a293cc9887b409078901d06e98,internal,call,0.041725423728813 Ether
1,0x7b307c1f0039f5d38770e15f8043b3dd26da5e8f,1538891783,6470695.0,0xe1f3294e25bb72a2fb53addb82aa1a033797e6e3,OUT,2,0.0,0xbcbd0c030187594149267afbb4ef5dea06636145356cbd3b2bb535ce0eb76933,internal,call,0.0628 Ether
1,0x7b307c1f0039f5d38770e15f8043b3dd26da5e8f,1540244241,6566853.0,0xe1f3294e25bb72a2fb53addb82aa1a033797e6e3,OUT,2,0.0,0xfd95e0739b7805e4550279bf5e3d22231134dd6f03a5a2baefd76a836bfebd70,internal,call,0.032281355932203 Ether
1,0x7b307c1f0039f5d38770e15f8043b3dd26da5e8f,1538632414,6452169.0,0xe1f3294e25bb72a2fb53addb82aa1a033797e6e3,OUT,2,0.0,0xf96e14baec3f9fce62fe51d2f3291ffa2e9f4e0769862f09ed05f4f9ad1657c5,internal,call,0.041766101694915 Ether
1,0x7b307c1f0039f5d38770e15f8043b3dd26da5e8f,1539936155,6545021.0,0xe1f3294e25bb72a2fb53addb82aa1a033797e6e3,OUT,1,0.0,0x0a32b66154a39386c20f15436422b1bf6d30ad042e0c03808b1aee325db33209,internal,call,0.084294915254237 Ether
1,0x7b307c1f0039f5d38770e15f8043b3dd26da5e8f,1538458693,6439848.0,0xe1f3294e25bb72a2fb53addb82aa1a033797e6e3,OUT,1,0.0,0x6043b24c9fa34b20bea3a56cdea52b187510cea7b723a6322ba834526d82e739,internal,call,0.041508474576271 Ether
