Class,address,age,block,creator,direction,inter_direction,txFee,txhash,txn_type,type,value
1,0x4e8ecf79ade5e2c49b9e30d795517a81e0bf00b8,1536504727,6302619.0,0xf39e044e1ab204460e06e87c6dca2c6319fc69e3,OUT,1,0.0,0x75a46adbc0ee1e8399761bff49b1afc0b26e8e3b46e8660bc8cc44f7f65b7707,internal,call,0.00094003628628 Ether
1,0x4e8ecf79ade5e2c49b9e30d795517a81e0bf00b8,1534799163,0.0,0xf39e044e1ab204460e06e87c6dca2c6319fc69e3,OUT,1,0.0,0x7a278dd7b02be4afc2273758360a0b5e5722e209eca80c23c3a603c7d701f30b,internal,call,0.001208601905501 Ether
1,0x4e8ecf79ade5e2c49b9e30d795517a81e0bf00b8,1534756724,6182554.0,0xf39e044e1ab204460e06e87c6dca2c6319fc69e3,OUT,1,0.0,0xa09b3be4c2e2e3aa6782e01c53cc9037266e8035d8ae43efccf21befc15a7522,internal,call,0.000916759229611 Ether
1,0x4e8ecf79ade5e2c49b9e30d795517a81e0bf00b8,1534377838,6156692.0,0xf39e044e1ab204460e06e87c6dca2c6319fc69e3,OUT,1,0.0,0x7053b8478f1733bba16f12c7d68971c5811465bfb2ba74777559ae107a994084,internal,call,0.02644909401023 Ether
1,0x4e8ecf79ade5e2c49b9e30d795517a81e0bf00b8,1533586164,6102481.0,0xf39e044e1ab204460e06e87c6dca2c6319fc69e3,OUT,1,0.0,0x1dd2bb35fb0e1ce600b2312a7e6608eb5d83f6fe6e8ecb9f0a2ad7fb85c1786d,internal,call,0.013272892848323 Ether
1,0x4e8ecf79ade5e2c49b9e30d795517a81e0bf00b8,1532893298,0.0,0xf39e044e1ab204460e06e87c6dca2c6319fc69e3,OUT,1,0.0,0x1f898027873a6de7a91c74e7d34c1a8f2ee5622eaa56060e1e31e1f259a7b438,internal,call,0.005998154725237 Ether
1,0x4e8ecf79ade5e2c49b9e30d795517a81e0bf00b8,1532892251,0.0,0xf39e044e1ab204460e06e87c6dca2c6319fc69e3,OUT,1,0.0,0x123111ee4b3c8ecb9ddb0316b4b59d4c1f520a31659792eda3297308a98d2c56,internal,call,0.053945925951626 Ether
1,0x4e8ecf79ade5e2c49b9e30d795517a81e0bf00b8,1532796359,6045256.0,0xf39e044e1ab204460e06e87c6dca2c6319fc69e3,OUT,1,0.0,0x00fd219605b956d33de2e298ce7e4c89c23bb3111725caa35fa5acd3e53c2567,internal,call,0.022087745526952 Ether
1,0x4e8ecf79ade5e2c49b9e30d795517a81e0bf00b8,1532759741,6045685.0,0xf39e044e1ab204460e06e87c6dca2c6319fc69e3,OUT,1,0.0,0x02f1a73c291b4fc7553e999dc549220c9d443556ef7e28c85c2f1548929a2ecf,internal,call,0.020359509706179 Ether
