Class,address,age,block,creator,direction,inter_direction,txFee,txhash,txn_type,type,value
0,0x1fc7bd85293f3982f40d52698df8d26be89360d6,1520098766,5192254.0,0x9e7e799a8af24e5ab6064c9d516037bfe6cc9b8d,OUT,1,0.0,0x6561267aabf64872318866311bf778687659b393a15ed5dc22e88e0cfa89d666,internal,call,0.020793 Ether
0,0x1fc7bd85293f3982f40d52698df8d26be89360d6,1519331179,5140005.0,0x9e7e799a8af24e5ab6064c9d516037bfe6cc9b8d,OUT,1,0.0,0x2a0e8607c4edbfdc4f28eb873b6fe0c5f0ca2d67fa278fe02dcc841c47169bbb,internal,call,0.01728 Ether
