Class,address,age,block,creator,direction,inter_direction,txFee,txhash,txn_type,type,value
1,0x8a883a20940870dc055f2070ac8ec847ed2d9918,1532584907,6033724.0,0xc14f8469d4bb31c8e69fae9c16e262f45edc3635,OUT,2,0.0,0x6f23ed2b5fafd308dd306a5a50bde864e2a2b0c825ceb3949c175e33ba9ff72a,internal,call,0.001691336088535 Ether
1,0x8a883a20940870dc055f2070ac8ec847ed2d9918,1533182259,6074785.0,0xc14f8469d4bb31c8e69fae9c16e262f45edc3635,OUT,2,0.0,0xd3a91e2c89722dd3aa5b292400027334873df61aa37ac70f0796d35f2fe5096e,internal,call,0.005826266925945 Ether
