Class,address,age,block,creator,direction,inter_direction,txFee,txhash,txn_type,type,value
1,0x8a883a20940870dc055f2070ac8ec847ed2d9918,1533112083,6069964.0,0xc14f8469d4bb31c8e69fae9c16e262f45edc3635,OUT,2,0.0,0x58bc3ee40eed32907f5efa023f167230922df21f5b2a5796394bd2b973d03fd2,internal,call,0.107645220751026 Ether
1,0x8a883a20940870dc055f2070ac8ec847ed2d9918,1535181579,6211656.0,0xc14f8469d4bb31c8e69fae9c16e262f45edc3635,OUT,2,0.0,0x45795d3690be4ed9210ff6fea6c03e138ea330212af4b46a050f85ee59ed6153,internal,call,0.03285859928881 Ether
