Class,address,age,block,creator,direction,inter_direction,txFee,txhash,txn_type,type,value
1,0x4e8ecf79ade5e2c49b9e30d795517a81e0bf00b8,1533958724,6128025.0,0xf39e044e1ab204460e06e87c6dca2c6319fc69e3,OUT,1,0.0,0xa0ab430db037e186767c7124b2a3f9203f76d17cb440e798ed85b0f333225eef,internal,call,0.004527444724452 Ether
1,0x4e8ecf79ade5e2c49b9e30d795517a81e0bf00b8,1533138959,6071820.0,0xf39e044e1ab204460e06e87c6dca2c6319fc69e3,OUT,2,0.0,0xc3c7af8eacbb51283332185825e37ad3e1551b6677b6a4f554662beedd4cee1a,internal,call,0.020351589171535 Ether
