Class,address,age,block,creator,direction,inter_direction,txFee,txhash,txn_type,type,value
1,0xe1c9a03cf690256ff7738cbd508c88cf5238a535,1523068076,5396638.0,0xc84c18a88789dba5b0ca9c13973435bbce7e961d,OUT,2,0.0,0xa2c989a77ef381c258a6eebab134bcdde8bf24a86bccc966a37a838558d30452,internal,call,0.458802110408377 Ether
1,0xe1c9a03cf690256ff7738cbd508c88cf5238a535,1523018116,5393121.0,0xc84c18a88789dba5b0ca9c13973435bbce7e961d,OUT,2,0.0,0xfa0be9b6e98a54c3876593d88ee5ba1f2325b38f03cfd191b581cbed7e181cf6,internal,call,0.10575899925134 Ether
1,0xe1c9a03cf690256ff7738cbd508c88cf5238a535,1522977627,5390326.0,0xc84c18a88789dba5b0ca9c13973435bbce7e961d,OUT,2,0.0,0x2109ebbdaf982af21b8125c47e0a6144e8cbe0394d06fc1345922b76fb6c300e,internal,call,0.186292995293112 Ether
