Class,address,age,block,creator,direction,inter_direction,txFee,txhash,txn_type,type,value
1,0xb10ea0d397db942a1083a4af9c6074ab63bc8c8b,1538985173,6477404.0,0x65b041db3135ed5f76d9486aa56f8ca5dc9a3f5e,OUT,1,0.0,0x2e8444740f2d868bc45f77b381f8f8b4ccf5b1fd7f8a3274ba20c4947e287162,internal,call,0.002905627118644 Ether
1,0xb10ea0d397db942a1083a4af9c6074ab63bc8c8b,1540965724,6617941.0,0x65b041db3135ed5f76d9486aa56f8ca5dc9a3f5e,OUT,2,0.0,0xd1608b6582f888d9472e67a45f7e04eeafcd0438f93851bdf61a120db7c9199f,internal,call,0.009186961606607 Ether
1,0xb10ea0d397db942a1083a4af9c6074ab63bc8c8b,1539536718,0.0,0x65b041db3135ed5f76d9486aa56f8ca5dc9a3f5e,OUT,2,0.0,0xe7d52e4c82a0b611bceb92e50f0e67d4fc600d40c38d38d9a66f8c247924a747,internal,call,0.008005423728813 Ether
1,0xb10ea0d397db942a1083a4af9c6074ab63bc8c8b,1540660856,6596363.0,0x65b041db3135ed5f76d9486aa56f8ca5dc9a3f5e,OUT,1,0.0,0x0215a9891171ac7abc19a6fd13412ce88b8fde7f03662c53d7e6bdf552de73d4,internal,call,0.033889746821964 Ether
