Class,address,age,block,creator,direction,inter_direction,txFee,txhash,txn_type,type,value
1,0xe1c9a03cf690256ff7738cbd508c88cf5238a535,1523065436,5396445.0,0xc84c18a88789dba5b0ca9c13973435bbce7e961d,OUT,2,0.0,0x9822faae8947246ad94996f155de644cfa090e0754c7167d8cb0017b8db5283a,internal,call,0.432726123036795 Ether
1,0xe1c9a03cf690256ff7738cbd508c88cf5238a535,1522996794,5391613.0,0xc84c18a88789dba5b0ca9c13973435bbce7e961d,OUT,2,0.0,0x90340d0e82b00f0df5d3a4f5780a6e0cb8a3120f57685041f7d0b921ae3527a9,internal,call,0.121585169135613 Ether
1,0xe1c9a03cf690256ff7738cbd508c88cf5238a535,1523058232,5395936.0,0xc84c18a88789dba5b0ca9c13973435bbce7e961d,OUT,2,0.0,0x86f8374aae0b8ed9bed8d66bb3d401f1c8aee31569436d0116644f362be85666,internal,call,0.023218393252673 Ether
1,0xe1c9a03cf690256ff7738cbd508c88cf5238a535,1523007322,5392362.0,0xc84c18a88789dba5b0ca9c13973435bbce7e961d,OUT,2,0.0,0x672076fb63b331ed3d325b07d673fc3d06aae493ae557be94ddf8ff0c09b1afa,internal,call,0.063224210232928 Ether
1,0xe1c9a03cf690256ff7738cbd508c88cf5238a535,1522957285,5388909.0,0xc84c18a88789dba5b0ca9c13973435bbce7e961d,OUT,2,0.0,0x4abc6c2e7eaef2319221ea7787abe9434d43657f99a1b1629d4767af997a4e2a,internal,call,0.064388744941939 Ether
1,0xe1c9a03cf690256ff7738cbd508c88cf5238a535,1522948344,5388272.0,0xc84c18a88789dba5b0ca9c13973435bbce7e961d,OUT,2,0.0,0xbcbedfe4913008d06b5ead387a01d41287e70d3ed59a8f6f5f17edfd73358d5b,internal,call,0.069404743758046 Ether
1,0xe1c9a03cf690256ff7738cbd508c88cf5238a535,1523043721,5394942.0,0xc84c18a88789dba5b0ca9c13973435bbce7e961d,OUT,2,0.0,0x9d41649e2b40bb99b6de018e0c6eb7dd61da67d5bf157acf9fe9c2caa93b69aa,internal,call,0.044343815645502 Ether
1,0xe1c9a03cf690256ff7738cbd508c88cf5238a535,1522939808,5387643.0,0xc84c18a88789dba5b0ca9c13973435bbce7e961d,OUT,2,0.0,0x9c0dd1c1d9c37402d58e441f364ccc74ecff818948f27b189e9af90e31c44fe2,internal,call,0.362826449109127 Ether
