Class,address,age,block,creator,direction,inter_direction,txFee,txhash,txn_type,type,value
1,0x4e8ecf79ade5e2c49b9e30d795517a81e0bf00b8,1533113975,0.0,0xf39e044e1ab204460e06e87c6dca2c6319fc69e3,OUT,1,0.0,0x85fa3d166c4377271443ce190c5a96f84636178e81fdf744bae496b51dfbc1d9,internal,call,0.016416291373245 Ether
1,0x4e8ecf79ade5e2c49b9e30d795517a81e0bf00b8,1532938985,6058161.0,0xf39e044e1ab204460e06e87c6dca2c6319fc69e3,OUT,2,0.0,0xcda2d5296b026554716399d93ab39b6329c401feea5fcb82950fe62c397f4c0c,internal,call,0.002630486114085 Ether
1,0x4e8ecf79ade5e2c49b9e30d795517a81e0bf00b8,1533141770,0.0,0xf39e044e1ab204460e06e87c6dca2c6319fc69e3,OUT,1,0.0,0xa02207787f3c15c0b819757f3de8cc9e2cdafe16596bde268b141340d425ae14,internal,call,0.001947543296016 Ether
1,0x4e8ecf79ade5e2c49b9e30d795517a81e0bf00b8,1532894414,0.0,0xf39e044e1ab204460e06e87c6dca2c6319fc69e3,OUT,2,0.0,0xc3888adb14a5d1d10b6d90d65b9925e9c760baafa0327f207c32eba33909c8e4,internal,call,0.11032598510911 Ether
1,0x4e8ecf79ade5e2c49b9e30d795517a81e0bf00b8,1533129440,6071142.0,0xf39e044e1ab204460e06e87c6dca2c6319fc69e3,OUT,1,0.0,0x55602ee166d9d2c5aea5df77721df0ae8f3e8e943e26e981704c94d004448aee,internal,call,0.001318075115421 Ether
1,0x4e8ecf79ade5e2c49b9e30d795517a81e0bf00b8,1533095171,6068795.0,0xf39e044e1ab204460e06e87c6dca2c6319fc69e3,OUT,1,0.0,0x19cf0aea4e48920d6d48fa8ec68586860da6edf330dfd9d4913b1643015f39f1,internal,call,0.078452896146469 Ether
1,0x4e8ecf79ade5e2c49b9e30d795517a81e0bf00b8,1532832144,6050783.0,0xf39e044e1ab204460e06e87c6dca2c6319fc69e3,OUT,1,0.0,0x0e439f3e15c208c53168d59d7e3ee384ad539c375f12dcca6ba20cef56dbf0b0,internal,call,0.174880325532223 Ether
