Class,address,age,block,creator,direction,inter_direction,txFee,txhash,txn_type,type,value
1,0x9c356f813e116ec5a3b759eb4a121c572af545e9,1540772308,0.0,0x70c73ca8010fb4074a598ddadf90f23c69340379,OUT,2,0.0,0xd6c9098f78a550249301551f215ce36c815c1a6c9492ee046324e9c5600dba3b,internal,call,0.003782289442022 Ether
1,0x9c356f813e116ec5a3b759eb4a121c572af545e9,1540648744,6595523.0,0x70c73ca8010fb4074a598ddadf90f23c69340379,OUT,2,0.0,0xb9346d740c44479143385a2ef16ff872a3751e694e7e4500bd6129526ac6be2b,internal,call,0.017086311422487 Ether
1,0x9c356f813e116ec5a3b759eb4a121c572af545e9,1540627262,6594011.0,0x70c73ca8010fb4074a598ddadf90f23c69340379,OUT,2,0.0,0x0131a00dddb53a36058fc676b7d8d7c810ea29e44fcb89f310a1266be7764377,internal,call,0.02561452571337 Ether
