Class,address,age,block,creator,direction,inter_direction,txFee,txhash,txn_type,type,value
1,0x4e8ecf79ade5e2c49b9e30d795517a81e0bf00b8,1532724795,6043311.0,0xf39e044e1ab204460e06e87c6dca2c6319fc69e3,OUT,2,0.0,0xc427f29b74cb6eee83896fd29d563f643bb36e9a5b1af23def94bd99b2fab1a0,internal,call,0.029372173385778 Ether
1,0x4e8ecf79ade5e2c49b9e30d795517a81e0bf00b8,1532721556,6043095.0,0xf39e044e1ab204460e06e87c6dca2c6319fc69e3,OUT,1,0.0,0x1dcc4290ee6c141a35b2299c548d8a7f0ae24a5f5fafbf3dd9e8520ce653978f,internal,call,0.168025408802459 Ether
