Class,address,age,block,creator,direction,inter_direction,txFee,txhash,txn_type,type,value
1,0x4e8ecf79ade5e2c49b9e30d795517a81e0bf00b8,1532717203,6042804.0,0xf39e044e1ab204460e06e87c6dca2c6319fc69e3,OUT,2,0.0,0xf7dda7c246ee1f3340e15e7608e129d2bced58df45df45e31831a460d5e0427a,internal,call,0.014000545016419 Ether
1,0x4e8ecf79ade5e2c49b9e30d795517a81e0bf00b8,1532968469,6057223.0,0xf39e044e1ab204460e06e87c6dca2c6319fc69e3,OUT,1,0.0,0x1f8e7d9bf3c1503b996affc4d97610534fbe8a3130dd2c0202609e47efdd5d89,internal,call,0.000693093334893 Ether
1,0x4e8ecf79ade5e2c49b9e30d795517a81e0bf00b8,1532722856,6043190.0,0xf39e044e1ab204460e06e87c6dca2c6319fc69e3,OUT,2,0.0,0xdca54c0437b3ca96903141a560a0130c31294cf5fe9d204333e8282a5359fc26,internal,call,0.008683312680334 Ether
