Class,address,age,block,creator,direction,inter_direction,txFee,txhash,txn_type,type,value
1,0x4e8ecf79ade5e2c49b9e30d795517a81e0bf00b8,1532853277,0.0,0xf39e044e1ab204460e06e87c6dca2c6319fc69e3,OUT,1,0.0,0x1ab9c90aa639485f13f558743d16b7affbd36bff3dee2032c82928f3db69b01c,internal,call,0.819424991885198 Ether
1,0x4e8ecf79ade5e2c49b9e30d795517a81e0bf00b8,1532810974,6049328.0,0xf39e044e1ab204460e06e87c6dca2c6319fc69e3,OUT,2,0.0,0xb70e79882ccd3a50c85226df14497b45db09dc8e4cc7c06cf459f7758faaf25c,internal,call,1.951507563627754 Ether
1,0x4e8ecf79ade5e2c49b9e30d795517a81e0bf00b8,1532798112,0.0,0xf39e044e1ab204460e06e87c6dca2c6319fc69e3,OUT,2,0.0,0xe2be29e4182cb7bf9ede916572b03cb83a180edadd1655b3af6c8176731c3807,internal,call,3.105174692132425 Ether
1,0x4e8ecf79ade5e2c49b9e30d795517a81e0bf00b8,1532825342,6050314.0,0xf39e044e1ab204460e06e87c6dca2c6319fc69e3,OUT,1,0.0,0x2edafdfb5a1e521459a5ab556f83ba9749d208e50f71208a30fa71612609c4b4,internal,call,2.20615517612201 Ether
1,0x4e8ecf79ade5e2c49b9e30d795517a81e0bf00b8,1532723774,0.0,0xf39e044e1ab204460e06e87c6dca2c6319fc69e3,OUT,1,0.0,0x86016643710fbd1abe385f6025604d2ef2a1870a7c6eb90177f1e928fa76ab4c,internal,call,2.026246779977365 Ether
1,0x4e8ecf79ade5e2c49b9e30d795517a81e0bf00b8,1532715245,0.0,0xf39e044e1ab204460e06e87c6dca2c6319fc69e3,OUT,1,0.0,0x43ee023eb5c27801351a2e73402f41051a45853a9b0e21ef011b374f3d07ef00,internal,call,6.744490791773545 Ether
