Class,address,age,block,creator,direction,inter_direction,txFee,txhash,txn_type,type,value
1,0xdf93cdb6dd65c6c28c78dcdc1762aa34caf81678,1541214882,6635446.0,0xcc1ceb36cab5ada7fd0376b55602dd0d4b429c30,OUT,2,0.0,0x6828bde04b11de858ab314a8af1bc5263d33c517bf60180abce4e7ab4f87950c,internal,call,0.168156159185138 Ether
1,0xdf93cdb6dd65c6c28c78dcdc1762aa34caf81678,1540463417,6582419.0,0xcc1ceb36cab5ada7fd0376b55602dd0d4b429c30,OUT,2,0.0,0xb7ac791c25ed820f87aca0b8cf3f12666a12fef03e010c6bdb355de9f08deaea,internal,call,0.04674673906125 Ether
1,0xdf93cdb6dd65c6c28c78dcdc1762aa34caf81678,1540304954,6571171.0,0xcc1ceb36cab5ada7fd0376b55602dd0d4b429c30,OUT,2,0.0,0xaf8cda589ab1448c3000f76b73cd0c8c492d91af01bb9bc955215e84ea980ea6,internal,call,0.330810845239305 Ether
1,0xdf93cdb6dd65c6c28c78dcdc1762aa34caf81678,1540644863,6595244.0,0xcc1ceb36cab5ada7fd0376b55602dd0d4b429c30,OUT,2,0.0,0x31206105dce09fa195196605d88eb93baf8e2ee6bffe2beab6c6ccf8238920bf,internal,call,0.027022974058472 Ether
1,0xdf93cdb6dd65c6c28c78dcdc1762aa34caf81678,1540553260,6588752.0,0xcc1ceb36cab5ada7fd0376b55602dd0d4b429c30,OUT,2,0.0,0xd7e58327f6e87742cf019d853477da61d6285242392e761474e1c0375a0897d4,internal,call,0.026503772347361 Ether
