Class,address,age,block,creator,direction,inter_direction,txFee,txhash,txn_type,type,value
1,0x8a883a20940870dc055f2070ac8ec847ed2d9918,1532834590,6050964.0,0xc14f8469d4bb31c8e69fae9c16e262f45edc3635,OUT,2,0.0,0x29188fdfdb31aae3dc25c001bb3bbeae3fd5976f6001f4228f9006b8074fc580,internal,call,0.00000007534055 Ether
1,0x8a883a20940870dc055f2070ac8ec847ed2d9918,1532887281,6054606.0,0xc14f8469d4bb31c8e69fae9c16e262f45edc3635,OUT,2,0.0,0x7adf294cdf4615ed6ff68ac14d08f5638ed2899aa40c0156a690f4548e250c16,internal,call,0.000000234074177 Ether
