Class,address,age,block,creator,direction,inter_direction,txFee,txhash,txn_type,type,value
1,0x8a883a20940870dc055f2070ac8ec847ed2d9918,1532422419,6022708.0,0xc14f8469d4bb31c8e69fae9c16e262f45edc3635,OUT,2,0.0,0x260bf96c536a3e442bc41c67eeb0be6cc0b5eacd92a17b430eb95bb83dac4098,internal,call,1.920127382600664 Ether
1,0x8a883a20940870dc055f2070ac8ec847ed2d9918,1533283913,6081657.0,0xc14f8469d4bb31c8e69fae9c16e262f45edc3635,OUT,2,0.0,0xa7e6cb131736a2e4c9f54994ad4776c6aa2be6fb9407a04428bdaf9cf25b49a6,internal,call,0.204180352689624 Ether
