Class,address,age,block,creator,direction,inter_direction,txFee,txhash,txn_type,type,value
1,0xfde889c9354d09cec72845e76a0d9f97f4686f7a,1535954742,6264735.0,0x93b5b8e5aefd9197305408df1f824b0e58229fd0,OUT,2,0.0,0xbbeb63118a7fff2fc5dc3bdbf6334c4075279730fa83c4d627fe13110018ee75,internal,call,0.00201465985504 Ether
1,0xfde889c9354d09cec72845e76a0d9f97f4686f7a,1536697512,6316028.0,0x93b5b8e5aefd9197305408df1f824b0e58229fd0,OUT,2,0.0,0x31bed05cd671d5a26536affd868a2259a9808c9c403d6985630929fcf8386b61,internal,call,0.011355750895454 Ether
