Class,address,age,block,creator,direction,inter_direction,txFee,txhash,txn_type,type,value
1,0x9b5bbb16a7a68660f6503eff6c8e3159820d6396,1539516188,6515305.0,0xdacca760db181e54d96b9a061acc0d2d48a05593,OUT,2,0.0,0xfff9bc8938ae00433b8c1bda34aa1645179f3bc72dd8a33fa4bdaaf3ca03eed2,internal,call,0.01275 Ether
1,0x9b5bbb16a7a68660f6503eff6c8e3159820d6396,1539690116,6527593.0,0xdacca760db181e54d96b9a061acc0d2d48a05593,OUT,2,0.0,0xc893925d29be94973ea93f2337830564f6a63ecea94581e8d2a38d215be749b4,internal,call,0.0085 Ether
1,0x9b5bbb16a7a68660f6503eff6c8e3159820d6396,1539862766,6539869.0,0xdacca760db181e54d96b9a061acc0d2d48a05593,OUT,2,0.0,0x377f39bba1171d9332c704e2bc9992797e747ca960585fb5ee8766d77b2ad0cd,internal,call,0.00425 Ether
1,0x9b5bbb16a7a68660f6503eff6c8e3159820d6396,1540560824,6589279.0,0xdacca760db181e54d96b9a061acc0d2d48a05593,OUT,2,0.0,0xaced684d276fdbf8fc30ef0c1f43dfe14be0a65aeb809f6580615a78a8222a3c,internal,call,0.0085 Ether
1,0x9b5bbb16a7a68660f6503eff6c8e3159820d6396,1539070755,0.0,0xdacca760db181e54d96b9a061acc0d2d48a05593,OUT,2,0.0,0x45c9e4a202e84997e63833620319a4bada0f696808cb14254abefde7eadbf64b,internal,call,0.01275 Ether
1,0x9b5bbb16a7a68660f6503eff6c8e3159820d6396,1539252481,6496467.0,0xdacca760db181e54d96b9a061acc0d2d48a05593,OUT,2,0.0,0x4083f4121736bec12f703b32174ced1410b948d3c6d8c16a49dd565f851f1d4e,internal,call,0.0085 Ether
1,0x9b5bbb16a7a68660f6503eff6c8e3159820d6396,1540122305,6558208.0,0xdacca760db181e54d96b9a061acc0d2d48a05593,OUT,2,0.0,0xeac03ec6b601d4b9b8acf554d19ab4d4aaa950fabcc0567b1b0839e411f0c50b,internal,call,0.01275 Ether
1,0x9b5bbb16a7a68660f6503eff6c8e3159820d6396,1540387105,6577003.0,0xdacca760db181e54d96b9a061acc0d2d48a05593,OUT,2,0.0,0x552db71b8fc345a6f5a11a59ddd970e1a2c5f925c7c7c5cd9271720dceedbfaf,internal,call,0.01275 Ether
