Class,address,age,block,creator,direction,inter_direction,txFee,txhash,txn_type,type,value
0,0x964f35fae36d75b1e72770e244f6595b68508cf5,1525887469,5586699.0,0x8007ce15acda724689760b4ba493d4766f973649,OUT,2,0.0,0xce875bd2fb3d9f88cbd135ecbc27acb6bba3c6ab4207f50ec7d39d34fdcb1931,internal,call,2.963269810001952 Ether
0,0x964f35fae36d75b1e72770e244f6595b68508cf5,1525887435,5586697.0,0x8007ce15acda724689760b4ba493d4766f973649,OUT,2,0.0,0xea1beaede32108a31793b026c561f04429de2f59eaf6cd8627fcdb542f7eff1f,internal,call,5.000000000068828 Ether
0,0x964f35fae36d75b1e72770e244f6595b68508cf5,1525907562,5588023.0,0x8007ce15acda724689760b4ba493d4766f973649,OUT,2,0.0,0x61aca49ae176a890415aaa51427c9d692af0fe11484b5a10e9613f31603f89aa,internal,call,2.728750879068481 Ether
0,0x964f35fae36d75b1e72770e244f6595b68508cf5,1525906806,5587979.0,0x8007ce15acda724689760b4ba493d4766f973649,OUT,2,0.0,0x862f030496c7619ec97ad1a056849c9d4d88ed69614c3957b0aafd730e1afcb6,internal,call,5.2504668658116 Ether
