Class,address,age,block,creator,direction,inter_direction,txFee,txhash,txn_type,type,value
1,0x4e8ecf79ade5e2c49b9e30d795517a81e0bf00b8,1532775838,6046825.0,0xf39e044e1ab204460e06e87c6dca2c6319fc69e3,OUT,1,0.0,0x30153f8318fe7f45b9ecdb19c853162a3792359830c5c8aa2b4622a448d30b40,internal,call,0.245196742815433 Ether
1,0x4e8ecf79ade5e2c49b9e30d795517a81e0bf00b8,1532786495,0.0,0xf39e044e1ab204460e06e87c6dca2c6319fc69e3,OUT,1,0.0,0x1f02fa422006bbd8ef2be4da8c79cea808d78f80cfcbc48fe9b92d5a43c73e57,internal,call,0.062831353145446 Ether
