Class,address,age,block,creator,direction,inter_direction,txFee,txhash,txn_type,type,value
1,0xf00e5a59fde1cb2ead96a8be7711abc3f981e0f1,1537918791,6401741.0,0x96bb98183e5562913e72613c1979d0a13f8ec76b,OUT,2,0.0,0x6792e86567e5d658a778b734394afddf121391e88d5ad29fe5bfaed8cecad856,internal,call,0.004166666666666 Ether
1,0xf00e5a59fde1cb2ead96a8be7711abc3f981e0f1,1537918697,0.0,0x96bb98183e5562913e72613c1979d0a13f8ec76b,OUT,2,0.0,0xadcbabd0b20ca520dfe474b967cc84c02c0afb926fcc4d052bc65d4b06c80c8d,internal,call,0.001388888888888 Ether
1,0xf00e5a59fde1cb2ead96a8be7711abc3f981e0f1,1537918633,6401727.0,0x96bb98183e5562913e72613c1979d0a13f8ec76b,OUT,2,0.0,0xb7b7a169cdf000790a0d42871fed00b05f81cff9595e4450b7d44abfe44b3a0c,internal,call,0.018055555555555 Ether
1,0xf00e5a59fde1cb2ead96a8be7711abc3f981e0f1,1537917822,0.0,0x96bb98183e5562913e72613c1979d0a13f8ec76b,OUT,2,0.0,0x406731677a987843ef8c4cc84f16b601e8b96e9b6686e8b4535e582b7362991f,internal,call,0.006944444444444 Ether
1,0xf00e5a59fde1cb2ead96a8be7711abc3f981e0f1,1537917193,6401619.0,0x96bb98183e5562913e72613c1979d0a13f8ec76b,OUT,2,0.0,0xf52ec822319f6d4cd7f85842fa1d921339ece337d82c7b73cfbdc430b9c8704f,internal,call,0.198611111111111 Ether
1,0xf00e5a59fde1cb2ead96a8be7711abc3f981e0f1,1537900044,6400438.0,0x96bb98183e5562913e72613c1979d0a13f8ec76b,OUT,2,0.0,0x4127b4b00d39a3fa0549a36283060070359b39ea2e68ed1153b8341dd64422b8,internal,call,0.132638888888888 Ether
