Class,address,age,block,creator,direction,inter_direction,txFee,txhash,txn_type,type,value
1,0xe1c9a03cf690256ff7738cbd508c88cf5238a535,1523482185,5425533.0,0xc84c18a88789dba5b0ca9c13973435bbce7e961d,OUT,2,0.0,0x17bee4fa8a94d592107179f57041b2247442624ba1dea4ca1f8fe19e8b8841e6,internal,call,0.518976021429215 Ether
1,0xe1c9a03cf690256ff7738cbd508c88cf5238a535,1523052207,5395519.0,0xc84c18a88789dba5b0ca9c13973435bbce7e961d,OUT,2,0.0,0x99724071cf860ca3ebfbe1752837ed7e1df8826be95428af22d43ffb1a5cf003,internal,call,1.32294727154513 Ether
