Class,address,age,block,creator,direction,inter_direction,txFee,txhash,txn_type,type,value
1,0x8a883a20940870dc055f2070ac8ec847ed2d9918,1532587662,6033909.0,0xc14f8469d4bb31c8e69fae9c16e262f45edc3635,OUT,2,0.0,0xcc7085a6b69ed43a9b121330ccc630c90349ac1a9040c5c9450cb358f6b50b73,internal,call,0.105258629647154 Ether
1,0x8a883a20940870dc055f2070ac8ec847ed2d9918,1532302407,6014649.0,0xc14f8469d4bb31c8e69fae9c16e262f45edc3635,OUT,2,0.0,0x6aaea85e88c219c2bae7189cde1875c8c1b046782a8741e5fc10be342f9810b0,internal,call,0.239806753135314 Ether
1,0x8a883a20940870dc055f2070ac8ec847ed2d9918,1533631385,6105553.0,0xc14f8469d4bb31c8e69fae9c16e262f45edc3635,OUT,2,0.0,0xeae3a479f46469544dc2a0aa2a989dec6b20a5d63dbd189f634d2291c7c60d11,internal,call,0.23289594881056 Ether
