Class,address,age,block,creator,direction,inter_direction,txFee,txhash,txn_type,type,value
1,0x4e8ecf79ade5e2c49b9e30d795517a81e0bf00b8,1532712243,0.0,0xf39e044e1ab204460e06e87c6dca2c6319fc69e3,OUT,1,0.0,0x9fb3eb46fa909008c2a0bd6a548f2bbd5662335c30255cb80da0b1cf54dc173c,internal,call,8.115512951171039 Ether
1,0x4e8ecf79ade5e2c49b9e30d795517a81e0bf00b8,1532723230,6043214.0,0xf39e044e1ab204460e06e87c6dca2c6319fc69e3,OUT,2,0.0,0xa4a8e7d76b0f5f01f098752ce97ecd1ff34c6b7f385cec440744774db970441e,internal,call,1.072387457946717 Ether
