Class,address,age,block,creator,direction,inter_direction,txFee,txhash,txn_type,type,value
0,0x8d12a197cb00d4747a1fe03395095ce2a5cc6819,1537960819,6404701.0,0x1ed014aec47fae44c9e55bac7662c0b78ae61798,OUT,2,0.0,0x3651dd76206459ee12d41e8d5da81e48a8d8829cc894a7ec502122bdca67e41a,internal,call,2.986877937578524 Ether
0,0x8d12a197cb00d4747a1fe03395095ce2a5cc6819,1538019052,6408816.0,0x1ed014aec47fae44c9e55bac7662c0b78ae61798,OUT,2,0.0,0xbe4271e74e8ad8e3ff3fd5db8a6d1c98818b6490f67a572b3c5b6acd25f448ee,internal,call,1.973880968996112 Ether
0,0x8d12a197cb00d4747a1fe03395095ce2a5cc6819,1537631896,6381499.0,0x1ed014aec47fae44c9e55bac7662c0b78ae61798,OUT,2,0.0,0x67034b17ab1f4722e59371b2a5bba6b81dcb6d62c0ed03ee509d73822654e136,internal,call,1.841 Ether
