Class,address,age,block,creator,direction,inter_direction,txFee,txhash,txn_type,type,value
1,0x8a883a20940870dc055f2070ac8ec847ed2d9918,1532832575,6050811.0,0xc14f8469d4bb31c8e69fae9c16e262f45edc3635,OUT,2,0.0,0x4455aced43ec253e37c9df944fa136a509acbd41e44e2b7ea77613fa3dc6c921,internal,call,2.304579292032144 Ether
1,0x8a883a20940870dc055f2070ac8ec847ed2d9918,1534737190,6181222.0,0xc14f8469d4bb31c8e69fae9c16e262f45edc3635,OUT,2,0.0,0x8fe4b33db8fd23f1b67c58ada8f3aae3ea6e6eecf8e62665000ac249e806dd5b,internal,call,0.668671460711545 Ether
