Class,address,age,block,creator,direction,inter_direction,txFee,txhash,txn_type,type,value
0,0x43ee79e379e7b78d871100ed696e803e7893b644,1499887901,4014917.0,0x2946c05cf464ebd0cca96ece1926cc570d02459e,IN,3,0.0007447,0x17798c72b9dbd36c657607d5538744f5df0c2c108fe53dcae24db05cb3d9cfb8,external,0,0 Ether
0,0x43ee79e379e7b78d871100ed696e803e7893b644,1504552205,4239631.0,0x2946c05cf464ebd0cca96ece1926cc570d02459e,IN,3,0.00116574,0x8b49fec67ef3516500a505f3bbae6ec79cae94ce1e270c99e4aaddb2f6851a2e,external,0,0 Ether
