Class,address,age,block,creator,direction,inter_direction,txFee,txhash,txn_type,type,value
1,0xaf6de38ffc92e0d52857f864048d7af2f345a3cf,1525892160,5587032.0,0x7e474fe5cfb720804860215f407111183cbc2f85,OUT,2,0.0,0x7b3bdd93203671c41c9d91344326007aa7a38d1ad2255bf346dc81b403b0a7d0,internal,call,0.045081599269608 Ether
1,0xaf6de38ffc92e0d52857f864048d7af2f345a3cf,1525725541,5575971.0,0x7e474fe5cfb720804860215f407111183cbc2f85,OUT,2,0.0,0x0d99f401691c7f70573bd8ddd65b5c8c89aed2ec0abc870fc6a08d3fc5707f6e,internal,call,0.012942141009514 Ether
