Class,address,age,block,creator,direction,inter_direction,txFee,txhash,txn_type,type,value
1,0x4e8ecf79ade5e2c49b9e30d795517a81e0bf00b8,1532760758,6045765.0,0xf39e044e1ab204460e06e87c6dca2c6319fc69e3,OUT,2,0.0,0xd768e3216f5c16e6eae1c8aed62c4e25282ec4312e0fa9f4ec58d666d95a2009,internal,call,0.005586882382787 Ether
1,0x4e8ecf79ade5e2c49b9e30d795517a81e0bf00b8,1532730287,0.0,0xf39e044e1ab204460e06e87c6dca2c6319fc69e3,OUT,1,0.0,0x6e22575cee529f303504ce51b746c1ead3ca376ede3a6c922c37d2fb20cc55d1,internal,call,0.014920024883873 Ether
