Class,address,age,block,creator,direction,inter_direction,txFee,txhash,txn_type,type,value
1,0x9b5bbb16a7a68660f6503eff6c8e3159820d6396,1539873614,6540634.0,0xdacca760db181e54d96b9a061acc0d2d48a05593,OUT,2,0.0,0xbd4eb5d35d8835216900ca5f2e7698c48ad89acdc728cd220e6966d1b4973589,internal,call,0.426455625 Ether
1,0x9b5bbb16a7a68660f6503eff6c8e3159820d6396,1539441501,6509984.0,0xdacca760db181e54d96b9a061acc0d2d48a05593,OUT,2,0.0,0xcccfcc81b659b1b71abf4c145814377aacb0fcef7a5b0acaddaab33c7f5e42eb,internal,call,0.426455625 Ether
1,0x9b5bbb16a7a68660f6503eff6c8e3159820d6396,1539009295,6479148.0,0xdacca760db181e54d96b9a061acc0d2d48a05593,OUT,2,0.0,0x915002a2279dde560c2299b8725707a4080fa2a1482127f88f784ca6c62c904a,internal,call,0.1806165 Ether
1,0x9b5bbb16a7a68660f6503eff6c8e3159820d6396,1540478952,6583518.0,0xdacca760db181e54d96b9a061acc0d2d48a05593,OUT,2,0.0,0x84e67d7d8aa524a3c1e858094db324f4f4512ab55bd5371bc15031ecc2418033,internal,call,0.085291125 Ether
1,0x9b5bbb16a7a68660f6503eff6c8e3159820d6396,1540392459,6577386.0,0xdacca760db181e54d96b9a061acc0d2d48a05593,OUT,2,0.0,0x7f62dc4ef95736ad4685bf54ba943b07334601485a4eb153bf69e52a96600280,internal,call,0.085291125 Ether
1,0x9b5bbb16a7a68660f6503eff6c8e3159820d6396,1540565465,6589604.0,0xdacca760db181e54d96b9a061acc0d2d48a05593,OUT,2,0.0,0x61e1c0a81177e0ae4ddcce6b3f6adea58466c468018b890fe75c04e4847cdb2c,internal,call,0.085291125 Ether
1,0x9b5bbb16a7a68660f6503eff6c8e3159820d6396,1540305718,6571227.0,0xdacca760db181e54d96b9a061acc0d2d48a05593,OUT,2,0.0,0x0cf0cbb51990bf07ea44582bf5f50ad96a7f3b753f06aa4f9a14536ecef4f8ff,internal,call,0.426455625 Ether
