Class,address,age,block,creator,direction,inter_direction,txFee,txhash,txn_type,type,value
1,0x9b5bbb16a7a68660f6503eff6c8e3159820d6396,1540446294,6581171.0,0xdacca760db181e54d96b9a061acc0d2d48a05593,OUT,2,0.0,0x4e8478c0f4a0c306a657b7f1f6f7c6e4b0952134647402dfaa472e5347123dee,internal,call,0.07682138415 Ether
1,0x9b5bbb16a7a68660f6503eff6c8e3159820d6396,1539827278,0.0,0xdacca760db181e54d96b9a061acc0d2d48a05593,OUT,2,0.0,0xb4365cc70c9470e4c637bbf08ff1a5a037eb5fb7c38ce4e7223bac6a92a3522c,internal,call,0.07682138415 Ether
1,0x9b5bbb16a7a68660f6503eff6c8e3159820d6396,1539567856,0.0,0xdacca760db181e54d96b9a061acc0d2d48a05593,OUT,2,0.0,0x10e30ad8edebc35bd27eabffa94608523fcd5adea67de63242648208c2557ab4,internal,call,0.1024285122 Ether
1,0x9b5bbb16a7a68660f6503eff6c8e3159820d6396,1540172941,6561820.0,0xdacca760db181e54d96b9a061acc0d2d48a05593,OUT,2,0.0,0x92dbe58f1f5790e397fcd5d232ca3b4db7ccf980e8662b41509fe49355fd1b6a,internal,call,0.1024285122 Ether
1,0x9b5bbb16a7a68660f6503eff6c8e3159820d6396,1540542662,6588011.0,0xdacca760db181e54d96b9a061acc0d2d48a05593,OUT,2,0.0,0x4a81e930bc29738ba95f2b53c48283a3a6a61cc4499b6348bfd2ce69396e5ace,internal,call,0.02560712805 Ether
1,0x9b5bbb16a7a68660f6503eff6c8e3159820d6396,1539221999,6494279.0,0xdacca760db181e54d96b9a061acc0d2d48a05593,OUT,2,0.0,0xa41c4c2c48339cb93e09afd6f1c061a827a6fd4c25f32b862b867476919a51fd,internal,call,0.0512142561 Ether
