Class,address,age,block,creator,direction,inter_direction,txFee,txhash,txn_type,type,value
0,0x964f35fae36d75b1e72770e244f6595b68508cf5,1529589778,5830730.0,0x8007ce15acda724689760b4ba493d4766f973649,OUT,2,0.0,0x14448e5cdf179ec6e91a022454c9dea81e7c66dfae7e9c86ee2fff8a6dc730f2,internal,call,5.220985793817035 Ether
0,0x964f35fae36d75b1e72770e244f6595b68508cf5,1524765911,5512368.0,0x8007ce15acda724689760b4ba493d4766f973649,OUT,2,0.0,0xc03629a7f4b66d4d8baf2fb0b71bc5b7cbc97a0bcf1b35907d1e88826dcbce6e,internal,call,4.316233293483405 Ether
0,0x964f35fae36d75b1e72770e244f6595b68508cf5,1520328408,5207920.0,0x8007ce15acda724689760b4ba493d4766f973649,OUT,2,0.0,0xb3c31c8b2ddb05afbbc63ad279a350c607040b4781437d1d299c96679eae25b2,internal,call,4.305503451942542 Ether
0,0x964f35fae36d75b1e72770e244f6595b68508cf5,1520327457,5207855.0,0x8007ce15acda724689760b4ba493d4766f973649,OUT,2,0.0,0x6f41646e2f0f1d6c02b691caa3e5bd327131e7292bad833214879c375f2b376c,internal,call,4.319983844718133 Ether
0,0x964f35fae36d75b1e72770e244f6595b68508cf5,1528868434,5781912.0,0x8007ce15acda724689760b4ba493d4766f973649,OUT,2,0.0,0x87abc23c8e28a960e417f302a636493c84d2ac14cedaedc07cf1cc5fb5a8bb82,internal,call,5.717098435138944 Ether
