Class,address,age,block,creator,direction,inter_direction,txFee,txhash,txn_type,type,value
0,0x45e42d659d9f9466cd5df622506033145a9b89bc,1497083674,3851262.0,0xe022cd6bf97b1d4319de299d0a654162040112c2,IN,3,0.0007612,0x015210dcb2ef853f8be132d734499da532b6802d8efaa02ca47f3fa84c7f06bb,external,0,0 Ether
0,0x45e42d659d9f9466cd5df622506033145a9b89bc,1492736281,3573853.0,0xe022cd6bf97b1d4319de299d0a654162040112c2,IN,3,0.00042368,0x02a4b6da63756ea28e941eb58dd60ef27f78c8fc43c33e1ecdc16b22c529650f,external,0,0 Ether
0,0x45e42d659d9f9466cd5df622506033145a9b89bc,1497083808,3851270.0,0xe022cd6bf97b1d4319de299d0a654162040112c2,IN,3,0.00050022,0x37da26a44b4bb6b1a055d2c07863f6f97189800180d94b3a5b4b9eb45f5f7a27,external,0,0 Ether
0,0x45e42d659d9f9466cd5df622506033145a9b89bc,1492733238,3573643.0,0xe022cd6bf97b1d4319de299d0a654162040112c2,IN,3,0.0007224,0x688f97c36b20679ae625ea7db39f0d67c3f844f9c08734b396e3e3f028cf0d6a,external,0,0 Ether
0,0x45e42d659d9f9466cd5df622506033145a9b89bc,1492733073,3573634.0,0xe022cd6bf97b1d4319de299d0a654162040112c2,IN,3,0.00058182,0x72adf664f62aa040a90e517593d2bd63b0097cd03429d121b8b8b9b4f8cfebdd,external,0,0 Ether
