Class,address,age,block,creator,direction,inter_direction,txFee,txhash,txn_type,type,value
1,0x4e8ecf79ade5e2c49b9e30d795517a81e0bf00b8,1532754685,6045358.0,0xf39e044e1ab204460e06e87c6dca2c6319fc69e3,OUT,2,0.0,0xbd987d8cf8e62c8cd34b381ea2186101a5fa6a5505054c3d701cc894c3af51ab,internal,call,3.013203508116942 Ether
1,0x4e8ecf79ade5e2c49b9e30d795517a81e0bf00b8,1532715543,6042674.0,0xf39e044e1ab204460e06e87c6dca2c6319fc69e3,OUT,1,0.0,0x0e571d943035a64ea12662f792e2e4068a33dbff7106d11fbec71430b50a0652,internal,call,2.933771677053744 Ether
