Class,address,age,block,creator,direction,inter_direction,txFee,txhash,txn_type,type,value
1,0x7b307c1f0039f5d38770e15f8043b3dd26da5e8f,1539620541,6519629.0,0xe1f3294e25bb72a2fb53addb82aa1a033797e6e3,OUT,2,0.0,0xf117d0f00871edb3db7b1578e2bdaacf3c16cac1e93126f6aa28bbb09ec42333,internal,call,1.271457830508474 Ether
1,0x7b307c1f0039f5d38770e15f8043b3dd26da5e8f,1540033769,6551929.0,0xe1f3294e25bb72a2fb53addb82aa1a033797e6e3,OUT,2,0.0,0xefcfce58f27f228884f23453a2e2b09d5b65534d5b6157b6d50fb4d05c5b346b,internal,call,0.081766576271186 Ether
1,0x7b307c1f0039f5d38770e15f8043b3dd26da5e8f,1539945500,6545680.0,0xe1f3294e25bb72a2fb53addb82aa1a033797e6e3,OUT,1,0.0,0x3abe161d25c2cc72b264c524ae34a4a2e2867d79d53ca6a74dd4884cfdf471a1,internal,call,0.340870711864406 Ether
1,0x7b307c1f0039f5d38770e15f8043b3dd26da5e8f,1538039494,6410209.0,0xe1f3294e25bb72a2fb53addb82aa1a033797e6e3,OUT,1,0.0,0x6d0d08aa120653e942d3b56b00611ee613bb5f582f0e3c81d99a362828b063d2,internal,call,0.158385762711864 Ether
1,0x7b307c1f0039f5d38770e15f8043b3dd26da5e8f,1540193680,6563255.0,0xe1f3294e25bb72a2fb53addb82aa1a033797e6e3,OUT,1,0.0,0x5a245ebfd2451659083d6a7976089c23721c9abd80735d705650612ce8a882b3,internal,call,0.148197830508474 Ether
1,0x7b307c1f0039f5d38770e15f8043b3dd26da5e8f,1538212505,0.0,0xe1f3294e25bb72a2fb53addb82aa1a033797e6e3,OUT,1,0.0,0x209345fe4a9191ac144a7a0c9f5a6d39f0efb538c4ebe59b4c4798b76f3c139e,internal,call,0.000078711864406 Ether
1,0x7b307c1f0039f5d38770e15f8043b3dd26da5e8f,1538212338,0.0,0xe1f3294e25bb72a2fb53addb82aa1a033797e6e3,OUT,1,0.0,0x565411d077d6335daea3db38c71f5bb631050ad2dc81639585db834ddc1c9694,internal,call,0.10704813559322 Ether
