Class,address,age,block,creator,direction,inter_direction,txFee,txhash,txn_type,type,value
1,0xb547027a4ccd46ec98199fa88aaedf5aa981db26,1538013546,6408408.0,0xaf9c025ce6322a23ac00301c714f4f42895c9818,OUT,1,0.0,0x1ba25da2b07221c6d5319812b69bc51bf883c64abc18077fa6f929c85cd7f7bb,internal,call,0.07363125 Ether
1,0xb547027a4ccd46ec98199fa88aaedf5aa981db26,1537856821,0.0,0xaf9c025ce6322a23ac00301c714f4f42895c9818,OUT,1,0.0,0x8eb225be81660e3991dc45e3016114814a90cc9af91b5f207243aec60c474770,internal,call,0.054525625 Ether
1,0xb547027a4ccd46ec98199fa88aaedf5aa981db26,1537788782,0.0,0xaf9c025ce6322a23ac00301c714f4f42895c9818,OUT,2,0.0,0xdc516adec560149e256403e41001752ff0333458ee01d39b210cd932d88e1972,internal,call,0.003157916666666 Ether
1,0xb547027a4ccd46ec98199fa88aaedf5aa981db26,1537921747,6401953.0,0xaf9c025ce6322a23ac00301c714f4f42895c9818,OUT,2,0.0,0xc52b48291222cc78018a2eb379ee8c8e8a1a43dabb19079f08873a302ab51b51,internal,call,0.052119375 Ether
