Class,address,age,block,creator,direction,inter_direction,txFee,txhash,txn_type,type,value
1,0xb547027a4ccd46ec98199fa88aaedf5aa981db26,1537873443,6398546.0,0xaf9c025ce6322a23ac00301c714f4f42895c9818,OUT,1,0.0,0x5a95f950e87f46f154f17354e3e3f4de89de09950e1063a8db49ce5ddf674799,internal,call,0.072416666666666 Ether
1,0xb547027a4ccd46ec98199fa88aaedf5aa981db26,1537960723,6404694.0,0xaf9c025ce6322a23ac00301c714f4f42895c9818,OUT,2,0.0,0xd27ecd7b241bffcb9e8fdba49eb40bf09b11286ee978177fabee575affc721fd,internal,call,0.03059375 Ether
1,0xb547027a4ccd46ec98199fa88aaedf5aa981db26,1538011849,6408293.0,0xaf9c025ce6322a23ac00301c714f4f42895c9818,OUT,1,0.0,0x90deaa914c46db036513ee75eaf9429e0722671afb4f198db802dd2f36d3e7a1,internal,call,0.000114583333333 Ether
1,0xb547027a4ccd46ec98199fa88aaedf5aa981db26,1538011801,6408291.0,0xaf9c025ce6322a23ac00301c714f4f42895c9818,OUT,2,0.0,0xee04b0ae8910f94fecdca9871bfe9fdb7e54479636146ff8f7af63108d8f3c76,internal,call,0.097625 Ether
1,0xb547027a4ccd46ec98199fa88aaedf5aa981db26,1537923197,0.0,0xaf9c025ce6322a23ac00301c714f4f42895c9818,OUT,1,0.0,0x2003dfae6833f562e9977cf289a8d7b5e56560bd3225a67c3fda34209fc24476,internal,call,0.094989583333333 Ether
1,0xb547027a4ccd46ec98199fa88aaedf5aa981db26,1537944655,6403574.0,0xaf9c025ce6322a23ac00301c714f4f42895c9818,OUT,1,0.0,0x1591316496ace741cb38409fbf023bbcca713721ec19b17feef2a29d17765715,internal,call,0.041020833333333 Ether
