Class,address,age,block,creator,direction,inter_direction,txFee,txhash,txn_type,type,value
1,0x4e8ecf79ade5e2c49b9e30d795517a81e0bf00b8,1533190308,0.0,0xf39e044e1ab204460e06e87c6dca2c6319fc69e3,OUT,2,0.0,0xee4f22d62d90aba0d905612180731891b92d39c7fb245f43dadeef7c4507778b,internal,call,0.025401065307136 Ether
1,0x4e8ecf79ade5e2c49b9e30d795517a81e0bf00b8,1533152676,6072795.0,0xf39e044e1ab204460e06e87c6dca2c6319fc69e3,OUT,2,0.0,0xf2c401949e07216cc3c6fdfdbae127cd35a4a10abda27daf8a70222f32fa8fe3,internal,call,0.040884811162453 Ether
1,0x4e8ecf79ade5e2c49b9e30d795517a81e0bf00b8,1533070446,6067190.0,0xf39e044e1ab204460e06e87c6dca2c6319fc69e3,OUT,1,0.0,0x941b6ca4afadba2a40c69c49211f7d5bbb4d84b88c5d76eb07c34abb3ddb9bf6,internal,call,0.01437120052834 Ether
