Class,address,age,block,creator,direction,inter_direction,txFee,txhash,txn_type,type,value
1,0x4e8ecf79ade5e2c49b9e30d795517a81e0bf00b8,1533128849,0.0,0xf39e044e1ab204460e06e87c6dca2c6319fc69e3,OUT,2,0.0,0xc4543d8fd11eff8eed4697783970ca3fee4034e096f48e6d7a0ca991f5b9c7f8,internal,call,0.011715196232339 Ether
1,0x4e8ecf79ade5e2c49b9e30d795517a81e0bf00b8,1533198069,6075818.0,0xf39e044e1ab204460e06e87c6dca2c6319fc69e3,OUT,2,0.0,0xb897dcca497e0129f17433c583b6547cba31ff6367f36167c5aee60586e47691,internal,call,0.001432802461464 Ether
1,0x4e8ecf79ade5e2c49b9e30d795517a81e0bf00b8,1533206658,0.0,0xf39e044e1ab204460e06e87c6dca2c6319fc69e3,OUT,1,0.0,0x13491965137e52a043712c9bc529aff18aeb6be96962494a87f94f0dd6f0796f,internal,call,0.000609153372903 Ether
1,0x4e8ecf79ade5e2c49b9e30d795517a81e0bf00b8,1533188866,0.0,0xf39e044e1ab204460e06e87c6dca2c6319fc69e3,OUT,2,0.0,0xb44537ba271545434d9b1541dbbb5432bdd54d7bd6b2ae8b96ed99fa8e7f449f,internal,call,0.001090288275563 Ether
1,0x4e8ecf79ade5e2c49b9e30d795517a81e0bf00b8,1533204953,6076282.0,0xf39e044e1ab204460e06e87c6dca2c6319fc69e3,OUT,2,0.0,0xd9c95fa90fdc1b18ebb189130ceb064e8b80f8dfb6d2fc8bc495b8296b5b6f81,internal,call,0.0009207330665 Ether
1,0x4e8ecf79ade5e2c49b9e30d795517a81e0bf00b8,1533137454,6071721.0,0xf39e044e1ab204460e06e87c6dca2c6319fc69e3,OUT,2,0.0,0xccbb4c5dc2f50ff6bad61353da491231d3611c6b9aa7cc3546ee25264dd17714,internal,call,0.000365069827396 Ether
