Class,address,age,block,creator,direction,inter_direction,txFee,txhash,txn_type,type,value
1,0xb2816223fddc21aca553ba208c7b7a13b27c207c,1541454932,6652384.0,0x50b69eb0234c84e44a6951ba0ad2e316a81d0900,OUT,2,0.0,0x686c5f9d0a89dce4dcd16f3b99310b65db091b1326cab1c1c8fdf1c2ab8931dd,internal,call,0.0032077204119 Ether
1,0xb2816223fddc21aca553ba208c7b7a13b27c207c,1542386524,6715255.0,0x50b69eb0234c84e44a6951ba0ad2e316a81d0900,OUT,2,0.0,0x078f2fc8c9382b4d2ae8eced525932682cbd708552a76b3e692b07fecdd169af,internal,call,0.0032077204119 Ether
1,0xb2816223fddc21aca553ba208c7b7a13b27c207c,1542864357,6751897.0,0x50b69eb0234c84e44a6951ba0ad2e316a81d0900,OUT,2,0.0,0x750746bb3b5f3c3b601e012f45531cc8177c6a7b1487e726e76ed6f2680c9358,internal,call,0.0032077204119 Ether
1,0xb2816223fddc21aca553ba208c7b7a13b27c207c,1541821620,6678251.0,0x50b69eb0234c84e44a6951ba0ad2e316a81d0900,OUT,2,0.0,0x638bd97226a894a8ecef2aea1eca6988f13d0637c969d41f9e327e2539fe1fc4,internal,call,0.001073051780382 Ether
1,0xb2816223fddc21aca553ba208c7b7a13b27c207c,1541192780,6633869.0,0x50b69eb0234c84e44a6951ba0ad2e316a81d0900,OUT,2,0.0,0xfe1aaaf94e41058bf832e696fa6966debf929abc594b174483b0f13183463e52,internal,call,0.0032077204119 Ether
1,0xb2816223fddc21aca553ba208c7b7a13b27c207c,1542081295,6696707.0,0x50b69eb0234c84e44a6951ba0ad2e316a81d0900,OUT,2,0.0,0x7d0241f42489e2583591bb64bda36c7ac3cc5b525bda6b49d840df1986cd4a25,internal,call,0.0032077204119 Ether
1,0xb2816223fddc21aca553ba208c7b7a13b27c207c,1543123834,6770264.0,0x50b69eb0234c84e44a6951ba0ad2e316a81d0900,OUT,2,0.0,0x64ecee7ec520213c1de264e54fd616c902f4af20a279a83d3f5166b1c825f219,internal,call,0.0032077204119 Ether
1,0xb2816223fddc21aca553ba208c7b7a13b27c207c,1542604916,6733717.0,0x50b69eb0234c84e44a6951ba0ad2e316a81d0900,OUT,2,0.0,0x87b424e684a54e933a9142dab08b1f8468139153a1fed7aaea2288030286df68,internal,call,0.0032077204119 Ether
1,0xb2816223fddc21aca553ba208c7b7a13b27c207c,1541734912,6672167.0,0x50b69eb0234c84e44a6951ba0ad2e316a81d0900,OUT,2,0.0,0xfd3e0bfd17c01493976397cc4efa619aaf0c214e7653ff0d16fdcbdab195823b,internal,call,0.0032077204119 Ether
