Class,address,age,block,creator,direction,inter_direction,txFee,txhash,txn_type,type,value
1,0x4e8ecf79ade5e2c49b9e30d795517a81e0bf00b8,1532722065,6043125.0,0xf39e044e1ab204460e06e87c6dca2c6319fc69e3,IN,3,0.00034516,0x0150e0f94800c7a7a0fa62004b37814435e34a93f35300227bcdafc154d2a6f7,external,0,0.98758904 Ether
