Class,address,age,block,creator,direction,inter_direction,txFee,txhash,txn_type,type,value
1,0x4e8ecf79ade5e2c49b9e30d795517a81e0bf00b8,1532715899,6042702.0,0xf39e044e1ab204460e06e87c6dca2c6319fc69e3,IN,3,0.00147607,0x04121996cf8dd744679fbf7adb79c43916710b6f707cc5dd191b510c82352163,external,0,0.5 Ether
1,0x4e8ecf79ade5e2c49b9e30d795517a81e0bf00b8,1532921903,6056995.0,0xf39e044e1ab204460e06e87c6dca2c6319fc69e3,IN,3,0.00012629999999999998,0x4496295b44866509ee1c4e875bca396ba3a37131ff0dff3383dece85f1439d1d,external,0,0 Ether
1,0x4e8ecf79ade5e2c49b9e30d795517a81e0bf00b8,1532715899,6042702.0,0xf39e044e1ab204460e06e87c6dca2c6319fc69e3,IN,3,0.00170787,0x9f75828374b9ca8ee67dfbe8a4244a464e731c3b89188f126764b53292a1cade,external,0,1.5 Ether
