Class,address,age,block,creator,direction,inter_direction,txFee,txhash,txn_type,type,value
1,0x4e8ecf79ade5e2c49b9e30d795517a81e0bf00b8,1532848480,6051924.0,0xf39e044e1ab204460e06e87c6dca2c6319fc69e3,IN,3,0.00026056,0x59216710047f96cf994449f32a9f9d1eac6b0a6f3b53390a76b888de9c3baf64,external,0,0.122639129963704 Ether
1,0x4e8ecf79ade5e2c49b9e30d795517a81e0bf00b8,1533534416,6098944.0,0xf39e044e1ab204460e06e87c6dca2c6319fc69e3,IN,3,0.00051962,0x5bb25fbcb8ad06c2dcc0c9e8d84a8f92a65550b917fc4ae15fec8837316e2ea8,external,0,0 Ether
1,0x4e8ecf79ade5e2c49b9e30d795517a81e0bf00b8,1533572021,6098564.0,0xf39e044e1ab204460e06e87c6dca2c6319fc69e3,IN,3,0.00047428,0x8bf06fdf85fa0d16946571451d79e13d309488ab0d58e031e62d839f59bbb096,external,0,0.019072084748925 Ether
