Class,address,age,block,creator,direction,inter_direction,txFee,txhash,txn_type,type,value
1,0x4e8ecf79ade5e2c49b9e30d795517a81e0bf00b8,1532716226,6042727.0,0xf39e044e1ab204460e06e87c6dca2c6319fc69e3,IN,3,0.0003331,0xa80e5e9669ce099ad11097d3b867f19ad3da9b919148f25da12ebf5b0f441d2d,external,0,0.948296375672902 Ether
