Class,address,age,block,creator,direction,inter_direction,txFee,txhash,txn_type,type,value
1,0x4e8ecf79ade5e2c49b9e30d795517a81e0bf00b8,1532712881,0.0,0xf39e044e1ab204460e06e87c6dca2c6319fc69e3,OUT,1,0.0,0x84a407f17d31b926f4c18d29c134543dde16567ba3c210096a287fd0ef280934,internal,call,0.017412049502009 Ether
1,0x4e8ecf79ade5e2c49b9e30d795517a81e0bf00b8,1532732015,6043803.0,0xf39e044e1ab204460e06e87c6dca2c6319fc69e3,OUT,1,0.0,0x026a75dd9fc3d4a52d916fbd758b14df672ee3bacbf53baeaae7dcc324b4fe0f,internal,call,0.008380083158768 Ether
