Class,address,age,block,creator,direction,inter_direction,txFee,txhash,txn_type,type,value
1,0x4e8ecf79ade5e2c49b9e30d795517a81e0bf00b8,1532712540,6042477.0,0xf39e044e1ab204460e06e87c6dca2c6319fc69e3,IN,3,0.00572388,0x34e618d49fdbe9ad528e62ea54c662d5fc04e02858336513823458a7f089af03,external,0,0.8 Ether
1,0x4e8ecf79ade5e2c49b9e30d795517a81e0bf00b8,1533026042,6064096.0,0xf39e044e1ab204460e06e87c6dca2c6319fc69e3,IN,3,4.815e-05,0x34f09d2b533784518529fdda9c6fa2e7fe62858a3e82e2946091f27da5c2ee49,external,0,0 Ether
1,0x4e8ecf79ade5e2c49b9e30d795517a81e0bf00b8,1534898440,6192377.0,0xf39e044e1ab204460e06e87c6dca2c6319fc69e3,IN,3,0.00155494,0x62d98310dcd0bcdb207e3888fe531c3e1426924d736c465e55a3b199971f80a9,external,0,0 Ether
