Class,address,age,block,creator,direction,inter_direction,txFee,txhash,txn_type,type,value
1,0x4e8ecf79ade5e2c49b9e30d795517a81e0bf00b8,1532759381,6045667.0,0xf39e044e1ab204460e06e87c6dca2c6319fc69e3,IN,3,0.00248432,0x6fb40720ac7acbbb3d24a4b4c01ab8ce01006768fa169b6af0ecb91feb5617fc,external,0,0.1 Ether
1,0x4e8ecf79ade5e2c49b9e30d795517a81e0bf00b8,1532817301,6049778.0,0xf39e044e1ab204460e06e87c6dca2c6319fc69e3,IN,3,0.00012387,0x8a5b9e53b5e3e0141e9d3f663073172b11371548b6af70e78c51498c7bed32b9,external,0,0 Ether
