Class,address,age,block,creator,direction,inter_direction,txFee,txhash,txn_type,type,value
1,0x4e8ecf79ade5e2c49b9e30d795517a81e0bf00b8,1532910939,6056249.0,0xf39e044e1ab204460e06e87c6dca2c6319fc69e3,IN,3,0.00031407,0x9447a161c3f67305ae86d90b6721fb92266e12a9b5c67addcfd315e35c08a2ce,external,0,0.180895531521866 Ether
