Class,address,age,block,creator,direction,inter_direction,txFee,txhash,txn_type,type,value
1,0x4e8ecf79ade5e2c49b9e30d795517a81e0bf00b8,1532726665,6043439.0,0xf39e044e1ab204460e06e87c6dca2c6319fc69e3,IN,3,0.01103441,0x55e3aac239b0b33183b9134f2f1c24c8d0554b8a7fd2f992e36af358a9300c17,external,0,0.38343860453289 Ether
1,0x4e8ecf79ade5e2c49b9e30d795517a81e0bf00b8,1532741912,6044510.0,0xf39e044e1ab204460e06e87c6dca2c6319fc69e3,IN,3,0.0003789,0x866809199c1badad9d7d04e27896e84898be6de8d1db344923d2644b3f53c1ae,external,0,0 Ether
