Class,address,age,block,creator,direction,inter_direction,txFee,txhash,txn_type,type,value
1,0x4e8ecf79ade5e2c49b9e30d795517a81e0bf00b8,1532774121,6046694.0,0xf39e044e1ab204460e06e87c6dca2c6319fc69e3,IN,3,2.429e-05,0x2b0a15e371b33e1bec6524dae60785937a594c910cc448066416cc2fd95f9487,external,0,100 wei
1,0x4e8ecf79ade5e2c49b9e30d795517a81e0bf00b8,1532738401,6044272.0,0xf39e044e1ab204460e06e87c6dca2c6319fc69e3,IN,3,2.429e-05,0x855a3c055dcf173b5e0af25a17f4d7ce5d567c2af7e3302951c664445cf285dd,external,0,100 wei
1,0x4e8ecf79ade5e2c49b9e30d795517a81e0bf00b8,1532794715,6045145.0,0xf39e044e1ab204460e06e87c6dca2c6319fc69e3,IN,3,2.429e-05,0xa6a597f15b982b3bbb6ee460826fdae120dd8373a5c21c5441dc08201931204a,external,0,100 wei
1,0x4e8ecf79ade5e2c49b9e30d795517a81e0bf00b8,1532716143,6042721.0,0xf39e044e1ab204460e06e87c6dca2c6319fc69e3,IN,3,0.00018689,0xb2efad5f70368ca92c9f1e5a4438258474fbd35c164069f5e5b897a52889be0b,external,0,0.930552475464089 Ether
