Class,address,age,block,creator,direction,inter_direction,txFee,txhash,txn_type,type,value
1,0x4e8ecf79ade5e2c49b9e30d795517a81e0bf00b8,1532711586,6042417.0,0xf39e044e1ab204460e06e87c6dca2c6319fc69e3,IN,3,0.04031913,0x1352be9c7ecaf822535251424c8a232673ff7ae5e9235d1392e11c773d5bed23,external,0,8.214912388715566 Ether
1,0x4e8ecf79ade5e2c49b9e30d795517a81e0bf00b8,1532722952,6043195.0,0xf39e044e1ab204460e06e87c6dca2c6319fc69e3,IN,3,0.00205676,0x2d4e69ae8a95956ccee9917894b7b7ebb4b759ea4fcb1366c6a709bfe97b8887,external,0,0.813909547787445 Ether
1,0x4e8ecf79ade5e2c49b9e30d795517a81e0bf00b8,1532723089,6043203.0,0xf39e044e1ab204460e06e87c6dca2c6319fc69e3,IN,3,0.00194165,0x2e54241585b2778da12c33c4ed537aca8d59ee45aa670624da90602007f64a9b,external,0,0.300594069467669 Ether
1,0x4e8ecf79ade5e2c49b9e30d795517a81e0bf00b8,1532723036,6043200.0,0xf39e044e1ab204460e06e87c6dca2c6319fc69e3,IN,3,0.00205676,0x450925f4fa622da7a1cda44465cab1dc06d975e4feb7ca9b6325da910ed5e622,external,0,1.167748678955113 Ether
1,0x4e8ecf79ade5e2c49b9e30d795517a81e0bf00b8,1532757299,6045542.0,0xf39e044e1ab204460e06e87c6dca2c6319fc69e3,IN,3,0.00029204,0x5c4fba8390775a48a7af0620e4d2778cf6ef18f110a8e5d86b73153bb274bbe3,external,0,0 Ether
1,0x4e8ecf79ade5e2c49b9e30d795517a81e0bf00b8,1532756680,6045499.0,0xf39e044e1ab204460e06e87c6dca2c6319fc69e3,IN,3,0.00025259999999999996,0x7754dbedca9867cd790f3bfc46e796310edaacc787e24aaf154a84e0f5172fa9,external,0,0 Ether
1,0x4e8ecf79ade5e2c49b9e30d795517a81e0bf00b8,1532723013,6043198.0,0xf39e044e1ab204460e06e87c6dca2c6319fc69e3,IN,3,0.00048151,0x93306c35350b849ef56cbc464f04c9d5d760994ff903a60e928359f288b57d7e,external,0,0 Ether
