Class,address,age,block,creator,direction,inter_direction,txFee,txhash,txn_type,type,value
1,0x4e8ecf79ade5e2c49b9e30d795517a81e0bf00b8,1535104654,6206411.0,0xf39e044e1ab204460e06e87c6dca2c6319fc69e3,IN,3,0.00088024,0x09dd6c766860bad57b5d059254efb4f424e8049cb6f53f4fc7ecf8df3ea2368b,external,0,0.010164329777268 Ether
1,0x4e8ecf79ade5e2c49b9e30d795517a81e0bf00b8,1535030810,6201357.0,0xf39e044e1ab204460e06e87c6dca2c6319fc69e3,IN,3,0.0011231,0x3226d84e36fd36f17c4f8fffd90aa92e761d2ae927b0b6b94a05c981f0cc51e8,external,0,0.006797757313002 Ether
1,0x4e8ecf79ade5e2c49b9e30d795517a81e0bf00b8,1535030526,6201331.0,0xf39e044e1ab204460e06e87c6dca2c6319fc69e3,IN,3,0.00035134,0x4174b1d4409d06bc4fd75b5674a6c6789b67d4c40cc6d2473745bbb6c64271c8,external,0,0.006500720610066 Ether
1,0x4e8ecf79ade5e2c49b9e30d795517a81e0bf00b8,1535103884,6206364.0,0xf39e044e1ab204460e06e87c6dca2c6319fc69e3,IN,3,0.00075023,0x8c37d133120e53e486c83a64c068ea45929a9a27221af95134d6ae65392bb1bb,external,0,0.009544490805918 Ether
