Class,address,age,block,creator,direction,inter_direction,txFee,txhash,txn_type,type,value
1,0x4e8ecf79ade5e2c49b9e30d795517a81e0bf00b8,1532718434,6042885.0,0xf39e044e1ab204460e06e87c6dca2c6319fc69e3,IN,3,0.00063151,0x2d9390dd47e3fa0403aab9ef5e02e97306738f330d9eb80a2a28e46d84fe196a,external,0,0 Ether
1,0x4e8ecf79ade5e2c49b9e30d795517a81e0bf00b8,1532713383,6042525.0,0xf39e044e1ab204460e06e87c6dca2c6319fc69e3,IN,3,0.00252967,0x3e451683af27078d875677d7fe9c3a62058e750abf92fd3b281b9830abce6e56,external,0,1 Ether
