Class,address,age,block,creator,direction,inter_direction,txFee,txhash,txn_type,type,value
1,0x4e8ecf79ade5e2c49b9e30d795517a81e0bf00b8,1532856544,6052469.0,0xf39e044e1ab204460e06e87c6dca2c6319fc69e3,IN,3,0.00031575,0x09a8d0ed2667a005da214bfbce076df6cf42a58982dea680667b5fdd901be6c3,external,0,0 Ether
1,0x4e8ecf79ade5e2c49b9e30d795517a81e0bf00b8,1532712917,6042498.0,0xf39e044e1ab204460e06e87c6dca2c6319fc69e3,IN,3,0.00187603,0x1ff9dfd306f6e12189c3d74a460c1cf22825d84c5a41baa3b84d6f6f5f9e514b,external,0,1.175018233733796 Ether
1,0x4e8ecf79ade5e2c49b9e30d795517a81e0bf00b8,1532856599,6052472.0,0xf39e044e1ab204460e06e87c6dca2c6319fc69e3,IN,3,0.00014602,0x885bd79018ea6ae663490821e04d0e65261d72aa98b79624ee8cc3b680766970,external,0,0 Ether
1,0x4e8ecf79ade5e2c49b9e30d795517a81e0bf00b8,1532711470,6042409.0,0xf39e044e1ab204460e06e87c6dca2c6319fc69e3,IN,3,0.1109859,0xb0b19789e14c1e12b9cdf5c8d33b61a9c05fef1b197f7f3e2d6ffaebfece89c1,external,0,4.260279243014187 Ether
1,0x4e8ecf79ade5e2c49b9e30d795517a81e0bf00b8,1532856599,6052472.0,0xf39e044e1ab204460e06e87c6dca2c6319fc69e3,IN,3,0.0014602,0xb2919ccb7f981434aa1f81472980ca4fae46eb75fa757f50aa8670fe807cc2af,external,0,0 Ether
