Class,address,age,block,creator,direction,inter_direction,txFee,txhash,txn_type,type,value
1,0x4e8ecf79ade5e2c49b9e30d795517a81e0bf00b8,1533948551,6127306.0,0xf39e044e1ab204460e06e87c6dca2c6319fc69e3,IN,3,0.00316639,0x030ea9232816a1a3d67df7a47c736a9819fbbc070d5509972dd4cb5e89d8ceda,external,0,0.00851033944894 Ether
