Class,address,age,block,creator,direction,inter_direction,txFee,txhash,txn_type,type,value
1,0x4e8ecf79ade5e2c49b9e30d795517a81e0bf00b8,1535133792,6208444.0,0xf39e044e1ab204460e06e87c6dca2c6319fc69e3,IN,3,0.00028262,0x3df75de2c5601cce123a93998d10c3be111ffa6e8569e8f1ce2dbc7737611182,external,0,0.000107625 Ether
1,0x4e8ecf79ade5e2c49b9e30d795517a81e0bf00b8,1534953313,6196110.0,0xf39e044e1ab204460e06e87c6dca2c6319fc69e3,IN,3,0.00117788,0x9cd3b12cb8c37678eb097280ae6f13a1182e789ebc1376697e83c5d6c608ddbf,external,0,0.0001 Ether
