Class,address,age,block,creator,direction,inter_direction,txFee,txhash,txn_type,type,value
1,0x4e8ecf79ade5e2c49b9e30d795517a81e0bf00b8,1533239988,6078718.0,0xf39e044e1ab204460e06e87c6dca2c6319fc69e3,IN,3,0.00012629999999999998,0x0423b12bcc1ec6da31e2135ef6bfd8eefe2fb44a24279fdcad46b3604459cd3b,external,0,0 Ether
1,0x4e8ecf79ade5e2c49b9e30d795517a81e0bf00b8,1533211227,6076718.0,0xf39e044e1ab204460e06e87c6dca2c6319fc69e3,IN,3,0.00017679,0x4138d712b7b4560f936027e64580347b223d7e0935140f8a0ce8676750982c1d,external,0,0.045655157442422 Ether
1,0x4e8ecf79ade5e2c49b9e30d795517a81e0bf00b8,1533211227,6076718.0,0xf39e044e1ab204460e06e87c6dca2c6319fc69e3,IN,3,0.00017679,0x81bd0f984649f7475d8911fa693316dce7229f419abf4957f01be8d34faed467,external,0,0.046396028321653 Ether
