Class,address,age,block,creator,direction,inter_direction,txFee,txhash,txn_type,type,value
1,0x4e8ecf79ade5e2c49b9e30d795517a81e0bf00b8,1533894399,6123619.0,0xf39e044e1ab204460e06e87c6dca2c6319fc69e3,IN,3,0.00115297,0x2c8727d7071fa2588de777826044eb1b8fabdb231ef1375b1ae403fb60cce8eb,external,0,0.017156770115199 Ether
1,0x4e8ecf79ade5e2c49b9e30d795517a81e0bf00b8,1533206616,6076399.0,0xf39e044e1ab204460e06e87c6dca2c6319fc69e3,IN,3,3.602e-05,0x3e70c90eed485fe86ef1f3d239343d84b96df0547d68f5421d91d2d3c42786cf,external,0,0 Ether
1,0x4e8ecf79ade5e2c49b9e30d795517a81e0bf00b8,1533205200,6076302.0,0xf39e044e1ab204460e06e87c6dca2c6319fc69e3,IN,3,6.315e-05,0x4cdf1fe81b6189b9eea16fa8b7d2e55094fd4ffc6be76181a57489fd4a89ec5e,external,0,0 Ether
1,0x4e8ecf79ade5e2c49b9e30d795517a81e0bf00b8,1539930176,6544616.0,0xf39e044e1ab204460e06e87c6dca2c6319fc69e3,IN,3,0.00283715,0x744fdf928fd19596ceb4feef5b56a03ba30871de86e7050385463b94f49a3ae4,external,0,0.000107625 Ether
