Class,address,age,block,creator,direction,inter_direction,txFee,txhash,txn_type,type,value
1,0x4e8ecf79ade5e2c49b9e30d795517a81e0bf00b8,1532898278,6055374.0,0xf39e044e1ab204460e06e87c6dca2c6319fc69e3,IN,3,0.00032207,0x131ae9a4c085edff99edd0d737a0a7ad5621101d2babba3b88dfb642a9a0f423,external,0,0 Ether
1,0x4e8ecf79ade5e2c49b9e30d795517a81e0bf00b8,1532857060,6052507.0,0xf39e044e1ab204460e06e87c6dca2c6319fc69e3,IN,3,0.00029664,0xac6c248f8dda1cc2a8c2480e462724c5d70412fe4738c3f48dbc1925d6243c13,external,0,0.149072202123523 Ether
