Class,address,age,block,creator,direction,inter_direction,txFee,txhash,txn_type,type,value
1,0x4e8ecf79ade5e2c49b9e30d795517a81e0bf00b8,1532723026,6043199.0,0xf39e044e1ab204460e06e87c6dca2c6319fc69e3,IN,3,0.00425641,0x41cdd6bde8fd971defd27de02d0cc8f252e37dc2822837f1420bd7bfac9518ba,external,0,0 Ether
1,0x4e8ecf79ade5e2c49b9e30d795517a81e0bf00b8,1532711819,6042432.0,0xf39e044e1ab204460e06e87c6dca2c6319fc69e3,IN,3,0.03638054,0x7610b73a7f53edd5f93c2eb906ae4f25c82cdc6762cd3561abaec1c4245d66a6,external,0,27 Ether
1,0x4e8ecf79ade5e2c49b9e30d795517a81e0bf00b8,1532760447,6045738.0,0xf39e044e1ab204460e06e87c6dca2c6319fc69e3,IN,3,0.00014445,0x95ad7708fbda4f98065d435897d203e27e524e3678f6f10a25da3a9c2cf5afaa,external,0,0 Ether
1,0x4e8ecf79ade5e2c49b9e30d795517a81e0bf00b8,1532722830,6043186.0,0xf39e044e1ab204460e06e87c6dca2c6319fc69e3,IN,3,0.076512,0xad8c4aa4211136178688cf5084e8fb2948d89f4641fe66c95fdb2f1ec3b40705,external,0,0 Ether
