Class,address,age,block,creator,direction,inter_direction,txFee,txhash,txn_type,type,value
1,0x4e8ecf79ade5e2c49b9e30d795517a81e0bf00b8,1532761071,6045785.0,0xf39e044e1ab204460e06e87c6dca2c6319fc69e3,IN,3,6.315e-05,0x10794c06ccfae40d6a624828d51eb26dcc59412dfa7f3a8d6e6e70847fbf8328,external,0,0 Ether
1,0x4e8ecf79ade5e2c49b9e30d795517a81e0bf00b8,1532758456,6045610.0,0xf39e044e1ab204460e06e87c6dca2c6319fc69e3,IN,3,0.0006642,0x37792b0f58261a7c1c9e0df9b78c926858c9a7ee2c7831b6307c549b879d1927,external,0,0.276584634222228 Ether
1,0x4e8ecf79ade5e2c49b9e30d795517a81e0bf00b8,1532761087,6045787.0,0xf39e044e1ab204460e06e87c6dca2c6319fc69e3,IN,3,0.00012629999999999998,0x491d2957415624ce99c29ec32c6b3e1446d694c87d4e681a89de31e47c140964,external,0,0 Ether
1,0x4e8ecf79ade5e2c49b9e30d795517a81e0bf00b8,1532760751,6045764.0,0xf39e044e1ab204460e06e87c6dca2c6319fc69e3,IN,3,6.315e-05,0x5b8133e4e712e608246962ddd169db8f643ddfbb0d134ae90e4751b4294f4dca,external,0,0 Ether
1,0x4e8ecf79ade5e2c49b9e30d795517a81e0bf00b8,1532761071,6045785.0,0xf39e044e1ab204460e06e87c6dca2c6319fc69e3,IN,3,0.00022342,0x87f10feda76d11dd7e835415df71e50f85ce45d7a52ecc5d0f064b064643271a,external,0,0.187044671075019 Ether
1,0x4e8ecf79ade5e2c49b9e30d795517a81e0bf00b8,1532761087,6045787.0,0xf39e044e1ab204460e06e87c6dca2c6319fc69e3,IN,3,6.315e-05,0x8a6a7af229551ddfcbef987dd5b8dd1e370195758eb9a917316fa51cf1a9a730,external,0,0 Ether
