Class,address,age,block,creator,direction,inter_direction,txFee,txhash,txn_type,type,value
1,0x4e8ecf79ade5e2c49b9e30d795517a81e0bf00b8,1533432836,6091950.0,0xf39e044e1ab204460e06e87c6dca2c6319fc69e3,IN,3,0.00030968,0x3a36cd309492d49712414f993c72c028b740afef689b33d639b18e1958fc0d6d,external,0,0 Ether
1,0x4e8ecf79ade5e2c49b9e30d795517a81e0bf00b8,1533424118,6091365.0,0xf39e044e1ab204460e06e87c6dca2c6319fc69e3,IN,3,0.00656677,0x738adb1db59ca822638a9cd0db0b21f562122830015df1bad82b7d0fcfbfe6ba,external,0,0.3 Ether
1,0x4e8ecf79ade5e2c49b9e30d795517a81e0bf00b8,1533432818,6091949.0,0xf39e044e1ab204460e06e87c6dca2c6319fc69e3,IN,3,9.290000000000001e-05,0x8c7631ed3d4226c5e68481798e34ec8224382bb03355333e9397c069a34ce637,external,0,0 Ether
1,0x4e8ecf79ade5e2c49b9e30d795517a81e0bf00b8,1533421956,6091216.0,0xf39e044e1ab204460e06e87c6dca2c6319fc69e3,IN,3,0.00636406,0xb128be3391952db78e2175eb5ccaaeb476c598941144eaa491de2c4fcdb8bebd,external,0,0.044330448181454 Ether
