Class,address,age,block,creator,direction,inter_direction,txFee,txhash,txn_type,type,value
1,0x9b5bbb16a7a68660f6503eff6c8e3159820d6396,1539691950,0.0,0xdacca760db181e54d96b9a061acc0d2d48a05593,OUT,2,0.0,0x2273c97bd053a37f6fbc2c61a820e0eb97e4085eb78b015bf07f9c996956e515,internal,call,1.8802 Ether
1,0x9b5bbb16a7a68660f6503eff6c8e3159820d6396,1540466897,6582663.0,0xdacca760db181e54d96b9a061acc0d2d48a05593,OUT,2,0.0,0x959f72efa381f8a2d6a1fc790d7d0fa0293dad8cd10691baaa807661ed88d5db,internal,call,0.47005 Ether
1,0x9b5bbb16a7a68660f6503eff6c8e3159820d6396,1538308478,6429214.0,0xdacca760db181e54d96b9a061acc0d2d48a05593,OUT,2,0.0,0x6715a53812c2079b24a5bbeeb0316f5002e453ec674fcb22bab35b07f19f52d0,internal,call,0.705075 Ether
1,0x9b5bbb16a7a68660f6503eff6c8e3159820d6396,1538913404,6472269.0,0xdacca760db181e54d96b9a061acc0d2d48a05593,OUT,2,0.0,0x44e1c7a7b111669673456c96b739bded4723b9e0cb76f71e6f523ab6a905c652,internal,call,1.74195 Ether
1,0x9b5bbb16a7a68660f6503eff6c8e3159820d6396,1539864869,0.0,0xdacca760db181e54d96b9a061acc0d2d48a05593,OUT,2,0.0,0xead52f3a46625c445ef6890fd712c9cd9f99a1066a0b58c9a0d930233a6c5bd6,internal,call,0.47005 Ether
1,0x9b5bbb16a7a68660f6503eff6c8e3159820d6396,1540553348,6588760.0,0xdacca760db181e54d96b9a061acc0d2d48a05593,OUT,2,0.0,0x4e0ea63a2415a17b11454568b076bbb1a23418d4a3f4d1a5a4b47f22da197cca,internal,call,0.235025 Ether
1,0x9b5bbb16a7a68660f6503eff6c8e3159820d6396,1538999864,6478462.0,0xdacca760db181e54d96b9a061acc0d2d48a05593,OUT,2,0.0,0x64f5af9bc1f9d1207a5c84c7f2fb886c36f6b8deb3c4103c4b8da41b088b60be,internal,call,0.24885 Ether
1,0x9b5bbb16a7a68660f6503eff6c8e3159820d6396,1540294044,6570377.0,0xdacca760db181e54d96b9a061acc0d2d48a05593,OUT,2,0.0,0x00a62609d1ea1c6ab3b7a20732e7843a348ef346eddb92752f7f41c41864c920,internal,call,0.47005 Ether
1,0x9b5bbb16a7a68660f6503eff6c8e3159820d6396,1540121214,6558132.0,0xdacca760db181e54d96b9a061acc0d2d48a05593,OUT,2,0.0,0xfe56e78999e9d3331097cce40f108cb9d94afacd1a4e6390833ddd0dd8e9ec1b,internal,call,0.47005 Ether
