Class,address,age,block,creator,direction,inter_direction,txFee,txhash,txn_type,type,value
0,0x514910771af9ca656af840dff83e8264ecf986ca,1515938720,4909257.0,0xf55037738604fddfc4043d12f25124e94d7d1780,IN,3,0.00046858,0x2d49963daa13ac51d2a6f9ace63459aa9215097a8411fedfad35744c2089f024,external,0,0 Ether
0,0x514910771af9ca656af840dff83e8264ecf986ca,1515961037,4910706.0,0xf55037738604fddfc4043d12f25124e94d7d1780,IN,3,0.00062401,0x5d0004271b5c158bfd89ca548f454205324fd6013b4bf3315ee60db9263cd86d,external,0,0 Ether
0,0x514910771af9ca656af840dff83e8264ecf986ca,1515775335,4896106.0,0xf55037738604fddfc4043d12f25124e94d7d1780,IN,3,0.00150988,0x89605520734e2dc090685e3de394d7bae14e0c921fbc412f169f10e6ff449157,external,0,0 Ether
