Class,address,age,block,creator,direction,inter_direction,txFee,txhash,txn_type,type,value
1,0x4e8ecf79ade5e2c49b9e30d795517a81e0bf00b8,1534956102,6193364.0,0xf39e044e1ab204460e06e87c6dca2c6319fc69e3,OUT,1,0.0,0x2fb0691d49a64eed30885d8a0d971ecf6738af34ee25bdc31c73c0da60494abf,internal,call,0.03190672649971 Ether
1,0x4e8ecf79ade5e2c49b9e30d795517a81e0bf00b8,1533085486,6068159.0,0xf39e044e1ab204460e06e87c6dca2c6319fc69e3,OUT,1,0.0,0x4fef86b7e92d616574423155b9082eb36e2d08da8f692a3eef0220b4d0ada8df,internal,call,0.039786473710127 Ether
1,0x4e8ecf79ade5e2c49b9e30d795517a81e0bf00b8,1532796169,6045246.0,0xf39e044e1ab204460e06e87c6dca2c6319fc69e3,OUT,2,0.0,0xe192aba4c66b6e0d6b3106a61ed32252612ba01ab5dca4232d5b962460b1719e,internal,call,0.175386306684277 Ether
1,0x4e8ecf79ade5e2c49b9e30d795517a81e0bf00b8,1532759382,0.0,0xf39e044e1ab204460e06e87c6dca2c6319fc69e3,OUT,2,0.0,0xc971bdf964c14059055b93318eec4249fb19ec1ec9039bb77d019f844d07bad3,internal,call,0.034125483736298 Ether
