Class,address,age,block,creator,direction,inter_direction,txFee,txhash,txn_type,type,value
1,0xbf91b27fec3146a1b36069f92337a0ea330725df,1539506191,0.0,0x76130fd699cd7ab670c51e699e67d3eea4b8f8db,OUT,2,0.0,0x58083677d91bb3f866eba355118940ca35ccfafa5dee2989c3f19145db1a18b6,internal,call,0.000023895400147 Ether
1,0xbf91b27fec3146a1b36069f92337a0ea330725df,1539502833,0.0,0x76130fd699cd7ab670c51e699e67d3eea4b8f8db,OUT,2,0.0,0x2651ac8e1ef75a91c865bffc5afed29c1aa1409aa2251263f2f942f09877d918,internal,call,0.000005843105712 Ether
