Class,address,age,block,creator,direction,inter_direction,txFee,txhash,txn_type,type,value
1,0x536a6ba0d913d5d6a4ce2c6eb7ed0de3c0f0b89e,1538079797,6413104.0,0xb648cc3367571c9166e966d1eb97de3f9ebfb8fd,IN,3,0.00019392,0x2556ffb1df86073757b169c18ca3e9ee735f2ea8c38cb4d4c430815072a95001,external,0,0 Ether
1,0x536a6ba0d913d5d6a4ce2c6eb7ed0de3c0f0b89e,1537358417,6362366.0,0xb648cc3367571c9166e966d1eb97de3f9ebfb8fd,IN,3,0.000176,0x5f289ba47512ab016134a1bcca00c237f7f3e03d2c083742a70bbc5561267fde,external,0,0.099 Ether
1,0x536a6ba0d913d5d6a4ce2c6eb7ed0de3c0f0b89e,1538088031,6413672.0,0xb648cc3367571c9166e966d1eb97de3f9ebfb8fd,IN,3,0.0002327,0x7479fdaba11c15d0af36c1c8268b08463a845cbfbb67081ab0d02dc02bb3b01a,external,0,0 Ether
1,0x536a6ba0d913d5d6a4ce2c6eb7ed0de3c0f0b89e,1537360100,6362485.0,0xb648cc3367571c9166e966d1eb97de3f9ebfb8fd,IN,3,0.00053549,0x827ddfa66d7fc829b2de66a02103ee5319f035c05a00e480b095ac0dde32a9ae,external,0,0.095 Ether
1,0x536a6ba0d913d5d6a4ce2c6eb7ed0de3c0f0b89e,1537710845,6387056.0,0xb648cc3367571c9166e966d1eb97de3f9ebfb8fd,IN,3,0.00015519,0xa1acb7013a0472806d80f11365f7b9c4cfbd6ddfb8c8bbb97a480d4bce330d63,external,0,0 Ether
1,0x536a6ba0d913d5d6a4ce2c6eb7ed0de3c0f0b89e,1537538258,6374915.0,0xb648cc3367571c9166e966d1eb97de3f9ebfb8fd,IN,3,0.00023279,0xaa9a20bc3de4fbcfa8ea6041c718e044264d355ca986d8479d9d88f0a9b0fd39,external,0,0 Ether
