Class,address,age,block,creator,direction,inter_direction,txFee,txhash,txn_type,type,value
1,0x4e8ecf79ade5e2c49b9e30d795517a81e0bf00b8,1536123213,6273405.0,0xf39e044e1ab204460e06e87c6dca2c6319fc69e3,OUT,1,0.0,0x3c87f8b1a58b6a8b16f2e82c26cf27561e455067e875c378e75fab68d4516fb1,internal,call,0.029462494741398 Ether
1,0x4e8ecf79ade5e2c49b9e30d795517a81e0bf00b8,1537539457,6375005.0,0xf39e044e1ab204460e06e87c6dca2c6319fc69e3,OUT,1,0.0,0xab558fa88379b40d83d027f5a025d7e2f4475e67a4c2bda0897d5b0e210e97cf,internal,call,0.001471217958077 Ether
1,0x4e8ecf79ade5e2c49b9e30d795517a81e0bf00b8,1533453951,0.0,0xf39e044e1ab204460e06e87c6dca2c6319fc69e3,OUT,2,0.0,0xf4308ede79348582657f0c77df0975be3b4c26f9ad374fa16f5136e4b6c9b039,internal,call,0.14649005356584 Ether
