Class,address,age,block,creator,direction,inter_direction,txFee,txhash,txn_type,type,value
1,0x536a6ba0d913d5d6a4ce2c6eb7ed0de3c0f0b89e,1537077547,6342623.0,0xb648cc3367571c9166e966d1eb97de3f9ebfb8fd,IN,3,0.000459,0x3e390120e6dafff1e7f9613234954c1ae0d912bed947aa9992faa2c6f7e11250,external,0,0.05186534 Ether
1,0x536a6ba0d913d5d6a4ce2c6eb7ed0de3c0f0b89e,1537020137,6338606.0,0xb648cc3367571c9166e966d1eb97de3f9ebfb8fd,IN,3,0.00045,0x52b92abac9ebec4aff115cddd98778f1cab148f41e9c45d9bf6e602af982f4d3,external,0,0.04787531 Ether
