Class,address,age,block,creator,direction,inter_direction,txFee,txhash,txn_type,type,value
1,0x8a883a20940870dc055f2070ac8ec847ed2d9918,1532296449,0.0,0xc14f8469d4bb31c8e69fae9c16e262f45edc3635,OUT,2,0.0,0xd167bb91269fc300ad69d7f69307cb71944ad6bbdea18d8defb8490060fc3275,internal,call,1.64143102820203 Ether
1,0x8a883a20940870dc055f2070ac8ec847ed2d9918,1532344817,0.0,0xc14f8469d4bb31c8e69fae9c16e262f45edc3635,OUT,2,0.0,0x3d028372c39c812b71ef7658a57737738b3074cf7ff191ec83004a6d9928f9b3,internal,call,0.348072344465012 Ether
1,0x8a883a20940870dc055f2070ac8ec847ed2d9918,1532429730,6023198.0,0xc14f8469d4bb31c8e69fae9c16e262f45edc3635,OUT,2,0.0,0xcf7f83a2094088d0a7deadd871dc0ef01703d7a89d02ec9272674526b6e75f34,internal,call,0.017223974767421 Ether
1,0x8a883a20940870dc055f2070ac8ec847ed2d9918,1533179834,0.0,0xc14f8469d4bb31c8e69fae9c16e262f45edc3635,OUT,2,0.0,0xd5a6216f1accb9035ace9a4a05451794a42f4493641d35733799fca4d0fc4275,internal,call,0.239016406948633 Ether
1,0x8a883a20940870dc055f2070ac8ec847ed2d9918,1532523972,6029605.0,0xc14f8469d4bb31c8e69fae9c16e262f45edc3635,OUT,2,0.0,0x23430f92b09b9debdfdb2e9548c32c8ed27431d8d1abd3d6c4203bb92e92cb57,internal,call,0.008878749313061 Ether
1,0x8a883a20940870dc055f2070ac8ec847ed2d9918,1532716860,6042780.0,0xc14f8469d4bb31c8e69fae9c16e262f45edc3635,OUT,2,0.0,0x1073f6c2c1678cba18cdcfc1474936a52964a947ff0dc9e1021b0962358fb46b,internal,call,0.005670154422484 Ether
