Class,address,age,block,creator,direction,inter_direction,txFee,txhash,txn_type,type,value
1,0xb10ea0d397db942a1083a4af9c6074ab63bc8c8b,1540988443,6619574.0,0x65b041db3135ed5f76d9486aa56f8ca5dc9a3f5e,OUT,1,0.0,0x7b0ee1cc36a9f3e97b85f86a2b2516a9aa94d8a53b406c5d24f31e7f01cb89f5,internal,call,0.006956949152542 Ether
1,0xb10ea0d397db942a1083a4af9c6074ab63bc8c8b,1539862267,6539839.0,0x65b041db3135ed5f76d9486aa56f8ca5dc9a3f5e,OUT,1,0.0,0xaff6a5c56fc5474aaf239ba5f656e25fa7dff38016ee22c3a094b9ba9d504f1b,internal,call,0.013149152542372 Ether
1,0xb10ea0d397db942a1083a4af9c6074ab63bc8c8b,1540892278,6612733.0,0x65b041db3135ed5f76d9486aa56f8ca5dc9a3f5e,OUT,1,0.0,0x0cc9c6cb1c742d3e59385234034b8954cc0c1c56de73e53924297c8bdaaba677,internal,call,0.01291220338983 Ether
1,0xb10ea0d397db942a1083a4af9c6074ab63bc8c8b,1540712451,6600036.0,0x65b041db3135ed5f76d9486aa56f8ca5dc9a3f5e,OUT,2,0.0,0xbd1ea3e7f06e0e7e373239d44f411f644c746daacb776d4f3d4d0d9186b0a730,internal,call,0.019269152542372 Ether
1,0xb10ea0d397db942a1083a4af9c6074ab63bc8c8b,1539648507,6524673.0,0x65b041db3135ed5f76d9486aa56f8ca5dc9a3f5e,OUT,2,0.0,0xe801a5509b94754abb011df93e1f5d330315bd510da9a17554d7cd1a65fe4635,internal,call,0.011801694915254 Ether
1,0xb10ea0d397db942a1083a4af9c6074ab63bc8c8b,1540445182,0.0,0x65b041db3135ed5f76d9486aa56f8ca5dc9a3f5e,OUT,1,0.0,0x4c1706b95acd8522aa5da26a7d0350c945e2d65bdfd90209e96fb468ae8f381f,internal,call,0.020512881355932 Ether
1,0xb10ea0d397db942a1083a4af9c6074ab63bc8c8b,1540160185,6560917.0,0x65b041db3135ed5f76d9486aa56f8ca5dc9a3f5e,OUT,2,0.0,0xfecb9a40251999e45ffba5e485cded3a5ec42acac5e787b7af356311eee8b153,internal,call,0.021435254237288 Ether
1,0xb10ea0d397db942a1083a4af9c6074ab63bc8c8b,1539485463,6513068.0,0x65b041db3135ed5f76d9486aa56f8ca5dc9a3f5e,OUT,2,0.0,0xf679c5d4fd7f0cb5c6130eac796bd15c423894c6ceba55d88482f966312a6918,internal,call,0.00625220338983 Ether
1,0xb10ea0d397db942a1083a4af9c6074ab63bc8c8b,1539680376,6526909.0,0x65b041db3135ed5f76d9486aa56f8ca5dc9a3f5e,OUT,1,0.0,0xab45eee52c656c5998907ca8394284ec05623cb4278cccf8c31b64f9eea2bd10,internal,call,0.002273898305084 Ether
