Class,address,age,block,creator,direction,inter_direction,txFee,txhash,txn_type,type,value
1,0x4e8ecf79ade5e2c49b9e30d795517a81e0bf00b8,1533134413,6071501.0,0xf39e044e1ab204460e06e87c6dca2c6319fc69e3,OUT,1,0.0,0x3206c8705cfaea828a992e5c223db0eea1a6a820ce39da001f79832c1fce43ea,internal,call,0.083833187200596 Ether
1,0x4e8ecf79ade5e2c49b9e30d795517a81e0bf00b8,1532893275,0.0,0xf39e044e1ab204460e06e87c6dca2c6319fc69e3,OUT,1,0.0,0x065a84e4d016a39d041c4d9b70f89d8802e939cfa23dfe694da810b13592a2e2,internal,call,0.062099514603913 Ether
1,0x4e8ecf79ade5e2c49b9e30d795517a81e0bf00b8,1532749175,6044978.0,0xf39e044e1ab204460e06e87c6dca2c6319fc69e3,OUT,2,0.0,0xd7d2113df0d8c0c6f4083e3d94cb47f4d4d15f789fcc449ee82bac831056cdd2,internal,call,0.107369779707671 Ether
1,0x4e8ecf79ade5e2c49b9e30d795517a81e0bf00b8,1532712243,0.0,0xf39e044e1ab204460e06e87c6dca2c6319fc69e3,OUT,2,0.0,0xfcbf16a848af510015b5233bc314294c61a612ed80c12dc3ebe1c1f6a50cc02f,internal,call,0.584475758329345 Ether
1,0x4e8ecf79ade5e2c49b9e30d795517a81e0bf00b8,1532713482,0.0,0xf39e044e1ab204460e06e87c6dca2c6319fc69e3,OUT,1,0.0,0xa15e881684061bb68cc46337420f555baf4bc5a9e8178fdc31a2b585e144266f,internal,call,0.111835850752162 Ether
1,0x4e8ecf79ade5e2c49b9e30d795517a81e0bf00b8,1532722906,0.0,0xf39e044e1ab204460e06e87c6dca2c6319fc69e3,OUT,1,0.0,0xb09fc8a6010670144dcd4755dfc717c2c9ef5a0e6876bb53398fe5870ec4abc4,internal,call,0.213371409904329 Ether
