Class,address,age,block,creator,direction,inter_direction,txFee,txhash,txn_type,type,value
1,0x4e8ecf79ade5e2c49b9e30d795517a81e0bf00b8,1533210186,6076649.0,0xf39e044e1ab204460e06e87c6dca2c6319fc69e3,OUT,1,0.0,0x1e0d78c0130facaf0910c70a6e15393862fa1692632a964c56c6371f86c738a8,internal,call,0.012838115788151 Ether
1,0x4e8ecf79ade5e2c49b9e30d795517a81e0bf00b8,1532715919,0.0,0xf39e044e1ab204460e06e87c6dca2c6319fc69e3,OUT,2,0.0,0xfc86acd1a5392025074a7d0f89cdd45d068ff63bc46689b2a9e0f9d48d5655f8,internal,call,0.348070909125213 Ether
