Class,address,age,block,creator,direction,inter_direction,txFee,txhash,txn_type,type,value
0,0x5af2be193a6abca9c8817001f45744777db30756,1510842467,4565979.0,0x1e10231145c0b670e9ee5a7f5b47172afa3b6186,IN,3,0.00109771,0x378a3974519d0e6cf2810b9dced19ede7792a4adfb2dc77742fa25f0eaa7637e,external,0,0 Ether
0,0x5af2be193a6abca9c8817001f45744777db30756,1510843154,4566026.0,0x1e10231145c0b670e9ee5a7f5b47172afa3b6186,IN,3,0.00078405,0x3c9a8b2e9f91d07bc854a0a35504ac2d7f8b4d3024943e34cf38643edfb3da99,external,0,0 Ether
