Class,address,age,block,creator,direction,inter_direction,txFee,txhash,txn_type,type,value
1,0x4e8ecf79ade5e2c49b9e30d795517a81e0bf00b8,1533457928,6093678.0,0xf39e044e1ab204460e06e87c6dca2c6319fc69e3,OUT,1,0.0,0x1785c65e6e72dfcd8144ec754f5a86305f868eab80b651a79015d2d99aff6c2d,internal,call,0.021384057202322 Ether
1,0x4e8ecf79ade5e2c49b9e30d795517a81e0bf00b8,1532895349,6055150.0,0xf39e044e1ab204460e06e87c6dca2c6319fc69e3,OUT,1,0.0,0x2eb4e547d3ce7cf8aaf17aa3852859cb00559b58a5ccd2793c7009565e1c7afb,internal,call,0.005744174833181 Ether
1,0x4e8ecf79ade5e2c49b9e30d795517a81e0bf00b8,1532892822,6054984.0,0xf39e044e1ab204460e06e87c6dca2c6319fc69e3,OUT,2,0.0,0xc46d3a33c2babec7818d8313459f70329e0a181a275f8f42c2a80187db20ff92,internal,call,0.053137628379624 Ether
1,0x4e8ecf79ade5e2c49b9e30d795517a81e0bf00b8,1532775098,6046765.0,0xf39e044e1ab204460e06e87c6dca2c6319fc69e3,OUT,2,0.0,0xb447b2be7cacfecbc5399be013c459b44ee677a92e86bc152f767d6a194a74cf,internal,call,0.016833512190419 Ether
