Class,address,age,block,creator,direction,inter_direction,txFee,txhash,txn_type,type,value
0,0xc02aaa39b223fe8d0a0e5c4f27ead9083c756cc2,1546109967,6977545.0,0x4f26ffbe5f04ed43630fdc30a87638d53d0b0876,OUT,2,0.0,0x622e8a84c87b6f88ac00e4407786ca20d2980eaa8e88722b7bd123e50234013e,internal,call,112.39521721524894 Ether
0,0xc02aaa39b223fe8d0a0e5c4f27ead9083c756cc2,1546109817,6977538.0,0x4f26ffbe5f04ed43630fdc30a87638d53d0b0876,OUT,2,0.0,0x37f383961c0a7d8c988800e2ffea5c20dcd5a93fcfedddadd29a84cf23d25ba5,internal,call,221.00865306793585 Ether
0,0xc02aaa39b223fe8d0a0e5c4f27ead9083c756cc2,1543821735,6819198.0,0x4f26ffbe5f04ed43630fdc30a87638d53d0b0876,OUT,2,0.0,0xcf612481349c406d6d96e361d74cd5ea980f854c7685a330168378a23e2322f5,internal,call,126 Ether
0,0xc02aaa39b223fe8d0a0e5c4f27ead9083c756cc2,1541688774,6668916.0,0x4f26ffbe5f04ed43630fdc30a87638d53d0b0876,OUT,2,0.0,0x98547b96393858dcd0d2f5658900075a81330f254f47cd5c22c11f7e12f13337,internal,call,19.082283062645011 Ether
0,0xc02aaa39b223fe8d0a0e5c4f27ead9083c756cc2,1541688172,6668874.0,0x4f26ffbe5f04ed43630fdc30a87638d53d0b0876,OUT,2,0.0,0xd7c7238bce357aa1f56eb09e0f5bf1498b484d1c5aa90b60126ea3d762412ecb,internal,call,19.051299303944315 Ether
0,0xc02aaa39b223fe8d0a0e5c4f27ead9083c756cc2,1541687015,6668791.0,0x4f26ffbe5f04ed43630fdc30a87638d53d0b0876,OUT,2,0.0,0x07b7e8c56573b873ef729c3fd0e2388ab1f730a20d61d67b46dd5d0be780187c,internal,call,0.154951276102088 Ether
0,0xc02aaa39b223fe8d0a0e5c4f27ead9083c756cc2,1543533172,6798982.0,0x4f26ffbe5f04ed43630fdc30a87638d53d0b0876,OUT,2,0.0,0x045fc6fdfff3a28238c506059545e92a887fde8c1e83ed4534db1c04cb16e6a7,internal,call,177.099999999999999 Ether
0,0xc02aaa39b223fe8d0a0e5c4f27ead9083c756cc2,1541323495,6643160.0,0x4f26ffbe5f04ed43630fdc30a87638d53d0b0876,OUT,2,0.0,0x69cb145a4f8a6228926b8c968f187d0a6371b8589e86a76e3bd67f155f416c49,internal,call,14.845352336455127 Ether
