Class,address,age,block,creator,direction,inter_direction,txFee,txhash,txn_type,type,value
0,0x5d65d971895edc438f465c17db6992698a52318d,1524973966,5526241.0,0x089731260b16eab0b941cc060ad078fbcda64986,IN,3,0.00013607,0x4286a6387c2bf0a9a208c23f075728a00e0593a8a74039757369ea924519f069,external,0,0 Ether
0,0x5d65d971895edc438f465c17db6992698a52318d,1524973682,5526216.0,0x089731260b16eab0b941cc060ad078fbcda64986,IN,3,0.00022868,0xa91de7db85375f1a5e4509ac3055057bb2a8753403c0b989df8346bb2fa4f4f4,external,0,0 Ether
