Class,address,age,block,creator,direction,inter_direction,txFee,txhash,txn_type,type,value
1,0xb547027a4ccd46ec98199fa88aaedf5aa981db26,1537864243,0.0,0xaf9c025ce6322a23ac00301c714f4f42895c9818,OUT,1,0.0,0x3acc1e562bdf9b429d849a9618d597c0e10c384eef2e38fb9c9b5757f4d68069,internal,call,0.000057291666666 Ether
1,0xb547027a4ccd46ec98199fa88aaedf5aa981db26,1537864172,0.0,0xaf9c025ce6322a23ac00301c714f4f42895c9818,OUT,1,0.0,0x249bebca4381806c6aa35272b3f7e0c49bbbcb473022dc99094d0827e210f7b7,internal,call,0.004086041666666 Ether
