Class,address,age,block,creator,direction,inter_direction,txFee,txhash,txn_type,type,value
0,0x2956356cd2a2bf3202f771f50d3d14a367b48070,1508879361,4424955.0,0xa3b2d1087bcebe59d188a23f75620612d967df72,OUT,1,0.0,0x213d6bb25aa17e07ac2b2cd7b0ec2505bfc5895584bf71382ff28522a06da608,internal,call,0.00000003125 Ether
0,0x2956356cd2a2bf3202f771f50d3d14a367b48070,1508877880,4424850.0,0xa3b2d1087bcebe59d188a23f75620612d967df72,OUT,1,0.0,0x1f68840a3c8188b10856516c8fd730328bef7db38e33c61568858285f2e7fe6e,internal,call,0.00000000625 Ether
