Class,address,age,block,creator,direction,inter_direction,txFee,txhash,txn_type,type,value
0,0x5d65d971895edc438f465c17db6992698a52318d,1523695556,5440116.0,0x089731260b16eab0b941cc060ad078fbcda64986,IN,3,0.00094101,0x5a993105208601122f00e47a2a956a12cce5f28c1eadaca543dad1db215fdcf7,external,0,0 Ether
0,0x5d65d971895edc438f465c17db6992698a52318d,1520207900,5199743.0,0x089731260b16eab0b941cc060ad078fbcda64986,IN,3,0.00207792,0x65b0f0fa05b3a695a2c6baf25d9062fb56024dcde1dfc18dafb37c9e1a8944af,external,0,0 Ether
