Class,address,age,block,creator,direction,inter_direction,txFee,txhash,txn_type,type,value
1,0xb10ea0d397db942a1083a4af9c6074ab63bc8c8b,1539915545,6543552.0,0x65b041db3135ed5f76d9486aa56f8ca5dc9a3f5e,OUT,1,0.0,0x2548609ce0f4e4464ff8464a0cc11352e01e1ea79d755270616ee37c96042511,internal,call,0.000877423728813 Ether
1,0xb10ea0d397db942a1083a4af9c6074ab63bc8c8b,1539853769,6539238.0,0x65b041db3135ed5f76d9486aa56f8ca5dc9a3f5e,OUT,1,0.0,0x3a68f1a81745df840949530c68ee47f856dc44fc59851f547909e3b0389581c1,internal,call,0.00233227118644 Ether
1,0xb10ea0d397db942a1083a4af9c6074ab63bc8c8b,1540108413,6557211.0,0x65b041db3135ed5f76d9486aa56f8ca5dc9a3f5e,OUT,1,0.0,0x8ec6de072f92a6a487a1a15bf4af27b503680cbd7e6cc1a9e1dada150bd2b7ad,internal,call,0.000000610169491 Ether
1,0xb10ea0d397db942a1083a4af9c6074ab63bc8c8b,1540108387,6557208.0,0x65b041db3135ed5f76d9486aa56f8ca5dc9a3f5e,OUT,2,0.0,0xd9fef06b30f1320762cb725d0a79c5b161d3ffd00ddd65daaa913839aa048904,internal,call,0.002777491525423 Ether
1,0xb10ea0d397db942a1083a4af9c6074ab63bc8c8b,1540796483,6605944.0,0x65b041db3135ed5f76d9486aa56f8ca5dc9a3f5e,OUT,1,0.0,0x63543d904ad493634660924f5ea4c55c5e9ea096ae465929c60c1ee084049d80,internal,call,0.009912406779661 Ether
