Class,address,age,block,creator,direction,inter_direction,txFee,txhash,txn_type,type,value
1,0xb10ea0d397db942a1083a4af9c6074ab63bc8c8b,1541213592,6635351.0,0x65b041db3135ed5f76d9486aa56f8ca5dc9a3f5e,OUT,1,0.0,0x84ec0685af32e605d95bd3c3cb56a6d3c81fadbd3aac48a3124cc306a327f7e7,internal,call,0.015697645955796 Ether
1,0xb10ea0d397db942a1083a4af9c6074ab63bc8c8b,1540068118,6554410.0,0x65b041db3135ed5f76d9486aa56f8ca5dc9a3f5e,OUT,2,0.0,0xecb2d44de3a35844feffa15b8e3d1f8cca71c006edf91d6a1caab461e6f29998,internal,call,0.002089491525423 Ether
1,0xb10ea0d397db942a1083a4af9c6074ab63bc8c8b,1540594212,6591658.0,0x65b041db3135ed5f76d9486aa56f8ca5dc9a3f5e,OUT,2,0.0,0xc5f065eb88a0fbdb78a2baea18d348368ca013d8c1db47d485a91685e60c09c6,internal,call,0.002814237569559 Ether
1,0xb10ea0d397db942a1083a4af9c6074ab63bc8c8b,1540884368,6612197.0,0x65b041db3135ed5f76d9486aa56f8ca5dc9a3f5e,OUT,1,0.0,0x73c1158780e002149c9697e3c10dabf5bfb758183205e706e42c8783dbabfc34,internal,call,0.013924761079932 Ether
1,0xb10ea0d397db942a1083a4af9c6074ab63bc8c8b,1540447788,6581281.0,0x65b041db3135ed5f76d9486aa56f8ca5dc9a3f5e,OUT,2,0.0,0xff303e103f4c2fa8e8c629da57078747243c14d75849ed26b0297e0f53c2f5f1,internal,call,0.018217628940406 Ether
1,0xb10ea0d397db942a1083a4af9c6074ab63bc8c8b,1540535594,6587507.0,0x65b041db3135ed5f76d9486aa56f8ca5dc9a3f5e,OUT,1,0.0,0xac9a818185418f11980a9040c8e9d8a6f89429c52e4aff08c590b83da6b5323a,internal,call,0.004221017371254 Ether
