Class,address,age,block,creator,direction,inter_direction,txFee,txhash,txn_type,type,value
0,0x6090a6e47849629b7245dfa1ca21d94cd15878ef,1540132485,6558945.0,0xfdb33f8ac7ce72d7d4795dd8610e323b4c122fbb,IN,3,0.00031662,0x678d1589c5ad8f3f9c3d94b8b51b79e8b53f348448f0d57489593f575af4bad3,external,0,0.001 Ether
0,0x6090a6e47849629b7245dfa1ca21d94cd15878ef,1541566389,6657199.0,0xfdb33f8ac7ce72d7d4795dd8610e323b4c122fbb,IN,3,0.00228659,0xb2bae984a10da27ab7f86b2c58382236b0b767a2a212ef1522476b8074afd7a2,external,0,0.01 Ether
