Class,address,age,block,creator,direction,inter_direction,txFee,txhash,txn_type,type,value
1,0x8a883a20940870dc055f2070ac8ec847ed2d9918,1533303266,6082964.0,0xc14f8469d4bb31c8e69fae9c16e262f45edc3635,OUT,2,0.0,0x69472a28296b01e38ee895ff222d814d29e3c801a2fa3f3435f576a49c3a1c7f,internal,call,0.001639833065295 Ether
1,0x8a883a20940870dc055f2070ac8ec847ed2d9918,1532408234,0.0,0xc14f8469d4bb31c8e69fae9c16e262f45edc3635,OUT,2,0.0,0x29c87f2d4bb985985e9a27c3fdd01d11efe79af8649d0cb16bbb3bff7e2ec0a5,internal,call,0.012965149518683 Ether
