Class,address,age,block,creator,direction,inter_direction,txFee,txhash,txn_type,type,value
1,0xb10ea0d397db942a1083a4af9c6074ab63bc8c8b,1540103479,6556861.0,0x65b041db3135ed5f76d9486aa56f8ca5dc9a3f5e,OUT,1,0.0,0x4940081b5f22ce761e28db76d5aad3208e5531d34d91962af275fb86ac05a79f,internal,call,0.003515167457627 Ether
1,0xb10ea0d397db942a1083a4af9c6074ab63bc8c8b,1540253391,6567527.0,0x65b041db3135ed5f76d9486aa56f8ca5dc9a3f5e,OUT,2,0.0,0xd7f4bd6472d9b3d1cece2e32bc69746001a1d74cc30d3341fb68a16e6b2a7c78,internal,call,0.001538796474576 Ether
