Class,address,age,block,creator,direction,inter_direction,txFee,txhash,txn_type,type,value
1,0xb10ea0d397db942a1083a4af9c6074ab63bc8c8b,1539139321,0.0,0x65b041db3135ed5f76d9486aa56f8ca5dc9a3f5e,OUT,2,0.0,0xe694c571bb55564f4f0f17b298dbfe1cb855f773bcea21c3efb08209bee375e7,internal,call,0.0015 Ether
1,0xb10ea0d397db942a1083a4af9c6074ab63bc8c8b,1539142695,6488702.0,0x65b041db3135ed5f76d9486aa56f8ca5dc9a3f5e,OUT,2,0.0,0xcc590ebb64d820bd8b4d965c630043bd54128e7915e56404a342852602d12dec,internal,call,0.0025 Ether
1,0xb10ea0d397db942a1083a4af9c6074ab63bc8c8b,1539811845,6536252.0,0x65b041db3135ed5f76d9486aa56f8ca5dc9a3f5e,OUT,2,0.0,0xdfd6644577d25544f5d06db5c86b192f1321ab4c20064e3dd552f28f5b2fba2c,internal,call,0.00535 Ether
1,0xb10ea0d397db942a1083a4af9c6074ab63bc8c8b,1539471251,6512071.0,0x65b041db3135ed5f76d9486aa56f8ca5dc9a3f5e,OUT,2,0.0,0xfdf537b1a780f57fc3fd7668af9c34657514ee17f74535affd43e293be8f3872,internal,call,0.00455 Ether
1,0xb10ea0d397db942a1083a4af9c6074ab63bc8c8b,1539205156,6493123.0,0x65b041db3135ed5f76d9486aa56f8ca5dc9a3f5e,OUT,2,0.0,0x08b8a762d8177721a0d3bb004ef855e8eaf1c1a3d3c0fa670ea68b048c0d805d,internal,call,0.0111 Ether
