Class,address,age,block,creator,direction,inter_direction,txFee,txhash,txn_type,type,value
0,0x65a15014964f2102ff58647e16a16a6b9e14bcf6,1502589425,4152158.0,0x30ba5f8fcd3181f785ca6f947eb66485c9a33c90,IN,3,0.00055046,0x31a2d991ff15f85fcf336829f13f3fe176aed21784f6e5ecb63e1dea120479c4,external,0,0 Ether
0,0x65a15014964f2102ff58647e16a16a6b9e14bcf6,1502703231,4157613.0,0x30ba5f8fcd3181f785ca6f947eb66485c9a33c90,IN,3,0.00211264,0x4f76240a56a6e42773342a9d9077b272419a8d43b3589f164740359c114b6f95,external,0,0 Ether
0,0x65a15014964f2102ff58647e16a16a6b9e14bcf6,1503724904,4206015.0,0x30ba5f8fcd3181f785ca6f947eb66485c9a33c90,IN,3,0.00211398,0x8b2ff0d63927b4f2ebb07d116457b5d7a809b23edfff45bc4995c0eaf35e7c74,external,0,0 Ether
