Class,address,age,block,creator,direction,inter_direction,txFee,txhash,txn_type,type,value
1,0x8a883a20940870dc055f2070ac8ec847ed2d9918,1533173905,6074224.0,0xc14f8469d4bb31c8e69fae9c16e262f45edc3635,OUT,2,0.0,0xb3f03f3bcd3d577a1947d1a49e14329f72a6112396498fb3dcadf69cbd1b29bb,internal,call,0.031771373745301 Ether
1,0x8a883a20940870dc055f2070ac8ec847ed2d9918,1532369283,6019130.0,0xc14f8469d4bb31c8e69fae9c16e262f45edc3635,OUT,2,0.0,0x26e3dc7e3eb0984fd4bd0b00ea6e0f4bbdd0d2d875727806a5ce049463f5939c,internal,call,0.009924730446326 Ether
1,0x8a883a20940870dc055f2070ac8ec847ed2d9918,1532538324,6030592.0,0xc14f8469d4bb31c8e69fae9c16e262f45edc3635,OUT,2,0.0,0x2c5d8a78e4c40d6ba8cc4eba471bd2ea53cc71295cfb11f369f1e5d5fe883c5a,internal,call,0.002336930536574 Ether
