Class,address,age,block,creator,direction,inter_direction,txFee,txhash,txn_type,type,value
1,0x8036165ccabee251c886d6121b047c16b5e798b5,1523094468,5398533.0,0x4be640dcce08e68ede454202fbc59cf5f9e8ea1f,OUT,2,0.0,0xf24cbf85a6e5e6b9b91b0859e7477c0b05898cf685a9e08df6e97cc0a8552927,internal,call,0.06368842087178 Ether
1,0x8036165ccabee251c886d6121b047c16b5e798b5,1523091848,5398334.0,0x4be640dcce08e68ede454202fbc59cf5f9e8ea1f,OUT,2,0.0,0xebe1b9895f8a1bd41bf953eb90e20155c5e5e49a34144a98079c77706cf5cb51,internal,call,0.02172779285238 Ether
