Class,address,age,block,creator,direction,inter_direction,txFee,txhash,txn_type,type,value
1,0x536a6ba0d913d5d6a4ce2c6eb7ed0de3c0f0b89e,1537903962,6400701.0,0xb648cc3367571c9166e966d1eb97de3f9ebfb8fd,OUT,1,0.0,0x5ceb4b3359d495f94af4e1835b8a7ca70ca23f7085440b1cc68eef0ba3a973a7,internal,call,0.06244 Ether
1,0x536a6ba0d913d5d6a4ce2c6eb7ed0de3c0f0b89e,1537990604,6406813.0,0xb648cc3367571c9166e966d1eb97de3f9ebfb8fd,OUT,1,0.0,0x44c708a2812dc5c64115c5651afec07cefe1603709a4029e2249eb44f3c3387c,internal,call,0.06454 Ether
1,0x536a6ba0d913d5d6a4ce2c6eb7ed0de3c0f0b89e,1537643397,6382300.0,0xb648cc3367571c9166e966d1eb97de3f9ebfb8fd,OUT,1,0.0,0x8b3b46fe800a148bd2aaaba64dc98948047ec6419ac967ff3cba93c7e485b0c1,internal,call,0.09072 Ether
1,0x536a6ba0d913d5d6a4ce2c6eb7ed0de3c0f0b89e,1537367274,6362974.0,0xb648cc3367571c9166e966d1eb97de3f9ebfb8fd,OUT,1,0.0,0x8304db2ef91eef3fe62fc012f29535a09d8ae831edc56a60e25257f919380e69,internal,call,0.035 Ether
1,0x536a6ba0d913d5d6a4ce2c6eb7ed0de3c0f0b89e,1537730477,0.0,0xb648cc3367571c9166e966d1eb97de3f9ebfb8fd,OUT,1,0.0,0x75b05934bfc8fa0563aa148ff7fa0ac5a984ee7f8b3da90fdf7e6447f3b98fda,internal,call,0.05824 Ether
1,0x536a6ba0d913d5d6a4ce2c6eb7ed0de3c0f0b89e,1537817351,6394576.0,0xb648cc3367571c9166e966d1eb97de3f9ebfb8fd,OUT,1,0.0,0x4510e69077c9b5bf52d2c407c5f1f5aadad4d28817f8ce134c85b2094d18bfb9,internal,call,0.06034 Ether
