Class,address,age,block,creator,direction,inter_direction,txFee,txhash,txn_type,type,value
0,0x6810e776880c02933d47db1b9fc05908e5386b96,1511521545,4614827.0,0xbe4e25443df23382228e6347b06565edd838f901,IN,3,0.00051473,0x2d6bb1029a892e7adf8eca915b1ea99fa12a8f84f51e0e9df741772965383d6b,external,0,0 Ether
0,0x6810e776880c02933d47db1b9fc05908e5386b96,1511526394,4615163.0,0xbe4e25443df23382228e6347b06565edd838f901,IN,3,0.00051473,0x2f1afe660e525a24ebdaec15eb693ba443a2a1954080b5d1136736e9c55ee5a4,external,0,0 Ether
0,0x6810e776880c02933d47db1b9fc05908e5386b96,1511521310,4614806.0,0xbe4e25443df23382228e6347b06565edd838f901,IN,3,0.00023913,0x5465c33a267fedfb146b49f3d70fafd2b845017ee8fa47fe35bac305112be465,external,0,0 Ether
0,0x6810e776880c02933d47db1b9fc05908e5386b96,1511786811,4633724.0,0xbe4e25443df23382228e6347b06565edd838f901,IN,3,0.00036473,0x551a280f650775004103812d82fc0026cbc4feee394ff3e7b061b9f8007a9ea1,external,0,0 Ether
0,0x6810e776880c02933d47db1b9fc05908e5386b96,1511521428,4614816.0,0xbe4e25443df23382228e6347b06565edd838f901,IN,3,0.00051473,0x8b6084c182c482e45fbe5cf81c123ebbd8760f32686379d3fdbbb8ae82d1582b,external,0,0 Ether
0,0x6810e776880c02933d47db1b9fc05908e5386b96,1511526740,4615202.0,0xbe4e25443df23382228e6347b06565edd838f901,IN,3,0.00036473,0x9efa43245f4eb6ae1adda33f4c2891b68ad8885cf364ee15bfc78d571faeeb96,external,0,0 Ether
