Class,address,age,block,creator,direction,inter_direction,txFee,txhash,txn_type,type,value
1,0xb2816223fddc21aca553ba208c7b7a13b27c207c,1541735612,6672216.0,0x50b69eb0234c84e44a6951ba0ad2e316a81d0900,OUT,2,0.0,0x4c0f25cb5de3d37d39dbd8d0a46694e8d1147eed696d1f538f7e71cd3f130099,internal,call,0.099 Ether
1,0xb2816223fddc21aca553ba208c7b7a13b27c207c,1541317005,6642728.0,0x50b69eb0234c84e44a6951ba0ad2e316a81d0900,OUT,2,0.0,0x59c69ef78d186c215cc54677e4904b578895aa92e4da6d09126a98531e275b1b,internal,call,0.058868333333333 Ether
1,0xb2816223fddc21aca553ba208c7b7a13b27c207c,1541982524,6689665.0,0x50b69eb0234c84e44a6951ba0ad2e316a81d0900,OUT,2,0.0,0x8772d97a76334a92a118f33cc3287958fd16b5731b6e112e8a7314ec69cb32b5,internal,call,0.094306666666666 Ether
1,0xb2816223fddc21aca553ba208c7b7a13b27c207c,1541162877,6631801.0,0x50b69eb0234c84e44a6951ba0ad2e316a81d0900,OUT,2,0.0,0xa8b7ea76bd2a6251502cee060017545aea485306465bc91e83fdaad1a94e4765,internal,call,0.080593715277777 Ether
1,0xb2816223fddc21aca553ba208c7b7a13b27c207c,1541087342,0.0,0x50b69eb0234c84e44a6951ba0ad2e316a81d0900,OUT,2,0.0,0x5407f9f74d4e59826c2e006004edf05536cb96b4a7b68e18a0854f75bf39fe04,internal,call,0.0117 Ether
1,0xb2816223fddc21aca553ba208c7b7a13b27c207c,1541276923,6639892.0,0x50b69eb0234c84e44a6951ba0ad2e316a81d0900,OUT,2,0.0,0x1476d40f3f0846394b008298e7cfba63fb614224dec7bb788dba2224a68e031a,internal,call,0.00132 Ether
1,0xb2816223fddc21aca553ba208c7b7a13b27c207c,1541180829,6633048.0,0x50b69eb0234c84e44a6951ba0ad2e316a81d0900,OUT,2,0.0,0x3ce7e0b4494e84c5d3183a3c2fb5d2fe9f1cf71fb7fe9cc4b7832a1fdaee45ae,internal,call,0.00069 Ether
1,0xb2816223fddc21aca553ba208c7b7a13b27c207c,1541484070,6654420.0,0x50b69eb0234c84e44a6951ba0ad2e316a81d0900,OUT,2,0.0,0x3ff560222bee7837e98ec51b90c5f15253ddeb856ff5099505d98320535abc6b,internal,call,0.00084 Ether
