Class,address,age,block,creator,direction,inter_direction,txFee,txhash,txn_type,type,value
1,0x9b5bbb16a7a68660f6503eff6c8e3159820d6396,1540373191,6576020.0,0xdacca760db181e54d96b9a061acc0d2d48a05593,OUT,2,0.0,0x02bdda69ee16fde338a556a7d51c5c2b24e72a749d4c020bc667c1174343ae38,internal,call,0.65875 Ether
1,0x9b5bbb16a7a68660f6503eff6c8e3159820d6396,1539940980,6545368.0,0xdacca760db181e54d96b9a061acc0d2d48a05593,OUT,2,0.0,0x39f26298397a36ba9de4b2949f2dc8a87c669db6dbf919b03baa50f6904e8ef8,internal,call,0.7905 Ether
1,0x9b5bbb16a7a68660f6503eff6c8e3159820d6396,1540459794,6582171.0,0xdacca760db181e54d96b9a061acc0d2d48a05593,OUT,2,0.0,0x7b0373b695f47013a828e737da714251f715d076b08557274fefbc321781b5d8,internal,call,0.13175 Ether
1,0x9b5bbb16a7a68660f6503eff6c8e3159820d6396,1539163052,6490084.0,0xdacca760db181e54d96b9a061acc0d2d48a05593,OUT,2,0.0,0xfbe7c32b586efc817b83164cc406d0b43854b623630823fff0db6f46c9bc6d49,internal,call,0.92225 Ether
1,0x9b5bbb16a7a68660f6503eff6c8e3159820d6396,1539422366,6508649.0,0xdacca760db181e54d96b9a061acc0d2d48a05593,OUT,2,0.0,0x79eb7f200cd1a9c6315775eac5ad35bc3ea0d5ce44d459d035009bf2149729d3,internal,call,0.39525 Ether
1,0x9b5bbb16a7a68660f6503eff6c8e3159820d6396,1538558039,6446849.0,0xdacca760db181e54d96b9a061acc0d2d48a05593,OUT,2,0.0,0x12a78d31b16d17dbcfc051e7becf495e6ad371f8ed921f59990dc9f871663a09,internal,call,0.39525 Ether
1,0x9b5bbb16a7a68660f6503eff6c8e3159820d6396,1540547243,6588344.0,0xdacca760db181e54d96b9a061acc0d2d48a05593,OUT,2,0.0,0xd9df353ac5b53ad7466a1171072c4ecc8a69cd12e8236f15c541e53be71d9a0c,internal,call,0.13175 Ether
