Class,address,age,block,creator,direction,inter_direction,txFee,txhash,txn_type,type,value
1,0x8da9ccf44fa08f651b71fa76f4ed41796b428f61,1526497927,5627017.0,0x15fda64fcdbca27a60aa8c6ca882aa3e1de4ea41,OUT,2,0.0,0x33e26098af7a51dfd02cbc92be72dba51c5369b515a69ade846c2342267ababb,internal,call,0.005408668312437 Ether
1,0x8da9ccf44fa08f651b71fa76f4ed41796b428f61,1526483792,5626087.0,0x15fda64fcdbca27a60aa8c6ca882aa3e1de4ea41,OUT,2,0.0,0xf65286ef39472ef497bb06cfb45da46f3748b6098d70beb1104e43f7ee3dba4d,internal,call,0.000000009593331 Ether
