Class,address,age,block,creator,direction,inter_direction,txFee,txhash,txn_type,type,value
1,0x4e8ecf79ade5e2c49b9e30d795517a81e0bf00b8,1533577617,6101924.0,0xf39e044e1ab204460e06e87c6dca2c6319fc69e3,OUT,1,0.0,0x632a41ed239cf112ed9534e8ccc555de6a4a563ac6846dcb9bff79191c253e68,internal,call,0.017152694658595 Ether
1,0x4e8ecf79ade5e2c49b9e30d795517a81e0bf00b8,1532931323,6057643.0,0xf39e044e1ab204460e06e87c6dca2c6319fc69e3,OUT,1,0.0,0x1347b47a419efaf0b356573b3b1f5f8610c785f4b428b575e5b6c09dc94e6605,internal,call,0.063288240519467 Ether
