Class,address,age,block,creator,direction,inter_direction,txFee,txhash,txn_type,type,value
1,0x4e8ecf79ade5e2c49b9e30d795517a81e0bf00b8,1532796519,6045268.0,0xf39e044e1ab204460e06e87c6dca2c6319fc69e3,OUT,1,0.0,0x1ca7579348b6a9fa9254d30a202fbcf6ff168c55d5098c58ce07a19acbbba874,internal,call,0.011947373529134 Ether
1,0x4e8ecf79ade5e2c49b9e30d795517a81e0bf00b8,1532715254,6042654.0,0xf39e044e1ab204460e06e87c6dca2c6319fc69e3,OUT,1,0.0,0x45e6e2a93ea57b5670fa975297ec46ed845e77d4035726c5f6daef9b20e837ed,internal,call,1.045640314932833 Ether
1,0x4e8ecf79ade5e2c49b9e30d795517a81e0bf00b8,1532723481,0.0,0xf39e044e1ab204460e06e87c6dca2c6319fc69e3,OUT,1,0.0,0x4031a9c4cad7f77789f2d12f60fe7caeb267ba46a04bcf46dc81ead165b54faa,internal,call,0.188159558330555 Ether
1,0x4e8ecf79ade5e2c49b9e30d795517a81e0bf00b8,1532717756,6042835.0,0xf39e044e1ab204460e06e87c6dca2c6319fc69e3,OUT,1,0.0,0x25224b402bdedeccc280d3aeaae054114dde00bb84aa649ffbb592709d0cc86c,internal,call,0.065094801775402 Ether
