Class,address,age,block,creator,direction,inter_direction,txFee,txhash,txn_type,type,value
1,0x8a883a20940870dc055f2070ac8ec847ed2d9918,1532297256,6014282.0,0xc14f8469d4bb31c8e69fae9c16e262f45edc3635,OUT,2,0.0,0x4f8f33fc7e5d50414648a9b62d0eea72da9bf3a0a0d838ecf177bc89facd5aed,internal,call,0.081575935243125 Ether
1,0x8a883a20940870dc055f2070ac8ec847ed2d9918,1533165067,0.0,0xc14f8469d4bb31c8e69fae9c16e262f45edc3635,OUT,2,0.0,0xa561b14cbcd8e16418c2eae1ce54de56a5385a2367b29c00267d3a9e137c1eca,internal,call,0.005708825995465 Ether
1,0x8a883a20940870dc055f2070ac8ec847ed2d9918,1532296420,0.0,0xc14f8469d4bb31c8e69fae9c16e262f45edc3635,OUT,2,0.0,0x20e95cc8551fc699326820010cd5ddfa445b5c35c16d05d63614bf8c44d330c3,internal,call,0.03102530297127 Ether
1,0x8a883a20940870dc055f2070ac8ec847ed2d9918,1532341189,6017247.0,0xc14f8469d4bb31c8e69fae9c16e262f45edc3635,OUT,2,0.0,0x2199adfb24374969f187849986b8cca5780274342da43de69217e8cff6b16faa,internal,call,0.015635570524838 Ether
