Class,address,age,block,creator,direction,inter_direction,txFee,txhash,txn_type,type,value
1,0x4e8ecf79ade5e2c49b9e30d795517a81e0bf00b8,1533078369,0.0,0xf39e044e1ab204460e06e87c6dca2c6319fc69e3,OUT,1,0.0,0x8d9dbb86f6304e7dd5aec57a8023811671cd5b14124bb905bfb90a46f09d5a75,internal,call,0.079079911177922 Ether
1,0x4e8ecf79ade5e2c49b9e30d795517a81e0bf00b8,1533010231,6060106.0,0xf39e044e1ab204460e06e87c6dca2c6319fc69e3,OUT,2,0.0,0xcccb52d2697fa97f48c583753091f778cf37f011dbacc1e5a279f77455458f29,internal,call,0.024650423158388 Ether
1,0x4e8ecf79ade5e2c49b9e30d795517a81e0bf00b8,1533100757,6069193.0,0xf39e044e1ab204460e06e87c6dca2c6319fc69e3,OUT,1,0.0,0x493d0e7982695324c797db2792114dc168b35e137be3ce05f3acf26ee88870da,internal,call,0.017779664142246 Ether
