Class,address,age,block,creator,direction,inter_direction,txFee,txhash,txn_type,type,value
1,0x4e8ecf79ade5e2c49b9e30d795517a81e0bf00b8,1540900004,6613254.0,0xf39e044e1ab204460e06e87c6dca2c6319fc69e3,OUT,2,0.0,0xde745b83a4a8d898f6dd730ed6d3cd70e126238b6e7688456b3e8e3979d25a27,internal,call,0.003125953586876 Ether
1,0x4e8ecf79ade5e2c49b9e30d795517a81e0bf00b8,1532724383,0.0,0xf39e044e1ab204460e06e87c6dca2c6319fc69e3,OUT,1,0.0,0xa164778d885f4569dff9c94bcb0b457d742096cdc04a2983e444f15ee5e6b46a,internal,call,0.459898900031944 Ether
