Class,address,age,block,creator,direction,inter_direction,txFee,txhash,txn_type,type,value
1,0x4e8ecf79ade5e2c49b9e30d795517a81e0bf00b8,1541845246,6679956.0,0xf39e044e1ab204460e06e87c6dca2c6319fc69e3,OUT,1,0.0,0x890f0d1067e42dae95d90a1cce812c21796b480feea19976321666e141b1a418,internal,call,0.094663256851197 Ether
1,0x4e8ecf79ade5e2c49b9e30d795517a81e0bf00b8,1533283490,6081624.0,0xf39e044e1ab204460e06e87c6dca2c6319fc69e3,OUT,1,0.0,0xaed9563d9af15e4aab906368d3cc89050d92d8a7fb746424b097a14bc82316d6,internal,call,0.069862469148891 Ether
