Class,address,age,block,creator,direction,inter_direction,txFee,txhash,txn_type,type,value
1,0x7e0529eb456a7c806b5fe7b3d69a805339a06180,1537904641,6400748.0,0x8c691931c6c4ecd92ecc26f9706faaf4aebe137d,OUT,2,0.0,0xc7aa519a2c0112851cfc7301453bba7a3a6feb16b5268dd5264cb173020e0a2d,internal,call,0.485112963771889 Ether
1,0x7e0529eb456a7c806b5fe7b3d69a805339a06180,1538541490,6442706.0,0x8c691931c6c4ecd92ecc26f9706faaf4aebe137d,OUT,2,0.0,0xc0bba0aa42db61ba04059e54d62df65fb02b1f9527212e17093c5a7a8df47e2e,internal,call,1.586451600761466 Ether
