Class,address,age,block,creator,direction,inter_direction,txFee,txhash,txn_type,type,value
1,0x4e8ecf79ade5e2c49b9e30d795517a81e0bf00b8,1532713491,6042531.0,0xf39e044e1ab204460e06e87c6dca2c6319fc69e3,OUT,1,0.0,0x0bf95ded10d5b58a3209f5e86766e71297638a78eb8e34acbf2ffeccdec169b3,internal,call,2.993508788791311 Ether
1,0x4e8ecf79ade5e2c49b9e30d795517a81e0bf00b8,1532724501,0.0,0xf39e044e1ab204460e06e87c6dca2c6319fc69e3,OUT,2,0.0,0xf7e3d4029e5a0bb4a7ecf3bb817aa0c6308ec719dcf14cd7f11c98328e7cf6c7,internal,call,0.131174908347887 Ether
