Class,address,age,block,creator,direction,inter_direction,txFee,txhash,txn_type,type,value
1,0x4e8ecf79ade5e2c49b9e30d795517a81e0bf00b8,1532957821,6059478.0,0xf39e044e1ab204460e06e87c6dca2c6319fc69e3,OUT,1,0.0,0x2af2f68ab5991fd39353034fdeca30406890c893a01c83469ebac4dc23b38c16,internal,call,0.004035543395542 Ether
1,0x4e8ecf79ade5e2c49b9e30d795517a81e0bf00b8,1532792973,6048045.0,0xf39e044e1ab204460e06e87c6dca2c6319fc69e3,OUT,1,0.0,0x9c83ac6d9533564b9afa6526e2e598592696d434b68e7631005ba3251e412095,internal,call,0.016413853113767 Ether
1,0x4e8ecf79ade5e2c49b9e30d795517a81e0bf00b8,1532784770,6047430.0,0xf39e044e1ab204460e06e87c6dca2c6319fc69e3,OUT,1,0.0,0x02ec9cdce097b18a9f0148e88a1ef56e17ae0325553d749846bbc6bafc96337c,internal,call,0.043089363223133 Ether
1,0x4e8ecf79ade5e2c49b9e30d795517a81e0bf00b8,1532944052,6058528.0,0xf39e044e1ab204460e06e87c6dca2c6319fc69e3,OUT,1,0.0,0x8639ddbc7d071c0dd557f86f617fe971b458ad7607b918b8b67703288952d54a,internal,call,0.01727430016426 Ether
1,0x4e8ecf79ade5e2c49b9e30d795517a81e0bf00b8,1532953657,6059203.0,0xf39e044e1ab204460e06e87c6dca2c6319fc69e3,OUT,1,0.0,0x98d89346f89d03028c7f6bd01ec5b1cfeea2583950ebe50019cff0f5faf7eab5,internal,call,0.005372078408178 Ether
1,0x4e8ecf79ade5e2c49b9e30d795517a81e0bf00b8,1532838360,6048192.0,0xf39e044e1ab204460e06e87c6dca2c6319fc69e3,OUT,2,0.0,0xd0e8c98c56f2a1c41143919cdd9600ffbce1adce0d2c4f857025f0a48e53d7ed,internal,call,0.016176377168958 Ether
1,0x4e8ecf79ade5e2c49b9e30d795517a81e0bf00b8,1532728489,0.0,0xf39e044e1ab204460e06e87c6dca2c6319fc69e3,OUT,1,0.0,0x314e70bc50e2f4774f0be914b3f6e7041b2db9a4a08e9aeed1480b26223b53d1,internal,call,0.116525597667559 Ether
1,0x4e8ecf79ade5e2c49b9e30d795517a81e0bf00b8,1532787431,6047606.0,0xf39e044e1ab204460e06e87c6dca2c6319fc69e3,OUT,1,0.0,0xad55658a610d506fa878cb6968d6b31037ef2cbc6771862a6150238abe324708,internal,call,0.011125108323012 Ether
