Class,address,age,block,creator,direction,inter_direction,txFee,txhash,txn_type,type,value
1,0x51e9244bae3fca7473fe48651dfd7db53aa55856,1536593537,6308787.0,0xe67e6e677d272a087a3828209e21fe62fe8d4881,OUT,2,0.0,0x9edfb5430783d4577c68aab1169c3433e50844a98fa3c053fb34dfe2866ef119,internal,call,0.000917535778882 Ether
1,0x51e9244bae3fca7473fe48651dfd7db53aa55856,1535947514,6261332.0,0xe67e6e677d272a087a3828209e21fe62fe8d4881,OUT,2,0.0,0x7f9a8c95e0311b22cfcf94abe9c8117b2810cb85b1a22c5152b2e64f2d649d51,internal,call,0.000559622303833 Ether
1,0x51e9244bae3fca7473fe48651dfd7db53aa55856,1541184447,6633286.0,0xe67e6e677d272a087a3828209e21fe62fe8d4881,OUT,2,0.0,0xf18843cc1be9e54e2ba1b8fabd2b2d26817af8741d984b64fd3221502859f4c5,internal,call,0.007744314816126 Ether
