Class,address,age,block,creator,direction,inter_direction,txFee,txhash,txn_type,type,value
1,0x4e8ecf79ade5e2c49b9e30d795517a81e0bf00b8,1535389460,6225990.0,0xf39e044e1ab204460e06e87c6dca2c6319fc69e3,OUT,1,0.0,0x62c387e1e2eb6865064c889d4be92e138abddfcce6e513a95301adedc2dfc282,internal,call,0.025917900385681 Ether
1,0x4e8ecf79ade5e2c49b9e30d795517a81e0bf00b8,1532886521,0.0,0xf39e044e1ab204460e06e87c6dca2c6319fc69e3,OUT,1,0.0,0x9712cc5941a5525fccec0c0aaebeae0d1833fa958e8ca4c20e71450f7d05dc25,internal,call,0.079315833537595 Ether
