Class,address,age,block,creator,direction,inter_direction,txFee,txhash,txn_type,type,value
0,0xc02aaa39b223fe8d0a0e5c4f27ead9083c756cc2,1534592475,6171311.0,0x4f26ffbe5f04ed43630fdc30a87638d53d0b0876,OUT,2,0.0,0xc1ac9b2938cdff15cfd9d5d918ea611c84d6348add3707b6681fd306c9b28fcd,internal,call,0.02171 Ether
0,0xc02aaa39b223fe8d0a0e5c4f27ead9083c756cc2,1534591595,6171247.0,0x4f26ffbe5f04ed43630fdc30a87638d53d0b0876,OUT,2,0.0,0x6c4904449fd3ca196d52cbc6e027c24ebc4c9b43e3bb85f9b7e3a4b25502d9cd,internal,call,0.0108461 Ether
0,0xc02aaa39b223fe8d0a0e5c4f27ead9083c756cc2,1534603019,0.0,0x4f26ffbe5f04ed43630fdc30a87638d53d0b0876,OUT,2,0.0,0x734f9c0a0a955997b4c039096c95012e4e8c4f285d54a3cca315dafaf3613615,internal,call,0.1852044 Ether
0,0xc02aaa39b223fe8d0a0e5c4f27ead9083c756cc2,1534598269,6171711.0,0x4f26ffbe5f04ed43630fdc30a87638d53d0b0876,OUT,2,0.0,0x35c58b440eebb091a7db814fe8028d2cf8025fb08c48b18c12bb36f8cd08d9fa,internal,call,0.1088508 Ether
