Class,address,age,block,creator,direction,inter_direction,txFee,txhash,txn_type,type,value
1,0x7b307c1f0039f5d38770e15f8043b3dd26da5e8f,1540023439,6551220.0,0xe1f3294e25bb72a2fb53addb82aa1a033797e6e3,IN,3,0.00019881,0x3e61a5a51eea13e181151720f14ee7031925c5280265f57322078a93ed6715a9,external,0,0 Ether
1,0x7b307c1f0039f5d38770e15f8043b3dd26da5e8f,1540549024,6588457.0,0xe1f3294e25bb72a2fb53addb82aa1a033797e6e3,IN,3,0.00019881,0x4dfe1046edaa0c1fef37c159fd359f425a34d30a68bcafaee3fab1f574c183d9,external,0,0 Ether
1,0x7b307c1f0039f5d38770e15f8043b3dd26da5e8f,1539597670,6521053.0,0xe1f3294e25bb72a2fb53addb82aa1a033797e6e3,IN,3,0.00011928,0x569d4152787680fbdcc43ec3492d08ec41bb539ef09d76b2910482214d34d971,external,0,0 Ether
1,0x7b307c1f0039f5d38770e15f8043b3dd26da5e8f,1538883350,6470073.0,0xe1f3294e25bb72a2fb53addb82aa1a033797e6e3,IN,3,0.00011928,0x74487e00f385de4ed89e7b98d76f53ba6f072d6fb5756f1f5f7662789fc87afe,external,0,0 Ether
1,0x7b307c1f0039f5d38770e15f8043b3dd26da5e8f,1538537629,6445454.0,0xe1f3294e25bb72a2fb53addb82aa1a033797e6e3,IN,3,0.00037003,0x808d50f97b72429e3e18f1e51f102b403bdddce3aaf270a249bc3eeda92f3f6c,external,0,0.14 Ether
