Class,address,age,block,creator,direction,inter_direction,txFee,txhash,txn_type,type,value
1,0xaf6de38ffc92e0d52857f864048d7af2f345a3cf,1525517934,5562029.0,0x7e474fe5cfb720804860215f407111183cbc2f85,OUT,2,0.0,0xf3a2241b7e147b4d95d3587080640c882c3bb91c086d7a2ad2dd7dca44c3d09b,internal,call,3.682741759680836 Ether
1,0xaf6de38ffc92e0d52857f864048d7af2f345a3cf,1525517725,5562018.0,0x7e474fe5cfb720804860215f407111183cbc2f85,OUT,2,0.0,0x65014f8df76b3b641bff8e073b25d7a4166bd01157d47715b560d4838ce68cec,internal,call,0.002472047258314 Ether
