Class,address,age,block,creator,direction,inter_direction,txFee,txhash,txn_type,type,value
1,0x4e8ecf79ade5e2c49b9e30d795517a81e0bf00b8,1532714960,0.0,0xf39e044e1ab204460e06e87c6dca2c6319fc69e3,OUT,1,0.0,0x332e2ca80d9a3edf7e184c8e856dc89b81bb17445f9c2338fbf9de85e05975de,internal,call,0.440745822963775 Ether
1,0x4e8ecf79ade5e2c49b9e30d795517a81e0bf00b8,1532723350,0.0,0xf39e044e1ab204460e06e87c6dca2c6319fc69e3,OUT,2,0.0,0xd4d6098f9b92a2e8e46dbbc1d057c64f8844808bfcb29632c22c4a48cfcb5d2e,internal,call,0.212454591502135 Ether
