Class,address,age,block,creator,direction,inter_direction,txFee,txhash,txn_type,type,value
1,0xb10ea0d397db942a1083a4af9c6074ab63bc8c8b,1540324512,6572546.0,0x65b041db3135ed5f76d9486aa56f8ca5dc9a3f5e,OUT,1,0.0,0x2974b406ac8fa4cf1864ab90fcc97d727babe422690c0bd76e235c30158a92d5,internal,call,0.003782711864406 Ether
1,0xb10ea0d397db942a1083a4af9c6074ab63bc8c8b,1539499696,6514109.0,0x65b041db3135ed5f76d9486aa56f8ca5dc9a3f5e,OUT,1,0.0,0x777722c6f22e866b750be4359f55428b9244eae4eb832efdb768b0c4ec96540b,internal,call,0.003062711864406 Ether
1,0xb10ea0d397db942a1083a4af9c6074ab63bc8c8b,1540052947,6550228.0,0x65b041db3135ed5f76d9486aa56f8ca5dc9a3f5e,OUT,1,0.0,0x8f49d1bedbe5f188a15fc2a66f867bdf96613c437e79b1c59a51e3a234a438a7,internal,call,0.006121864406779 Ether
