Class,address,age,block,creator,direction,inter_direction,txFee,txhash,txn_type,type,value
1,0x702392282255f8c0993dbbbb148d80d2ef6795b1,1523124940,5400659.0,0xfea0904acc8df0f3288b6583f60b86c36ea52acd,OUT,2,0.0,0x2b08b5105f4521d9d40fe800c6b90ab2a4f4aace06c8b70199a6990367fa2bf5,internal,call,1.661472941867362 Ether
1,0x702392282255f8c0993dbbbb148d80d2ef6795b1,1523120936,5400354.0,0xfea0904acc8df0f3288b6583f60b86c36ea52acd,OUT,2,0.0,0x47aa9e2d58ce69a1fac0df3bebd15ce4ff9144612be2e76796136a999eefb4d9,internal,call,0.378753283464254 Ether
