Class,address,age,block,creator,direction,inter_direction,txFee,txhash,txn_type,type,value
1,0xb2816223fddc21aca553ba208c7b7a13b27c207c,1542989176,6757694.0,0x50b69eb0234c84e44a6951ba0ad2e316a81d0900,OUT,2,0.0,0x5104ac3408a55da0521e6227de49e5dd799fbe2b9348c72ae0bd182451ffa555,internal,call,0.001064277572706 Ether
1,0xb2816223fddc21aca553ba208c7b7a13b27c207c,1542816322,6745469.0,0x50b69eb0234c84e44a6951ba0ad2e316a81d0900,OUT,2,0.0,0x189123360e940292d99777b7eedc64e849b1eeaf30fec99f9f0d7c08c78b55f9,internal,call,0.001064419185768 Ether
1,0xb2816223fddc21aca553ba208c7b7a13b27c207c,1543335018,6782064.0,0x50b69eb0234c84e44a6951ba0ad2e316a81d0900,OUT,2,0.0,0x147ba6299b31c6bbd4febaf1616791782d45e6b5b711125e93697fc17baab375,internal,call,0.001064763982788 Ether
1,0xb2816223fddc21aca553ba208c7b7a13b27c207c,1542643445,6733388.0,0x50b69eb0234c84e44a6951ba0ad2e316a81d0900,OUT,2,0.0,0x5c18645a75da70fdacf5060cf61287e130e4d7ea02398fa727ff084ae1c58c65,internal,call,0.001064252944347 Ether
1,0xb2816223fddc21aca553ba208c7b7a13b27c207c,1542470595,6721151.0,0x50b69eb0234c84e44a6951ba0ad2e316a81d0900,OUT,2,0.0,0x4d244894ac0707876311bf716544ca778162bee8ef583bbceecf660802d74e9f,internal,call,0.001064283729796 Ether
1,0xb2816223fddc21aca553ba208c7b7a13b27c207c,1541908599,6684431.0,0x50b69eb0234c84e44a6951ba0ad2e316a81d0900,OUT,2,0.0,0x14c6329a612553ba779ead15d86db5453488bca1911a74275f62e16d81176b07,internal,call,0.001252961584737 Ether
1,0xb2816223fddc21aca553ba208c7b7a13b27c207c,1542124838,6696732.0,0x50b69eb0234c84e44a6951ba0ad2e316a81d0900,OUT,2,0.0,0x60f43016c83de3368635e97607d6da81267506ebd42fb2126a29db9e9234e493,internal,call,0.001065416634289 Ether
1,0xb2816223fddc21aca553ba208c7b7a13b27c207c,1542297740,6708902.0,0x50b69eb0234c84e44a6951ba0ad2e316a81d0900,OUT,2,0.0,0xeabd6b2eb9187894bf192c5aa64b75848eb5e9973b59f6c632b90e8de8af6b03,internal,call,0.001064573113009 Ether
1,0xb2816223fddc21aca553ba208c7b7a13b27c207c,1543162085,0.0,0x50b69eb0234c84e44a6951ba0ad2e316a81d0900,OUT,2,0.0,0x8e1a0defa0cba54ab73194d2414139ca44626aeff1e32681d1cc203dec6c24a7,internal,call,0.001064616212636 Ether
