Class,address,age,block,creator,direction,inter_direction,txFee,txhash,txn_type,type,value
1,0x4f3db6d4c97b8248ad5e244e4f619086084f6848,1543714866,6811735.0,0xac560ed699346e4e3a3c2106ac90136883f7f624,OUT,2,0.0,0x220118ec95133ce7cbd0fa1eed2f54d31f28591bdf36400173f3656c16bc6db4,internal,call,0.530635420689895 Ether
1,0x4f3db6d4c97b8248ad5e244e4f619086084f6848,1543790632,6817046.0,0xac560ed699346e4e3a3c2106ac90136883f7f624,OUT,2,0.0,0x1b1518b5f87b3aa373ab8301911fb312cdc49f339926d08208d2b36aa2619b58,internal,call,0.006708942497857 Ether
1,0x4f3db6d4c97b8248ad5e244e4f619086084f6848,1540677382,0.0,0xac560ed699346e4e3a3c2106ac90136883f7f624,OUT,2,0.0,0x0c6957720722d22e714a403077fbfed517ad3d9072c9fff6279f4737edee4500,internal,call,0.002525092045091 Ether
1,0x4f3db6d4c97b8248ad5e244e4f619086084f6848,1543752038,6814326.0,0xac560ed699346e4e3a3c2106ac90136883f7f624,OUT,2,0.0,0x48487ff16e39b0f139e97e5671c4c62bd944402be3c8c3c51fb0b34f5889cfe0,internal,call,0.006446874431534 Ether
