Class,address,age,block,creator,direction,inter_direction,txFee,txhash,txn_type,type,value
1,0x4e8ecf79ade5e2c49b9e30d795517a81e0bf00b8,1535119979,6207501.0,0xf39e044e1ab204460e06e87c6dca2c6319fc69e3,OUT,1,0.0,0x53c132e21d67f170bb45395653b937199b29195e148c220fc5dca82e9ab6f6eb,internal,call,0.014941784224326 Ether
1,0x4e8ecf79ade5e2c49b9e30d795517a81e0bf00b8,1535227938,6214923.0,0xf39e044e1ab204460e06e87c6dca2c6319fc69e3,OUT,1,0.0,0x0981380c031ea2d2a12376b58c266f084632b98bc46d64fef6112642e4dfb3e1,internal,call,0.016830208724534 Ether
1,0x4e8ecf79ade5e2c49b9e30d795517a81e0bf00b8,1533948763,6127323.0,0xf39e044e1ab204460e06e87c6dca2c6319fc69e3,OUT,1,0.0,0xb288c34fe353b700d4b4d0b80a89bb80a2d30132f82dbd9c225e3b6e38340685,internal,call,0.11512831712633 Ether
1,0x4e8ecf79ade5e2c49b9e30d795517a81e0bf00b8,1533651886,6106960.0,0xf39e044e1ab204460e06e87c6dca2c6319fc69e3,OUT,1,0.0,0x8913d38a17ee81aa269522e7abe58de67191b06809bb76a67d346e3ff0be18cb,internal,call,0.008096593067512 Ether
1,0x4e8ecf79ade5e2c49b9e30d795517a81e0bf00b8,1533477441,6095026.0,0xf39e044e1ab204460e06e87c6dca2c6319fc69e3,OUT,1,0.0,0x7c03a8da560211dea84867467865b60c62fdf985c74bbe2126456f3341215712,internal,call,0.023635856917891 Ether
1,0x4e8ecf79ade5e2c49b9e30d795517a81e0bf00b8,1533295441,6082451.0,0xf39e044e1ab204460e06e87c6dca2c6319fc69e3,OUT,1,0.0,0x7158d436eef4e9a73bf83c19b24fe2bff02c957aead4de31714d598e20412f29,internal,call,0.010643114445707 Ether
1,0x4e8ecf79ade5e2c49b9e30d795517a81e0bf00b8,1533277783,6081241.0,0xf39e044e1ab204460e06e87c6dca2c6319fc69e3,OUT,1,0.0,0x2579096a0f7b64de1a0044d760a6ae846a8b9a589901073f52592d18ddd2b11b,internal,call,0.141143455009756 Ether
1,0x4e8ecf79ade5e2c49b9e30d795517a81e0bf00b8,1533529826,6095673.0,0xf39e044e1ab204460e06e87c6dca2c6319fc69e3,OUT,1,0.0,0x684a6d2a27d1e982efe6914f6c89b1206f55a6a2fd1a6f907b0003598f94007f,internal,call,0.008250546705532 Ether
1,0x4e8ecf79ade5e2c49b9e30d795517a81e0bf00b8,1534905876,6192863.0,0xf39e044e1ab204460e06e87c6dca2c6319fc69e3,OUT,2,0.0,0xf475a3568af2d2e95c42764326669b61dd0356e7fe31c6487f16a361a41dd992,internal,call,0.004102107588129 Ether
1,0x4e8ecf79ade5e2c49b9e30d795517a81e0bf00b8,1532764326,6046017.0,0xf39e044e1ab204460e06e87c6dca2c6319fc69e3,OUT,1,0.0,0x166fabd5094f1351d490881209c08d865aef4bc2f7a5a7db27d8d0386c97665a,internal,call,0.085668983188694 Ether
