Class,address,age,block,creator,direction,inter_direction,txFee,txhash,txn_type,type,value
1,0x702392282255f8c0993dbbbb148d80d2ef6795b1,1523638422,5433256.0,0xfea0904acc8df0f3288b6583f60b86c36ea52acd,OUT,2,0.0,0x5ea1f2255d87e60b3c44aba0504328dc828e36453ef60850f0f64d466098cdf8,internal,call,0.02237020492874 Ether
1,0x702392282255f8c0993dbbbb148d80d2ef6795b1,1523713841,5441373.0,0xfea0904acc8df0f3288b6583f60b86c36ea52acd,OUT,2,0.0,0x2a5a8577b6bd66e4c54909718e165eda8a556a7092289cfaae4f4df3809ead45,internal,call,0.140544247049138 Ether
