Class,address,age,block,creator,direction,inter_direction,txFee,txhash,txn_type,type,value
1,0x4e8ecf79ade5e2c49b9e30d795517a81e0bf00b8,1533121644,6070581.0,0xf39e044e1ab204460e06e87c6dca2c6319fc69e3,OUT,1,0.0,0x873bf13aa10652819f12421e5d53be027f9373df53b99208f70db46dc3b96e10,internal,call,0.049645343576677 Ether
1,0x4e8ecf79ade5e2c49b9e30d795517a81e0bf00b8,1532723492,0.0,0xf39e044e1ab204460e06e87c6dca2c6319fc69e3,OUT,1,0.0,0x8e6dfecb9ab51dd8edb2c9cca1a31723ead8c5bf5cac5280bd74ed3b5b0cac18,internal,call,0.436120424253446 Ether
