Class,address,age,block,creator,direction,inter_direction,txFee,txhash,txn_type,type,value
1,0xb10ea0d397db942a1083a4af9c6074ab63bc8c8b,1540937269,6615920.0,0x65b041db3135ed5f76d9486aa56f8ca5dc9a3f5e,OUT,1,0.0,0x08cdae3a8f16745e4acc5a4d0043e4781ab2f749f98ffc402a8118ff8fa2e0b0,internal,call,0.422867796610169 Ether
1,0xb10ea0d397db942a1083a4af9c6074ab63bc8c8b,1540326185,6572666.0,0x65b041db3135ed5f76d9486aa56f8ca5dc9a3f5e,OUT,2,0.0,0xc5d860368f77c8d9e975a713009de7bb9351d42443fb80d41382c4f41c0eb773,internal,call,2.314904406779661 Ether
1,0xb10ea0d397db942a1083a4af9c6074ab63bc8c8b,1540677908,6597575.0,0x65b041db3135ed5f76d9486aa56f8ca5dc9a3f5e,OUT,2,0.0,0xef449108068936838e12e6c96d4b434304f4e18399f6e6a845334ddc8c293a87,internal,call,0.574173559322033 Ether
