Class,address,age,block,creator,direction,inter_direction,txFee,txhash,txn_type,type,value
1,0xdf93cdb6dd65c6c28c78dcdc1762aa34caf81678,1541361050,6645794.0,0xcc1ceb36cab5ada7fd0376b55602dd0d4b429c30,OUT,2,0.0,0xca4cf9ffa0ee07168eaad83d5b5ad784ab59c8fef79b836ecfaaabac78c6b54a,internal,call,0.013589351851851 Ether
1,0xdf93cdb6dd65c6c28c78dcdc1762aa34caf81678,1540627868,6594050.0,0xcc1ceb36cab5ada7fd0376b55602dd0d4b429c30,OUT,2,0.0,0x2ebbc89bc30fc766c81c8c87cec5eeaa336d8c5e59ffdc29166f2a3e1b0962be,internal,call,0.049015046296296 Ether
1,0xdf93cdb6dd65c6c28c78dcdc1762aa34caf81678,1539827604,6537373.0,0xcc1ceb36cab5ada7fd0376b55602dd0d4b429c30,OUT,2,0.0,0x132ce974c66dd9a0e103002e7c8ce34b15177c1b77eb9a28d0ed405334e5ce1a,internal,call,0.051666435185185 Ether
1,0xdf93cdb6dd65c6c28c78dcdc1762aa34caf81678,1541106382,6627795.0,0xcc1ceb36cab5ada7fd0376b55602dd0d4b429c30,OUT,2,0.0,0x84099dcb7801d3f32546a43d7c892da9bc20a4b3293b4a3ce6e464465c9a3325,internal,call,0.05228287037037 Ether
1,0xdf93cdb6dd65c6c28c78dcdc1762aa34caf81678,1540416123,6579037.0,0xcc1ceb36cab5ada7fd0376b55602dd0d4b429c30,OUT,2,0.0,0x4a1c49094b7d2f40c7f84a4a34e05acd71ecc1958e8cdd852daddcdcdc4d1787,internal,call,0.13623125 Ether
1,0xdf93cdb6dd65c6c28c78dcdc1762aa34caf81678,1541302344,6641689.0,0xcc1ceb36cab5ada7fd0376b55602dd0d4b429c30,OUT,2,0.0,0x86779471b1da5f5d98cb777059a56654882564f3d33b5c71de7eb93985a9e319,internal,call,0.045361574074074 Ether
1,0xdf93cdb6dd65c6c28c78dcdc1762aa34caf81678,1540880520,6611930.0,0xcc1ceb36cab5ada7fd0376b55602dd0d4b429c30,OUT,2,0.0,0xc624ea79e2183f88d5bab47f553b6fcb69316d6622296f5c525179fe0e53088d,internal,call,0.058484259259259 Ether
