Class,address,age,block,creator,direction,inter_direction,txFee,txhash,txn_type,type,value
1,0xe7d2c826292ce8bdd5e51ce44fff4033be657269,1532714287,6042598.0,0x40ae782714c22319ee27e44480e92e6731bda0f1,OUT,2,0.0,0xe8dc898fa1380f184f74ec1e7150c32fbf3d699dd9d08e11c0dd150fdba3dc9d,internal,call,0.033927550881525 Ether
1,0xe7d2c826292ce8bdd5e51ce44fff4033be657269,1532592817,6034281.0,0x40ae782714c22319ee27e44480e92e6731bda0f1,OUT,2,0.0,0xc146ee1f8385b83ed76e3c50da82eb0f7c83d86b758607e01bbb2268394c928c,internal,call,0.042500640791556 Ether
1,0xe7d2c826292ce8bdd5e51ce44fff4033be657269,1532533681,6030282.0,0x40ae782714c22319ee27e44480e92e6731bda0f1,OUT,2,0.0,0x70b8d1a1ac0a6fcbdb0f2f30697dba0d26048a5d8e0864f32a384ecbabdf2b48,internal,call,0.039396575318743 Ether
1,0xe7d2c826292ce8bdd5e51ce44fff4033be657269,1532709578,6039268.0,0x40ae782714c22319ee27e44480e92e6731bda0f1,OUT,2,0.0,0x9bce17a5f686c478bd7f2e2d3bcd6cdc3335dc1feca746bf652b652182e02638,internal,call,0.012016223805496 Ether
