Class,address,age,block,creator,direction,inter_direction,txFee,txhash,txn_type,type,value
0,0x8d12a197cb00d4747a1fe03395095ce2a5cc6819,1545789455,6955536.0,0x1ed014aec47fae44c9e55bac7662c0b78ae61798,IN,3,0.00036989,0x3c74242f8b366737d4d16fce8b9b3b4661e3bf31a1fb416b3cf5ec93202f55eb,external,0,0 Ether
0,0x8d12a197cb00d4747a1fe03395095ce2a5cc6819,1545789139,6955515.0,0x1ed014aec47fae44c9e55bac7662c0b78ae61798,IN,3,0.00042989,0x3ed6b84d0e75f617a0156032d95dbdb59fcad6874c8fcf34ff072baf2c64d38a,external,0,0 Ether
0,0x8d12a197cb00d4747a1fe03395095ce2a5cc6819,1545788338,6955470.0,0x1ed014aec47fae44c9e55bac7662c0b78ae61798,IN,3,0.00014829,0x698a2e0fe2c19a0d90bcb7ceee3f73cf370ca5579b533bf4582b9cdb1d36d3ae,external,0,0 Ether
0,0x8d12a197cb00d4747a1fe03395095ce2a5cc6819,1545788530,6955483.0,0x1ed014aec47fae44c9e55bac7662c0b78ae61798,IN,3,0.0003704,0x6e82dccf0a99a6771447668d1f68cf23992e69c9e03bf38bf2b5fc1ff77adecc,external,0,0 Ether
0,0x8d12a197cb00d4747a1fe03395095ce2a5cc6819,1545788693,6955490.0,0x1ed014aec47fae44c9e55bac7662c0b78ae61798,IN,3,0.00042989,0xa1677ac1fa66f99fbc34ca8e0a6b4e4f41a6f57043ecfec5c8e12751e28cbe06,external,0,0 Ether
0,0x8d12a197cb00d4747a1fe03395095ce2a5cc6819,1545788530,6955483.0,0x1ed014aec47fae44c9e55bac7662c0b78ae61798,IN,3,0.00037039999999999995,0x6e82dccf0a99a6771447668d1f68cf23992e69c9e03bf38bf2b5fc1ff77adecc,external,0,0 Ether
