Class,address,age,block,creator,direction,inter_direction,txFee,txhash,txn_type,type,value
0,0x8d12a197cb00d4747a1fe03395095ce2a5cc6819,1543494384,6796296.0,0x1ed014aec47fae44c9e55bac7662c0b78ae61798,IN,3,0.00031145,0x253ce56de69a9d5f436d425760994a2cb955a8417736b48ab82e96fac4b23c77,external,0,0.09 Ether
0,0x8d12a197cb00d4747a1fe03395095ce2a5cc6819,1543495392,6796370.0,0x1ed014aec47fae44c9e55bac7662c0b78ae61798,IN,3,0.00065314,0x7664918316fc855dee2f289dbff79b98b669256fce32efe56445b9d9b6717ef9,external,0,0 Ether
