Class,address,age,block,creator,direction,inter_direction,txFee,txhash,txn_type,type,value
1,0x7b307c1f0039f5d38770e15f8043b3dd26da5e8f,1539579640,6519767.0,0xe1f3294e25bb72a2fb53addb82aa1a033797e6e3,OUT,1,0.0,0xb1a8940ea6bf16eab8c78244125874c1ea6b9a9f350e9aff1ae51bf45560d0aa,internal,call,0.462042915254237 Ether
1,0x7b307c1f0039f5d38770e15f8043b3dd26da5e8f,1539086306,6484586.0,0xe1f3294e25bb72a2fb53addb82aa1a033797e6e3,OUT,1,0.0,0x33dc1970aa3128f23418d3553fc9464d3c4152f1caaa06901bf14620cb231e86,internal,call,0.253710305084745 Ether
1,0x7b307c1f0039f5d38770e15f8043b3dd26da5e8f,1538898510,6471173.0,0xe1f3294e25bb72a2fb53addb82aa1a033797e6e3,OUT,1,0.0,0x6bfd3dd33fc78c5d3ca112cff65516a215133b1053bbfde95e54a35ba8b0ffc5,internal,call,0.319611050847457 Ether
1,0x7b307c1f0039f5d38770e15f8043b3dd26da5e8f,1538661754,6454276.0,0xe1f3294e25bb72a2fb53addb82aa1a033797e6e3,OUT,1,0.0,0x762747b3605c394047218e388912f6dd350bb19deb72b8f7753c681a1f7431d4,internal,call,0.108592474576271 Ether
1,0x7b307c1f0039f5d38770e15f8043b3dd26da5e8f,1539953232,6546262.0,0xe1f3294e25bb72a2fb53addb82aa1a033797e6e3,OUT,1,0.0,0x5541f2628748162d17fcc7bb51d0510852e32aa841d51df146a238b960f37d20,internal,call,0.387914033898305 Ether
1,0x7b307c1f0039f5d38770e15f8043b3dd26da5e8f,1539707145,6525754.0,0xe1f3294e25bb72a2fb53addb82aa1a033797e6e3,OUT,1,0.0,0x8f289a48b9fe73e9577060912654d2e795c916f1824f889a24587dceeb55682e,internal,call,0.113245627118644 Ether
1,0x7b307c1f0039f5d38770e15f8043b3dd26da5e8f,1538403404,6435953.0,0xe1f3294e25bb72a2fb53addb82aa1a033797e6e3,OUT,2,0.0,0xd264798fb6ea4aeca008e12cb6f5d08ded737f2607c8dbbe06c6ca64dfb06459,internal,call,0.007907796610169 Ether
1,0x7b307c1f0039f5d38770e15f8043b3dd26da5e8f,1539236803,6495340.0,0xe1f3294e25bb72a2fb53addb82aa1a033797e6e3,OUT,1,0.0,0x6bbc87dadd42f198db300c07782989eb025bb2f9958090cc11c6a12f4f916a13,internal,call,0.203414644067796 Ether
1,0x7b307c1f0039f5d38770e15f8043b3dd26da5e8f,1538581191,6448535.0,0xe1f3294e25bb72a2fb53addb82aa1a033797e6e3,OUT,1,0.0,0x61f46d477903205ee23d7329466f0d4560fb39de70bc32f123e10967c3d10cb7,internal,call,0.237991728813559 Ether
