Class,address,age,block,creator,direction,inter_direction,txFee,txhash,txn_type,type,value
1,0x4e8ecf79ade5e2c49b9e30d795517a81e0bf00b8,1532828991,0.0,0xf39e044e1ab204460e06e87c6dca2c6319fc69e3,OUT,1,0.0,0x4c3ea2dcfbb1c51e1fb6697f0708d641616b02099a773213fbe4c758db2369f0,internal,call,0.057725488537317 Ether
1,0x4e8ecf79ade5e2c49b9e30d795517a81e0bf00b8,1532925791,6054281.0,0xf39e044e1ab204460e06e87c6dca2c6319fc69e3,OUT,1,0.0,0x9bf8f8eb5d0a3182fa238c35d74bf8e77449c5ba9a66277c31e5d3db90c0d8cd,internal,call,0.022190083240849 Ether
