Class,address,age,block,creator,direction,inter_direction,txFee,txhash,txn_type,type,value
1,0x8a883a20940870dc055f2070ac8ec847ed2d9918,1533167581,6073803.0,0xc14f8469d4bb31c8e69fae9c16e262f45edc3635,OUT,2,0.0,0xaf5d6f4b935229180e7b000dff7b5b1b59ca4081aed2bf674a4c4198e2ec528a,internal,call,0.108526607330244 Ether
1,0x8a883a20940870dc055f2070ac8ec847ed2d9918,1532390284,6020502.0,0xc14f8469d4bb31c8e69fae9c16e262f45edc3635,OUT,2,0.0,0x66f4d0fb92cc363be790ef95cebc28509e3c64e6f878f00579fd835bb61de380,internal,call,0.023342829314798 Ether
1,0x8a883a20940870dc055f2070ac8ec847ed2d9918,1532405159,6018639.0,0xc14f8469d4bb31c8e69fae9c16e262f45edc3635,OUT,2,0.0,0xa353597a860322710195f7e4863fac35c7d52f7a3b3b56368ea4219d493e2e34,internal,call,0.039233810714486 Ether
1,0x8a883a20940870dc055f2070ac8ec847ed2d9918,1532303661,0.0,0xc14f8469d4bb31c8e69fae9c16e262f45edc3635,OUT,2,0.0,0xef51c31d1fba0b4b3040041570f90152b41037be7292aaee7751fb4b6aee8554,internal,call,0.054824797813701 Ether
1,0x8a883a20940870dc055f2070ac8ec847ed2d9918,1532705240,6041951.0,0xc14f8469d4bb31c8e69fae9c16e262f45edc3635,OUT,2,0.0,0x837f962844c585e2346f10e10a1bc5c518c81a4213ec446a518424834b88d430,internal,call,0.007369038962861 Ether
