Class,address,age,block,creator,direction,inter_direction,txFee,txhash,txn_type,type,value
1,0x4e8ecf79ade5e2c49b9e30d795517a81e0bf00b8,1533466209,6094251.0,0xf39e044e1ab204460e06e87c6dca2c6319fc69e3,OUT,2,0.0,0xdf69dc2c21994a8dc8d461ea303222b131a00e3e14fa0a92146abf48159f1ed4,internal,call,0.11291448908181 Ether
1,0x4e8ecf79ade5e2c49b9e30d795517a81e0bf00b8,1532855636,6052403.0,0xf39e044e1ab204460e06e87c6dca2c6319fc69e3,OUT,1,0.0,0x064fb4e2b6df64de5afeb44f856175ce1965d1cc6f65ecf9822e0b4717290aab,internal,call,4.650965098502334 Ether
1,0x4e8ecf79ade5e2c49b9e30d795517a81e0bf00b8,1532763546,6045964.0,0xf39e044e1ab204460e06e87c6dca2c6319fc69e3,OUT,1,0.0,0xacc01cd3046c6adb846e04461e1c04a3134e498651fb70f660c4e6073ba4ad61,internal,call,0.654156543191494 Ether
