Class,address,age,block,creator,direction,inter_direction,txFee,txhash,txn_type,type,value
0,0x96a65609a7b84e8842732deb08f56c3e21ac6f8a,1523810352,5445011.0,0x387792f7d2aa6e7fa1312261cf36f5f6f6b97c00,IN,3,0.00011321,0x76abaef93c535bf247e2e606525d174fcf77dccac8f80c0df4c19dbd1561655c,external,0,0 Ether
0,0x96a65609a7b84e8842732deb08f56c3e21ac6f8a,1523798345,5447166.0,0x387792f7d2aa6e7fa1312261cf36f5f6f6b97c00,IN,3,0.00011321,0x83b0a9e106491ad8c820e413d9697a3b7d896a047c9b1c6aee64bf545a752ed5,external,0,0 Ether
