Class,address,age,block,creator,direction,inter_direction,txFee,txhash,txn_type,type,value
1,0xb547027a4ccd46ec98199fa88aaedf5aa981db26,1538018828,6408796.0,0xaf9c025ce6322a23ac00301c714f4f42895c9818,OUT,1,0.0,0x994c886a43cbf218a5a96f3d833ac132f77c68f74c92214acb2a43ec18ce7885,internal,call,0.038225 Ether
1,0xb547027a4ccd46ec98199fa88aaedf5aa981db26,1537918779,6401739.0,0xaf9c025ce6322a23ac00301c714f4f42895c9818,OUT,2,0.0,0xc126bd2d3cb5f58d316fedf8a3f75cd01179f0d08594023e82546fd28d12f1ed,internal,call,0.0295625 Ether
