Class,address,age,block,creator,direction,inter_direction,txFee,txhash,txn_type,type,value
1,0x7e0529eb456a7c806b5fe7b3d69a805339a06180,1537972477,6405531.0,0x8c691931c6c4ecd92ecc26f9706faaf4aebe137d,OUT,2,0.0,0xadbeac91eed6137dd7e5b88c6cc5caeac574d5dfb9005fa3acdb409e1e53db5b,internal,call,0.094158278707124 Ether
1,0x7e0529eb456a7c806b5fe7b3d69a805339a06180,1537921723,6401951.0,0x8c691931c6c4ecd92ecc26f9706faaf4aebe137d,OUT,2,0.0,0x2780ff16367fef8c14f13d2046322fd4a52a1a51fac350ab97719a3743c9961b,internal,call,0.068280334828532 Ether
1,0x7e0529eb456a7c806b5fe7b3d69a805339a06180,1537854609,6397187.0,0x8c691931c6c4ecd92ecc26f9706faaf4aebe137d,OUT,2,0.0,0xa02936eab25ba96702973a58e9b41e35d272d4b7193c1f43e909f4275fc87841,internal,call,0.051700432953331 Ether
1,0x7e0529eb456a7c806b5fe7b3d69a805339a06180,1537999155,6407418.0,0x8c691931c6c4ecd92ecc26f9706faaf4aebe137d,OUT,2,0.0,0x16bb62332550644121f2cea86215f795d5676935cf13a8d11f198dfbf2f71eac,internal,call,0.859647243853744 Ether
