Class,address,age,block,creator,direction,inter_direction,txFee,txhash,txn_type,type,value
1,0x7b307c1f0039f5d38770e15f8043b3dd26da5e8f,1538920874,6472798.0,0xe1f3294e25bb72a2fb53addb82aa1a033797e6e3,OUT,2,0.0,0xa3267d6870df57792c459252408b7132870fb7e145f1e4608aec57e488f49e82,internal,call,0.242277966101694 Ether
1,0x7b307c1f0039f5d38770e15f8043b3dd26da5e8f,1540253647,6567547.0,0xe1f3294e25bb72a2fb53addb82aa1a033797e6e3,OUT,1,0.0,0x17713af20ea88481d615a6f69a6674ef7121541b6cd2d2358c9153eda141ee9b,internal,call,0.116623728813559 Ether
1,0x7b307c1f0039f5d38770e15f8043b3dd26da5e8f,1539752851,6532033.0,0xe1f3294e25bb72a2fb53addb82aa1a033797e6e3,OUT,1,0.0,0x8ff70213e4ddfd902eab1df92145007bef9d06f0f80d8485f5c41e95ceb0f721,internal,call,1.204779661016949 Ether
1,0x7b307c1f0039f5d38770e15f8043b3dd26da5e8f,1538504808,6443149.0,0xe1f3294e25bb72a2fb53addb82aa1a033797e6e3,OUT,2,0.0,0xf28549df4d13231acc4990f204dff9bf05fee3165ccf55f84aae38076c01fe2e,internal,call,0.379667796610169 Ether
1,0x7b307c1f0039f5d38770e15f8043b3dd26da5e8f,1540172829,6561813.0,0xe1f3294e25bb72a2fb53addb82aa1a033797e6e3,OUT,1,0.0,0x26b6c295d07a40ead4d47d3861f585f3b1d3255f42c7cf413b4704ae66f2ad9b,internal,call,0.231457627118644 Ether
1,0x7b307c1f0039f5d38770e15f8043b3dd26da5e8f,1538798649,6460886.0,0xe1f3294e25bb72a2fb53addb82aa1a033797e6e3,OUT,1,0.0,0x5fdf23f24582413cb4b4b957350164f17ff42caa5222489b3a40686d7d2c62a5,internal,call,0.360752542372881 Ether
1,0x7b307c1f0039f5d38770e15f8043b3dd26da5e8f,1540012585,6550433.0,0xe1f3294e25bb72a2fb53addb82aa1a033797e6e3,OUT,1,0.0,0x6faf0b5da54d38424fea7643cbce656b4211494390a6a3ef4e3213b9dc2d7a2e,internal,call,0.374237288135593 Ether
