Class,address,age,block,creator,direction,inter_direction,txFee,txhash,txn_type,type,value
1,0x4e8ecf79ade5e2c49b9e30d795517a81e0bf00b8,1533247539,6079214.0,0xf39e044e1ab204460e06e87c6dca2c6319fc69e3,OUT,1,0.0,0x5d052c821c62d3049944098ddab7505a1737301ee5f5b6ee0fe10cf53f99e1f7,internal,call,0.191030068396783 Ether
1,0x4e8ecf79ade5e2c49b9e30d795517a81e0bf00b8,1532714476,0.0,0xf39e044e1ab204460e06e87c6dca2c6319fc69e3,OUT,1,0.0,0x216107eff0c20782d15f56c17a3e2408df5b724702ef567c787dae9693b9680a,internal,call,1.004900363576561 Ether
