Class,address,age,block,creator,direction,inter_direction,txFee,txhash,txn_type,type,value
1,0xb10ea0d397db942a1083a4af9c6074ab63bc8c8b,1540343506,6573877.0,0x65b041db3135ed5f76d9486aa56f8ca5dc9a3f5e,OUT,1,0.0,0x091e6019285d7ea014727b9d0c1edf79753bb30dc77198032a0ce25372fa3cb5,internal,call,0.017578305084745 Ether
1,0xb10ea0d397db942a1083a4af9c6074ab63bc8c8b,1541015071,6621390.0,0x65b041db3135ed5f76d9486aa56f8ca5dc9a3f5e,OUT,2,0.0,0xa3b3773ae8f06e55022020446f476b431cceb4906414dd351f2c2fa77870a025,internal,call,0.045097084745762 Ether
1,0xb10ea0d397db942a1083a4af9c6074ab63bc8c8b,1539502628,6514320.0,0x65b041db3135ed5f76d9486aa56f8ca5dc9a3f5e,OUT,2,0.0,0xf10569f6fb0eb3dd019681fb1a527d29284d865e5820b0803d531b8798d37525,internal,call,0.013881355932203 Ether
1,0xb10ea0d397db942a1083a4af9c6074ab63bc8c8b,1539635977,6523790.0,0x65b041db3135ed5f76d9486aa56f8ca5dc9a3f5e,OUT,2,0.0,0xceaf063c6c1cd7cdca21f1b221acfe3496ee63f6011f1600b87dcbc587b08edc,internal,call,0.008988474576271 Ether
1,0xb10ea0d397db942a1083a4af9c6074ab63bc8c8b,1540081813,6555357.0,0x65b041db3135ed5f76d9486aa56f8ca5dc9a3f5e,OUT,1,0.0,0x4c0d0cc67ba4f9a778baf388323268648757892cc3ddc9e24abd86225ec99380,internal,call,0.029961898305084 Ether
