Class,address,age,block,creator,direction,inter_direction,txFee,txhash,txn_type,type,value
1,0x4e8ecf79ade5e2c49b9e30d795517a81e0bf00b8,1544629669,6875783.0,0xf39e044e1ab204460e06e87c6dca2c6319fc69e3,OUT,1,0.0,0x63691bc7e4a4ca81d6c977e1f0d12fad896f5ec7c39b3c5241f6052e77652d96,internal,call,0.00015909374307 Ether
1,0x4e8ecf79ade5e2c49b9e30d795517a81e0bf00b8,1544565830,6871288.0,0xf39e044e1ab204460e06e87c6dca2c6319fc69e3,OUT,1,0.0,0x6168c6aaba5fbc1496cc63db06a522f529b2d5fd8e28a047e2e074d7d76c4499,internal,call,0.003940469317271 Ether
