Class,address,age,block,creator,direction,inter_direction,txFee,txhash,txn_type,type,value
1,0x4e8ecf79ade5e2c49b9e30d795517a81e0bf00b8,1532792305,6047996.0,0xf39e044e1ab204460e06e87c6dca2c6319fc69e3,OUT,1,0.0,0x2ba971dbe6876696a46c7e50a0a17c499e3321768782784f2217b848ae15543d,internal,call,0.010871270010224 Ether
1,0x4e8ecf79ade5e2c49b9e30d795517a81e0bf00b8,1532839786,0.0,0xf39e044e1ab204460e06e87c6dca2c6319fc69e3,OUT,2,0.0,0xefd0c2428ba9c336d646a0f4f017877022730a1c8f4ced2d4b6e0c257535d07c,internal,call,0.011229119761705 Ether
1,0x4e8ecf79ade5e2c49b9e30d795517a81e0bf00b8,1532831176,6050708.0,0xf39e044e1ab204460e06e87c6dca2c6319fc69e3,OUT,1,0.0,0x0c265a04279611ead4a61476b559a09abe50f221f85030534f08ccf0a0e4027a,internal,call,0.040285388325356 Ether
1,0x4e8ecf79ade5e2c49b9e30d795517a81e0bf00b8,1532793788,6045080.0,0xf39e044e1ab204460e06e87c6dca2c6319fc69e3,OUT,1,0.0,0x722b712232c9be35daa2693766412eaa6bc463b03c6fd9f5e250c9531e778f73,internal,call,0.017129444362028 Ether
