Class,address,age,block,creator,direction,inter_direction,txFee,txhash,txn_type,type,value
1,0x4e8ecf79ade5e2c49b9e30d795517a81e0bf00b8,1540766185,6603810.0,0xf39e044e1ab204460e06e87c6dca2c6319fc69e3,OUT,1,0.0,0x26c3f91c87074d3aad463c2269dd62c50ae5805a2bfa73109b8817548d36385a,internal,call,0.002922221628292 Ether
1,0x4e8ecf79ade5e2c49b9e30d795517a81e0bf00b8,1532827765,6050483.0,0xf39e044e1ab204460e06e87c6dca2c6319fc69e3,OUT,2,0.0,0xe2cfee932a7a482424e11ce9ccfff746acb176e3510f1732ba70ab67ff9a1b0b,internal,call,0.099059107935216 Ether
1,0x4e8ecf79ade5e2c49b9e30d795517a81e0bf00b8,1532735424,6044062.0,0xf39e044e1ab204460e06e87c6dca2c6319fc69e3,OUT,1,0.0,0x2e9109b3641f1fc884d3d159f5b51dd0f8b52d857137b4c57b4cbf06cf2edbe7,internal,call,0.058834125702531 Ether
