Class,address,age,block,creator,direction,inter_direction,txFee,txhash,txn_type,type,value
0,0x9f8f72aa9304c8b593d555f12ef6589cc3a579a2,1534006403,6128327.0,0x731c6f8c754fa404cfcc2ed8035ef79262f65702,IN,3,0.00023792,0x8036de93675d9bc0874871923d574c6cbcc4511f8b318b0c6e15d3de7a55e7a7,external,0,0 Ether
0,0x9f8f72aa9304c8b593d555f12ef6589cc3a579a2,1542783669,6746211.0,0x731c6f8c754fa404cfcc2ed8035ef79262f65702,IN,3,0.00018240000000000002,0x88a682f896fa88ee3fd34f8dffa448cf54460b1344cb2148b3f8e7596f742da6,external,0,0 Ether
