Class,address,age,block,creator,direction,inter_direction,txFee,txhash,txn_type,type,value
1,0xb10ea0d397db942a1083a4af9c6074ab63bc8c8b,1540293133,6570318.0,0x65b041db3135ed5f76d9486aa56f8ca5dc9a3f5e,OUT,1,0.0,0x99c4820ad6c29554359831348892045d4b2172fa177c581c68e7c9ad6f2feb4e,internal,call,0.003624650847457 Ether
1,0xb10ea0d397db942a1083a4af9c6074ab63bc8c8b,1540389541,6577183.0,0x65b041db3135ed5f76d9486aa56f8ca5dc9a3f5e,OUT,1,0.0,0x5731cbf9bcb37fdc75948f4d561e73260d96aa5fc48054a16e6fe7f31aacd6c8,internal,call,0.00242020338983 Ether
