Class,address,age,block,creator,direction,inter_direction,txFee,txhash,txn_type,type,value
1,0x4e8ecf79ade5e2c49b9e30d795517a81e0bf00b8,1534091685,0.0,0xf39e044e1ab204460e06e87c6dca2c6319fc69e3,OUT,2,0.0,0xa4a691cbb6cb3dbc839ac1558fd7643210d918c982069ee730ab67dc1cbb168e,internal,call,0.006047396611344 Ether
1,0x4e8ecf79ade5e2c49b9e30d795517a81e0bf00b8,1535306719,6220318.0,0xf39e044e1ab204460e06e87c6dca2c6319fc69e3,OUT,2,0.0,0xa4c457e3b109c1ae989ef71c16416fba3a223e32454ca3d3071ff01e5922cbc1,internal,call,0.002684799118549 Ether
1,0x4e8ecf79ade5e2c49b9e30d795517a81e0bf00b8,1534019774,6132179.0,0xf39e044e1ab204460e06e87c6dca2c6319fc69e3,OUT,1,0.0,0x75284baa9a2158f3232160c52f69600500c51719958a51b1fbd5d696e0dc9cbc,internal,call,0.100993908371871 Ether
1,0x4e8ecf79ade5e2c49b9e30d795517a81e0bf00b8,1533498315,0.0,0xf39e044e1ab204460e06e87c6dca2c6319fc69e3,OUT,1,0.0,0x158079bb8b73344798e6db0892e21aa2bb7bff6fee34aaf00cbf29c215022f71,internal,call,0.009216798561194 Ether
1,0x4e8ecf79ade5e2c49b9e30d795517a81e0bf00b8,1533529276,6095637.0,0xf39e044e1ab204460e06e87c6dca2c6319fc69e3,OUT,1,0.0,0x8f91e6b2a0328936d43f840d55918d8e42ed1aa4438252cc03477b0cc1fe0abd,internal,call,0.022887809823197 Ether
