Class,address,age,block,creator,direction,inter_direction,txFee,txhash,txn_type,type,value
1,0xb10ea0d397db942a1083a4af9c6074ab63bc8c8b,1540996993,6620154.0,0x65b041db3135ed5f76d9486aa56f8ca5dc9a3f5e,OUT,1,0.0,0x4204548de8689693a54f68c9e85bc4500b403e6c4760a32b111a71479b064815,internal,call,0.187413559322033 Ether
1,0xb10ea0d397db942a1083a4af9c6074ab63bc8c8b,1539958447,6546614.0,0x65b041db3135ed5f76d9486aa56f8ca5dc9a3f5e,OUT,1,0.0,0x332e64cdef15331368199d2d30b6d460ea882b505b09cc3e88dc948f099a2a05,internal,call,0.313433898305084 Ether
1,0xb10ea0d397db942a1083a4af9c6074ab63bc8c8b,1540648645,6595515.0,0x65b041db3135ed5f76d9486aa56f8ca5dc9a3f5e,OUT,2,0.0,0xc5212e454669c361dacfdfa12ac1578eafce6ebd39223af18ba6a0021a136942,internal,call,0.068379661016949 Ether
1,0xb10ea0d397db942a1083a4af9c6074ab63bc8c8b,1539523076,6515793.0,0x65b041db3135ed5f76d9486aa56f8ca5dc9a3f5e,OUT,2,0.0,0xfd0224e33f66dab7da1ab2d51f86c74caa67215d90067056a5ceaa8b3f6f269b,internal,call,0.375233898305084 Ether
1,0xb10ea0d397db942a1083a4af9c6074ab63bc8c8b,1540736119,6601725.0,0x65b041db3135ed5f76d9486aa56f8ca5dc9a3f5e,OUT,2,0.0,0xca5102f7122f9756a1fced543dbb0baec85df3148be86cd789df3c2267af153b,internal,call,0.063152542372881 Ether
1,0xb10ea0d397db942a1083a4af9c6074ab63bc8c8b,1540388479,6577105.0,0x65b041db3135ed5f76d9486aa56f8ca5dc9a3f5e,OUT,1,0.0,0x827d3040933a36b4472b5700e0d0de83599573a16fb5d81d8bd9cea3fbd14ce5,internal,call,0.310077966101694 Ether
1,0xb10ea0d397db942a1083a4af9c6074ab63bc8c8b,1540553773,6588791.0,0x65b041db3135ed5f76d9486aa56f8ca5dc9a3f5e,OUT,1,0.0,0x92ff09824ec59dd502eb4bed32ca85e494e6f19e1f0c088e23e252ba20c74801,internal,call,0.118840677966101 Ether
