Class,address,age,block,creator,direction,inter_direction,txFee,txhash,txn_type,type,value
1,0x7e0529eb456a7c806b5fe7b3d69a805339a06180,1538024343,6406142.0,0x8c691931c6c4ecd92ecc26f9706faaf4aebe137d,OUT,2,0.0,0xba09435f485fa22406b7a2fdc46f37352d48272b3af3f25817a64aff275a7ee2,internal,call,0.063475679128548 Ether
1,0x7e0529eb456a7c806b5fe7b3d69a805339a06180,1538455782,6436579.0,0x8c691931c6c4ecd92ecc26f9706faaf4aebe137d,OUT,2,0.0,0x8f2f17502af34f7b7340a07c733d96931c20d4f825efd9af78a4088c6eb42f77,internal,call,0.00786895458277 Ether
