Class,address,age,block,creator,direction,inter_direction,txFee,txhash,txn_type,type,value
1,0xf00e5a59fde1cb2ead96a8be7711abc3f981e0f1,1537906519,6400871.0,0x96bb98183e5562913e72613c1979d0a13f8ec76b,OUT,2,0.0,0x84daeced603a70f43b169a7b25cadba42c2747814416b4fb813677994562ed5f,internal,call,0.011025 Ether
1,0xf00e5a59fde1cb2ead96a8be7711abc3f981e0f1,1537924440,0.0,0x96bb98183e5562913e72613c1979d0a13f8ec76b,OUT,2,0.0,0xa7dbe43e9c0c74aa8c2cf55636b6c104c3c53d2e928463500e43babc29d97e47,internal,call,0.020348611111111 Ether
1,0xf00e5a59fde1cb2ead96a8be7711abc3f981e0f1,1537896773,6400215.0,0x96bb98183e5562913e72613c1979d0a13f8ec76b,OUT,2,0.0,0xdea070892245adac37ab688e0c0abc26cb53af0cd8aa77f6e3097cdb53d49733,internal,call,0.058459722222222 Ether
