Class,address,age,block,creator,direction,inter_direction,txFee,txhash,txn_type,type,value
1,0x4e8ecf79ade5e2c49b9e30d795517a81e0bf00b8,1532739976,0.0,0xf39e044e1ab204460e06e87c6dca2c6319fc69e3,OUT,1,0.0,0x7bfb4850f357a213372d707ac9b42223820b0974e7320a3f6c3a873944d964ae,internal,call,0.08205152225509 Ether
1,0x4e8ecf79ade5e2c49b9e30d795517a81e0bf00b8,1532725356,0.0,0xf39e044e1ab204460e06e87c6dca2c6319fc69e3,OUT,1,0.0,0x364f8948d282e9683ec0f7f719a1954be8d595d3c871ea10e16c16adaee15293,internal,call,1.945256677633343 Ether
