Class,address,age,block,creator,direction,inter_direction,txFee,txhash,txn_type,type,value
1,0x4f3db6d4c97b8248ad5e244e4f619086084f6848,1540604150,6592386.0,0xac560ed699346e4e3a3c2106ac90136883f7f624,OUT,2,0.0,0xa15b09fbc282e7c98c8d3588f1d9ce504a1193e739d4805746d67f22ec63daa9,internal,call,0.002347222222222 Ether
1,0x4f3db6d4c97b8248ad5e244e4f619086084f6848,1542162674,6702394.0,0xac560ed699346e4e3a3c2106ac90136883f7f624,OUT,2,0.0,0x5501b770e3a6d6a73b97c0848038e0ea80cba97e4c34fcbd2e0f2dee670bf45a,internal,call,0.036076388888888 Ether
1,0x4f3db6d4c97b8248ad5e244e4f619086084f6848,1543497940,6796560.0,0xac560ed699346e4e3a3c2106ac90136883f7f624,OUT,2,0.0,0x270c5363658c3a5834eb196ecbaf22cb20e933e9f389f1a77d2ba273fdc6c735,internal,call,0.030902777777777 Ether
