Class,address,age,block,creator,direction,inter_direction,txFee,txhash,txn_type,type,value
1,0x4e8ecf79ade5e2c49b9e30d795517a81e0bf00b8,1532991656,6061753.0,0xf39e044e1ab204460e06e87c6dca2c6319fc69e3,OUT,1,0.0,0x90d16641b3df8d2e1ccfdd16750cf226d7e60084d1ff95137fdc741937383d4d,internal,call,0.023714884324283 Ether
1,0x4e8ecf79ade5e2c49b9e30d795517a81e0bf00b8,1532750337,6045065.0,0xf39e044e1ab204460e06e87c6dca2c6319fc69e3,OUT,1,0.0,0xaa6b1cc4e42637933ae253b4df3ca8ee44ea89b1eeed00d3244ddd4d6e3a358b,internal,call,0.0256639241285 Ether
