Class,address,age,block,creator,direction,inter_direction,txFee,txhash,txn_type,type,value
1,0x4e8ecf79ade5e2c49b9e30d795517a81e0bf00b8,1532715220,0.0,0xf39e044e1ab204460e06e87c6dca2c6319fc69e3,OUT,2,0.0,0xe1feb3ebd2ed5df5594fe9df556141eac5f5a9151d6c1447fbb2d0a06aa17a88,internal,call,0.776255110165508 Ether
1,0x4e8ecf79ade5e2c49b9e30d795517a81e0bf00b8,1532722978,0.0,0xf39e044e1ab204460e06e87c6dca2c6319fc69e3,OUT,1,0.0,0x74bb7d4611205874fc8b81f3550b57da58880f57986fcf64863ca6fbea4685df,internal,call,0.16216201700986 Ether
