Class,address,age,block,creator,direction,inter_direction,txFee,txhash,txn_type,type,value
1,0x7b307c1f0039f5d38770e15f8043b3dd26da5e8f,1538862515,6468602.0,0xe1f3294e25bb72a2fb53addb82aa1a033797e6e3,OUT,1,0.0,0x52f2b18b9b11f18da68e6fab8b1e0b2d769f8ecc67ce6646b50d167d59da9f11,internal,call,0.224155932203389 Ether
1,0x7b307c1f0039f5d38770e15f8043b3dd26da5e8f,1539214735,6493791.0,0xe1f3294e25bb72a2fb53addb82aa1a033797e6e3,OUT,2,0.0,0xc5b074a3d7a314cd019ff3fa9b6f025b94a9cc0e4cd7a2090828237ab7c6639a,internal,call,0.256159322033898 Ether
1,0x7b307c1f0039f5d38770e15f8043b3dd26da5e8f,1539551689,6517828.0,0xe1f3294e25bb72a2fb53addb82aa1a033797e6e3,OUT,1,0.0,0xa1e19cd6094eaf9683a15fcac601f229ac39b6e1d224ae945f74a8e7622d4622,internal,call,0.24444406779661 Ether
1,0x7b307c1f0039f5d38770e15f8043b3dd26da5e8f,1540257209,6567786.0,0xe1f3294e25bb72a2fb53addb82aa1a033797e6e3,OUT,2,0.0,0xdfbe30cd9950a13840396679b2270a95a37f30986610c4f154c951e73ad20a5d,internal,call,0.071145762711864 Ether
1,0x7b307c1f0039f5d38770e15f8043b3dd26da5e8f,1538553455,6446560.0,0xe1f3294e25bb72a2fb53addb82aa1a033797e6e3,OUT,1,0.0,0x9fd47c5294c67cceaace3894684effefc4cc5c039a752532494d8d3e4c026142,internal,call,0.15504406779661 Ether
1,0x7b307c1f0039f5d38770e15f8043b3dd26da5e8f,1538338196,6431314.0,0xe1f3294e25bb72a2fb53addb82aa1a033797e6e3,OUT,1,0.0,0x712a5649aa6d883294ee5c3b713954d3ec5f7b2fde72df73bab426230c083e7f,internal,call,0.103718644067796 Ether
1,0x7b307c1f0039f5d38770e15f8043b3dd26da5e8f,1540158225,6560790.0,0xe1f3294e25bb72a2fb53addb82aa1a033797e6e3,OUT,1,0.0,0x51a466653e805dfd81ce28b368b34ae175accdef2429a6ddfe4f589dcb2c7319,internal,call,0.436901694915254 Ether
