Class,address,age,block,creator,direction,inter_direction,txFee,txhash,txn_type,type,value
0,0x55d34b686aa8c04921397c5807db9ecedba00a4c,1498015062,0.0,0x6b9ef02657339310e28a7a9d4b5f25f7c1f68d61,OUT,1,0.0,0x30b917c73c35e2c60f7fdc7dc08be21e67429ed5b086f8c940d6728e74904829,internal,call,3.1 Ether
0,0x55d34b686aa8c04921397c5807db9ecedba00a4c,1498005197,3907323.0,0x6b9ef02657339310e28a7a9d4b5f25f7c1f68d61,OUT,1,0.0,0x20d74c38652772571a09e4ed96c2d0c7170b902ceafb0c5fb4ed19d51ea8b2c7,internal,call,6.072870283063987 Ether
0,0x55d34b686aa8c04921397c5807db9ecedba00a4c,1497995160,0.0,0x6b9ef02657339310e28a7a9d4b5f25f7c1f68d61,OUT,1,0.0,0x0c183770896478a641e13ab8b38b3c150ba83eb65c9ae6a8c559dbb575ccb219,internal,call,2.530444642101196 Ether
0,0x55d34b686aa8c04921397c5807db9ecedba00a4c,1498002354,0.0,0x6b9ef02657339310e28a7a9d4b5f25f7c1f68d61,OUT,1,0.0,0x24ed47b9e3804acbb1469095e3bc3251698f1e609e67f6feec6271d76c73fcc6,internal,call,0.121982947566698 Ether
0,0x55d34b686aa8c04921397c5807db9ecedba00a4c,1497992243,0.0,0x6b9ef02657339310e28a7a9d4b5f25f7c1f68d61,OUT,1,0.0,0x0de5c65e1fa264e2354420ce5704938dafd989913598e76443a7d24b49a206f2,internal,call,0.626210108023457 Ether
0,0x55d34b686aa8c04921397c5807db9ecedba00a4c,1498010433,0.0,0x6b9ef02657339310e28a7a9d4b5f25f7c1f68d61,OUT,1,0.0,0x3224f17f3633d52136e4abad2490ce1020635abdf732924032db6d55347e92a3,internal,call,0.3 Ether
0,0x55d34b686aa8c04921397c5807db9ecedba00a4c,1498007201,0.0,0x6b9ef02657339310e28a7a9d4b5f25f7c1f68d61,OUT,1,0.0,0x2d95e706984ae0c7092ef3e61343f1b77337fe8d3dc0de7fe8f5c35eeb085c6c,internal,call,0.4 Ether
