Class,address,age,block,creator,direction,inter_direction,txFee,txhash,txn_type,type,value
1,0x4e8ecf79ade5e2c49b9e30d795517a81e0bf00b8,1535942097,0.0,0xf39e044e1ab204460e06e87c6dca2c6319fc69e3,OUT,1,0.0,0x55fa42a27318df0eae6da08f8979878c94c8f86af20b66e22932d67e542c1578,internal,call,0.005894435508594 Ether
1,0x4e8ecf79ade5e2c49b9e30d795517a81e0bf00b8,1535940347,6263771.0,0xf39e044e1ab204460e06e87c6dca2c6319fc69e3,OUT,1,0.0,0x53d4d3dcb7f1555387a9bd7275cb074cd6bc6e43fdfd8fd8216e6b18bcbb2997,internal,call,0.125799608596171 Ether
1,0x4e8ecf79ade5e2c49b9e30d795517a81e0bf00b8,1535937567,6263581.0,0xf39e044e1ab204460e06e87c6dca2c6319fc69e3,OUT,2,0.0,0xcefdcc0007f3ccce36021f5ef82f997ed6d50b442bcda1948b80b252ce5f4527,internal,call,0.025757762223616 Ether
