Class,address,age,block,creator,direction,inter_direction,txFee,txhash,txn_type,type,value
1,0x9d68a447a8718ef30645d23d423be1ea6b7d370f,1538027523,6409400.0,0xbfb297616ffa0124a288e212d1e6df5299c9f8d0,OUT,2,0.0,0x3d5c63d6af19062d384a71e8730261321109ead6ad2d9269eebb8cc033aed362,internal,call,0.107878161805555 Ether
1,0x9d68a447a8718ef30645d23d423be1ea6b7d370f,1538057123,6411478.0,0xbfb297616ffa0124a288e212d1e6df5299c9f8d0,OUT,2,0.0,0xbafc33d02dd1beec767b5a3b678a351697ee5f3dae0617d6f72bc32171c41409,internal,call,0.012826684722222 Ether
1,0x9d68a447a8718ef30645d23d423be1ea6b7d370f,1538037746,6410092.0,0xbfb297616ffa0124a288e212d1e6df5299c9f8d0,OUT,2,0.0,0x20bd4969bfc9334fef30dd8bf8f9cbd455bee1a00ecc01dfac735916751b3804,internal,call,0.016272659722222 Ether
1,0x9d68a447a8718ef30645d23d423be1ea6b7d370f,1538049076,6410860.0,0xbfb297616ffa0124a288e212d1e6df5299c9f8d0,OUT,2,0.0,0x9efd866de640a39d10d902c9feacd82e165accf36db27daa7cd087c2a4b87b42,internal,call,0.01809136875 Ether
