Class,address,age,block,creator,direction,inter_direction,txFee,txhash,txn_type,type,value
1,0xe7d2c826292ce8bdd5e51ce44fff4033be657269,1532882713,6051308.0,0x40ae782714c22319ee27e44480e92e6731bda0f1,OUT,2,0.0,0x5a3524f425da5670faf40d634d3228dd585c230007b013e66d2ce13d8b31d8f3,internal,call,0.021488590910617 Ether
1,0xe7d2c826292ce8bdd5e51ce44fff4033be657269,1532920677,6056917.0,0x40ae782714c22319ee27e44480e92e6731bda0f1,OUT,2,0.0,0xe6df6d3a8dfc075dd01beb55bf1eae188750c1b346a7df1bad043558bee20358,internal,call,0.021862349747863 Ether
