Class,address,age,block,creator,direction,inter_direction,txFee,txhash,txn_type,type,value
0,0xaec2e87e0a235266d9c5adc9deb4b2e29b54d009,1512428491,4678439.0,0x0860df0aeb7fdd29c6da4dbc7aaed0da59325ddd,IN,3,0.00342951,0x5a0b1f8b46b525fa25e4f2deae69a3f14abc64741da8755ef430ce732ed84d8d,external,0,0 Ether
0,0xaec2e87e0a235266d9c5adc9deb4b2e29b54d009,1508783860,4418120.0,0x0860df0aeb7fdd29c6da4dbc7aaed0da59325ddd,IN,3,0.00036145,0x6231bfa7d379dbbce633b661fc35ac59dbefa70b92a9ae5445aa9cfa642be0f5,external,0,0 Ether
