Class,address,age,block,creator,direction,inter_direction,txFee,txhash,txn_type,type,value
0,0xaec2e87e0a235266d9c5adc9deb4b2e29b54d009,1520978256,5252189.0,0x0860df0aeb7fdd29c6da4dbc7aaed0da59325ddd,IN,3,0.00298063,0x1ccf88135902f47f32959a38a806e17528fe9bec4483bb02e795832adbf2384f,external,0,0 Ether
0,0xaec2e87e0a235266d9c5adc9deb4b2e29b54d009,1521770537,5306505.0,0x0860df0aeb7fdd29c6da4dbc7aaed0da59325ddd,IN,3,0.00396289,0x604a992b0a22a56cb567c3a3ab099889b9523f7b97f6f057b5ea6bbd087862e5,external,0,0 Ether
0,0xaec2e87e0a235266d9c5adc9deb4b2e29b54d009,1520978176,5252179.0,0x0860df0aeb7fdd29c6da4dbc7aaed0da59325ddd,IN,3,0.00362563,0xb5b40d7c7dfac323a3e8990dc0c887c93547af58bb363b155026f1cc738f04b8,external,0,0 Ether
