Class,address,age,block,creator,direction,inter_direction,txFee,txhash,txn_type,type,value
1,0x7b307c1f0039f5d38770e15f8043b3dd26da5e8f,1540211825,6564535.0,0xe1f3294e25bb72a2fb53addb82aa1a033797e6e3,OUT,1,0.0,0x8f9e7b202030d05f6a2b48c1abe95807058b7bd578575b7f1a2c2669aab3f0c7,internal,call,0.036439322033898 Ether
1,0x7b307c1f0039f5d38770e15f8043b3dd26da5e8f,1539789596,6534675.0,0xe1f3294e25bb72a2fb53addb82aa1a033797e6e3,OUT,1,0.0,0xaf594cca36c7a6573498ced8ee6b351c9a9ede813c2b0f693a43a9da5c6a10ae,internal,call,0.012454779661016 Ether
1,0x7b307c1f0039f5d38770e15f8043b3dd26da5e8f,1539645745,6524469.0,0xe1f3294e25bb72a2fb53addb82aa1a033797e6e3,OUT,1,0.0,0x60018f5b83956c883257f2f347b7254abe603669cb7d221348c53ba0faa7670f,internal,call,0.046691389830508 Ether
1,0x7b307c1f0039f5d38770e15f8043b3dd26da5e8f,1539108483,6486208.0,0xe1f3294e25bb72a2fb53addb82aa1a033797e6e3,OUT,2,0.0,0xb7c25de0d037b4a1cc9dbe45fa3ccced5b79aa19cf151062ab83d426284835cc,internal,call,0.058566508474576 Ether
