Class,address,age,block,creator,direction,inter_direction,txFee,txhash,txn_type,type,value
0,0xaf30d2a7e90d7dc361c8c4585e9bb7d2f6f15bc7,1513049548,4719622.0,0x7b174763483367307a177ecebf043697eb4673c7,IN,3,0.0009428,0x18b3b5b2ba770f8d7942cac72adcab9b95a63aec66f7ba101ece704569b67e24,external,0,0 Ether
0,0xaf30d2a7e90d7dc361c8c4585e9bb7d2f6f15bc7,1513049548,4719622.0,0x7b174763483367307a177ecebf043697eb4673c7,IN,3,0.0009427999999999999,0x18b3b5b2ba770f8d7942cac72adcab9b95a63aec66f7ba101ece704569b67e24,external,0,0 Ether
