Class,address,age,block,creator,direction,inter_direction,txFee,txhash,txn_type,type,value
0,0xaf30d2a7e90d7dc361c8c4585e9bb7d2f6f15bc7,1506962883,4330459.0,0x7b174763483367307a177ecebf043697eb4673c7,IN,3,0.0002284,0x5e064efca152aa394c58d28e10649bfccddcf4190b9585dee251f67e44d5f9c5,external,0,0 Ether
0,0xaf30d2a7e90d7dc361c8c4585e9bb7d2f6f15bc7,1506962883,4330459.0,0x7b174763483367307a177ecebf043697eb4673c7,IN,3,0.00022840000000000002,0x5e064efca152aa394c58d28e10649bfccddcf4190b9585dee251f67e44d5f9c5,external,0,0 Ether
