Class,address,age,block,creator,direction,inter_direction,txFee,txhash,txn_type,type,value
0,0xaf30d2a7e90d7dc361c8c4585e9bb7d2f6f15bc7,1513040322,4718964.0,0x7b174763483367307a177ecebf043697eb4673c7,IN,3,0.00144958,0x17d93a0951869fdc4d6c24dc3c3c59dbf5e3046441a07704d9a3807b0926f266,external,0,0 Ether
0,0xaf30d2a7e90d7dc361c8c4585e9bb7d2f6f15bc7,1514178707,4794654.0,0x7b174763483367307a177ecebf043697eb4673c7,IN,3,0.00110695,0x7f6b14e83dce8dad6bf69a7ec536947993bfe054ba99236ab1714beb30077f4e,external,0,0 Ether
