Class,address,age,block,creator,direction,inter_direction,txFee,txhash,txn_type,type,value
0,0xaf4dce16da2877f8c9e00544c93b62ac40631f16,1514950833,4847098.0,0x009ad183826518ca658c2be352eaafb3990416c0,IN,3,0.00104338,0x69d82f1009a1878191a8aa4f3e735be8af3dd8f0c44ecadda7a6bab4a3fd7d8c,external,0,0 Ether
0,0xaf4dce16da2877f8c9e00544c93b62ac40631f16,1541955294,6684711.0,0x009ad183826518ca658c2be352eaafb3990416c0,IN,3,0.00152392,0x8f26cc90abd29b7f9026ac2a3495a697f037a47437e08faa0a2711b7beae592e,external,0,0 Ether
