Class,address,age,block,creator,direction,inter_direction,txFee,txhash,txn_type,type,value
0,0xaf30d2a7e90d7dc361c8c4585e9bb7d2f6f15bc7,1533498083,6096429.0,0x7b174763483367307a177ecebf043697eb4673c7,IN,3,0.0001822,0x4ac7e3e184b99a51f772af7092f0e4f0add1944bdcc23d4a7c352f94e4ab6f36,external,0,0 Ether
0,0xaf30d2a7e90d7dc361c8c4585e9bb7d2f6f15bc7,1533498083,6096429.0,0x7b174763483367307a177ecebf043697eb4673c7,IN,3,0.00018219999999999998,0x4ac7e3e184b99a51f772af7092f0e4f0add1944bdcc23d4a7c352f94e4ab6f36,external,0,0 Ether
