Class,address,age,block,creator,direction,inter_direction,txFee,txhash,txn_type,type,value
1,0x8a883a20940870dc055f2070ac8ec847ed2d9918,1532333392,6016691.0,0xc14f8469d4bb31c8e69fae9c16e262f45edc3635,OUT,2,0.0,0x62d22bf2ef05d399279a68d7e2b47db6febbcc97acb90a7c3180332372d79e0e,internal,call,0.023037545077837 Ether
1,0x8a883a20940870dc055f2070ac8ec847ed2d9918,1533164014,6073553.0,0xc14f8469d4bb31c8e69fae9c16e262f45edc3635,OUT,2,0.0,0x3ef4097e10bb555830550f82ad2cfe2d2a0b20251fa1dd27c5df855c8417a638,internal,call,0.111897633838285 Ether
1,0x8a883a20940870dc055f2070ac8ec847ed2d9918,1532420171,6022553.0,0xc14f8469d4bb31c8e69fae9c16e262f45edc3635,OUT,2,0.0,0x0faf937b8dfc4f48fe89e2d0a0d9f671a3b3031dcd91d8968a54c66e3ba59f75,internal,call,0.018531642705943 Ether
1,0x8a883a20940870dc055f2070ac8ec847ed2d9918,1532570120,6032775.0,0xc14f8469d4bb31c8e69fae9c16e262f45edc3635,OUT,2,0.0,0x2be99075a7902ade820025172bd37d1ddd36ae225b886386f8543a6f50763bc0,internal,call,0.004260708469745 Ether
1,0x8a883a20940870dc055f2070ac8ec847ed2d9918,1532304592,6014784.0,0xc14f8469d4bb31c8e69fae9c16e262f45edc3635,OUT,2,0.0,0xb8ed676edd3cb37933c80a980330e55bbefbed14d914a4de6a27e54e735ffdfc,internal,call,0.071355778054052 Ether
