Class,address,age,block,creator,direction,inter_direction,txFee,txhash,txn_type,type,value
1,0xb10ea0d397db942a1083a4af9c6074ab63bc8c8b,1540282109,6569525.0,0x65b041db3135ed5f76d9486aa56f8ca5dc9a3f5e,IN,3,0.00029205,0x012ba3f33209ed62e24cf401f13236ee5c348a16b874cf670962ff065130928e,external,0,0 Ether
1,0xb10ea0d397db942a1083a4af9c6074ab63bc8c8b,1541051905,6623978.0,0x65b041db3135ed5f76d9486aa56f8ca5dc9a3f5e,IN,3,0.00029205,0x375233a6ba840f8db20402c05c4e2898686236ce5101270849cdb24925e61112,external,0,0 Ether
1,0xb10ea0d397db942a1083a4af9c6074ab63bc8c8b,1540958737,6614343.0,0x65b041db3135ed5f76d9486aa56f8ca5dc9a3f5e,IN,3,0.00052569,0x739c95c762eb54921b3bf7659034a1f8db9ca948082fbaac45d21e16445bf73e,external,0,0 Ether
1,0xb10ea0d397db942a1083a4af9c6074ab63bc8c8b,1540619675,6593458.0,0x65b041db3135ed5f76d9486aa56f8ca5dc9a3f5e,IN,3,0.00046728,0x8175010bd5f0b9ce6809bea59dfc07d01d18ff01d01b0ac25cd437f871790290,external,0,0 Ether
