Class,address,age,block,creator,direction,inter_direction,txFee,txhash,txn_type,type,value
0,0xb2f7eb1f2c37645be61d73953035360e768d81e6,1512264837,4667504.0,0x1667c5c1b15df4edd64ade7c96f2165e97c6577e,IN,3,0.00018489,0x0ce543896290fa2b5a5189f5aba43e6c12e9af3809f6754092bf236a44f69426,external,0,0 Ether
0,0xb2f7eb1f2c37645be61d73953035360e768d81e6,1513536475,4751911.0,0x1667c5c1b15df4edd64ade7c96f2165e97c6577e,IN,3,8.78e-05,0x1afc70a522f0acab046122c700d69edfa5619347db9e0b734ed0286e9abf9c61,external,0,0 Ether
0,0xb2f7eb1f2c37645be61d73953035360e768d81e6,1512267762,4667701.0,0x1667c5c1b15df4edd64ade7c96f2165e97c6577e,IN,3,0.00018438,0x61e2775cce00240060d9b1c51ba00ae0c191a8f8bdd85e1ae8157874bec7f2e9,external,0,0 Ether
0,0xb2f7eb1f2c37645be61d73953035360e768d81e6,1513534852,4751798.0,0x1667c5c1b15df4edd64ade7c96f2165e97c6577e,IN,3,0.00020754,0x9be810b2eded97ecccb2b2984f68cf3f2ca3997c3d1552bdcc50b794204cbd54,external,0,0 Ether
