Class,address,age,block,creator,direction,inter_direction,txFee,txhash,txn_type,type,value
0,0x8d12a197cb00d4747a1fe03395095ce2a5cc6819,1541206294,6634837.0,0x1ed014aec47fae44c9e55bac7662c0b78ae61798,OUT,2,0.0,0x13fc5c589e65381cb7f62f10f244974c116812cd9bcb8db880069981efba7355,internal,call,0.1 Ether
0,0x8d12a197cb00d4747a1fe03395095ce2a5cc6819,1544597297,6873541.0,0x1ed014aec47fae44c9e55bac7662c0b78ae61798,OUT,1,0.0,0x34d071477c10397f4d9714bacd6d912dce475df86daa1babb0e422f4af53a406,internal,call,0.080614480111596 Ether
0,0x8d12a197cb00d4747a1fe03395095ce2a5cc6819,1539582605,6519967.0,0x1ed014aec47fae44c9e55bac7662c0b78ae61798,OUT,2,0.0,0x9b90e4455fcc74edca4f9ceb266e06d8c306031b0c6f470658d6d97c5b277153,internal,call,0.032 Ether
0,0x8d12a197cb00d4747a1fe03395095ce2a5cc6819,1534477693,6163523.0,0x1ed014aec47fae44c9e55bac7662c0b78ae61798,OUT,2,0.0,0x57aa5800e33f22131ecc63cc413815ce4f1ea763255e0b7b227b7b17b682caba,internal,call,0.260910912545 Ether
