Class,address,age,block,creator,direction,inter_direction,txFee,txhash,txn_type,type,value
0,0xb2f7eb1f2c37645be61d73953035360e768d81e6,1515284616,4868007.0,0x1667c5c1b15df4edd64ade7c96f2165e97c6577e,IN,3,0.00109097,0x30ba057215ec41d0e269f15282a98bc5402b53b8304e23f6c326d511c9261c4f,external,0,0 Ether
0,0xb2f7eb1f2c37645be61d73953035360e768d81e6,1515530705,4883493.0,0x1667c5c1b15df4edd64ade7c96f2165e97c6577e,IN,3,0.00220089,0x48dd3c5e854bb9a4f678a51f847983574338c4eea05b6f0b3b256a350fef9acd,external,0,0 Ether
0,0xb2f7eb1f2c37645be61d73953035360e768d81e6,1515616349,4888868.0,0x1667c5c1b15df4edd64ade7c96f2165e97c6577e,IN,3,0.00176787,0x7a1195e33ae790c12da0521ce514e5b567d749fc03943fe1d8e7b320f88a7863,external,0,0 Ether
