Class,address,age,block,creator,direction,inter_direction,txFee,txhash,txn_type,type,value
1,0xe1c9a03cf690256ff7738cbd508c88cf5238a535,1522912608,5385711.0,0xc84c18a88789dba5b0ca9c13973435bbce7e961d,OUT,2,0.0,0x7635825330e5af919cd68f51a67658de1653fdfa7bc49871d6932d61f2be37bc,internal,call,0.302767227994029 Ether
1,0xe1c9a03cf690256ff7738cbd508c88cf5238a535,1522941806,5387798.0,0xc84c18a88789dba5b0ca9c13973435bbce7e961d,OUT,2,0.0,0xd836fbc3c8b14f0b47ad47cb2613a94656e30673da559e81bac7bde8f7183cb4,internal,call,0.313871301536511 Ether
1,0xe1c9a03cf690256ff7738cbd508c88cf5238a535,1522970607,5389858.0,0xc84c18a88789dba5b0ca9c13973435bbce7e961d,OUT,2,0.0,0xd3aec21a6dbba543e37f8632942d243557a064732111d3ccf5990b1390e2f8fe,internal,call,0.574123612470596 Ether
1,0xe1c9a03cf690256ff7738cbd508c88cf5238a535,1522968895,5389719.0,0xc84c18a88789dba5b0ca9c13973435bbce7e961d,OUT,2,0.0,0x2bfd67a4e0788f9be9fec5503c8ff495572d22b91b668f591b1f0ba594ed548b,internal,call,0.180396230715052 Ether
