Class,address,age,block,creator,direction,inter_direction,txFee,txhash,txn_type,type,value
1,0xb547027a4ccd46ec98199fa88aaedf5aa981db26,1537692984,6385781.0,0xaf9c025ce6322a23ac00301c714f4f42895c9818,IN,3,0.00055593,0x00e81143204f19ed0bc08eaae6c8e908e8cb9062c5a7b311430c0788c1e8fc92,external,0,0.1 Ether
1,0xb547027a4ccd46ec98199fa88aaedf5aa981db26,1537973450,6405593.0,0xaf9c025ce6322a23ac00301c714f4f42895c9818,IN,3,0.0003861,0x01562fed05938508e229b251cc0b9a1efc7acd12fa5a22be2b8bee1428cf4cfe,external,0,0 Ether
1,0xb547027a4ccd46ec98199fa88aaedf5aa981db26,1537820868,6394821.0,0xaf9c025ce6322a23ac00301c714f4f42895c9818,IN,3,0.0003861,0x32a6d4af0aa52984d7086cc1fe3e488d99a833b87e17f293ed310590e24605d1,external,0,0 Ether
1,0xb547027a4ccd46ec98199fa88aaedf5aa981db26,1537941976,6403384.0,0xaf9c025ce6322a23ac00301c714f4f42895c9818,IN,3,0.0003861,0x3a2a58957a2097578228a1a4a729deee69f41fd81accc39ba0d65420cf75d32f,external,0,0 Ether
1,0xb547027a4ccd46ec98199fa88aaedf5aa981db26,1537996264,6407210.0,0xaf9c025ce6322a23ac00301c714f4f42895c9818,IN,3,0.0003861,0x41498cc59bfed87dfd3a739a64458da31b4c90a3b09d125ace372d09b0967cda,external,0,0 Ether
1,0xb547027a4ccd46ec98199fa88aaedf5aa981db26,1537807987,6390874.0,0xaf9c025ce6322a23ac00301c714f4f42895c9818,IN,3,0.0005361000000000001,0xb0d4f25544055a26ce4f9d029b5eec3c8222f0f6566b0d333d14aa8decac2853,external,0,0 Ether
