Class,address,age,block,creator,direction,inter_direction,txFee,txhash,txn_type,type,value
1,0x536a6ba0d913d5d6a4ce2c6eb7ed0de3c0f0b89e,1537314808,6359292.0,0xb648cc3367571c9166e966d1eb97de3f9ebfb8fd,OUT,1,0.0,0x0c1836d4a66ae7e312a01c60e5da9a9f909193d9439eb8fa7b41f0d93ac56f8a,internal,call,0.032662943932835 Ether
1,0x536a6ba0d913d5d6a4ce2c6eb7ed0de3c0f0b89e,1537624033,6380960.0,0xb648cc3367571c9166e966d1eb97de3f9ebfb8fd,OUT,1,0.0,0x8c92a8286a00bf303f8af85c629d7680765a5e6079d4139de622c549fec109a6,internal,call,0.035142985937835 Ether
1,0x536a6ba0d913d5d6a4ce2c6eb7ed0de3c0f0b89e,1537886088,6399414.0,0xb648cc3367571c9166e966d1eb97de3f9ebfb8fd,OUT,2,0.0,0xda5d96300cf3af3872309d455ae40db528da331f48da1f44df25599d73bc3137,internal,call,0.112834292813505 Ether
1,0x536a6ba0d913d5d6a4ce2c6eb7ed0de3c0f0b89e,1538011622,6408275.0,0xb648cc3367571c9166e966d1eb97de3f9ebfb8fd,OUT,2,0.0,0xba0c0e033a6f108e77a0eb3e3e45c28ec0017afecbdb7cfbdb773a257358ae96,internal,call,0.037611430937835 Ether
1,0x536a6ba0d913d5d6a4ce2c6eb7ed0de3c0f0b89e,1537537582,6374862.0,0xb648cc3367571c9166e966d1eb97de3f9ebfb8fd,OUT,1,0.0,0x327269182dc35f00ef274dc6a27bce7af20b0359b81435faf1224d98beea4ac9,internal,call,0.035142985937835 Ether
1,0x536a6ba0d913d5d6a4ce2c6eb7ed0de3c0f0b89e,1537154656,6348030.0,0xb648cc3367571c9166e966d1eb97de3f9ebfb8fd,OUT,1,0.0,0x63d3fd80ae4d776786d3141e045e03cbd747e641efa243999e5543e84a96fc09,internal,call,0.0305765502 Ether
1,0x536a6ba0d913d5d6a4ce2c6eb7ed0de3c0f0b89e,1537434772,6367690.0,0xb648cc3367571c9166e966d1eb97de3f9ebfb8fd,OUT,2,0.0,0xe896f174ab9ff3db707c478327832b25fc22296639c3707e02bf717e84cbb85c,internal,call,0.032662943932835 Ether
