Class,address,age,block,creator,direction,inter_direction,txFee,txhash,txn_type,type,value
0,0xb97048628db6b661d4c2aa833e95dbe1a905b280,1530687138,5904663.0,0xd43d09ec1bc5e57c8f3d0c64020d403b04c7f783,IN,3,0.00213204,0x19dc8cfdc912689f508ccb49eedf4611d59fd11443144d916502af13adfa3fb3,external,0,0 Ether
0,0xb97048628db6b661d4c2aa833e95dbe1a905b280,1530691177,5904949.0,0xd43d09ec1bc5e57c8f3d0c64020d403b04c7f783,IN,3,0.00090728,0x5d338778de2f339f26e3e74aca9831d81bc87a800ca1465e3642c01ddbf560a7,external,0,0 Ether
