Class,address,age,block,creator,direction,inter_direction,txFee,txhash,txn_type,type,value
1,0x4e8ecf79ade5e2c49b9e30d795517a81e0bf00b8,1545450755,6932330.0,0xf39e044e1ab204460e06e87c6dca2c6319fc69e3,OUT,2,0.0,0xfc9ff663b11752a6d7e376a823a5f4d69562f4e2d10006f9aa29e7060c823990,internal,call,0.007747187514345 Ether
1,0x4e8ecf79ade5e2c49b9e30d795517a81e0bf00b8,1533122259,6070615.0,0xf39e044e1ab204460e06e87c6dca2c6319fc69e3,OUT,1,0.0,0x99b5551e9ee6b4540ac6043e90be6f4b570337e21bd39a3388a1faa3a4c2d663,internal,call,0.030050764443223 Ether
