Class,address,age,block,creator,direction,inter_direction,txFee,txhash,txn_type,type,value
0,0xba2184520a1cc49a6159c57e61e1844e085615b6,1506076681,4302434.0,0x97202b21c749b1cbf2b7bbbf23a6c60205b29e1f,IN,3,0.13406131,0x005fde2963277731578d3dae41efffba46e0f904ce4a1115956d0c38009b47e2,external,0,3 Ether
0,0xba2184520a1cc49a6159c57e61e1844e085615b6,1506077599,4302464.0,0x97202b21c749b1cbf2b7bbbf23a6c60205b29e1f,IN,3,0.13378155,0x5cda324965e38dda377963f699e751b72228e02459903859029f420f92d192d8,external,0,3 Ether
