Class,address,age,block,creator,direction,inter_direction,txFee,txhash,txn_type,type,value
1,0x4e8ecf79ade5e2c49b9e30d795517a81e0bf00b8,1533450335,6093145.0,0xf39e044e1ab204460e06e87c6dca2c6319fc69e3,OUT,1,0.0,0x507f931f33436ec4d0985148ea1dfa428efc7ee174f6e63d205bf674415ecf74,internal,call,0.061073288180688 Ether
1,0x4e8ecf79ade5e2c49b9e30d795517a81e0bf00b8,1533113758,0.0,0xf39e044e1ab204460e06e87c6dca2c6319fc69e3,OUT,2,0.0,0xfb1535389a8471bc4f3f250361427895a378a01ccf3bf44b7e79aa29e8a0e36d,internal,call,0.239928039706981 Ether
1,0x4e8ecf79ade5e2c49b9e30d795517a81e0bf00b8,1532895333,6055148.0,0xf39e044e1ab204460e06e87c6dca2c6319fc69e3,OUT,2,0.0,0xcf115573cd404474f6128c6770d660644985872ad929b0df31e2a9b77eecfc88,internal,call,1 Ether
1,0x4e8ecf79ade5e2c49b9e30d795517a81e0bf00b8,1533091634,6068557.0,0xf39e044e1ab204460e06e87c6dca2c6319fc69e3,OUT,1,0.0,0x20fbf32750b2e1f47402cdbf2fa1566aec86acde69ebcdc7c044aa86dff6cf9b,internal,call,0.510344853836375 Ether
1,0x4e8ecf79ade5e2c49b9e30d795517a81e0bf00b8,1532960778,0.0,0xf39e044e1ab204460e06e87c6dca2c6319fc69e3,OUT,1,0.0,0x120c7bbf739dd1076dbf27431fb27667e940e64da7c915cd75617d6e2dc9674d,internal,call,1.050661636457014 Ether
1,0x4e8ecf79ade5e2c49b9e30d795517a81e0bf00b8,1532713557,6042538.0,0xf39e044e1ab204460e06e87c6dca2c6319fc69e3,OUT,2,0.0,0xe6f796ace65badf50b4ee95f2fc4990bf0fcac50f8dad47d8e0464e0f55818b7,internal,call,1 Ether
