Class,address,age,block,creator,direction,inter_direction,txFee,txhash,txn_type,type,value
1,0x4e8ecf79ade5e2c49b9e30d795517a81e0bf00b8,1532810784,0.0,0xf39e044e1ab204460e06e87c6dca2c6319fc69e3,OUT,1,0.0,0x81af65412a937235787dfb8ed9c15a7544031a3e99ac389478a6e3eba0829ffc,internal,call,0.095306904084571 Ether
1,0x4e8ecf79ade5e2c49b9e30d795517a81e0bf00b8,1532765526,6046099.0,0xf39e044e1ab204460e06e87c6dca2c6319fc69e3,OUT,1,0.0,0x79c2f9b853614e1cc53e818c291fddaae0155831d550ad05a5d148315692f514,internal,call,0.202389079368204 Ether
1,0x4e8ecf79ade5e2c49b9e30d795517a81e0bf00b8,1532755732,6045431.0,0xf39e044e1ab204460e06e87c6dca2c6319fc69e3,OUT,2,0.0,0xdab47a4f2d6887f135db2b522298fd43c8fc7f4b280223399cab2ed7814083ce,internal,call,0.016513002764674 Ether
1,0x4e8ecf79ade5e2c49b9e30d795517a81e0bf00b8,1533098482,6066144.0,0xf39e044e1ab204460e06e87c6dca2c6319fc69e3,OUT,1,0.0,0xa9f5434881a6229511b85b37ded434bf1f9dd62259034aac94d145a95d75c804,internal,call,0.135168130515717 Ether
1,0x4e8ecf79ade5e2c49b9e30d795517a81e0bf00b8,1532794343,6045118.0,0xf39e044e1ab204460e06e87c6dca2c6319fc69e3,OUT,1,0.0,0x920f63fda5f9a8649af03457b2949e691569401d4103adabed654e1b45bf3e6f,internal,call,0.185993191943678 Ether
