Class,address,age,block,creator,direction,inter_direction,txFee,txhash,txn_type,type,value
0,0xc02aaa39b223fe8d0a0e5c4f27ead9083c756cc2,1546452665,7000923.0,0x4f26ffbe5f04ed43630fdc30a87638d53d0b0876,OUT,2,0.0,0x7249ddcea1e1bbb69675e5cef9fded5c4bed338a546e052b8e90e90cf466d4b8,internal,call,24.428558219095878 Ether
0,0xc02aaa39b223fe8d0a0e5c4f27ead9083c756cc2,1546451344,7000834.0,0x4f26ffbe5f04ed43630fdc30a87638d53d0b0876,OUT,2,0.0,0xb1e9f8bd3272edb1080593f2a756cb29ed2ec0e11c46bd13361d28b545444ce0,internal,call,0.651126448756348 Ether
0,0xc02aaa39b223fe8d0a0e5c4f27ead9083c756cc2,1545077959,6907029.0,0x4f26ffbe5f04ed43630fdc30a87638d53d0b0876,OUT,2,0.0,0x6cb2d0c859e0a8d876c97338feb750bd43e6be94babb55279146cabdc7b48321,internal,call,36.648139213382829 Ether
