Class,address,age,block,creator,direction,inter_direction,txFee,txhash,txn_type,type,value
0,0xf4985070ce32b6b1994329df787d1acc9a2dd9e2,1545828679,6958292.0,0x01bf1d7c5e192313c26414e134584275f46271cf,OUT,2,0.0,0x9cb54f2376c42138a1bc35ba8927a340667799f390cee65625e155b27682f58e,internal,call,0.028725 Ether
0,0xf4985070ce32b6b1994329df787d1acc9a2dd9e2,1545774659,6954524.0,0x01bf1d7c5e192313c26414e134584275f46271cf,OUT,2,0.0,0x9be595d9bbd9a759aa1d17f52beff1bbcb41de178a37a81f8abdc13b6682118a,internal,call,0.028725 Ether
0,0xf4985070ce32b6b1994329df787d1acc9a2dd9e2,1545770240,6954247.0,0x01bf1d7c5e192313c26414e134584275f46271cf,OUT,2,0.0,0x19ff48756a224dbdff2baf84af060dbdd0ba167e7f9ac82a7faff913f316e97f,internal,call,0.028725 Ether
