Class,address,age,block,creator,direction,inter_direction,txFee,txhash,txn_type,type,value
1,0xbeefd8fb3b5778f99e021afa2e41e0614af6af11,1540289768,0.0,0x300758881bf3756b6cb5b2e96f545d7b3566ce3a,OUT,2,0.0,0xe55a886b9c2b1a1ecc14003fb08533f483ffdee7df62d340fea17713e0e4fd85,internal,call,0.003 Ether
1,0xbeefd8fb3b5778f99e021afa2e41e0614af6af11,1541503063,6655773.0,0x300758881bf3756b6cb5b2e96f545d7b3566ce3a,OUT,1,0.0,0x68d865e5aede2cca9fca88dd5ccf8ce31c3d278fa90eb4b88d3bc39f3572d1ff,internal,call,0.00001394262295 Ether
1,0xbeefd8fb3b5778f99e021afa2e41e0614af6af11,1541502685,0.0,0x300758881bf3756b6cb5b2e96f545d7b3566ce3a,OUT,1,0.0,0x5f6c5e522909cb7a09f1fcec9fef8eaa0bb04a1246f9fb69a7427ec72dfeda34,internal,call,0.020861483606557 Ether
1,0xbeefd8fb3b5778f99e021afa2e41e0614af6af11,1541913490,6684810.0,0x300758881bf3756b6cb5b2e96f545d7b3566ce3a,OUT,2,0.0,0xf177f74a30e1d8a1d48759abde35d63495caaf1b18422afcaca531ff921c35e6,internal,call,0.017850614754098 Ether
1,0xbeefd8fb3b5778f99e021afa2e41e0614af6af11,1541056733,0.0,0x300758881bf3756b6cb5b2e96f545d7b3566ce3a,OUT,1,0.0,0x0d35cd343f272aaa30f304cd40d1008141a6f8e7000e12b75406cb62d0832f7d,internal,call,0.040033770491803 Ether
