Class,address,age,block,creator,direction,inter_direction,txFee,txhash,txn_type,type,value
0,0xbb9bc244d798123fde783fcc1c72d3bb8c189413,1469798987,1976129.0,0x793ea9692ada1900fbd0b80fffec6e431fe8b391,IN,3,0.00061216,0x2ea8d4c3ea11779959b2f85f18f1c3fd4b15d8905a3e470358122c60007acce7,external,0,0 Ether
0,0xbb9bc244d798123fde783fcc1c72d3bb8c189413,1469021213,1921867.0,0x793ea9692ada1900fbd0b80fffec6e431fe8b391,IN,3,0.00091216,0x533c3ab5fca04e03673c59e3f8d2f5372f9bbda09d07d20ca1355eb38698e684,external,0,0 Ether
