Class,address,age,block,creator,direction,inter_direction,txFee,txhash,txn_type,type,value
1,0xb2816223fddc21aca553ba208c7b7a13b27c207c,1541574742,0.0,0x50b69eb0234c84e44a6951ba0ad2e316a81d0900,OUT,2,0.0,0x9205c40c46915097eb489813ad5a4e40750966e0aa7537562bb26e5253b0801d,internal,call,0.0015 Ether
1,0xb2816223fddc21aca553ba208c7b7a13b27c207c,1543196234,6775448.0,0x50b69eb0234c84e44a6951ba0ad2e316a81d0900,OUT,2,0.0,0x326db7de87e1a830276d9cdffb52d131a3edfe724f3a05f9bf215c44bcefbccc,internal,call,0.02027027027027 Ether
1,0xb2816223fddc21aca553ba208c7b7a13b27c207c,1542416561,6720369.0,0x50b69eb0234c84e44a6951ba0ad2e316a81d0900,OUT,2,0.0,0x2946d4396327d4ef073b8b177810c82d6a49dd89b462ce6f3f0c49062bcf0653,internal,call,0.013630427302302 Ether
1,0xb2816223fddc21aca553ba208c7b7a13b27c207c,1541753865,6673494.0,0x50b69eb0234c84e44a6951ba0ad2e316a81d0900,OUT,2,0.0,0x28e8b392d8e14f896c770ca06743034cf93958790b72f06dcc6794887c6487ff,internal,call,0.01440260573073 Ether
1,0xb2816223fddc21aca553ba208c7b7a13b27c207c,1541988429,6690065.0,0x50b69eb0234c84e44a6951ba0ad2e316a81d0900,OUT,2,0.0,0x2037d2e60ad7e53132195b06ba5dc7ca485b3495c9d5fffa7ded707f15355f04,internal,call,0.018343656156156 Ether
1,0xb2816223fddc21aca553ba208c7b7a13b27c207c,1542855770,6751266.0,0x50b69eb0234c84e44a6951ba0ad2e316a81d0900,OUT,2,0.0,0x688af0949af1412f2580788b2787dd7e65554adaba3a0485db84353ac7a98508,internal,call,0.02027027027027 Ether
1,0xb2816223fddc21aca553ba208c7b7a13b27c207c,1542242266,6708041.0,0x50b69eb0234c84e44a6951ba0ad2e316a81d0900,OUT,2,0.0,0x6b6cb488a7158e881a98c6b6b453b21cdfed57bcfbe104b4a11bf4b0cfc42a03,internal,call,0.019850866491491 Ether
1,0xb2816223fddc21aca553ba208c7b7a13b27c207c,1541582658,0.0,0x50b69eb0234c84e44a6951ba0ad2e316a81d0900,OUT,2,0.0,0x855778bdfe77f3df453e76b0df1b0d884d060c86d6227c88d4ff24ff9ef78092,internal,call,0.0003 Ether
