Class,address,age,block,creator,direction,inter_direction,txFee,txhash,txn_type,type,value
1,0xbeefd8fb3b5778f99e021afa2e41e0614af6af11,1539981741,6548265.0,0x300758881bf3756b6cb5b2e96f545d7b3566ce3a,IN,3,0.00166751,0x1250d155f6aa0395d5aebe6ad7063ff14aa1cecdffec89352d647862efd7b62a,external,0,0 Ether
1,0xbeefd8fb3b5778f99e021afa2e41e0614af6af11,1541573175,6660716.0,0x300758881bf3756b6cb5b2e96f545d7b3566ce3a,IN,3,0.00032552,0x4576e68c5ff4d5bd757fdd48875c8416d17c9c18f11d35081a301b5e0ef76309,external,0,0 Ether
1,0xbeefd8fb3b5778f99e021afa2e41e0614af6af11,1541496481,6655320.0,0x300758881bf3756b6cb5b2e96f545d7b3566ce3a,IN,3,0.0003256,0x46aef496e2eb93bcc97c2be62a58d65259fa3fe2ff0d45bde559beb32c367aa0,external,0,0 Ether
1,0xbeefd8fb3b5778f99e021afa2e41e0614af6af11,1538821590,6465676.0,0x300758881bf3756b6cb5b2e96f545d7b3566ce3a,IN,3,0.00389733,0x7da33a89e8fd27ebfd79f0151daa42c39a1f73fe79b1c5233fc35d2328433ead,external,0,0.8 Ether
1,0xbeefd8fb3b5778f99e021afa2e41e0614af6af11,1541663667,6667116.0,0x300758881bf3756b6cb5b2e96f545d7b3566ce3a,IN,3,0.00032552,0x9dbcba2f033f56816102bec5a77bc1807bce948724ee3325d3d44665642e82bd,external,0,0 Ether
1,0xbeefd8fb3b5778f99e021afa2e41e0614af6af11,1541199199,6634318.0,0x300758881bf3756b6cb5b2e96f545d7b3566ce3a,IN,3,0.0003663,0xab9f60cd8439410881ed76e022f1eecfae9ee36d85681ff27328bc0db944227d,external,0,0 Ether
