Class,address,age,block,creator,direction,inter_direction,txFee,txhash,txn_type,type,value
1,0xbeefd8fb3b5778f99e021afa2e41e0614af6af11,1540623635,6593751.0,0x300758881bf3756b6cb5b2e96f545d7b3566ce3a,IN,3,0.00036953,0x319f8b27e6f380d78c069c62da8eabb5895c4754a7638cb73dabe1528b72315e,external,0,1 Ether
1,0xbeefd8fb3b5778f99e021afa2e41e0614af6af11,1541081714,6626108.0,0x300758881bf3756b6cb5b2e96f545d7b3566ce3a,IN,3,0.00024402,0x55142051bb06f71e3991b3c6acefe5fd6f11e86402cf4c08a3ff5254d073d0e4,external,0,0 Ether
1,0xbeefd8fb3b5778f99e021afa2e41e0614af6af11,1541684111,6668576.0,0x300758881bf3756b6cb5b2e96f545d7b3566ce3a,IN,3,0.00020345,0x6e3b635a34dc4a588b2b468a82f84d6934f0fa91b6f04988050de2c2c63e1d78,external,0,0 Ether
1,0xbeefd8fb3b5778f99e021afa2e41e0614af6af11,1541546672,6658826.0,0x300758881bf3756b6cb5b2e96f545d7b3566ce3a,IN,3,0.00036621,0x8ab19f0c4af7aa325217c1239d59587e987fda8aaad4ea3e992ce06558ea6472,external,0,0 Ether
1,0xbeefd8fb3b5778f99e021afa2e41e0614af6af11,1541919006,6685198.0,0x300758881bf3756b6cb5b2e96f545d7b3566ce3a,IN,3,0.00016276,0x8cc3eb75754f67ddb4475035b6035f048ab304c6791c3c0657d691fa05d4e031,external,0,0 Ether
