Class,address,age,block,creator,direction,inter_direction,txFee,txhash,txn_type,type,value
1,0xbeefd8fb3b5778f99e021afa2e41e0614af6af11,1541642357,6665631.0,0x300758881bf3756b6cb5b2e96f545d7b3566ce3a,IN,3,0.00166829,0x0e44b52641bc4cc7842b44a994cae413823b28e1e75734ccf33336b093459ce7,external,0,0 Ether
1,0xbeefd8fb3b5778f99e021afa2e41e0614af6af11,1542306732,6712577.0,0x300758881bf3756b6cb5b2e96f545d7b3566ce3a,IN,3,0.0008609999999999999,0x1d4a0a64361eb39770e5a41b2ab9f3d5361a1cd5785a7a16cdcc9c49320dafbc,external,0,0 Ether
1,0xbeefd8fb3b5778f99e021afa2e41e0614af6af11,1539112228,6486488.0,0x300758881bf3756b6cb5b2e96f545d7b3566ce3a,IN,3,0.00389733,0x4486d363f70248027fd171dbd8a5b54884cc0d5b13814904e774a813cd1cfd65,external,0,0.5 Ether
