Class,address,age,block,creator,direction,inter_direction,txFee,txhash,txn_type,type,value
0,0x2f6321db2461f68676f42f396330a4dc4a8f49df,1545820750,0.0,0x62ade6fa647db88e921f131c7623869fc7575bf4,OUT,2,0.0,0xeebf00c2319a34360ba7162924497091a9baf50b89553c2fe40cb13f45ee5ee6,internal,call,0.00736377 Ether
0,0x2f6321db2461f68676f42f396330a4dc4a8f49df,1546984865,0.0,0x62ade6fa647db88e921f131c7623869fc7575bf4,OUT,2,0.0,0xd5296d352ca46420f934bf5304444679e36ff271b3ecb53de4b13b5e059be36b,internal,call,0.058951288 Ether
