Class,address,age,block,creator,direction,inter_direction,txFee,txhash,txn_type,type,value
0,0xc02aaa39b223fe8d0a0e5c4f27ead9083c756cc2,1538548235,6446194.0,0x4f26ffbe5f04ed43630fdc30a87638d53d0b0876,IN,3,0.0009664999999999999,0x5c2812fea01ed4981f1d76ce93850ee74769e5b248de8a1146b06c2f20b04b89,external,0,0 Ether
0,0xc02aaa39b223fe8d0a0e5c4f27ead9083c756cc2,1538548235,6446194.0,0x4f26ffbe5f04ed43630fdc30a87638d53d0b0876,IN,3,0.0006515,0x6ff01670052da4e1b1302961d829cdeea5cb95d4d2fbe329f11093a9038a1b0f,external,0,0 Ether
0,0xc02aaa39b223fe8d0a0e5c4f27ead9083c756cc2,1538795059,6463771.0,0x4f26ffbe5f04ed43630fdc30a87638d53d0b0876,IN,3,4.31e-05,0x843a7a063fd4f68975166441014dd3a425860c71b5b8c70eacce5243827aca85,external,0,0 Ether
0,0xc02aaa39b223fe8d0a0e5c4f27ead9083c756cc2,1538547690,6446153.0,0x4f26ffbe5f04ed43630fdc30a87638d53d0b0876,IN,3,0.00091026,0xad9a4ff651c91b9e10368cc79412178be3b221182801cd390792a2ef7adda964,external,0,0.26 Ether
