Class,address,age,block,creator,direction,inter_direction,txFee,txhash,txn_type,type,value
1,0xdf93cdb6dd65c6c28c78dcdc1762aa34caf81678,1541127027,6629246.0,0xcc1ceb36cab5ada7fd0376b55602dd0d4b429c30,OUT,2,0.0,0xaa6c7d73f794f17300b95f54ca1ef38f822dd639056ef6f0a0f7f08faf361691,internal,call,2.047716203703703 Ether
1,0xdf93cdb6dd65c6c28c78dcdc1762aa34caf81678,1541201210,6634463.0,0xcc1ceb36cab5ada7fd0376b55602dd0d4b429c30,OUT,2,0.0,0x15b58e53825e84a572a4f72ad15dabe8a7b64f8cbf601e335e8dddd079f1eb07,internal,call,0.377783796296296 Ether
1,0xdf93cdb6dd65c6c28c78dcdc1762aa34caf81678,1540724930,6600921.0,0xcc1ceb36cab5ada7fd0376b55602dd0d4b429c30,OUT,2,0.0,0x172c3db8fd0d7c7e0ca2d4346eb1b033048d08d6b9843b149586d7bf35f6a582,internal,call,1.467761574074074 Ether
1,0xdf93cdb6dd65c6c28c78dcdc1762aa34caf81678,1540184973,6562667.0,0xcc1ceb36cab5ada7fd0376b55602dd0d4b429c30,OUT,2,0.0,0x05ffc79b0b148affce29ffaf8c1bb4ac3f7dc637a029252af4a63cc31917a949,internal,call,5.632193518518518 Ether
1,0xdf93cdb6dd65c6c28c78dcdc1762aa34caf81678,1541374665,6646716.0,0xcc1ceb36cab5ada7fd0376b55602dd0d4b429c30,OUT,2,0.0,0x550d93f264e0540848edcc21bd39b5288e8e2a573f61cc692c549c561b5b19bb,internal,call,0.883335648148148 Ether
1,0xdf93cdb6dd65c6c28c78dcdc1762aa34caf81678,1540436715,6580486.0,0xcc1ceb36cab5ada7fd0376b55602dd0d4b429c30,OUT,2,0.0,0x347920ecae13d661a0aa9d05294c791a37d866c8561610d3c64da003dcc85721,internal,call,0.869931944444444 Ether
1,0xdf93cdb6dd65c6c28c78dcdc1762aa34caf81678,1540265892,6568418.0,0xcc1ceb36cab5ada7fd0376b55602dd0d4b429c30,OUT,2,0.0,0xa4c552fa75540e1f8e7cd556a409d89b7abf5a37f115a1b1f173bce3c31d28d3,internal,call,0.4120875 Ether
1,0xdf93cdb6dd65c6c28c78dcdc1762aa34caf81678,1541434556,6647939.0,0xcc1ceb36cab5ada7fd0376b55602dd0d4b429c30,OUT,2,0.0,0x1f41bec22e104005c74119dc4ee10c329a4368f88c8749d45e0feef9aa5cd46f,internal,call,0.085000462962962 Ether
