Class,address,age,block,creator,direction,inter_direction,txFee,txhash,txn_type,type,value
1,0x9b5bbb16a7a68660f6503eff6c8e3159820d6396,1540081813,6555357.0,0xdacca760db181e54d96b9a061acc0d2d48a05593,OUT,2,0.0,0xa0562dca4b0d663eaffb7193f66d6ca1c9cfcf3ca2ab883cbdb3d726cfdc49cc,internal,call,1.4875 Ether
1,0x9b5bbb16a7a68660f6503eff6c8e3159820d6396,1538610812,6450598.0,0xdacca760db181e54d96b9a061acc0d2d48a05593,OUT,2,0.0,0x3607fa024c4cfaf332f433aedfa22e54be334449f7f5fb32671c2194b407b2ec,internal,call,0.1258 Ether
1,0x9b5bbb16a7a68660f6503eff6c8e3159820d6396,1540514143,6586002.0,0xdacca760db181e54d96b9a061acc0d2d48a05593,OUT,2,0.0,0x177131814913284538738f378f762d976650e094307a7cfce47a68c4e0dd7dd6,internal,call,0.74375 Ether
1,0x9b5bbb16a7a68660f6503eff6c8e3159820d6396,1538524190,6444488.0,0xdacca760db181e54d96b9a061acc0d2d48a05593,OUT,2,0.0,0xf0730861cb8b70a73d28e7120cc17adf913b3556021a63f37d545d45299a7714,internal,call,0.119 Ether
1,0x9b5bbb16a7a68660f6503eff6c8e3159820d6396,1539130003,6487788.0,0xdacca760db181e54d96b9a061acc0d2d48a05593,OUT,2,0.0,0x68f741ca17cbaa13e281dedf28b1daa7617d269084b2d1b4db377813553e8e55,internal,call,0.2669 Ether
1,0x9b5bbb16a7a68660f6503eff6c8e3159820d6396,1538956596,6475373.0,0xdacca760db181e54d96b9a061acc0d2d48a05593,OUT,2,0.0,0xd767cf5f131e28fa9a94a60d6dbb8f002ae1fd6e6861b0ad7b0d5e7c36db1e91,internal,call,0.5562 Ether
1,0x9b5bbb16a7a68660f6503eff6c8e3159820d6396,1539216768,6493927.0,0xdacca760db181e54d96b9a061acc0d2d48a05593,OUT,2,0.0,0x50734f660c730c57cfc9318859aa5d099af3183c0a82f0f92fbbb49bc5dfe7a6,internal,call,0.13345 Ether
