Class,address,age,block,creator,direction,inter_direction,txFee,txhash,txn_type,type,value
1,0x4e8ecf79ade5e2c49b9e30d795517a81e0bf00b8,1533144450,6072229.0,0xf39e044e1ab204460e06e87c6dca2c6319fc69e3,OUT,1,0.0,0x51a1b3a84cde1886bfa453439cf49d7a2f3f0328d7c491f013d27b2567924dd8,internal,call,0.476639703008144 Ether
1,0x4e8ecf79ade5e2c49b9e30d795517a81e0bf00b8,1532959471,6059584.0,0xf39e044e1ab204460e06e87c6dca2c6319fc69e3,OUT,2,0.0,0xf0789c1c41b7347769bbabb866a65376414876064e1b28fe2b060db6d5fad4c3,internal,call,6.403661272315568 Ether
