Class,address,age,block,creator,direction,inter_direction,txFee,txhash,txn_type,type,value
1,0x8036165ccabee251c886d6121b047c16b5e798b5,1523092456,5398380.0,0x4be640dcce08e68ede454202fbc59cf5f9e8ea1f,OUT,2,0.0,0x2e6266050fd789f76b65cd289dada387885c215c210d453574af3cae1ca6755c,internal,call,0.347970428707339 Ether
1,0x8036165ccabee251c886d6121b047c16b5e798b5,1523018589,5393148.0,0x4be640dcce08e68ede454202fbc59cf5f9e8ea1f,OUT,2,0.0,0x8c62b365aab958f9353ebfb8498db2093e1ddbc5b74961500b7dc415ff014d37,internal,call,0.011424638519684 Ether
1,0x8036165ccabee251c886d6121b047c16b5e798b5,1523015257,0.0,0x4be640dcce08e68ede454202fbc59cf5f9e8ea1f,OUT,2,0.0,0xeeafa8a260cf6dc690a4ca0f24388257499e595e44b84267f187f8bb978e6160,internal,call,0.015263399653129 Ether
