Class,address,age,block,creator,direction,inter_direction,txFee,txhash,txn_type,type,value
1,0x4f3db6d4c97b8248ad5e244e4f619086084f6848,1541611369,6663455.0,0xac560ed699346e4e3a3c2106ac90136883f7f624,OUT,2,0.0,0xea98ea3b49d52bcf3b38982a97da68d97481d55cf77217a567006f0672f7017a,internal,call,0.023300694444444 Ether
1,0x4f3db6d4c97b8248ad5e244e4f619086084f6848,1542656328,6737310.0,0xac560ed699346e4e3a3c2106ac90136883f7f624,OUT,2,0.0,0x5bdb3fb819e8784c463cc98c2a69a66e6d103e607d9aa936a25a6bd2731f2e4e,internal,call,0.03144375 Ether
