Class,address,age,block,creator,direction,inter_direction,txFee,txhash,txn_type,type,value
1,0x80e4f014c98320eab524ae16b0aaf1603f4dc01d,1538062971,6411896.0,0x96bb98183e5562913e72613c1979d0a13f8ec76b,OUT,1,0.0,0x13d04fb2120f5943df774a5335452a96dc2162c1efe9858459bf991182aec776,internal,call,0.011384718051384 Ether
1,0x80e4f014c98320eab524ae16b0aaf1603f4dc01d,1538061986,0.0,0x96bb98183e5562913e72613c1979d0a13f8ec76b,OUT,1,0.0,0x0ed6f7fe5485c9eed92e13e29174b80d3db8d826954fb80f1737d1a7bff5e33d,internal,call,0.010673173173173 Ether
1,0x80e4f014c98320eab524ae16b0aaf1603f4dc01d,1538061071,6411767.0,0x96bb98183e5562913e72613c1979d0a13f8ec76b,OUT,2,0.0,0xcd71c52b4150e4abf8c5ded22e0e105e64047183017315030c8623fe1fdf5803,internal,call,0.0185001668335 Ether
1,0x80e4f014c98320eab524ae16b0aaf1603f4dc01d,1538102585,6414687.0,0x96bb98183e5562913e72613c1979d0a13f8ec76b,OUT,2,0.0,0xcdb388993dab5642bb0cbae72dbe80019b85c339a9ecc04631012de445c6460d,internal,call,0.021495872555974 Ether
1,0x80e4f014c98320eab524ae16b0aaf1603f4dc01d,1538107207,6411967.0,0x96bb98183e5562913e72613c1979d0a13f8ec76b,OUT,1,0.0,0x48b54c1ef38e0be001b179b6e09e931cd1617c6c1b4641be7e1b3e6cb5f62298,internal,call,0.012807807807807 Ether
1,0x80e4f014c98320eab524ae16b0aaf1603f4dc01d,1538059535,6411640.0,0x96bb98183e5562913e72613c1979d0a13f8ec76b,OUT,1,0.0,0x98a9b08ab1be01d3ec28b455f6652c57ce94b84bdf07fd4e5b1d007ec497b707,internal,call,0.027038705372038 Ether
1,0x80e4f014c98320eab524ae16b0aaf1603f4dc01d,1538057255,6411486.0,0x96bb98183e5562913e72613c1979d0a13f8ec76b,OUT,1,0.0,0x7a1ccf3ef368f2ff43d53948e681165f8c96fc864fc18a75dadfc704562b6197,internal,call,0.513735402068735 Ether
