Class,address,age,block,creator,direction,inter_direction,txFee,txhash,txn_type,type,value
1,0xb547027a4ccd46ec98199fa88aaedf5aa981db26,1537956608,6404417.0,0xaf9c025ce6322a23ac00301c714f4f42895c9818,OUT,1,0.0,0x8b99ad68d56d8b0e35a976e853e16e92be54dedcb8b255123984ccc835c3f259,internal,call,0.014529166666666 Ether
1,0xb547027a4ccd46ec98199fa88aaedf5aa981db26,1537985204,6406444.0,0xaf9c025ce6322a23ac00301c714f4f42895c9818,OUT,2,0.0,0xf8558c19d64009f952923ab00d628bcd87403b60b9ce36592a14edf61e1459bc,internal,call,0.021816666666666 Ether
1,0xb547027a4ccd46ec98199fa88aaedf5aa981db26,1537980824,6403078.0,0xaf9c025ce6322a23ac00301c714f4f42895c9818,OUT,1,0.0,0x19ec13b52800f1179e44d4beb2c2a01d8c26473cbf4da987c7128a6f548c0fcf,internal,call,0.031808333333333 Ether
1,0xb547027a4ccd46ec98199fa88aaedf5aa981db26,1537852635,6397059.0,0xaf9c025ce6322a23ac00301c714f4f42895c9818,OUT,1,0.0,0xb06dd2772e43f0c695ade1da61cd8cc0b612ffcdea0db99b60a40bc33c5a2cbe,internal,call,0.0595375 Ether
1,0xb547027a4ccd46ec98199fa88aaedf5aa981db26,1537895978,6400146.0,0xaf9c025ce6322a23ac00301c714f4f42895c9818,OUT,1,0.0,0x1cf724ac7088fa8bbd4a169d87c9dd0b7aaa23adf1080783272a837b068b9fca,internal,call,0.033091666666666 Ether
