Class,address,age,block,creator,direction,inter_direction,txFee,txhash,txn_type,type,value
0,0xc8c6a31a4a806d3710a7b38b7b296d2fabccdba8,1514936593,4846172.0,0x85196da9269b24bdf5ffd2624abb387fca05382b,IN,3,0.00151693,0x445c03ab41b87ddb9d5687d479753cbea0680774ae2b212e6b97f02b91adf0ce,external,0,0 Ether
0,0xc8c6a31a4a806d3710a7b38b7b296d2fabccdba8,1507085474,4335920.0,0x85196da9269b24bdf5ffd2624abb387fca05382b,IN,3,0.00109846,0x52917d8d620c83c7ab50fefd935c0c55bbd1151211601d98e890ce750afa5a45,external,0,0 Ether
0,0xc8c6a31a4a806d3710a7b38b7b296d2fabccdba8,1507082698,4335813.0,0x85196da9269b24bdf5ffd2624abb387fca05382b,IN,3,0.00109712,0x5f4c8400da99cc29cc31d5c1d8b4f97483cd2ecc992b2a2ee09a9da92f5e43ed,external,0,0 Ether
0,0xc8c6a31a4a806d3710a7b38b7b296d2fabccdba8,1524805294,5514926.0,0x85196da9269b24bdf5ffd2624abb387fca05382b,IN,3,0.001527,0x8dd17d04e7e118ca125ddc02383840bc59a7a7590674d5c41dfbbd1a9fd4abc5,external,0,0 Ether
