Class,address,age,block,creator,direction,inter_direction,txFee,txhash,txn_type,type,value
0,0x8d12a197cb00d4747a1fe03395095ce2a5cc6819,1533978977,6129437.0,0x1ed014aec47fae44c9e55bac7662c0b78ae61798,OUT,2,0.0,0x32c95a3a9c69f2e96222e7b6db57b5eac34b0cead05933be611526899a40cee2,internal,call,0.1399 Ether
0,0x8d12a197cb00d4747a1fe03395095ce2a5cc6819,1534224332,6146151.0,0x1ed014aec47fae44c9e55bac7662c0b78ae61798,OUT,2,0.0,0x2e377aa658e65df8c779497deb78541da2c9910ca39ef11c8a9f88a356a0b272,internal,call,0.17 Ether
0,0x8d12a197cb00d4747a1fe03395095ce2a5cc6819,1534701622,6178814.0,0x1ed014aec47fae44c9e55bac7662c0b78ae61798,OUT,2,0.0,0x23518f9e84d55e1908e17952101f1c6ec200ab8a93f390673cfca949f561dabb,internal,call,0.0965 Ether
0,0x8d12a197cb00d4747a1fe03395095ce2a5cc6819,1532635867,6037207.0,0x1ed014aec47fae44c9e55bac7662c0b78ae61798,OUT,2,0.0,0x8b018d34ede1a664b4fc91a91447d59f4f85ebd5e13adb2aeb51c3d0e1f028f5,internal,call,0.22176163 Ether
0,0x8d12a197cb00d4747a1fe03395095ce2a5cc6819,1536045735,6271003.0,0x1ed014aec47fae44c9e55bac7662c0b78ae61798,OUT,2,0.0,0x14e16cdf08f91924ea7843cabe6c838380fd22a064b4ae37fcce9a9aaafc3545,internal,call,0.105 Ether
0,0x8d12a197cb00d4747a1fe03395095ce2a5cc6819,1531676417,5972076.0,0x1ed014aec47fae44c9e55bac7662c0b78ae61798,OUT,2,0.0,0x2bf5dd958425913d6ff151e7b6279f112ce4abf8f9480b40c2f8fb62ea6c1e5a,internal,call,0.319999837355894 Ether
