Class,address,age,block,creator,direction,inter_direction,txFee,txhash,txn_type,type,value
0,0xe6517b766e6ee07f91b517435ed855926bcb1aae,1498407547,3927792.0,0x0043a408e6a35c07e3c6e8f231b445d36a68e424,OUT,2,0.0,0x3b333a37166c9ae591dd369d90098cf2f7c1391fca846311823d939c5e69b33f,internal,call,0.813043478260869 Ether
0,0xe6517b766e6ee07f91b517435ed855926bcb1aae,1498407287,0.0,0x0043a408e6a35c07e3c6e8f231b445d36a68e424,OUT,2,0.0,0x43c68e17b0649f3d617c77d3e6e701f398b5994fb9c91ba55909208d661b1afb,internal,call,0.406521739130434 Ether
0,0xe6517b766e6ee07f91b517435ed855926bcb1aae,1498406839,3927750.0,0x0043a408e6a35c07e3c6e8f231b445d36a68e424,OUT,2,0.0,0xabdf09f631300467a5ec45a1f96ed6a45c73320968686fc13b035a2902fd59b1,internal,call,1 wei
0,0xe6517b766e6ee07f91b517435ed855926bcb1aae,1498363084,3927708.0,0x0043a408e6a35c07e3c6e8f231b445d36a68e424,OUT,2,0.0,0x01a5e99923467727bf996776d8441dabd277a559ed3168c63432e2299e765e0a,internal,call,1 wei
