Class,address,age,block,creator,direction,inter_direction,txFee,txhash,txn_type,type,value
0,0xcbcc0f036ed4788f63fc0fee32873d6a7487b908,1502180524,4132796.0,0xc890b1f532e674977dfdb791cafaee898dfa9671,IN,3,0.00109176,0x36fe44f3ee86289d8f5cd128de426193c2d4a699d6342e3e94417bfe26586579,external,0,0 Ether
0,0xcbcc0f036ed4788f63fc0fee32873d6a7487b908,1495590062,3759113.0,0xc890b1f532e674977dfdb791cafaee898dfa9671,IN,3,0.00109176,0x48efc157cb88384f1752fb74ac9ad5ea638c86ed53beaa72c0e8593b2417afe8,external,0,0 Ether
0,0xcbcc0f036ed4788f63fc0fee32873d6a7487b908,1502246349,4135900.0,0xc890b1f532e674977dfdb791cafaee898dfa9671,IN,3,0.00077676,0x77953340f9d56a98718b3c61eb33a0197bb8a0de356f57a25e2c602d2980839b,external,0,0 Ether
0,0xcbcc0f036ed4788f63fc0fee32873d6a7487b908,1495584608,3758754.0,0xc890b1f532e674977dfdb791cafaee898dfa9671,IN,3,0.00109176,0x8320964c85ebd0e63a4a8750ce27e8c6d2017d8af50112aecf6b1fa9c3a20763,external,0,0 Ether
