Class,address,age,block,creator,direction,inter_direction,txFee,txhash,txn_type,type,value
0,0x459f7854776ed005b6ec63a88f834fdab0b6993e,1505213535,0.0,0xa7b0883a9e885177f30fcdc42b6e4a015f20e53b,OUT,2,0.0,0x34f25de0821ca506ced9cd3ffe9ca47e3521ba7061681dae21044d1781936883,internal,call,0.000001 Ether
0,0x459f7854776ed005b6ec63a88f834fdab0b6993e,1505212885,0.0,0xa7b0883a9e885177f30fcdc42b6e4a015f20e53b,OUT,2,0.0,0x93ffa971036e737809ae51c460279e284ecb0955d4887f1b65f9510229e98a4e,internal,call,0.000001 Ether
