Class,address,age,block,creator,direction,inter_direction,txFee,txhash,txn_type,type,value
1,0x8a883a20940870dc055f2070ac8ec847ed2d9918,1532449445,6021615.0,0xc14f8469d4bb31c8e69fae9c16e262f45edc3635,OUT,2,0.0,0x368967b7fed058a46213216cdb487c67d068c5832cc61fe9963b179603e87522,internal,call,0.005857983678675 Ether
1,0x8a883a20940870dc055f2070ac8ec847ed2d9918,1533178737,6074551.0,0xc14f8469d4bb31c8e69fae9c16e262f45edc3635,OUT,2,0.0,0x41b0ad9eeaca6da15f41b15e9bb9139ad800071dade29b0ff30f93c3d594a4c4,internal,call,0.006589003763717 Ether
