Class,address,age,block,creator,direction,inter_direction,txFee,txhash,txn_type,type,value
1,0x4e8ecf79ade5e2c49b9e30d795517a81e0bf00b8,1532848033,6051890.0,0xf39e044e1ab204460e06e87c6dca2c6319fc69e3,OUT,1,0.0,0x62368e28e5f4919ba5e47326b01743cd224d7ead1ccf95f796afd84d3400a068,internal,call,0.608170898609974 Ether
1,0x4e8ecf79ade5e2c49b9e30d795517a81e0bf00b8,1533054900,6063127.0,0xf39e044e1ab204460e06e87c6dca2c6319fc69e3,OUT,1,0.0,0x01daaafd361446c4b84bd41e26d4b6ecf9bed274be5a9567e5830946d7286102,internal,call,1.76455497589695 Ether
