Class,address,age,block,creator,direction,inter_direction,txFee,txhash,txn_type,type,value
1,0xdf93cdb6dd65c6c28c78dcdc1762aa34caf81678,1540765335,6603742.0,0xcc1ceb36cab5ada7fd0376b55602dd0d4b429c30,OUT,2,0.0,0xc72e9411c8e172877758ec43eac2018bbe2d1af1dc08b7419ab26a95ef7e1991,internal,call,0.027678287037037 Ether
1,0xdf93cdb6dd65c6c28c78dcdc1762aa34caf81678,1540167484,6561423.0,0xcc1ceb36cab5ada7fd0376b55602dd0d4b429c30,OUT,2,0.0,0x61c141fe77d4d1170c17f629819b1917204644c85c36cba7f4d7c2efea85ad3c,internal,call,0.012039814814814 Ether
1,0xdf93cdb6dd65c6c28c78dcdc1762aa34caf81678,1539907424,6543028.0,0xcc1ceb36cab5ada7fd0376b55602dd0d4b429c30,OUT,2,0.0,0x22263b53c93095c1a7063f3cdd73a175c3056dce054831ac24e2c7eee7e27078,internal,call,0.010825277777777 Ether
1,0xdf93cdb6dd65c6c28c78dcdc1762aa34caf81678,1539673598,6526432.0,0xcc1ceb36cab5ada7fd0376b55602dd0d4b429c30,OUT,2,0.0,0x216602780331dc224d641f1c972d117c6aafcc87ba29c3e6eeedee6b827ff312,internal,call,0.016071342592592 Ether
