Class,address,age,block,creator,direction,inter_direction,txFee,txhash,txn_type,type,value
1,0x4e8ecf79ade5e2c49b9e30d795517a81e0bf00b8,1533447192,6092936.0,0xf39e044e1ab204460e06e87c6dca2c6319fc69e3,OUT,1,0.0,0x1c579a076aae90c96418683be26c14b69130d3cbe012ca4dc5a740a4faf4fabb,internal,call,0.015743905216666 Ether
1,0x4e8ecf79ade5e2c49b9e30d795517a81e0bf00b8,1532834407,6050949.0,0xf39e044e1ab204460e06e87c6dca2c6319fc69e3,OUT,1,0.0,0x0166eef49e8c576e215510ec1f8536c945f4744df9a131d4fbabffc9e844e3c5,internal,call,0.029941337767867 Ether
1,0x4e8ecf79ade5e2c49b9e30d795517a81e0bf00b8,1532724128,0.0,0xf39e044e1ab204460e06e87c6dca2c6319fc69e3,OUT,1,0.0,0x1786df109978edcade92a04d158e7200cc69864cafdb1b457a9d36db131cc397,internal,call,0.09672725665929 Ether
1,0x4e8ecf79ade5e2c49b9e30d795517a81e0bf00b8,1532747881,0.0,0xf39e044e1ab204460e06e87c6dca2c6319fc69e3,OUT,1,0.0,0x98f87d026e30d1298aa8e3e1cbb8c615d1d638da68564a5370736dbb97dcf54d,internal,call,0.090535448551486 Ether
