Class,address,age,block,creator,direction,inter_direction,txFee,txhash,txn_type,type,value
1,0x4e8ecf79ade5e2c49b9e30d795517a81e0bf00b8,1532944662,6058567.0,0xf39e044e1ab204460e06e87c6dca2c6319fc69e3,OUT,1,0.0,0xa781cb53cf47e5124a78e3207dab3eb91a025f1bf03de06ef9e00193b7e1fb22,internal,call,0.314178813949439 Ether
1,0x4e8ecf79ade5e2c49b9e30d795517a81e0bf00b8,1532722978,0.0,0xf39e044e1ab204460e06e87c6dca2c6319fc69e3,OUT,1,0.0,0x0ec8c298ed60d48be9d4a98b50810ee19cb81ec36af646736dbfc8e80d007dea,internal,call,6.878759074069838 Ether
