Class,address,age,block,creator,direction,inter_direction,txFee,txhash,txn_type,type,value
0,0xd0a6e6c54dbc68db5db3a091b171a77407ff7ccf,1527730073,5707538.0,0x0008ec9f540ceb20cda44ec8503981ff58a3361b,IN,3,0.00371287,0x2b94b9bfe711f0635b7744c622f7388301ff6463fc85899c6bdfebcc95bd9b23,external,0,0 Ether
0,0xd0a6e6c54dbc68db5db3a091b171a77407ff7ccf,1527919773,5719921.0,0x0008ec9f540ceb20cda44ec8503981ff58a3361b,IN,3,0.00011501,0x3151162201339a35ffbde1d1530d7e67f82b8463bbfb9eebd0da43caee9360f5,external,0,0 Ether
0,0xd0a6e6c54dbc68db5db3a091b171a77407ff7ccf,1527845367,5715033.0,0x0008ec9f540ceb20cda44ec8503981ff58a3361b,IN,3,0.00036985,0x4c73a220336ad743f5e01ce495476ff7488d4105e52fcba1a829f94aae6e1c34,external,0,0.48 Ether
0,0xd0a6e6c54dbc68db5db3a091b171a77407ff7ccf,1527906841,5719070.0,0x0008ec9f540ceb20cda44ec8503981ff58a3361b,IN,3,0.00011501,0x51ee9a7249b5e89107c99a4e43cf7627d92d51a6e50ab6f84250204e4a78edf6,external,0,0 Ether
0,0xd0a6e6c54dbc68db5db3a091b171a77407ff7ccf,1527830968,5714081.0,0x0008ec9f540ceb20cda44ec8503981ff58a3361b,IN,3,0.00040683,0x56cdb2cd178463041bbf6b4e167eabdf1a6fe53ea7c160d924dc1ead1269a430,external,0,0.1 Ether
0,0xd0a6e6c54dbc68db5db3a091b171a77407ff7ccf,1527907052,5719086.0,0x0008ec9f540ceb20cda44ec8503981ff58a3361b,IN,3,0.00011501,0x59fb0e56b5f6b87d165aaa3126a7d9bc1c777452d8056ae39ec1a55acd8db13b,external,0,0 Ether
0,0xd0a6e6c54dbc68db5db3a091b171a77407ff7ccf,1527830593,5714062.0,0x0008ec9f540ceb20cda44ec8503981ff58a3361b,IN,3,0.00057183,0x83488d7e2de1c62fad20bfd7f92190d4f4eb696d200e8412567428d7fa6c316f,external,0,0.1 Ether
0,0xd0a6e6c54dbc68db5db3a091b171a77407ff7ccf,1527899611,5718584.0,0x0008ec9f540ceb20cda44ec8503981ff58a3361b,IN,3,0.00040658,0x9c0361cf3e72194f98d4a45367ce739748c6ab9a39f286e225a7df03b09b37b5,external,0,0 Ether
