Class,address,age,block,creator,direction,inter_direction,txFee,txhash,txn_type,type,value
1,0x4e8ecf79ade5e2c49b9e30d795517a81e0bf00b8,1532800133,6048552.0,0xf39e044e1ab204460e06e87c6dca2c6319fc69e3,OUT,2,0.0,0xfa7a5b8093a83c8df2a999e42b057300d334defd90332ca8e4905b188c632298,internal,call,1.358712254302687 Ether
1,0x4e8ecf79ade5e2c49b9e30d795517a81e0bf00b8,1532724197,0.0,0xf39e044e1ab204460e06e87c6dca2c6319fc69e3,OUT,2,0.0,0xbe18b38ab26a247f24b4f5ad06bff106250664f407423dac283046f5408cd407,internal,call,0.057883788059589 Ether
