Class,address,age,block,creator,direction,inter_direction,txFee,txhash,txn_type,type,value
1,0x702392282255f8c0993dbbbb148d80d2ef6795b1,1525726720,5576052.0,0xfea0904acc8df0f3288b6583f60b86c36ea52acd,OUT,2,0.0,0xbd2e9d6c2b8f16cb98da805286d30a96c0f75db7246632ab9f2d27fb35c29d54,internal,call,0.00258698918215 Ether
1,0x702392282255f8c0993dbbbb148d80d2ef6795b1,1523576705,5431994.0,0xfea0904acc8df0f3288b6583f60b86c36ea52acd,OUT,2,0.0,0xae57b07d50941c4920953a7cbdf816d026609d6ebd44943cef25d3fbac0202ba,internal,call,0.012844821688101 Ether
