Class,address,age,block,creator,direction,inter_direction,txFee,txhash,txn_type,type,value
1,0x4e8ecf79ade5e2c49b9e30d795517a81e0bf00b8,1533456227,6093560.0,0xf39e044e1ab204460e06e87c6dca2c6319fc69e3,OUT,2,0.0,0xc572c2a73cad198d3533d4e16f0b36d3c72066d5c95fc6c02668e0344293e1ae,internal,call,0.00115231372891 Ether
1,0x4e8ecf79ade5e2c49b9e30d795517a81e0bf00b8,1533229190,6074994.0,0xf39e044e1ab204460e06e87c6dca2c6319fc69e3,OUT,1,0.0,0x87bac3b067d2e32b3b2ab3173b6d259153c87f5114a1e7e7cfd0c80af3e40a3c,internal,call,0.008467021769045 Ether
1,0x4e8ecf79ade5e2c49b9e30d795517a81e0bf00b8,1532760658,6045753.0,0xf39e044e1ab204460e06e87c6dca2c6319fc69e3,OUT,1,0.0,0x06a94fe9a6add167e0c27edb973dabc4966a414d03718fab6d9e2c90f2c3f7c9,internal,call,0.022447343947835 Ether
1,0x4e8ecf79ade5e2c49b9e30d795517a81e0bf00b8,1533378702,6088244.0,0xf39e044e1ab204460e06e87c6dca2c6319fc69e3,OUT,2,0.0,0xb6a2f7d60a9176d238683061c8029312fb23003c78843c8608b7a67695f07734,internal,call,0.012863781422201 Ether
