Class,address,age,block,creator,direction,inter_direction,txFee,txhash,txn_type,type,value
0,0xd850942ef8811f2a866692a623011bde52a462c1,1534237428,6147071.0,0x5cd9f1c602ca78444142568958151027b1334d36,IN,3,0.00022141,0x196ba3703f18ece683bc92b59782ff0952de2a2269488bcec8c3aa217b402ab1,external,0,0 Ether
0,0xd850942ef8811f2a866692a623011bde52a462c1,1534240235,6147259.0,0x5cd9f1c602ca78444142568958151027b1334d36,IN,3,0.00015601,0x87ee998bf7b43cf69e07c45d74fc16c3f19612a51d388ac9412f981c1504e2e8,external,0,0 Ether
