Class,address,age,block,creator,direction,inter_direction,txFee,txhash,txn_type,type,value
1,0x4e8ecf79ade5e2c49b9e30d795517a81e0bf00b8,1532784665,6047419.0,0xf39e044e1ab204460e06e87c6dca2c6319fc69e3,OUT,1,0.0,0x321f6483c26fd9725a0f1aeea7686f266d3a0cc12eeb7315058067802fd82975,internal,call,0.113251598830183 Ether
1,0x4e8ecf79ade5e2c49b9e30d795517a81e0bf00b8,1532790252,6047836.0,0xf39e044e1ab204460e06e87c6dca2c6319fc69e3,OUT,1,0.0,0x83821131c6722384f0f2d5eb87be07e4a4be95a9485e2df2d0d8a8603a5a7c3c,internal,call,0.046918641021042 Ether
1,0x4e8ecf79ade5e2c49b9e30d795517a81e0bf00b8,1532785881,6047491.0,0xf39e044e1ab204460e06e87c6dca2c6319fc69e3,OUT,1,0.0,0x7b7cb5aa858a5392b594808788e2248e35e4e4f95338a41f4de753f1e73b9487,internal,call,0.013780067220001 Ether
1,0x4e8ecf79ade5e2c49b9e30d795517a81e0bf00b8,1532838498,0.0,0xf39e044e1ab204460e06e87c6dca2c6319fc69e3,OUT,2,0.0,0xd61148b7e1167afcf21a86f2a1387b8f5ae324f1dfa757c36cc084f2d28200bd,internal,call,0.04126038077133 Ether
1,0x4e8ecf79ade5e2c49b9e30d795517a81e0bf00b8,1532715175,6042651.0,0xf39e044e1ab204460e06e87c6dca2c6319fc69e3,OUT,2,0.0,0xb44b542d33cd2b687ba064ba55e5bf2885ac6e241eb8f66be36140923d74a64c,internal,call,0.36451272904179 Ether
1,0x4e8ecf79ade5e2c49b9e30d795517a81e0bf00b8,1532780043,0.0,0xf39e044e1ab204460e06e87c6dca2c6319fc69e3,OUT,1,0.0,0x786da160ecabcf4fed62e87c82f422eb33bdc113f63a1e49793fe70fab6b7409,internal,call,0.068548120628694 Ether
