Class,address,age,block,creator,direction,inter_direction,txFee,txhash,txn_type,type,value
1,0x4e8ecf79ade5e2c49b9e30d795517a81e0bf00b8,1534903728,6192727.0,0xf39e044e1ab204460e06e87c6dca2c6319fc69e3,OUT,1,0.0,0x0ad7776278a9b007f202ca96bd9bc37eaf6a0a461f915720b3330bbd89d32ddb,internal,call,0.005598811896398 Ether
1,0x4e8ecf79ade5e2c49b9e30d795517a81e0bf00b8,1532767636,6046239.0,0xf39e044e1ab204460e06e87c6dca2c6319fc69e3,OUT,1,0.0,0x910fcf6cc4f89548c1162fa9b4cab3e7b9e55912ece29799872f6e22c7b8db5e,internal,call,0.002208463755753 Ether
