Class,address,age,block,creator,direction,inter_direction,txFee,txhash,txn_type,type,value
0,0xdd974d5c2e2928dea5f71b9825b8b646686bd200,1525804149,5581176.0,0xd6cd31f283d24cfb442cba1bcf42290c07c15792,IN,3,0.00011186,0x17c77a780331292479164b34e7d3eb41d6151e6f58f04b9a4894779666728a84,external,0,0 Ether
0,0xdd974d5c2e2928dea5f71b9825b8b646686bd200,1524700363,5507976.0,0xd6cd31f283d24cfb442cba1bcf42290c07c15792,IN,3,0.00011154,0x6bf9dafab80c24d1dcbb04d8c0c9779de023a6312f69b0b6c64b9649dcabbc80,external,0,0 Ether
0,0xdd974d5c2e2928dea5f71b9825b8b646686bd200,1526188476,5606667.0,0xd6cd31f283d24cfb442cba1bcf42290c07c15792,IN,3,0.00022309,0x99e044b2064418b4996b065d2901be99dbdc7aae849e7c09c4f7313096649475,external,0,0 Ether
