Class,address,age,block,creator,direction,inter_direction,txFee,txhash,txn_type,type,value
0,0xdd974d5c2e2928dea5f71b9825b8b646686bd200,1529875049,5850092.0,0xd6cd31f283d24cfb442cba1bcf42290c07c15792,IN,3,0.00066927,0x0e83dd72b078c4ef66544a5a827826adaaa8bfdca700908b8394166b607bdc24,external,0,0 Ether
0,0xdd974d5c2e2928dea5f71b9825b8b646686bd200,1528128981,5730697.0,0xd6cd31f283d24cfb442cba1bcf42290c07c15792,IN,3,0.00066927,0x2ee5a63bfebbabaabe72993d086cc8d88c08ce87c7b4333e524608af77606077,external,0,0 Ether
0,0xdd974d5c2e2928dea5f71b9825b8b646686bd200,1529907747,5852221.0,0xd6cd31f283d24cfb442cba1bcf42290c07c15792,IN,3,0.00066927,0x47c04d6ee8039486d708fa0c795e7821c4c7a7a0fc7e3e3d4e5b6e45c426689b,external,0,0 Ether
0,0xdd974d5c2e2928dea5f71b9825b8b646686bd200,1528089595,5730956.0,0xd6cd31f283d24cfb442cba1bcf42290c07c15792,IN,3,0.00066927,0x5cfae5c961bc261702c987d0848d312145fff576cea8bd433a3f0b06b85ca117,external,0,0 Ether
0,0xdd974d5c2e2928dea5f71b9825b8b646686bd200,1529862439,5849307.0,0xd6cd31f283d24cfb442cba1bcf42290c07c15792,IN,3,0.00066927,0x80fda897bfac326bb1a99cc0b90e4ea750e87ef5bfa23e6134f1433572944641,external,0,0 Ether
