Class,address,age,block,creator,direction,inter_direction,txFee,txhash,txn_type,type,value
1,0x8a883a20940870dc055f2070ac8ec847ed2d9918,1533272619,6080895.0,0xc14f8469d4bb31c8e69fae9c16e262f45edc3635,OUT,2,0.0,0xe5f0d2f7b7e6fc2cdfe27048a30b28a752bb644baee7b4488ab6e10d5f8b0477,internal,call,0.009028624148526 Ether
1,0x8a883a20940870dc055f2070ac8ec847ed2d9918,1532396207,6020915.0,0xc14f8469d4bb31c8e69fae9c16e262f45edc3635,OUT,2,0.0,0x49e27f595dcbfe84412bfd022dab3a29d0f5f25b09fa47ee1846f494fc4ade32,internal,call,0.011405258148472 Ether
