Class,address,age,block,creator,direction,inter_direction,txFee,txhash,txn_type,type,value
0,0x67a5de922c1f4d1a4dbd848466b86b5455fb6a3b,1522504694,5357259.0,0x7ce6c6f1002e5ad54c3d8326fddcf2fc78b80277,OUT,1,0.0,0x951461a78009e73fe91caac889c5831d751cdc092b2e47a1162d287736b000ed,internal,call,0.003537962962962 Ether
0,0x67a5de922c1f4d1a4dbd848466b86b5455fb6a3b,1522417621,5351186.0,0x7ce6c6f1002e5ad54c3d8326fddcf2fc78b80277,OUT,2,0.0,0xf7562fc658e4ab4f0460018902ebaf5def6e11e4a0cf08ff878cb0707eb06d8f,internal,call,0.003667592592592 Ether
