Class,address,age,block,creator,direction,inter_direction,txFee,txhash,txn_type,type,value
1,0x8036165ccabee251c886d6121b047c16b5e798b5,1523082737,5397675.0,0x4be640dcce08e68ede454202fbc59cf5f9e8ea1f,OUT,2,0.0,0x350b06d3e58061c9c67b9cdc3d27d889a0585cdfaf970bdb78b4ab5c7d4e4311,internal,call,0.015877809035909 Ether
1,0x8036165ccabee251c886d6121b047c16b5e798b5,1523066837,5396541.0,0x4be640dcce08e68ede454202fbc59cf5f9e8ea1f,OUT,2,0.0,0xd0550b7c0dd7c8f5247c8356c9055b6c3f7e0dac019a1b7ec6c6a9b068737add,internal,call,0.038596416924202 Ether
1,0x8036165ccabee251c886d6121b047c16b5e798b5,1523086009,5397920.0,0x4be640dcce08e68ede454202fbc59cf5f9e8ea1f,OUT,2,0.0,0x3858e2141b64517aa5f2eb99723f93c522240ba03a1c328ef9b9a657feb8adcf,internal,call,0.091577124147866 Ether
1,0x8036165ccabee251c886d6121b047c16b5e798b5,1523014916,5392900.0,0x4be640dcce08e68ede454202fbc59cf5f9e8ea1f,OUT,2,0.0,0x1572b4c564d1be79fc989bd42ce13ec4b8ceae3b3b4caccae042f525fd4c8470,internal,call,0.005070690864134 Ether
