Class,address,age,block,creator,direction,inter_direction,txFee,txhash,txn_type,type,value
0,0x67a5de922c1f4d1a4dbd848466b86b5455fb6a3b,1547138653,0.0,0x7ce6c6f1002e5ad54c3d8326fddcf2fc78b80277,OUT,2,0.0,0xed698b2974f6f7aa426e7d24fdb33127bfa91739734e31c0625293d721540e3a,internal,call,3.516870283564814 Ether
0,0x67a5de922c1f4d1a4dbd848466b86b5455fb6a3b,1547071284,7040900.0,0x7ce6c6f1002e5ad54c3d8326fddcf2fc78b80277,OUT,1,0.0,0x64a1186e4e8d3a92aaf195b9f5378c598702187b46152d8f2540f890374ab467,internal,call,0.008097685185185 Ether
