Class,address,age,block,creator,direction,inter_direction,txFee,txhash,txn_type,type,value
1,0x7b307c1f0039f5d38770e15f8043b3dd26da5e8f,1540263330,6568227.0,0xe1f3294e25bb72a2fb53addb82aa1a033797e6e3,OUT,1,0.0,0x716230937bc123273e9c2e1b5b664e5d90be8d898c95a481ec18d2dadad8911b,internal,call,0.171390779661016 Ether
1,0x7b307c1f0039f5d38770e15f8043b3dd26da5e8f,1539211673,6493590.0,0xe1f3294e25bb72a2fb53addb82aa1a033797e6e3,OUT,1,0.0,0x86d73c49db70ae57cb3a379b6d54b2fe9c04f6685c53d27efab52499280df836,internal,call,0.380922169491525 Ether
1,0x7b307c1f0039f5d38770e15f8043b3dd26da5e8f,1539833110,6537769.0,0xe1f3294e25bb72a2fb53addb82aa1a033797e6e3,OUT,1,0.0,0x96cb5255bfd2aa49d461856bc562bc9373039bf00f57e258134c23e9725b314b,internal,call,0.248600474576271 Ether
1,0x7b307c1f0039f5d38770e15f8043b3dd26da5e8f,1538140230,6417304.0,0xe1f3294e25bb72a2fb53addb82aa1a033797e6e3,OUT,1,0.0,0x18e542c9408810ea75e792f5bf4151d87bf5d99a05b0f636a35152abc96cb555,internal,call,0.018344406779661 Ether
1,0x7b307c1f0039f5d38770e15f8043b3dd26da5e8f,1538093494,6414044.0,0xe1f3294e25bb72a2fb53addb82aa1a033797e6e3,OUT,1,0.0,0x1f438d5703fe5948ca8a58838e4e3f091c96cb3ce36e3c36536a321a272a854b,internal,call,0.001194305084745 Ether
1,0x7b307c1f0039f5d38770e15f8043b3dd26da5e8f,1538088094,6413677.0,0xe1f3294e25bb72a2fb53addb82aa1a033797e6e3,OUT,2,0.0,0xb6f8fb238359cbea4d9c0122f4e34c751d91ae48b1a246fe1cf3ff8651512012,internal,call,0.027983186440677 Ether
1,0x7b307c1f0039f5d38770e15f8043b3dd26da5e8f,1538260936,6425896.0,0xe1f3294e25bb72a2fb53addb82aa1a033797e6e3,OUT,2,0.0,0xc56622a61982eaaf3a67c1e4cb7fc57f11797d543bc41a79fbd03462f5a31c39,internal,call,0.04834820338983 Ether
