Class,address,age,block,creator,direction,inter_direction,txFee,txhash,txn_type,type,value
1,0xbf91b27fec3146a1b36069f92337a0ea330725df,1539535732,6513615.0,0x76130fd699cd7ab670c51e699e67d3eea4b8f8db,OUT,2,0.0,0x8859c06449b5cc7b4f96e9493a6cb4e4b37ce8fb0c28ab768a20c2435d08a389,internal,call,0.67960220338983 Ether
1,0xbf91b27fec3146a1b36069f92337a0ea330725df,1539324046,6501574.0,0x76130fd699cd7ab670c51e699e67d3eea4b8f8db,OUT,2,0.0,0x9dd73b03abb8e3322f16a7f9d7be7d424d42a36cfdb536395dbb67ba04bf4d42,internal,call,0.350214406779661 Ether
