Class,address,age,block,creator,direction,inter_direction,txFee,txhash,txn_type,type,value
1,0xf00e5a59fde1cb2ead96a8be7711abc3f981e0f1,1537908367,6400981.0,0x96bb98183e5562913e72613c1979d0a13f8ec76b,OUT,2,0.0,0xeda5688876445a28b2f2e0cdbcbac3b7720447fa26067f3ff42b7dfacc570174,internal,call,0.248805555555555 Ether
1,0xf00e5a59fde1cb2ead96a8be7711abc3f981e0f1,1537888541,6399589.0,0x96bb98183e5562913e72613c1979d0a13f8ec76b,OUT,2,0.0,0x67006027a90af2517c255364fed31b519210c15ad816e853f636c8e12a6338f7,internal,call,0.256166666666666 Ether
1,0xf00e5a59fde1cb2ead96a8be7711abc3f981e0f1,1537924318,0.0,0x96bb98183e5562913e72613c1979d0a13f8ec76b,OUT,2,0.0,0x664297d2eaee20d080648b483b7ee6a97faaabb3e66a8b99c230caa9c20332e1,internal,call,0.391611111111111 Ether
1,0xf00e5a59fde1cb2ead96a8be7711abc3f981e0f1,1537929124,6402471.0,0x96bb98183e5562913e72613c1979d0a13f8ec76b,OUT,2,0.0,0xb71ac04e3240b9b6c10018a336b127eda50d88fd49d06dc59902a5b17ede8696,internal,call,0.117777777777777 Ether
1,0xf00e5a59fde1cb2ead96a8be7711abc3f981e0f1,1537898225,6400308.0,0x96bb98183e5562913e72613c1979d0a13f8ec76b,OUT,2,0.0,0xded4ec5ef28381af92d5f17dbbc04f606cde0916753a4cf771a69074cd648314,internal,call,0.237027777777777 Ether
1,0xf00e5a59fde1cb2ead96a8be7711abc3f981e0f1,1537878088,0.0,0x96bb98183e5562913e72613c1979d0a13f8ec76b,OUT,2,0.0,0xfe8817a6e1440418becdf65bebcb04dd9e94dcf1d19da1d8768c5f02589587b4,internal,call,0.004944444444444 Ether
1,0xf00e5a59fde1cb2ead96a8be7711abc3f981e0f1,1537877811,0.0,0x96bb98183e5562913e72613c1979d0a13f8ec76b,OUT,2,0.0,0x28b50cfd60a4b1fd3829a38552da50d6431791434a182b80a99af8173cbb4692,internal,call,0.1725 Ether
