Class,address,age,block,creator,direction,inter_direction,txFee,txhash,txn_type,type,value
0,0xb1690c08e213a35ed9bab7b318de14420fb57d8c,1546095365,6976513.0,0xba52c75764d6f594735dc735be7f1830cdf58ddf,OUT,1,0.0,0x55fd0a5e57c89f8852a43e985122540165141d4dc79ac479512b0b584999194d,internal,call,0.000000584404664 Ether
0,0xb1690c08e213a35ed9bab7b318de14420fb57d8c,1546094933,6976486.0,0xba52c75764d6f594735dc735be7f1830cdf58ddf,OUT,2,0.0,0xdccf7189f3084d211b59a8966e2daf815ddc93bcf4d03ac0f0197e41ddd33bd8,internal,call,0.000000186219138 Ether
