Class,address,age,block,creator,direction,inter_direction,txFee,txhash,txn_type,type,value
1,0x8a883a20940870dc055f2070ac8ec847ed2d9918,1532825262,6050310.0,0xc14f8469d4bb31c8e69fae9c16e262f45edc3635,OUT,2,0.0,0xf168cf18250f773b49f44a1bb9fa3efc3ede5c4fbdc028323f080cd31a322962,internal,call,0.00071495792379 Ether
1,0x8a883a20940870dc055f2070ac8ec847ed2d9918,1533491865,6096006.0,0xc14f8469d4bb31c8e69fae9c16e262f45edc3635,OUT,2,0.0,0xeb492efbbe0fe6e4a4a3636048bf1449205000ebcb731ac066d2da7d1a735315,internal,call,0.011366027044058 Ether
1,0x8a883a20940870dc055f2070ac8ec847ed2d9918,1532491905,6024493.0,0xc14f8469d4bb31c8e69fae9c16e262f45edc3635,OUT,2,0.0,0x6eab58262cea943fe76f9e47f236886a181e330b3a7d03b86da38e3a42b5dcd5,internal,call,0.004184601199943 Ether
1,0x8a883a20940870dc055f2070ac8ec847ed2d9918,1532305875,6014875.0,0xc14f8469d4bb31c8e69fae9c16e262f45edc3635,OUT,2,0.0,0x13103f3a3efba542443a5b0c860c42618c966ab75369e878d35ac106804f079a,internal,call,0.077705564693862 Ether
