Class,address,age,block,creator,direction,inter_direction,txFee,txhash,txn_type,type,value
1,0x4e8ecf79ade5e2c49b9e30d795517a81e0bf00b8,1532872358,6053572.0,0xf39e044e1ab204460e06e87c6dca2c6319fc69e3,OUT,1,0.0,0x17ea35908fce56009e9e14101e1809fcf8afadfbe0a25083ac2322cb82d34b40,internal,call,0.041942980090152 Ether
1,0x4e8ecf79ade5e2c49b9e30d795517a81e0bf00b8,1532998809,6062215.0,0xf39e044e1ab204460e06e87c6dca2c6319fc69e3,OUT,1,0.0,0x4821db121cd829c0a4acddc2e622ac06e3b5d94154edae2fc99f1183e84b4699,internal,call,0.096512098821716 Ether
