Class,address,age,block,creator,direction,inter_direction,txFee,txhash,txn_type,type,value
1,0x702392282255f8c0993dbbbb148d80d2ef6795b1,1523037148,5394465.0,0xfea0904acc8df0f3288b6583f60b86c36ea52acd,OUT,2,0.0,0x0abf4824ee0d1955524d542a9663e9bbc64ba20cd2ef73036a8f9cda3e52e915,internal,call,0.0150377242426 Ether
1,0x702392282255f8c0993dbbbb148d80d2ef6795b1,1523018680,5393155.0,0xfea0904acc8df0f3288b6583f60b86c36ea52acd,OUT,2,0.0,0xd94fcfad7d0420e1aa2004b66bd7ca599f9e0cdf504353078b3b6fb137f5d030,internal,call,0.078101660063635 Ether
1,0x702392282255f8c0993dbbbb148d80d2ef6795b1,1523109972,5399564.0,0xfea0904acc8df0f3288b6583f60b86c36ea52acd,OUT,2,0.0,0x97e2fd041fad636d6fc2c9456540c32a03aa2d74f9ab6bb355fef4fa59b66a99,internal,call,0.344494312151804 Ether
1,0x702392282255f8c0993dbbbb148d80d2ef6795b1,1523104553,0.0,0xfea0904acc8df0f3288b6583f60b86c36ea52acd,OUT,2,0.0,0xe280a17dce52bf39ca6843b69a9175ed8769ffd80509d384fd8f89dcb6cd247e,internal,call,0.015837834683561 Ether
1,0x702392282255f8c0993dbbbb148d80d2ef6795b1,1523095747,5398620.0,0xfea0904acc8df0f3288b6583f60b86c36ea52acd,OUT,2,0.0,0x8eee466a37f714ecb331218f7ba8f80e8287ca12fcd9fd496a71bcbd468b84a0,internal,call,0.007136310039416 Ether
1,0x702392282255f8c0993dbbbb148d80d2ef6795b1,1523092945,5398414.0,0xfea0904acc8df0f3288b6583f60b86c36ea52acd,OUT,2,0.0,0xfaf748648a54a4f09895a0a99143610faacda6c5b97730b37a9e60b9791d83e9,internal,call,0.020412261926844 Ether
1,0x702392282255f8c0993dbbbb148d80d2ef6795b1,1523085100,5397845.0,0xfea0904acc8df0f3288b6583f60b86c36ea52acd,OUT,2,0.0,0x26c403a52ef7627b64139ee20d14ea8675ddd7669e76d599b2500858d68a35ad,internal,call,0.016925404944362 Ether
1,0x702392282255f8c0993dbbbb148d80d2ef6795b1,1523050768,5395411.0,0xfea0904acc8df0f3288b6583f60b86c36ea52acd,OUT,2,0.0,0x7f0b408a8d639602d8085ebe001df75b40573c0b180614453321796949dcba85,internal,call,0.010807309004672 Ether
