Class,address,age,block,creator,direction,inter_direction,txFee,txhash,txn_type,type,value
1,0xbeefd8fb3b5778f99e021afa2e41e0614af6af11,1541384569,6647463.0,0x300758881bf3756b6cb5b2e96f545d7b3566ce3a,OUT,1,0.0,0x601b15f3aa7b4fd8b2ec757f13bc044c8a0ee8c890b6f4493799e6f1a181f077,internal,call,0.018182127621007 Ether
1,0xbeefd8fb3b5778f99e021afa2e41e0614af6af11,1539949174,0.0,0x300758881bf3756b6cb5b2e96f545d7b3566ce3a,OUT,1,0.0,0xb3226c3e8416ca2a1517bb577e631d53219dfdf1e5160fb0776e77add1e22e9b,internal,call,0.000005063632131 Ether
1,0xbeefd8fb3b5778f99e021afa2e41e0614af6af11,1539949017,6545954.0,0x300758881bf3756b6cb5b2e96f545d7b3566ce3a,OUT,1,0.0,0x02b4d2e27ddd18e6f578539576eff87317711a7bea894704f3273127182c9b33,internal,call,0.007819806051147 Ether
1,0xbeefd8fb3b5778f99e021afa2e41e0614af6af11,1540395791,6577606.0,0x300758881bf3756b6cb5b2e96f545d7b3566ce3a,OUT,1,0.0,0x54a20e4c2af9e325e724be03ce1e4a5acf6b007028001a8d9e2e86796adfc002,internal,call,0.010518728016324 Ether
1,0xbeefd8fb3b5778f99e021afa2e41e0614af6af11,1540428877,0.0,0x300758881bf3756b6cb5b2e96f545d7b3566ce3a,OUT,1,0.0,0x51c8fa5e36a20f143cd4f1de91749ac5db3e4ca747f07d6e479de4e0b83f7f38,internal,call,0.001598780757685 Ether
1,0xbeefd8fb3b5778f99e021afa2e41e0614af6af11,1541743639,6672768.0,0x300758881bf3756b6cb5b2e96f545d7b3566ce3a,OUT,1,0.0,0x717ab076626d3b67d19979e4568779f56e841fb6fb7454ce1bbe6484752316e8,internal,call,0.022687046082767 Ether
1,0xbeefd8fb3b5778f99e021afa2e41e0614af6af11,1540777150,6604594.0,0x300758881bf3756b6cb5b2e96f545d7b3566ce3a,OUT,1,0.0,0x2403fdc8e90d0021915cf0b4eee77eea2f1f49f60a74a9670f3814e3b9aa70bd,internal,call,0.026529454385534 Ether
1,0xbeefd8fb3b5778f99e021afa2e41e0614af6af11,1541119525,6628685.0,0x300758881bf3756b6cb5b2e96f545d7b3566ce3a,OUT,1,0.0,0x2e6d061967b7fed8256a60a1bdc8c70f3765b8bac9b74c7c02fe4d3ea0d158ea,internal,call,0.02591836999075 Ether
1,0xbeefd8fb3b5778f99e021afa2e41e0614af6af11,1540179542,6562283.0,0x300758881bf3756b6cb5b2e96f545d7b3566ce3a,OUT,1,0.0,0x4fa7c9d46bd02caee6141ada5dce0a5aa0c901e8f0f673f1c9e9bb7c27da3fc7,internal,call,0.011200389369859 Ether
