Class,address,age,block,creator,direction,inter_direction,txFee,txhash,txn_type,type,value
0,0x8d12a197cb00d4747a1fe03395095ce2a5cc6819,1543684836,6809647.0,0x1ed014aec47fae44c9e55bac7662c0b78ae61798,OUT,1,0.0,0x07ba16a4b6585ac19a1e6dbc5a003639a9d16a604fb978cd9f3efb4717b5d5cf,internal,call,0.05859 Ether
0,0x8d12a197cb00d4747a1fe03395095ce2a5cc6819,1541569918,6660470.0,0x1ed014aec47fae44c9e55bac7662c0b78ae61798,OUT,2,0.0,0xc4b721b7f8b5d3f39a032cc4cffebfcea34ff72e64376f91a2736bfd45b1cab0,internal,call,0.118432858139 Ether
0,0x8d12a197cb00d4747a1fe03395095ce2a5cc6819,1538064349,6408954.0,0x1ed014aec47fae44c9e55bac7662c0b78ae61798,OUT,2,0.0,0xeee90ec921187bd21ab552c7fbad1342f1b8d89e18adf03d5877021fe2cd0934,internal,call,0.005 Ether
0,0x8d12a197cb00d4747a1fe03395095ce2a5cc6819,1539139423,6488465.0,0x1ed014aec47fae44c9e55bac7662c0b78ae61798,OUT,2,0.0,0x0f91eac92b0ada00276159ac062e2f56825df1b9909de873f574f04d60905417,internal,call,0.198 Ether
