Class,address,age,block,creator,direction,inter_direction,txFee,txhash,txn_type,type,value
1,0x9b5bbb16a7a68660f6503eff6c8e3159820d6396,1539520290,6515581.0,0xdacca760db181e54d96b9a061acc0d2d48a05593,OUT,2,0.0,0xcd5c639a144160ad41956f40c0a7c59d2b1a5b474241ffad46826a77bd65f7e9,internal,call,0.06375 Ether
1,0x9b5bbb16a7a68660f6503eff6c8e3159820d6396,1540473107,6583111.0,0xdacca760db181e54d96b9a061acc0d2d48a05593,OUT,2,0.0,0xbc6372b05ce919b55820403393d79fc05a0377e097f0dfee76329e91dbb02b62,internal,call,0.02125 Ether
1,0x9b5bbb16a7a68660f6503eff6c8e3159820d6396,1539866336,6540114.0,0xdacca760db181e54d96b9a061acc0d2d48a05593,OUT,2,0.0,0xcbb6278dbc913d0092e11ba6f28ed890a550024ac862f38dc5ec6004639e37d9,internal,call,0.085 Ether
1,0x9b5bbb16a7a68660f6503eff6c8e3159820d6396,1539260678,6497031.0,0xdacca760db181e54d96b9a061acc0d2d48a05593,OUT,2,0.0,0xe01770ef4cc26d685bc8965cd20a302941010d08e59a97e34658cc119183c8df,internal,call,0.06375 Ether
1,0x9b5bbb16a7a68660f6503eff6c8e3159820d6396,1539000999,6478552.0,0xdacca760db181e54d96b9a061acc0d2d48a05593,OUT,2,0.0,0x5b13d5380f493c1dba87417537eb749d1099953657016628aa7dd19f102eac80,internal,call,0.1125 Ether
1,0x9b5bbb16a7a68660f6503eff6c8e3159820d6396,1540384826,6576825.0,0xdacca760db181e54d96b9a061acc0d2d48a05593,OUT,2,0.0,0x7685affa0068d679ea2705fc7ad8f824496a6ed9fd8b61a390bbd99a1cf70e30,internal,call,0.1275 Ether
