Class,address,age,block,creator,direction,inter_direction,txFee,txhash,txn_type,type,value
1,0x702392282255f8c0993dbbbb148d80d2ef6795b1,1523100763,5398963.0,0xfea0904acc8df0f3288b6583f60b86c36ea52acd,OUT,2,0.0,0xb6d993eb780b3956ffaf530dea9f66210033bc9932f25b213f575382cfe3c9b6,internal,call,0.620060318212541 Ether
1,0x702392282255f8c0993dbbbb148d80d2ef6795b1,1523384021,5418767.0,0xfea0904acc8df0f3288b6583f60b86c36ea52acd,OUT,2,0.0,0x8a144ee905ad4214f074da185ff874cae8a55a287ec2a540955d5853c7c90642,internal,call,0.608540551310629 Ether
