Class,address,age,block,creator,direction,inter_direction,txFee,txhash,txn_type,type,value
1,0xb10ea0d397db942a1083a4af9c6074ab63bc8c8b,1540193594,6563249.0,0x65b041db3135ed5f76d9486aa56f8ca5dc9a3f5e,OUT,1,0.0,0x6d2fded1a81c4fe38b5bda25625ac9e7dcff7a9ff35457b3731b2396fc496433,internal,call,0.008348474576271 Ether
1,0xb10ea0d397db942a1083a4af9c6074ab63bc8c8b,1538741764,6459912.0,0x65b041db3135ed5f76d9486aa56f8ca5dc9a3f5e,OUT,2,0.0,0xddc627ed8f5d0cfe43e78c75cb6e373dbe90f497b1b3f16370705b2c710f566c,internal,call,0.005 Ether
1,0xb10ea0d397db942a1083a4af9c6074ab63bc8c8b,1539760495,6532597.0,0x65b041db3135ed5f76d9486aa56f8ca5dc9a3f5e,OUT,2,0.0,0xcd948d6ec46b413e0e446c747c9fc3eefdf0724f2088564c094b652239c3650f,internal,call,0.024893559322033 Ether
1,0xb10ea0d397db942a1083a4af9c6074ab63bc8c8b,1540870091,6611176.0,0x65b041db3135ed5f76d9486aa56f8ca5dc9a3f5e,OUT,1,0.0,0x722969bb9aa8738804a23acbbfeb215daca217ea678894af7bb617f2276f1793,internal,call,0.032492881355932 Ether
1,0xb10ea0d397db942a1083a4af9c6074ab63bc8c8b,1540019549,6550935.0,0x65b041db3135ed5f76d9486aa56f8ca5dc9a3f5e,OUT,1,0.0,0x8f2e20b849741b03ed77e2f2da3947bcd4e10904011f22c46a68dc6ff064cc94,internal,call,0.012432542372881 Ether
1,0xb10ea0d397db942a1083a4af9c6074ab63bc8c8b,1539244245,6495879.0,0x65b041db3135ed5f76d9486aa56f8ca5dc9a3f5e,OUT,1,0.0,0x5db253d47b24d5325f4f84e5d06556c939ad57defd40d61f9b1caa713bde4947,internal,call,0.025028474576271 Ether
