Class,address,age,block,creator,direction,inter_direction,txFee,txhash,txn_type,type,value
1,0x4e8ecf79ade5e2c49b9e30d795517a81e0bf00b8,1532715639,6042680.0,0xf39e044e1ab204460e06e87c6dca2c6319fc69e3,OUT,1,0.0,0x72d5ae458d2fa84954a2dd2d9c63e0a0c9182beeaaec8a5027b78c9e18d8ee1b,internal,call,0.164095338197151 Ether
1,0x4e8ecf79ade5e2c49b9e30d795517a81e0bf00b8,1532722978,0.0,0xf39e044e1ab204460e06e87c6dca2c6319fc69e3,OUT,1,0.0,0x8429ba0254e65ba2b60adb5ea07a76572862ab9d5ae34bca0fb774eb26f775fa,internal,call,0.264532237354846 Ether
1,0x4e8ecf79ade5e2c49b9e30d795517a81e0bf00b8,1532713074,0.0,0xf39e044e1ab204460e06e87c6dca2c6319fc69e3,OUT,1,0.0,0xa203afc2b2db5b9fd11e67d4fcf28c1ad178960d93f54891a8a215649b9fbf8d,internal,call,1.660557232341362 Ether
