Class,address,age,block,creator,direction,inter_direction,txFee,txhash,txn_type,type,value
1,0x9b5bbb16a7a68660f6503eff6c8e3159820d6396,1539876441,6540832.0,0xdacca760db181e54d96b9a061acc0d2d48a05593,OUT,2,0.0,0x6460435a9e470e4f17c0eb0def7362815c05d805edaa7c35a8f5bc8975747c14,internal,call,0.16575 Ether
1,0x9b5bbb16a7a68660f6503eff6c8e3159820d6396,1540222792,6565297.0,0xdacca760db181e54d96b9a061acc0d2d48a05593,OUT,2,0.0,0x187b9a0ae3f9b2a1111a58048020c75493f5b136bb44883b2ac0a2f9b4bbdebb,internal,call,0.05525 Ether
1,0x9b5bbb16a7a68660f6503eff6c8e3159820d6396,1540395791,6577606.0,0xdacca760db181e54d96b9a061acc0d2d48a05593,OUT,2,0.0,0x03e2540f10f4630ea413022afa1c08a2bd7110e03211cc12fd88f19114b05446,internal,call,0.05525 Ether
1,0x9b5bbb16a7a68660f6503eff6c8e3159820d6396,1540049455,6553082.0,0xdacca760db181e54d96b9a061acc0d2d48a05593,OUT,2,0.0,0x744639d0f2128a31d4ba8e818dd6b6d51f05f514b15119b19043f9af90cc1e2e,internal,call,0.05525 Ether
1,0x9b5bbb16a7a68660f6503eff6c8e3159820d6396,1540552006,6588667.0,0xdacca760db181e54d96b9a061acc0d2d48a05593,OUT,2,0.0,0xd690bd3d717967df8d28b39def996a49f2dd1f16e5a896999b23406d4fbdc095,internal,call,0.027625 Ether
1,0x9b5bbb16a7a68660f6503eff6c8e3159820d6396,1538752960,6460712.0,0xdacca760db181e54d96b9a061acc0d2d48a05593,OUT,2,0.0,0x84bc5bc521a779d4056112da08d5e6c6a512f23882086270306f2f345e36fd2c,internal,call,0.16575 Ether
1,0x9b5bbb16a7a68660f6503eff6c8e3159820d6396,1539357884,6503974.0,0xdacca760db181e54d96b9a061acc0d2d48a05593,OUT,2,0.0,0x3391d6a38e3a3f54ef6a1474b0f6b6ef461e460d85a98e6d2d3591207b2d9ff0,internal,call,0.193375 Ether
