Class,address,age,block,creator,direction,inter_direction,txFee,txhash,txn_type,type,value
1,0x4e8ecf79ade5e2c49b9e30d795517a81e0bf00b8,1533114229,0.0,0xf39e044e1ab204460e06e87c6dca2c6319fc69e3,OUT,1,0.0,0x8aefee556468dc92a4751a77bf7610b9280e23eeccea8f20e41f6b60f0c09473,internal,call,0.161567860189356 Ether
1,0x4e8ecf79ade5e2c49b9e30d795517a81e0bf00b8,1532849248,6051966.0,0xf39e044e1ab204460e06e87c6dca2c6319fc69e3,OUT,1,0.0,0xac3fc4f6f9e8099a53a66e16fb907caa21bac6b9fc5703e3b7b8b924843bf907,internal,call,0.037292694483761 Ether
1,0x4e8ecf79ade5e2c49b9e30d795517a81e0bf00b8,1533091862,6068569.0,0xf39e044e1ab204460e06e87c6dca2c6319fc69e3,OUT,1,0.0,0x60563f7f416edf64ff3223b419bee17975cbef3094968daba22dfcd8b14c3eae,internal,call,0.285385696647636 Ether
1,0x4e8ecf79ade5e2c49b9e30d795517a81e0bf00b8,1532991999,0.0,0xf39e044e1ab204460e06e87c6dca2c6319fc69e3,OUT,2,0.0,0xb8e18ec9a96eb7651c64fd07e916fe9d29af51a722a7a85316a4b2869dd95a0d,internal,call,0.885940931682107 Ether
