Class,address,age,block,creator,direction,inter_direction,txFee,txhash,txn_type,type,value
1,0x4e8ecf79ade5e2c49b9e30d795517a81e0bf00b8,1534277727,6149836.0,0xf39e044e1ab204460e06e87c6dca2c6319fc69e3,OUT,1,0.0,0x2576c0a6e5e6115a08a1725898c2fc170d8309ba33cdf98233a9c8226ff3d5c1,internal,call,0.019329779100411 Ether
1,0x4e8ecf79ade5e2c49b9e30d795517a81e0bf00b8,1535014684,6200240.0,0xf39e044e1ab204460e06e87c6dca2c6319fc69e3,OUT,1,0.0,0xb23aea601bf5d6840240d6a410cc4502207bf4d3948148517cdb599f53f71c9f,internal,call,0.007196072624173 Ether
