Class,address,age,block,creator,direction,inter_direction,txFee,txhash,txn_type,type,value
1,0x4e8ecf79ade5e2c49b9e30d795517a81e0bf00b8,1533738653,0.0,0xf39e044e1ab204460e06e87c6dca2c6319fc69e3,OUT,1,0.0,0x2780906d61048b7b968cd5cfee45e71baf2b02c99e6d60c6b696a0159b5626ee,internal,call,0.2857460226498 Ether
1,0x4e8ecf79ade5e2c49b9e30d795517a81e0bf00b8,1532846345,6051779.0,0xf39e044e1ab204460e06e87c6dca2c6319fc69e3,OUT,2,0.0,0xcf248b7dbbf1eca6f236c7bbfcaba59f848a43b75d8726be928d7be25769ae1a,internal,call,0.195595843921276 Ether
1,0x4e8ecf79ade5e2c49b9e30d795517a81e0bf00b8,1532829281,6050574.0,0xf39e044e1ab204460e06e87c6dca2c6319fc69e3,OUT,1,0.0,0x002567d347556906bbc5e3da757e1a97a4f530495601aa1a1e367b8e63bd914d,internal,call,0.255075310307414 Ether
1,0x4e8ecf79ade5e2c49b9e30d795517a81e0bf00b8,1532801192,6048624.0,0xf39e044e1ab204460e06e87c6dca2c6319fc69e3,OUT,1,0.0,0x7cb764c0caa5e42dcd8758dab853ce7169a7c28986f0621e1e8f6158431c6b93,internal,call,0.2 Ether
1,0x4e8ecf79ade5e2c49b9e30d795517a81e0bf00b8,1532841455,6051431.0,0xf39e044e1ab204460e06e87c6dca2c6319fc69e3,OUT,1,0.0,0x75f50e264276a17ed0a715bbfe2d930ae33d61b0e5118a60c2eced26a081b486,internal,call,0.318215299592636 Ether
1,0x4e8ecf79ade5e2c49b9e30d795517a81e0bf00b8,1532721644,0.0,0xf39e044e1ab204460e06e87c6dca2c6319fc69e3,OUT,1,0.0,0x4483bd6ac0d79c27cfc2d9153adb9a7dad416a0eb84dc3365aac210e2f0518a6,internal,call,0.172721639556135 Ether
