Class,address,age,block,creator,direction,inter_direction,txFee,txhash,txn_type,type,value
1,0x8da9ccf44fa08f651b71fa76f4ed41796b428f61,1532265503,6012071.0,0x15fda64fcdbca27a60aa8c6ca882aa3e1de4ea41,OUT,2,0.0,0x5b681c1050f4d4afce7fe462b9da5942f6d91c20c1fbbe9678b8c2401ad560ff,internal,call,0.005039111349038 Ether
1,0x8da9ccf44fa08f651b71fa76f4ed41796b428f61,1531715548,5971800.0,0x15fda64fcdbca27a60aa8c6ca882aa3e1de4ea41,OUT,2,0.0,0x66faecefab4690c9ba7441a278dba68d18986f5936c242bc59f8425aeffd3db3,internal,call,0.001088101835551 Ether
