Class,address,age,block,creator,direction,inter_direction,txFee,txhash,txn_type,type,value
1,0x4e8ecf79ade5e2c49b9e30d795517a81e0bf00b8,1532723445,0.0,0xf39e044e1ab204460e06e87c6dca2c6319fc69e3,OUT,1,0.0,0x9d64911d35db105d8c420ae2f494904faa4be97de1e15bc7d2b3eb779f798323,internal,call,0.037024543424667 Ether
1,0x4e8ecf79ade5e2c49b9e30d795517a81e0bf00b8,1532719878,0.0,0xf39e044e1ab204460e06e87c6dca2c6319fc69e3,OUT,2,0.0,0xfba69a36a9284bdddf93a967472f76db45b4bce81d322ea37bb3ee0b3f695770,internal,call,0.200095122249909 Ether
