Class,address,age,block,creator,direction,inter_direction,txFee,txhash,txn_type,type,value
0,0xf4985070ce32b6b1994329df787d1acc9a2dd9e2,1533374534,6087966.0,0x01bf1d7c5e192313c26414e134584275f46271cf,OUT,2,0.0,0x881ffb865770595ea20ab488ec9a93a37ccf68bb25cf73e36ae4f49cd98d4603,internal,call,0.000140972222222 Ether
0,0xf4985070ce32b6b1994329df787d1acc9a2dd9e2,1533374461,6087961.0,0x01bf1d7c5e192313c26414e134584275f46271cf,OUT,2,0.0,0xf9b778d74ba261957ad89604fe840149a1531a03499275da73b0b0375b15896f,internal,call,0.000208333333333 Ether
