Class,address,age,block,creator,direction,inter_direction,txFee,txhash,txn_type,type,value
1,0x4e8ecf79ade5e2c49b9e30d795517a81e0bf00b8,1532724629,0.0,0xf39e044e1ab204460e06e87c6dca2c6319fc69e3,OUT,1,0.0,0x3aba496658789a0c3256e2dbeec2b4e284d0e85db38cf75a65b8b7ff72cd4d56,internal,call,0.134647250161874 Ether
1,0x4e8ecf79ade5e2c49b9e30d795517a81e0bf00b8,1532712540,0.0,0xf39e044e1ab204460e06e87c6dca2c6319fc69e3,OUT,2,0.0,0xf3f6c1f22b87b0a872c30d50398a323bd16cb94d7ed41621088a3ccc7f918c53,internal,call,1.686442745556637 Ether
1,0x4e8ecf79ade5e2c49b9e30d795517a81e0bf00b8,1532716527,0.0,0xf39e044e1ab204460e06e87c6dca2c6319fc69e3,OUT,1,0.0,0x43c2ea7e119be353c106ed61bdc533ae807a58636ee421c195738ccdd0e371c4,internal,call,0.148380421575024 Ether
