Class,address,age,block,creator,direction,inter_direction,txFee,txhash,txn_type,type,value
0,0xf7b098298f7c69fc14610bf71d5e02c60792894c,1504782715,4249046.0,0xe05cedd2838e4e1d99b539d8c768d6ef2a10f729,IN,3,0.00223434,0x49c6b719e8945f75529ff93e8a773363087742b36dca249582bd8525b90056c0,external,0,0 Ether
0,0xf7b098298f7c69fc14610bf71d5e02c60792894c,1504598989,4241524.0,0xe05cedd2838e4e1d99b539d8c768d6ef2a10f729,IN,3,0.00313434,0x73e483f2ad9ffa56dce1b029d8c6b69ea8159027c1cd0d7b2ed429de786547de,external,0,0 Ether
