Class,address,age,block,creator,direction,inter_direction,txFee,txhash,txn_type,type,value
1,0xfde889c9354d09cec72845e76a0d9f97f4686f7a,1535771720,6252131.0,0x93b5b8e5aefd9197305408df1f824b0e58229fd0,OUT,2,0.0,0xa3acaed1abf8e1eb2451bdd108e5400420d38af6d017c25def733afb31593b6f,internal,call,0.10516289776289 Ether
1,0xfde889c9354d09cec72845e76a0d9f97f4686f7a,1535811613,6254884.0,0x93b5b8e5aefd9197305408df1f824b0e58229fd0,OUT,2,0.0,0x1c90496a46ca8456d75334fa5bd20e7ea6797b80a0a3ad518aabd092c53eaad9,internal,call,0.139308367208706 Ether
