Class,address,age,block,creator,direction,inter_direction,txFee,txhash,txn_type,type,value
1,0x536a6ba0d913d5d6a4ce2c6eb7ed0de3c0f0b89e,1537458970,6369368.0,0xb648cc3367571c9166e966d1eb97de3f9ebfb8fd,OUT,2,0.0,0xfbe0b1612f76488b83d439e511dc1fe0c690005a389e818ffbbc709c82cf6937,internal,call,0.0035 Ether
1,0x536a6ba0d913d5d6a4ce2c6eb7ed0de3c0f0b89e,1537762123,6387622.0,0xb648cc3367571c9166e966d1eb97de3f9ebfb8fd,OUT,2,0.0,0xe4837e9ce0408b64741689b9ea70061fb54260c029d0c2b45c923ae3e0bfd32e,internal,call,0.00525 Ether
1,0x536a6ba0d913d5d6a4ce2c6eb7ed0de3c0f0b89e,1537284909,6357164.0,0xb648cc3367571c9166e966d1eb97de3f9ebfb8fd,OUT,2,0.0,0xfae27bae6e2931d22db9b495e0e7482af2259d5f61d98e418ea06c98c387c612,internal,call,0.00175 Ether
1,0x536a6ba0d913d5d6a4ce2c6eb7ed0de3c0f0b89e,1537850276,6393829.0,0xb648cc3367571c9166e966d1eb97de3f9ebfb8fd,OUT,1,0.0,0x43f027b16f1c92d4db71f39fa866ccf9873961f1b780c12c5651a018113dafe3,internal,call,0.0035 Ether
