Class,address,age,block,creator,direction,inter_direction,txFee,txhash,txn_type,type,value
0,0xfa05a73ffe78ef8f1a739473e462c54bae6567d9,1492959593,3588967.0,0x00af63755982b0107f6a7489af91a5db3b55add4,IN,3,0.00073256,0x0a85915dd754b385bd99ef61fa43794f91e80dd374ed81f6516794e4d69cb226,external,0,23 Ether
0,0xfa05a73ffe78ef8f1a739473e462c54bae6567d9,1492958603,3588895.0,0x00af63755982b0107f6a7489af91a5db3b55add4,IN,3,0.00103256,0x8c117aea0267d3a8bd01911e4491603b30f8451e933c30a7797afa877371d2f1,external,0,0.03 Ether
