Class,address,age,block,creator,direction,inter_direction,txFee,txhash,txn_type,type,value
1,0x4e8ecf79ade5e2c49b9e30d795517a81e0bf00b8,1532739571,6044352.0,0xf39e044e1ab204460e06e87c6dca2c6319fc69e3,OUT,2,0.0,0xf2a6e4508b50e7bb3e1826a50b588a19260209b90bf064e7f089e6c8d62ba6bb,internal,call,0.006495064671268 Ether
1,0x4e8ecf79ade5e2c49b9e30d795517a81e0bf00b8,1532714496,0.0,0xf39e044e1ab204460e06e87c6dca2c6319fc69e3,OUT,1,0.0,0x993232843e04dd37a1450003429fb1c23885b0393b3bf6c9e371ffec7878863d,internal,call,0.011720094892832 Ether
