Class,address,age,block,creator,direction,inter_direction,txFee,txhash,txn_type,type,value
1,0xb10ea0d397db942a1083a4af9c6074ab63bc8c8b,1539848297,6538838.0,0x65b041db3135ed5f76d9486aa56f8ca5dc9a3f5e,OUT,1,0.0,0x422707be842f329c920a87721e0e4be379b7fddfd94d44e6056f9cb1377d8115,internal,call,0.00381615708 Ether
1,0xb10ea0d397db942a1083a4af9c6074ab63bc8c8b,1540026249,6551427.0,0x65b041db3135ed5f76d9486aa56f8ca5dc9a3f5e,OUT,1,0.0,0xb1834e68f43494b2461601cf64ab33cf1d4bbfce1478cf120ab6be9775a39ff9,internal,call,0.004016752258298 Ether
1,0xb10ea0d397db942a1083a4af9c6074ab63bc8c8b,1540209568,6564366.0,0x65b041db3135ed5f76d9486aa56f8ca5dc9a3f5e,OUT,1,0.0,0x962a79ccf4d132326a3d8e47691a4bfac489afe2cec81de4a767eba07625ebcd,internal,call,0.004129303423383 Ether
