Class,address,age,block,creator,direction,inter_direction,txFee,txhash,txn_type,type,value
1,0x4e8ecf79ade5e2c49b9e30d795517a81e0bf00b8,1533456518,6093576.0,0xf39e044e1ab204460e06e87c6dca2c6319fc69e3,OUT,2,0.0,0xd4cd8cd97b73fac894847789f4ff8ac71d180ed7ef6266b47fae730433696136,internal,call,0.013861179671925 Ether
1,0x4e8ecf79ade5e2c49b9e30d795517a81e0bf00b8,1533522282,6098122.0,0xf39e044e1ab204460e06e87c6dca2c6319fc69e3,OUT,1,0.0,0x5674ccfcbdb485d9228c5021d96754202d6f58aa4e3f1c9a989d157d27aca4d7,internal,call,0.016615628807755 Ether
1,0x4e8ecf79ade5e2c49b9e30d795517a81e0bf00b8,1533428463,6091653.0,0xf39e044e1ab204460e06e87c6dca2c6319fc69e3,OUT,1,0.0,0x673a386583952f2780a0033a9e432a621ef32cf5f33603a5063885ba33d0a7de,internal,call,0.007098491996448 Ether
1,0x4e8ecf79ade5e2c49b9e30d795517a81e0bf00b8,1533479576,0.0,0xf39e044e1ab204460e06e87c6dca2c6319fc69e3,OUT,2,0.0,0xdfe9dc60a7a3874fd92963d2575522791c0edd400482a1a452fbc5853d796796,internal,call,0.013746515726224 Ether
1,0x4e8ecf79ade5e2c49b9e30d795517a81e0bf00b8,1533364753,6087308.0,0xf39e044e1ab204460e06e87c6dca2c6319fc69e3,OUT,2,0.0,0xe9d19802d8a5b3d023641a8e59e925d4c19558a90fb2947c87bbb591c9177702,internal,call,0.019059228625007 Ether
1,0x4e8ecf79ade5e2c49b9e30d795517a81e0bf00b8,1533474539,6094814.0,0xf39e044e1ab204460e06e87c6dca2c6319fc69e3,OUT,1,0.0,0x266558ad23d08e60d358c85cc8fabe392aa66473ee8acb6f73a0a053edd44623,internal,call,0.016288810889416 Ether
1,0x4e8ecf79ade5e2c49b9e30d795517a81e0bf00b8,1533268039,6080571.0,0xf39e044e1ab204460e06e87c6dca2c6319fc69e3,OUT,1,0.0,0x8762c2861185cb88a51a3a88ace2ceb55ace63a913638888ce401883429a2af9,internal,call,0.007449288286873 Ether
1,0x4e8ecf79ade5e2c49b9e30d795517a81e0bf00b8,1533421406,6091183.0,0xf39e044e1ab204460e06e87c6dca2c6319fc69e3,OUT,2,0.0,0xd2cc1424ff1d5560e29e09632ea0629a677af911c48f2bb6512063beec02225b,internal,call,0.035014627082977 Ether
1,0x4e8ecf79ade5e2c49b9e30d795517a81e0bf00b8,1533384178,6088603.0,0xf39e044e1ab204460e06e87c6dca2c6319fc69e3,OUT,1,0.0,0x928cf56fc64da05a9ee3f6e14c27caad14b7459312c646de9e86dc486895445d,internal,call,0.012913398539891 Ether
