Class,address,age,block,creator,direction,inter_direction,txFee,txhash,txn_type,type,value
1,0x8036165ccabee251c886d6121b047c16b5e798b5,1523087073,5397998.0,0x4be640dcce08e68ede454202fbc59cf5f9e8ea1f,OUT,2,0.0,0x61a7752a48f0f04820735788650702ed5d33392d407aa16d5be9f011b40214e9,internal,call,0.010260637820676 Ether
1,0x8036165ccabee251c886d6121b047c16b5e798b5,1523087022,5397990.0,0x4be640dcce08e68ede454202fbc59cf5f9e8ea1f,OUT,2,0.0,0xe27039b6baa18347789468fe200be3dfccf9bc80022722b72411a6ca4f6259b1,internal,call,0.006186645764825 Ether
1,0x8036165ccabee251c886d6121b047c16b5e798b5,1523022759,5393448.0,0x4be640dcce08e68ede454202fbc59cf5f9e8ea1f,OUT,2,0.0,0x6d99bd8dbb16210ac236f6c653931e83359b81d9ef7c4f4083c9f5a00e58a678,internal,call,0.006378767363649 Ether
