Class,address,age,block,creator,direction,inter_direction,txFee,txhash,txn_type,type,value
1,0x4e8ecf79ade5e2c49b9e30d795517a81e0bf00b8,1532933719,6057811.0,0xf39e044e1ab204460e06e87c6dca2c6319fc69e3,OUT,1,0.0,0xb2371c0e09dba0094532e7fbc1720bd17cdc71158241fbf61a273a516c7d805a,internal,call,0.007691465833611 Ether
1,0x4e8ecf79ade5e2c49b9e30d795517a81e0bf00b8,1532891015,6054857.0,0xf39e044e1ab204460e06e87c6dca2c6319fc69e3,OUT,1,0.0,0x3a08740726540f0851104225eddf789fff1231a391b0e7848af37c77f107f250,internal,call,0.030995484879026 Ether
1,0x4e8ecf79ade5e2c49b9e30d795517a81e0bf00b8,1532758462,6045611.0,0xf39e044e1ab204460e06e87c6dca2c6319fc69e3,OUT,2,0.0,0xee817ec516a483df60fc419374b682dbeab9477854f334b4da9f81ac6bcea664,internal,call,0.017412791346795 Ether
1,0x4e8ecf79ade5e2c49b9e30d795517a81e0bf00b8,1532764561,6046035.0,0xf39e044e1ab204460e06e87c6dca2c6319fc69e3,OUT,1,0.0,0x359b743b4b3ba26cfdcfc96ee57bc9e2c37c60ee5f04a02fe1af03aae72a79da,internal,call,0.044065830043113 Ether
1,0x4e8ecf79ade5e2c49b9e30d795517a81e0bf00b8,1532739812,6044367.0,0xf39e044e1ab204460e06e87c6dca2c6319fc69e3,OUT,1,0.0,0xb22b2508186798c3d63e309671c07800544c1d51a33e91fb6d9b52b7d7781cf4,internal,call,0.05974038457354 Ether
