Class,address,age,block,creator,direction,inter_direction,txFee,txhash,txn_type,type,value
1,0xbeefd8fb3b5778f99e021afa2e41e0614af6af11,1541108487,0.0,0x300758881bf3756b6cb5b2e96f545d7b3566ce3a,OUT,2,0.0,0xe6ad0d5cf8ba00f2de52b775f216b5696cc72598a3213fba5dc3ee1514419653,internal,call,0.000061672131147 Ether
1,0xbeefd8fb3b5778f99e021afa2e41e0614af6af11,1541099554,6627306.0,0x300758881bf3756b6cb5b2e96f545d7b3566ce3a,OUT,1,0.0,0x80a1f8077c81c17f7bffee52308892c02e6df3bb7a8b35ba6b6ee14779057efb,internal,call,0.002619934426229 Ether
1,0xbeefd8fb3b5778f99e021afa2e41e0614af6af11,1540721450,0.0,0x300758881bf3756b6cb5b2e96f545d7b3566ce3a,OUT,2,0.0,0xf23f8cbfc702f021f80374506c45067d3f41a9f149a709376333a30b20b6cef3,internal,call,0.000009245901639 Ether
1,0xbeefd8fb3b5778f99e021afa2e41e0614af6af11,1540718894,0.0,0x300758881bf3756b6cb5b2e96f545d7b3566ce3a,OUT,2,0.0,0xd206fdf74c0b2c541876a7c94ed17c6d0704f03eb49802d182ea2a459fa47b17,internal,call,0.00057344262295 Ether
1,0xbeefd8fb3b5778f99e021afa2e41e0614af6af11,1541504931,0.0,0x300758881bf3756b6cb5b2e96f545d7b3566ce3a,OUT,1,0.0,0x97967033961462a92ce9ecc030a4ab62bdda52c67d883ce858ff6578904d4132,internal,call,0.003713783606557 Ether
