Class,address,age,block,creator,direction,inter_direction,txFee,txhash,txn_type,type,value
0,0x006bea43baa3f7a6f765f14f10a1a1b08334ef45,1503598940,4200831.0,0xaf773cb251d81178a611ba74e279bbaddce560c2,IN,3,0.00064615,0x6a61bf2275eb1341e910e3471a42c16b902c732d1ddd9aec6b86455ffc7801af,external,0,0 Ether
0,0x006bea43baa3f7a6f765f14f10a1a1b08334ef45,1509260467,4452292.0,0xaf773cb251d81178a611ba74e279bbaddce560c2,IN,3,0.00034222,0xb44fe8032df797b078460493a1b5cf15a8323c2cd1db6934a633f31b1aa7b101,external,0,0 Ether
