Class,address,age,block,creator,direction,inter_direction,txFee,txhash,txn_type,type,value
1,0xe1c9a03cf690256ff7738cbd508c88cf5238a535,1523038215,5394538.0,0xc84c18a88789dba5b0ca9c13973435bbce7e961d,OUT,2,0.0,0xfa59128ccfdadeaceedfb8a442f3fd8aedbe96c2386f8a216f9dcac64e3d0bc4,internal,call,0.007788154363618 Ether
1,0xe1c9a03cf690256ff7738cbd508c88cf5238a535,1523102848,5399093.0,0xc84c18a88789dba5b0ca9c13973435bbce7e961d,OUT,2,0.0,0x07bb5668627d8f1e6160b0126045f9b3bb2636ba672da37d8824007edd0d87f7,internal,call,0.025301213374704 Ether
