Class,address,age,block,creator,direction,inter_direction,txFee,txhash,txn_type,type,value
1,0xdf93cdb6dd65c6c28c78dcdc1762aa34caf81678,1540525540,6586792.0,0xcc1ceb36cab5ada7fd0376b55602dd0d4b429c30,OUT,2,0.0,0x9e4104eb4b3d440397a20b2d2153104265a43d40a36551f2c0adb4463d2d9fe1,internal,call,0.007283379629629 Ether
1,0xdf93cdb6dd65c6c28c78dcdc1762aa34caf81678,1540875619,6611578.0,0xcc1ceb36cab5ada7fd0376b55602dd0d4b429c30,OUT,2,0.0,0xbd8fec8d508bae50495cc9f53ab254c0efe9241bece8d92c18e3c6a9daf40b0e,internal,call,0.016207361111111 Ether
1,0xdf93cdb6dd65c6c28c78dcdc1762aa34caf81678,1540368219,6575652.0,0xcc1ceb36cab5ada7fd0376b55602dd0d4b429c30,OUT,2,0.0,0x8f0c29bf4b82f9710203c8ce9645ac18a6c56b77dd1040924aa7eb44890d1b4c,internal,call,0.019742777777777 Ether
