Class,address,age,block,creator,direction,inter_direction,txFee,txhash,txn_type,type,value
1,0x4e8ecf79ade5e2c49b9e30d795517a81e0bf00b8,1533741542,0.0,0xf39e044e1ab204460e06e87c6dca2c6319fc69e3,OUT,1,0.0,0x225cdf5905608d47c9e5872a74d0a49464e14bdd4826de0a67bff0611cc2d549,internal,call,0.012025689477629 Ether
1,0x4e8ecf79ade5e2c49b9e30d795517a81e0bf00b8,1532866292,6053122.0,0xf39e044e1ab204460e06e87c6dca2c6319fc69e3,OUT,1,0.0,0x559e006ded9917ffa6fc9a0f45ed2dca3121c1df326e7ec2abf72d416bcd9712,internal,call,0.006483600925145 Ether
