Class,address,age,block,creator,direction,inter_direction,txFee,txhash,txn_type,type,value
1,0x4e8ecf79ade5e2c49b9e30d795517a81e0bf00b8,1532741038,6044454.0,0xf39e044e1ab204460e06e87c6dca2c6319fc69e3,OUT,2,0.0,0xcf0453dceb1574d909a2a28518d6c1e7be398e00e27730ef7bcd3c96425a2315,internal,call,0.217690280624486 Ether
1,0x4e8ecf79ade5e2c49b9e30d795517a81e0bf00b8,1532770574,6046452.0,0xf39e044e1ab204460e06e87c6dca2c6319fc69e3,OUT,1,0.0,0x6deea8c45663a743977dd207619ccd27a7ffbe1a1852312dcac3a05d596b0656,internal,call,0.345607475550361 Ether
