Class,address,age,block,creator,direction,inter_direction,txFee,txhash,txn_type,type,value
1,0xb10ea0d397db942a1083a4af9c6074ab63bc8c8b,1540521962,6586556.0,0x65b041db3135ed5f76d9486aa56f8ca5dc9a3f5e,OUT,1,0.0,0x5e622471d7b052169216e7fbf3b5d28515b03b214656829c9f349ecf8a94856d,internal,call,0.014274576271186 Ether
1,0xb10ea0d397db942a1083a4af9c6074ab63bc8c8b,1540771040,0.0,0x65b041db3135ed5f76d9486aa56f8ca5dc9a3f5e,OUT,2,0.0,0xf7d8b5b60a4cfc26ec503cc3e08d499a23b8f037ccf1f2351cc2c0acc3ff8cc1,internal,call,0.14305627118644 Ether
