Class,address,age,block,creator,direction,inter_direction,txFee,txhash,txn_type,type,value
0,0x67a5de922c1f4d1a4dbd848466b86b5455fb6a3b,1529072994,5795615.0,0x7ce6c6f1002e5ad54c3d8326fddcf2fc78b80277,OUT,1,0.0,0x9b576fe32b32bce9df542d0454b4e38903b643be7fce4aad0d08b2aecd41e882,internal,call,0.00019537037037 Ether
0,0x67a5de922c1f4d1a4dbd848466b86b5455fb6a3b,1534316440,6152481.0,0x7ce6c6f1002e5ad54c3d8326fddcf2fc78b80277,OUT,1,0.0,0x93aa5b28f1c3f7dba4ac22a83774623d943e78526971c1ac819455a36ac11937,internal,call,0.003662962962962 Ether
0,0x67a5de922c1f4d1a4dbd848466b86b5455fb6a3b,1527000099,5659851.0,0x7ce6c6f1002e5ad54c3d8326fddcf2fc78b80277,OUT,1,0.0,0x24d28b3b3b6c51c3976af23a9165c3912f89bebf8f460358922a724b19ef06d9,internal,call,0.003626851851851 Ether
0,0x67a5de922c1f4d1a4dbd848466b86b5455fb6a3b,1526999873,5659839.0,0x7ce6c6f1002e5ad54c3d8326fddcf2fc78b80277,OUT,1,0.0,0x9171655a63050da2675a215be38dd408721d3e49af9da35fc4af272b28bf6371,internal,call,0.003480555555555 Ether
0,0x67a5de922c1f4d1a4dbd848466b86b5455fb6a3b,1526990666,5659225.0,0x7ce6c6f1002e5ad54c3d8326fddcf2fc78b80277,OUT,2,0.0,0xee4a661cf087a1c92d7c4bcae92e0b405ec87b022251ead2ffba8890b2a26516,internal,call,0.003509259259259 Ether
