Class,address,age,block,creator,direction,inter_direction,txFee,txhash,txn_type,type,value
1,0x4e8ecf79ade5e2c49b9e30d795517a81e0bf00b8,1533132028,6071320.0,0xf39e044e1ab204460e06e87c6dca2c6319fc69e3,OUT,2,0.0,0xba310916c1b85b681216934f4eaa30262e0c9ef43ffd770ac88a9afff173561e,internal,call,0.000714950204062 Ether
1,0x4e8ecf79ade5e2c49b9e30d795517a81e0bf00b8,1533127685,6070996.0,0xf39e044e1ab204460e06e87c6dca2c6319fc69e3,OUT,1,0.0,0x8913aa783bb8505f43bfa9b064c809d72749caa15d14118eab2124c90ae7311e,internal,call,0.000773409642771 Ether
