Class,address,age,block,creator,direction,inter_direction,txFee,txhash,txn_type,type,value
1,0xf00e5a59fde1cb2ead96a8be7711abc3f981e0f1,1537869866,6398285.0,0x96bb98183e5562913e72613c1979d0a13f8ec76b,OUT,2,0.0,0x72d223cc256464e50c501d763bfaa3d37c47c45d602358c7b7e37fbd1efdc762,internal,call,0.033 Ether
1,0xf00e5a59fde1cb2ead96a8be7711abc3f981e0f1,1537926121,0.0,0x96bb98183e5562913e72613c1979d0a13f8ec76b,OUT,2,0.0,0xefbb01991cef542fb6be920d24cbf9e108a5b7236794d64fd0157540e90b7144,internal,call,0.129861111111111 Ether
1,0xf00e5a59fde1cb2ead96a8be7711abc3f981e0f1,1537875813,6398701.0,0x96bb98183e5562913e72613c1979d0a13f8ec76b,OUT,2,0.0,0xe4a20a2403691b02361e9d347daf89bbe39425970a9c60566c43fbea1e77a5d8,internal,call,0.03025 Ether
1,0xf00e5a59fde1cb2ead96a8be7711abc3f981e0f1,1537900597,0.0,0x96bb98183e5562913e72613c1979d0a13f8ec76b,OUT,2,0.0,0x669ac3b7947f97479035131742efa2a24f1341d116aa6d783c0adae57427199d,internal,call,0.1265 Ether
