Class,address,age,block,creator,direction,inter_direction,txFee,txhash,txn_type,type,value
0,0x07e3c70653548b04f0a75970c1f81b4cbbfb606f,1505107001,4262429.0,0x3e2c6a3b6861d84d98753a2c9fa4f96c65c2ea4f,IN,3,0.000525,0x2610b7ceaf6b7de2965f32ee4df8616d875e3376a2f05bf26594d2e61d83cc38,external,0,0 Ether
0,0x07e3c70653548b04f0a75970c1f81b4cbbfb606f,1508350480,4386769.0,0x3e2c6a3b6861d84d98753a2c9fa4f96c65c2ea4f,IN,3,0.00054892,0x53d44eebba84a696f3e3cac4937e40ac9e992daa671dffa244c6c8f9832428d7,external,0,0 Ether
