Class,address,age,block,creator,direction,inter_direction,txFee,txhash,txn_type,type,value
0,0x08f5a9235b08173b7569f83645d2c7fb55e8ccd8,1541597713,6662473.0,0x5e9c071070343395106991556d3eb0651edff8cf,IN,3,0.00043968,0x0288d1dcfbb6afd2480c9f0d1d96bf7eaf2806a4258026653e8f045d81d3b61b,external,0,0 Ether
0,0x08f5a9235b08173b7569f83645d2c7fb55e8ccd8,1541602508,6662827.0,0x5e9c071070343395106991556d3eb0651edff8cf,IN,3,0.00043968,0x6eaa773a0327612ec079817de69560c249ef68183e438ec94668ba3fdf8aaa77,external,0,0 Ether
0,0x08f5a9235b08173b7569f83645d2c7fb55e8ccd8,1541610310,6663384.0,0x5e9c071070343395106991556d3eb0651edff8cf,IN,3,0.00043968,0x7b49b89d7e60bb28e05dc7ac2889f3e7814c7a265ce65d487c6a1a0cbe1d62b4,external,0,0 Ether
0,0x08f5a9235b08173b7569f83645d2c7fb55e8ccd8,1541651753,6663272.0,0x5e9c071070343395106991556d3eb0651edff8cf,IN,3,0.00043968,0x7eb5d434b8adad1ffb572f08c09a8f1db0007a2daeca6acb1fccde99be533e53,external,0,0 Ether
0,0x08f5a9235b08173b7569f83645d2c7fb55e8ccd8,1541604312,6662972.0,0x5e9c071070343395106991556d3eb0651edff8cf,IN,3,0.00043968,0x834f747d4b3c2ae42d750386af43a2ab19e7d1e4e5b88aa68219894e739d8309,external,0,0 Ether
0,0x08f5a9235b08173b7569f83645d2c7fb55e8ccd8,1541601905,6662779.0,0x5e9c071070343395106991556d3eb0651edff8cf,IN,3,0.00073968,0x925ee1956f4ca3fcb2e28c653a8504b21a9805753450fa1b805823f783960e9c,external,0,0 Ether
0,0x08f5a9235b08173b7569f83645d2c7fb55e8ccd8,1541603740,6662926.0,0x5e9c071070343395106991556d3eb0651edff8cf,IN,3,0.00073968,0x93ca169e79fc8b228e154ff4fd0dcd8e84c39d2ade836f6960af2e93d5de6301,external,0,0 Ether
0,0x08f5a9235b08173b7569f83645d2c7fb55e8ccd8,1541652907,6663348.0,0x5e9c071070343395106991556d3eb0651edff8cf,IN,3,0.00044096,0xa4e79e92a2c1378b7730b7b7c2d6220c1f1c9c1cf36b561d47037c68dea21613,external,0,0 Ether
0,0x08f5a9235b08173b7569f83645d2c7fb55e8ccd8,1534190111,6143792.0,0x5e9c071070343395106991556d3eb0651edff8cf,IN,3,0.00044096,0xb3ba49c74562c1c5c128459d2aa0654ab199118e08a39c0aa815a9c0b7dce592,external,0,0 Ether
