Class,address,age,block,creator,direction,inter_direction,txFee,txhash,txn_type,type,value
0,0x09678741bd50c3e74301f38fbd0136307099ae5d,1519044864,5120616.0,0xa38f728c9431a4248753c63423518faf4de63e18,IN,3,0.00018071,0xada0ce4ba7379809a2bac8c45d0fe506477e1eb7f80d1f0c8aef64ba6aa1e973,external,0,0.69954 Ether
