Class,address,age,block,creator,direction,inter_direction,txFee,txhash,txn_type,type,value
0,0x09678741bd50c3e74301f38fbd0136307099ae5d,1527700029,5705584.0,0xa38f728c9431a4248753c63423518faf4de63e18,IN,3,0.00126613,0x89b06b3b532894b93c3da2ec9e270eb8433c5047e618120f150e42e21f30109c,external,0,0.12812 Ether
0,0x09678741bd50c3e74301f38fbd0136307099ae5d,1524126414,5469316.0,0xa38f728c9431a4248753c63423518faf4de63e18,IN,3,9.043e-05,0x93bd9c1f46306867ccd9d88044f1178c3b2fee62a24307b5b010f7b284f00dbe,external,0,0.19921 Ether
0,0x09678741bd50c3e74301f38fbd0136307099ae5d,1520237304,5201670.0,0xa38f728c9431a4248753c63423518faf4de63e18,IN,3,0.00036175,0x9687d5a91e9fb03eadb1072c0445e88af016f914f4e3a7d5cb7e765b7bfa229b,external,0,0.23953 Ether
