Class,address,age,block,creator,direction,inter_direction,txFee,txhash,txn_type,type,value
0,0x09678741bd50c3e74301f38fbd0136307099ae5d,1518603273,5090154.0,0xa38f728c9431a4248753c63423518faf4de63e18,IN,3,9.027e-05,0x5758686bb084e2704047c54ec0623a22c509c4349c3f7ad91d03962227f38901,external,0,0.03222 Ether
0,0x09678741bd50c3e74301f38fbd0136307099ae5d,1518946484,5113875.0,0xa38f728c9431a4248753c63423518faf4de63e18,IN,3,0.00018071,0x94599056005c407326888a116ce1be8211ed62a8042d2b566a2222a99bb270e8,external,0,0.02516 Ether
