Class,address,age,block,creator,direction,inter_direction,txFee,txhash,txn_type,type,value
1,0x536a6ba0d913d5d6a4ce2c6eb7ed0de3c0f0b89e,1537835027,6395795.0,0xb648cc3367571c9166e966d1eb97de3f9ebfb8fd,OUT,1,0.0,0xaf6beecfb04a5f6b3fae9deff9d9681c406d0ad396e3cea4024083f9a79cd8d9,internal,call,0.002077236141799 Ether
1,0x536a6ba0d913d5d6a4ce2c6eb7ed0de3c0f0b89e,1537977852,6402856.0,0xb648cc3367571c9166e966d1eb97de3f9ebfb8fd,OUT,1,0.0,0x1a41cde6187c2fae3c358e21f4bc907d71bf4cefe04f35868e834f20a2e77650,internal,call,0.002077236141799 Ether
