Class,address,age,block,creator,direction,inter_direction,txFee,txhash,txn_type,type,value
1,0x4e8ecf79ade5e2c49b9e30d795517a81e0bf00b8,1532723964,0.0,0xf39e044e1ab204460e06e87c6dca2c6319fc69e3,OUT,1,0.0,0x8db5b71183341498e176c9e57841735f296dd6f6422c8d5f6f0fd09728763fe3,internal,call,0.048775282698656 Ether
1,0x4e8ecf79ade5e2c49b9e30d795517a81e0bf00b8,1533105942,6069538.0,0xf39e044e1ab204460e06e87c6dca2c6319fc69e3,OUT,1,0.0,0x786ef475a760ac29faa7e0c97e20f3d807eb0256368be7000110681750e827e2,internal,call,0.034924714533048 Ether
1,0x4e8ecf79ade5e2c49b9e30d795517a81e0bf00b8,1533011788,6060217.0,0xf39e044e1ab204460e06e87c6dca2c6319fc69e3,OUT,1,0.0,0x9e5b85522c74a5ee1ead7a94656dfc22cccf4a857aaedac15466bab9d23447cf,internal,call,0.01493409420782 Ether
