Class,address,age,block,creator,direction,inter_direction,txFee,txhash,txn_type,type,value
1,0x4e8ecf79ade5e2c49b9e30d795517a81e0bf00b8,1533101833,6069262.0,0xf39e044e1ab204460e06e87c6dca2c6319fc69e3,OUT,2,0.0,0xb4a0f111e204d29c06e33dcc5ba6713d9addb85d0d0d9433efb49cbba1f948a9,internal,call,0.053556440318013 Ether
1,0x4e8ecf79ade5e2c49b9e30d795517a81e0bf00b8,1532769214,6046364.0,0xf39e044e1ab204460e06e87c6dca2c6319fc69e3,OUT,2,0.0,0xe7c2fc700ae70507fe7effe1f68009e5680b1a193f5a8498a5bbedeaaefef4f8,internal,call,0.743767770761136 Ether
1,0x4e8ecf79ade5e2c49b9e30d795517a81e0bf00b8,1532968505,0.0,0xf39e044e1ab204460e06e87c6dca2c6319fc69e3,OUT,1,0.0,0x8accef0da0a2c70c3a04d810ad6d942872a1c3e430dfbd996515dbdba1e4a9a6,internal,call,3.43165461637464 Ether
