Class,address,age,block,creator,direction,inter_direction,txFee,txhash,txn_type,type,value
1,0x4e8ecf79ade5e2c49b9e30d795517a81e0bf00b8,1533614680,6101484.0,0xf39e044e1ab204460e06e87c6dca2c6319fc69e3,OUT,1,0.0,0x37e46d7680fb2cb7b130a688df1d3e561026f4aa376e703da1227334595ae618,internal,call,0.007644987037048 Ether
1,0x4e8ecf79ade5e2c49b9e30d795517a81e0bf00b8,1533262575,6080217.0,0xf39e044e1ab204460e06e87c6dca2c6319fc69e3,OUT,1,0.0,0x82461a40ae96e2132834e5bb64d24addee55c93f37a3748429e085d6645985ea,internal,call,0.36592094574842 Ether
1,0x4e8ecf79ade5e2c49b9e30d795517a81e0bf00b8,1533452218,6093284.0,0xf39e044e1ab204460e06e87c6dca2c6319fc69e3,OUT,1,0.0,0x4e9c631850a28bf3ff8f34a934404484ddae37f88cf0f2d0d0e911c58663fab4,internal,call,0.02455060276315 Ether
1,0x4e8ecf79ade5e2c49b9e30d795517a81e0bf00b8,1532879879,6054089.0,0xf39e044e1ab204460e06e87c6dca2c6319fc69e3,OUT,1,0.0,0x08a0b0f91153e701fc9cad32e5eb00de3b8994de29f60f5e4fe97cfe607f649b,internal,call,0.336574433850558 Ether
1,0x4e8ecf79ade5e2c49b9e30d795517a81e0bf00b8,1533012950,6060286.0,0xf39e044e1ab204460e06e87c6dca2c6319fc69e3,OUT,1,0.0,0x84d399a3f8bc9e854fd21f07bc16af31cb6887b974a6159335ece6d9a0f0bff2,internal,call,0.053603365638391 Ether
1,0x4e8ecf79ade5e2c49b9e30d795517a81e0bf00b8,1532824505,6050255.0,0xf39e044e1ab204460e06e87c6dca2c6319fc69e3,OUT,1,0.0,0x15b46238662bc3443383ef351ac2f1c0abd3ba8a27449788c95ceda539809f8d,internal,call,0.089762868655307 Ether
1,0x4e8ecf79ade5e2c49b9e30d795517a81e0bf00b8,1532847904,6051877.0,0xf39e044e1ab204460e06e87c6dca2c6319fc69e3,OUT,2,0.0,0xf2b567769e98e34bcee612bbd4a0a1c9cdf8b93fa25a732e50365e0f508bf2a5,internal,call,0.056905512861836 Ether
1,0x4e8ecf79ade5e2c49b9e30d795517a81e0bf00b8,1532902599,6055675.0,0xf39e044e1ab204460e06e87c6dca2c6319fc69e3,OUT,1,0.0,0xa9d9f246cdfcbcec582e7853b5260badac17af913ace548c24bcc6d68429405f,internal,call,0.013075164353652 Ether
