Class,address,age,block,creator,direction,inter_direction,txFee,txhash,txn_type,type,value
0,0x0f5d2fb29fb7d3cfee444a200298f468908cc942,1521050112,5257067.0,0xa66d83716c7cfe425b44d0f7ef92de263468fb3d,IN,3,0.00011156,0x28bddb800eb0ba7940a2b892084374c19a202b2b3a72ada6d7e1dda12c4f13d8,external,0,0 Ether
0,0x0f5d2fb29fb7d3cfee444a200298f468908cc942,1521088479,5256711.0,0xa66d83716c7cfe425b44d0f7ef92de263468fb3d,IN,3,0.00011124,0x58203aed62415cc46e21d77fdb19909e442b8ce6760f944636fc6a5871d936b1,external,0,0 Ether
0,0x0f5d2fb29fb7d3cfee444a200298f468908cc942,1536633340,6311595.0,0xa66d83716c7cfe425b44d0f7ef92de263468fb3d,IN,3,0.00044626,0x8f8432d2c82e877a03e431bca6decb783d4923001e15c3b8eef3e0fd984a5de4,external,0,0 Ether
0,0x0f5d2fb29fb7d3cfee444a200298f468908cc942,1518431715,5078362.0,0xa66d83716c7cfe425b44d0f7ef92de263468fb3d,IN,3,0.00044626,0x94620d14edaaaf1ef8403d0de6b7762f7f3b06e4fbd2244fdee543231f3f15cb,external,0,0 Ether
0,0x0f5d2fb29fb7d3cfee444a200298f468908cc942,1521047723,5256890.0,0xa66d83716c7cfe425b44d0f7ef92de263468fb3d,IN,3,0.00011156,0xad2d4c21af132e65f0974802e4555cf6e50c72464be9654ffd00a27e7dcc8fd8,external,0,0 Ether
0,0x0f5d2fb29fb7d3cfee444a200298f468908cc942,1545215102,6916332.0,0xa66d83716c7cfe425b44d0f7ef92de263468fb3d,IN,3,0.00044626,0xb560f929655865940c289d0b848df80ae3732ee2cb1df9bff3fa8b6c977f9c98,external,0,0 Ether
