Class,address,age,block,creator,direction,inter_direction,txFee,txhash,txn_type,type,value
1,0x4e8ecf79ade5e2c49b9e30d795517a81e0bf00b8,1534218168,6145707.0,0xf39e044e1ab204460e06e87c6dca2c6319fc69e3,OUT,2,0.0,0xfe196c2082688f7e9c28dc85b3b95423aa815411a091ba08d4e10d8d1196e68d,internal,call,0.008703062736093 Ether
1,0x4e8ecf79ade5e2c49b9e30d795517a81e0bf00b8,1533397016,6089511.0,0xf39e044e1ab204460e06e87c6dca2c6319fc69e3,OUT,2,0.0,0xe467385269446eabd10d9a18a1efef68f41f7186124a1adac9105385b9872b94,internal,call,2.199700588713473 Ether
1,0x4e8ecf79ade5e2c49b9e30d795517a81e0bf00b8,1533487303,6092730.0,0xf39e044e1ab204460e06e87c6dca2c6319fc69e3,OUT,1,0.0,0x3a5adc034bff3342b24ee2b4ac7ec8233ded0af77802247aab34de4a74089fe5,internal,call,0.4893823063873 Ether
1,0x4e8ecf79ade5e2c49b9e30d795517a81e0bf00b8,1532882959,6051322.0,0xf39e044e1ab204460e06e87c6dca2c6319fc69e3,OUT,2,0.0,0xcb09a13e555d4c285f7b1ee3de9eae684b7b9a8741d743d414b080b00da66661,internal,call,0.40596840076847 Ether
1,0x4e8ecf79ade5e2c49b9e30d795517a81e0bf00b8,1532795132,6045176.0,0xf39e044e1ab204460e06e87c6dca2c6319fc69e3,OUT,1,0.0,0x69e5d95ed25a39c5892c84e37988e9a38e9905ef22928d5b696417ad782ebbe0,internal,call,0.715810466380302 Ether
1,0x4e8ecf79ade5e2c49b9e30d795517a81e0bf00b8,1532715498,6042670.0,0xf39e044e1ab204460e06e87c6dca2c6319fc69e3,OUT,2,0.0,0xc3c12c74bf8c557b2518075575be101c426414594b13aaf74717071f30f9fd42,internal,call,0.654512827297394 Ether
1,0x4e8ecf79ade5e2c49b9e30d795517a81e0bf00b8,1532712433,0.0,0xf39e044e1ab204460e06e87c6dca2c6319fc69e3,OUT,1,0.0,0x08b177e12d7dd34556141ca55d19f3bee419e44e50f6b0b6584c86ba35bc46b8,internal,call,4.449494336171132 Ether
