Class,address,age,block,creator,direction,inter_direction,txFee,txhash,txn_type,type,value
1,0x35027a992a3c232dd7a350bb75004ad8567561b2,1547324555,7057273.0,0x7c76a64ac61d1eeafe2b8af6f7f0a6a1890418f3,OUT,2,0.0,0x2b141a43711e5b55517c12f29c4bd21a8134863a5588967f03246af305879b8d,internal,call,0.004956440677966 Ether
1,0x35027a992a3c232dd7a350bb75004ad8567561b2,1545462172,6933105.0,0x7c76a64ac61d1eeafe2b8af6f7f0a6a1890418f3,OUT,2,0.0,0x7d9613e77a03f9bc25226eb11d66ffdb4cb9f02d665113a74a1837655affd164,internal,call,0.004 Ether
1,0x35027a992a3c232dd7a350bb75004ad8567561b2,1546421174,6998787.0,0x7c76a64ac61d1eeafe2b8af6f7f0a6a1890418f3,OUT,2,0.0,0xff8db7cbf08f36af5d3096d02a9c3a34c21af1c707562c780d80e2d6a31d212e,internal,call,0.005 Ether
1,0x35027a992a3c232dd7a350bb75004ad8567561b2,1544576151,6872021.0,0x7c76a64ac61d1eeafe2b8af6f7f0a6a1890418f3,OUT,2,0.0,0xd0dec5f43aed72506b41ff4592a526e70b8f0525fcd376976df59edbc906e485,internal,call,0.003 Ether
1,0x35027a992a3c232dd7a350bb75004ad8567561b2,1543639128,6803432.0,0x7c76a64ac61d1eeafe2b8af6f7f0a6a1890418f3,OUT,2,0.0,0x18f43791248c05e2da5d54fc2033846e28554e7182167df72178ad3fd215d1c1,internal,call,0.001250949152542 Ether
1,0x35027a992a3c232dd7a350bb75004ad8567561b2,1543070538,6766529.0,0x7c76a64ac61d1eeafe2b8af6f7f0a6a1890418f3,OUT,2,0.0,0xcacc73f847941c3b0516ee1d2bcebe2fdea5d6e60e50d4503a1fcf7f4bf6a3f7,internal,call,0.000965440677966 Ether
