Class,address,age,block,creator,direction,inter_direction,txFee,txhash,txn_type,type,value
1,0xb10ea0d397db942a1083a4af9c6074ab63bc8c8b,1538867954,6468968.0,0x65b041db3135ed5f76d9486aa56f8ca5dc9a3f5e,OUT,1,0.0,0x32a2b7fa2e9bd484ae885a7fb0bc662e7a454661738c0b62ba093faebffc3f37,internal,call,0.00196 Ether
1,0xb10ea0d397db942a1083a4af9c6074ab63bc8c8b,1540430883,6580061.0,0x65b041db3135ed5f76d9486aa56f8ca5dc9a3f5e,OUT,1,0.0,0x2614322049ceef49bba4e001351e8eae305361254065d8b344e1fb50b5ff1758,internal,call,0.00021206779661 Ether
1,0xb10ea0d397db942a1083a4af9c6074ab63bc8c8b,1540426778,6579789.0,0x65b041db3135ed5f76d9486aa56f8ca5dc9a3f5e,OUT,1,0.0,0x2dd2bac337ccc292044c21719be883e38334ba4e39c5a51a4aa0114a98d07aa5,internal,call,0.086402813559322 Ether
1,0xb10ea0d397db942a1083a4af9c6074ab63bc8c8b,1541018380,6621617.0,0x65b041db3135ed5f76d9486aa56f8ca5dc9a3f5e,OUT,1,0.0,0x8767b3520737a1069eaa2a33a596a391707e5d8bfc570b71ffa3d696bf6af419,internal,call,0.11692027118644 Ether
