Class,address,age,block,creator,direction,inter_direction,txFee,txhash,txn_type,type,value
1,0x8a883a20940870dc055f2070ac8ec847ed2d9918,1532821857,6050075.0,0xc14f8469d4bb31c8e69fae9c16e262f45edc3635,OUT,2,0.0,0x4d821df06412ece1dc58cb026a2bee8b9339d8eb4bb194db8a7bbcd2158103c2,internal,call,0.035162829737846 Ether
1,0x8a883a20940870dc055f2070ac8ec847ed2d9918,1533760207,6114414.0,0xc14f8469d4bb31c8e69fae9c16e262f45edc3635,OUT,2,0.0,0xa9b1d62a03570d276d4db09bda1d6641c9defaafc6b77add448a889699ed84df,internal,call,0.200654036611296 Ether
