Class,address,age,block,creator,direction,inter_direction,txFee,txhash,txn_type,type,value
1,0x5101067e64f9e564bed7dd9c7378d7cc9dd5f550,1535171193,6208060.0,0xd1f3d2855a36657df21418286d3b5ab592cd0cb9,OUT,2,0.0,0xf5f043ab9b80cb61cdb453aca559b468572eea8cc10eaf5c29b7a78aff6522c4,internal,call,0.041984065912581 Ether
1,0x5101067e64f9e564bed7dd9c7378d7cc9dd5f550,1535048612,6202555.0,0xd1f3d2855a36657df21418286d3b5ab592cd0cb9,OUT,2,0.0,0xff44c1bf84cb08f895fe1e5e171fbe4c39eeac9cd5e0cb925663f24d7a94470d,internal,call,1.024047900432551 Ether
