Class,address,age,block,creator,direction,inter_direction,txFee,txhash,txn_type,type,value
1,0xf00e5a59fde1cb2ead96a8be7711abc3f981e0f1,1537911952,0.0,0x96bb98183e5562913e72613c1979d0a13f8ec76b,OUT,2,0.0,0x9809805f72a5c0a62eb25abd0ee59dfc88571544f1f361312bff96728539dbc6,internal,call,0.002138888888888 Ether
1,0xf00e5a59fde1cb2ead96a8be7711abc3f981e0f1,1537913761,0.0,0x96bb98183e5562913e72613c1979d0a13f8ec76b,OUT,2,0.0,0x182237d9b0321008a892a79612a64140ae1104e2ecfe4c0efe49940394f57843,internal,call,0.00125 Ether
1,0xf00e5a59fde1cb2ead96a8be7711abc3f981e0f1,1537902678,0.0,0x96bb98183e5562913e72613c1979d0a13f8ec76b,OUT,2,0.0,0xba0c227ad4d9248a36682b39a90ae7aff277986f357182638c09fe998e30a3e6,internal,call,0.005666666666666 Ether
1,0xf00e5a59fde1cb2ead96a8be7711abc3f981e0f1,1537878217,6398876.0,0x96bb98183e5562913e72613c1979d0a13f8ec76b,OUT,2,0.0,0x79a29229dc320f574987301437fd7c26cb764ba3fa0cd69b7e46831a934eb36a,internal,call,0.005638888888888 Ether
