Class,address,age,block,creator,direction,inter_direction,txFee,txhash,txn_type,type,value
1,0x4e8ecf79ade5e2c49b9e30d795517a81e0bf00b8,1534027609,6132710.0,0xf39e044e1ab204460e06e87c6dca2c6319fc69e3,OUT,1,0.0,0x14195d0e30de587b6a46b978d37e3c97a9cfd2fcfb3c7b5e9089301f5a9af1ef,internal,call,0.031056112976591 Ether
1,0x4e8ecf79ade5e2c49b9e30d795517a81e0bf00b8,1533272223,6077939.0,0xf39e044e1ab204460e06e87c6dca2c6319fc69e3,OUT,2,0.0,0xf3e1bf988d15600593a39d9d54ce751365ece51bd5ead67376a0af18713c2048,internal,call,0.045081524234332 Ether
