Class,address,age,block,creator,direction,inter_direction,txFee,txhash,txn_type,type,value
1,0xbeefd8fb3b5778f99e021afa2e41e0614af6af11,1541622057,0.0,0x300758881bf3756b6cb5b2e96f545d7b3566ce3a,OUT,1,0.0,0x2c4460b5de43828b16b4f58553d36bf4bc5b7a6b1a2ae97b9fef2a4510874a8e,internal,call,0.124300857251672 Ether
1,0xbeefd8fb3b5778f99e021afa2e41e0614af6af11,1540105614,6557009.0,0x300758881bf3756b6cb5b2e96f545d7b3566ce3a,OUT,1,0.0,0x698d06865008e05bbe3da3007b973e084b42c7e9a53ce8557f6c5b82f098adb3,internal,call,0.150193495105888 Ether
1,0xbeefd8fb3b5778f99e021afa2e41e0614af6af11,1539531639,0.0,0x300758881bf3756b6cb5b2e96f545d7b3566ce3a,OUT,1,0.0,0x3e91109db5426b6449409b20efec10c3b3c49e275f7f1a45e29464373c785430,internal,call,0.03087276992 Ether
1,0xbeefd8fb3b5778f99e021afa2e41e0614af6af11,1539825573,6537225.0,0x300758881bf3756b6cb5b2e96f545d7b3566ce3a,OUT,2,0.0,0xa305afa070f47a83fe6c857a7946c685481e4218203d598a7ea299d1e0609cc4,internal,call,0.158081234764957 Ether
1,0xbeefd8fb3b5778f99e021afa2e41e0614af6af11,1541342658,6644546.0,0x300758881bf3756b6cb5b2e96f545d7b3566ce3a,OUT,1,0.0,0x15ec98e862fef215628b0732389f7bca78d5e8430400fe35e8a44fe0911f1d4e,internal,call,0.034982391096236 Ether
1,0xbeefd8fb3b5778f99e021afa2e41e0614af6af11,1540838494,6608941.0,0x300758881bf3756b6cb5b2e96f545d7b3566ce3a,OUT,1,0.0,0x84ddc159ebabb8f0fb8fc9f71fbdc9cfe092e1d591c2732b65a32680a0081116,internal,call,0.394250332988222 Ether
1,0xbeefd8fb3b5778f99e021afa2e41e0614af6af11,1541270501,6639426.0,0x300758881bf3756b6cb5b2e96f545d7b3566ce3a,OUT,2,0.0,0xb9a2bd9bd4b7ec5d76026bb5710dded177c01b1fe6ebafeae99b22c6fa31d5ba,internal,call,0.208288709486085 Ether
