Class,address,age,block,creator,direction,inter_direction,txFee,txhash,txn_type,type,value
1,0xb547027a4ccd46ec98199fa88aaedf5aa981db26,1537989257,6406712.0,0xaf9c025ce6322a23ac00301c714f4f42895c9818,OUT,1,0.0,0x62d51b5ad8dc1f45e5602453297eb6f8b1efa5f14fd04bf7ab424968013cab77,internal,call,0.026720833333333 Ether
1,0xb547027a4ccd46ec98199fa88aaedf5aa981db26,1537986083,6406502.0,0xaf9c025ce6322a23ac00301c714f4f42895c9818,OUT,1,0.0,0x6df2b77872741502901ad4f086de4d955274baee04fcdfefb2d7951641646ddb,internal,call,0.0680625 Ether
1,0xb547027a4ccd46ec98199fa88aaedf5aa981db26,1537862994,6397800.0,0xaf9c025ce6322a23ac00301c714f4f42895c9818,OUT,1,0.0,0x321b5ccc0e223b901722adacc9d3e84c2055c97b275bc3a2dc64f0b384b0d45f,internal,call,0.503158333333333 Ether
1,0xb547027a4ccd46ec98199fa88aaedf5aa981db26,1537882637,6399173.0,0xaf9c025ce6322a23ac00301c714f4f42895c9818,OUT,1,0.0,0x2f0364f6bcaaa063e8f42139c2f4caa5f84106ca4dc765d128b0037a8df3b80b,internal,call,0.165366666666666 Ether
1,0xb547027a4ccd46ec98199fa88aaedf5aa981db26,1537803063,0.0,0xaf9c025ce6322a23ac00301c714f4f42895c9818,OUT,1,0.0,0x7ba4d6ce6c7110adf4edd8ab0f322296566750502c521b8a737676b057311ffb,internal,call,0.0011 Ether
1,0xb547027a4ccd46ec98199fa88aaedf5aa981db26,1538021185,0.0,0xaf9c025ce6322a23ac00301c714f4f42895c9818,OUT,1,0.0,0x6e9782fc8dd0d58fc59d51f7c3abaffbaf837f56653ec4cc93221e32a104e0f8,internal,call,0.386191666666666 Ether
1,0xb547027a4ccd46ec98199fa88aaedf5aa981db26,1537932037,0.0,0xaf9c025ce6322a23ac00301c714f4f42895c9818,OUT,1,0.0,0x873608529d252ff8fdae4b46b5f54a87cfc2393f782b0d202b890c6902798cfa,internal,call,0.414929166666666 Ether
