Class,address,age,block,creator,direction,inter_direction,txFee,txhash,txn_type,type,value
1,0x4e8ecf79ade5e2c49b9e30d795517a81e0bf00b8,1532984141,6061266.0,0xf39e044e1ab204460e06e87c6dca2c6319fc69e3,OUT,1,0.0,0x3496e21752898d149e41af024fe24b36923c9dca3d9acbc007b5659a73bcc92b,internal,call,0.040726215938677 Ether
1,0x4e8ecf79ade5e2c49b9e30d795517a81e0bf00b8,1532815187,6049627.0,0xf39e044e1ab204460e06e87c6dca2c6319fc69e3,OUT,2,0.0,0xf925d45777ba526c556acfb7797609880751999bc49a829208c708bc2d441538,internal,call,0.032592917858597 Ether
