Class,address,age,block,creator,direction,inter_direction,txFee,txhash,txn_type,type,value
1,0x4e8ecf79ade5e2c49b9e30d795517a81e0bf00b8,1532715378,0.0,0xf39e044e1ab204460e06e87c6dca2c6319fc69e3,OUT,2,0.0,0xdac46817dc5fc5659ce5cfc43ca5d592a5b9a7fa02e11ffebc0d9d07513e42b8,internal,call,9.06195743236237 Ether
1,0x4e8ecf79ade5e2c49b9e30d795517a81e0bf00b8,1532736156,6044102.0,0xf39e044e1ab204460e06e87c6dca2c6319fc69e3,OUT,1,0.0,0x1b9fc48c24911a7bb3ec6a29bca144911e7630c4590a75de2b113be22a749769,internal,call,0.785394654105309 Ether
