Class,address,age,block,creator,direction,inter_direction,txFee,txhash,txn_type,type,value
1,0x4f3db6d4c97b8248ad5e244e4f619086084f6848,1541164703,6631930.0,0xac560ed699346e4e3a3c2106ac90136883f7f624,OUT,2,0.0,0xf20ba84c8b8caaded1e472da029fda496529dfe84781ebc0fc45997c79f4a1b1,internal,call,0.011819444444444 Ether
1,0x4f3db6d4c97b8248ad5e244e4f619086084f6848,1543723038,6812302.0,0xac560ed699346e4e3a3c2106ac90136883f7f624,OUT,2,0.0,0x5c8dca6ad0d5a7e2082350b9a2173e45dba45fcdd5740261541b1a8f2bf500a6,internal,call,0.025236111111111 Ether
1,0x4f3db6d4c97b8248ad5e244e4f619086084f6848,1543177863,6774138.0,0xac560ed699346e4e3a3c2106ac90136883f7f624,OUT,2,0.0,0xd4020f922edaab849622e5435072182c0e7a37eb5fa1edb8794f57018b980038,internal,call,0.024875 Ether
1,0x4f3db6d4c97b8248ad5e244e4f619086084f6848,1542103020,6698203.0,0xac560ed699346e4e3a3c2106ac90136883f7f624,OUT,2,0.0,0xc647d9819a0c974fa8efff57a575b1fb5c11e2fb0a4eee29faa6cb2855112306,internal,call,0.021715277777777 Ether
