Class,address,age,block,creator,direction,inter_direction,txFee,txhash,txn_type,type,value
0,0x1fc7bd85293f3982f40d52698df8d26be89360d6,1532319454,6012827.0,0x9e7e799a8af24e5ab6064c9d516037bfe6cc9b8d,IN,3,0.00038560000000000016,0x0e41da64af30b9a93e495d45cfee0a79bc3c51e8f741009355d9582c2df86094,external,0,0 Ether
0,0x1fc7bd85293f3982f40d52698df8d26be89360d6,1532465074,6025592.0,0x9e7e799a8af24e5ab6064c9d516037bfe6cc9b8d,IN,3,0.00035696,0x14d7607b14e73a5a97a9f70211164e4f010b1d9e3f4ab35d5dcfd1b334d59f21,external,0,0 Ether
