Class,address,age,block,creator,direction,inter_direction,txFee,txhash,txn_type,type,value
1,0xb10ea0d397db942a1083a4af9c6074ab63bc8c8b,1539516456,6515321.0,0x65b041db3135ed5f76d9486aa56f8ca5dc9a3f5e,OUT,1,0.0,0x8b15f8c80b640ed3c2eba33d55a76bc699e14b8ef24950e200558e0694cbc1d9,internal,call,0.00212 Ether
1,0xb10ea0d397db942a1083a4af9c6074ab63bc8c8b,1540725250,6600946.0,0x65b041db3135ed5f76d9486aa56f8ca5dc9a3f5e,OUT,1,0.0,0x87adffa3404aeba5e9ba8305cea0cf522f4045219232d726a21bf0326a311f82,internal,call,0.004044745762711 Ether
1,0xb10ea0d397db942a1083a4af9c6074ab63bc8c8b,1540722960,6600768.0,0x65b041db3135ed5f76d9486aa56f8ca5dc9a3f5e,OUT,1,0.0,0x13b20b1117228383488191822cbe64c21d6f34fda4eb604407065f0f5527f551,internal,call,0.00392406779661 Ether
1,0xb10ea0d397db942a1083a4af9c6074ab63bc8c8b,1540640836,6594980.0,0x65b041db3135ed5f76d9486aa56f8ca5dc9a3f5e,OUT,1,0.0,0x6654065984b71619b2253d475883a77b78f477b58197914cfa89e81ec2f08ee0,internal,call,0.00806033898305 Ether
1,0xb10ea0d397db942a1083a4af9c6074ab63bc8c8b,1540979904,6618930.0,0x65b041db3135ed5f76d9486aa56f8ca5dc9a3f5e,OUT,1,0.0,0x7a7c657750c990cc313b012c329426f2a01208523e6293b3fdbefd95724b272e,internal,call,0.012192542372881 Ether
1,0xb10ea0d397db942a1083a4af9c6074ab63bc8c8b,1540115747,6557753.0,0x65b041db3135ed5f76d9486aa56f8ca5dc9a3f5e,OUT,1,0.0,0x0bc65fad0f1be8969f468afa147bfc2b3eced30d98126687f8436e23fbc8fbbc,internal,call,0.020655593220338 Ether
1,0xb10ea0d397db942a1083a4af9c6074ab63bc8c8b,1539685856,6527286.0,0x65b041db3135ed5f76d9486aa56f8ca5dc9a3f5e,OUT,2,0.0,0xf190169bc5dbb629b8c1c9b7ae6369357804c4e482ae4f6dd7102ff184d547dc,internal,call,0.008111864406779 Ether
1,0xb10ea0d397db942a1083a4af9c6074ab63bc8c8b,1540472881,6583091.0,0x65b041db3135ed5f76d9486aa56f8ca5dc9a3f5e,OUT,2,0.0,0xc6eb1ef305a6cd3e99c91b284ef2d398e8a330f061a3712ed1e3f7579cf82a10,internal,call,0.017178305084745 Ether
