Class,address,age,block,creator,direction,inter_direction,txFee,txhash,txn_type,type,value
1,0x702392282255f8c0993dbbbb148d80d2ef6795b1,1523850268,5450722.0,0xfea0904acc8df0f3288b6583f60b86c36ea52acd,OUT,2,0.0,0x8987f307d52fc4e8424f9a88cce07da1c497205c9095384c866b76c5afaa37d8,internal,call,0.026555038021631 Ether
1,0x702392282255f8c0993dbbbb148d80d2ef6795b1,1527259648,5676737.0,0xfea0904acc8df0f3288b6583f60b86c36ea52acd,OUT,2,0.0,0x906de99df001174e05476796b307ad3ca12692e90a16d6c20cb3d27a2d26381b,internal,call,0.044102674936002 Ether
