Class,address,age,block,creator,direction,inter_direction,txFee,txhash,txn_type,type,value
1,0x7e0529eb456a7c806b5fe7b3d69a805339a06180,1537271376,6356210.0,0x8c691931c6c4ecd92ecc26f9706faaf4aebe137d,OUT,2,0.0,0x9e6bfe79f2e34bea94d2f4fb4ce933428c9616064166596801330473915e2df4,internal,call,0.002141631615242 Ether
1,0x7e0529eb456a7c806b5fe7b3d69a805339a06180,1537272255,6356268.0,0x8c691931c6c4ecd92ecc26f9706faaf4aebe137d,OUT,2,0.0,0xeac6dac32d0bb6a2c28591c1488cfead0e1daf6b8a76bc1f8e9610db382420f3,internal,call,0.025452659618615 Ether
