Class,address,age,block,creator,direction,inter_direction,txFee,txhash,txn_type,type,value
1,0xb10ea0d397db942a1083a4af9c6074ab63bc8c8b,1539328801,6501890.0,0x65b041db3135ed5f76d9486aa56f8ca5dc9a3f5e,OUT,2,0.0,0xd8b3a62fb4bf89d791a3a969eda094854c1c21dd56b5cd3d3deae34ec5b16d4c,internal,call,0.120538983050847 Ether
1,0xb10ea0d397db942a1083a4af9c6074ab63bc8c8b,1540989330,0.0,0x65b041db3135ed5f76d9486aa56f8ca5dc9a3f5e,OUT,1,0.0,0x1a83332934fbb1526aa33b2c0eac15c3a64838858bb33ee20a7fe72626e4cbce,internal,call,0.012996610169491 Ether
1,0xb10ea0d397db942a1083a4af9c6074ab63bc8c8b,1541026428,6622205.0,0x65b041db3135ed5f76d9486aa56f8ca5dc9a3f5e,OUT,1,0.0,0x86004dec42e04ba55b3794ed2d81299a54f79b45a3a73130ab54becfd8e7aaf1,internal,call,0.02604406779661 Ether
1,0xb10ea0d397db942a1083a4af9c6074ab63bc8c8b,1540890641,6612628.0,0x65b041db3135ed5f76d9486aa56f8ca5dc9a3f5e,OUT,2,0.0,0xe8262c21bad50856becd78473f593b327da85347c2a829562dcfaf5d36df996b,internal,call,0.378630508474576 Ether
1,0xb10ea0d397db942a1083a4af9c6074ab63bc8c8b,1539482760,6512874.0,0x65b041db3135ed5f76d9486aa56f8ca5dc9a3f5e,OUT,2,0.0,0xe093d13712319c0a4be5ead940a7a38aaf02857486018e4e919197058b359159,internal,call,0.111701694915254 Ether
1,0xb10ea0d397db942a1083a4af9c6074ab63bc8c8b,1540972079,6618366.0,0x65b041db3135ed5f76d9486aa56f8ca5dc9a3f5e,OUT,1,0.0,0x7446bdaa481e9a0c326550929c2093e1e7310ac193f1b39abc0d71692198c6d2,internal,call,0.058352542372881 Ether
1,0xb10ea0d397db942a1083a4af9c6074ab63bc8c8b,1539162349,6490037.0,0x65b041db3135ed5f76d9486aa56f8ca5dc9a3f5e,OUT,1,0.0,0xad09875950cb172f4ce607271dcc9060818b3e07a1ebfeb913b588b6cf7172f5,internal,call,0.144559322033898 Ether
1,0xb10ea0d397db942a1083a4af9c6074ab63bc8c8b,1540364629,6575396.0,0x65b041db3135ed5f76d9486aa56f8ca5dc9a3f5e,OUT,2,0.0,0xf53d4a9e2bcfa5c8210482c2c3fd812c78f7c162ab87dfd205aba0575bd4f4e8,internal,call,0.507579661016949 Ether
1,0xb10ea0d397db942a1083a4af9c6074ab63bc8c8b,1539660449,6525484.0,0x65b041db3135ed5f76d9486aa56f8ca5dc9a3f5e,OUT,2,0.0,0xb70d155b261bf92576fd79201b0ae208ba83ce9c616933c0dd25743b922c01cf,internal,call,0.128237288135593 Ether
