Class,address,age,block,creator,direction,inter_direction,txFee,txhash,txn_type,type,value
1,0x4e8ecf79ade5e2c49b9e30d795517a81e0bf00b8,1533238326,6078593.0,0xf39e044e1ab204460e06e87c6dca2c6319fc69e3,OUT,1,0.0,0x7db700af9ad705278a57951506a6c09b92086b7c05d54bf0e6e539f1199bdbfd,internal,call,0.083989355520258 Ether
1,0x4e8ecf79ade5e2c49b9e30d795517a81e0bf00b8,1533271979,6077927.0,0xf39e044e1ab204460e06e87c6dca2c6319fc69e3,OUT,1,0.0,0x7a05fbd306141168a9205f05c2c678a8ac0356e169a9cacc0e051e2359f120c9,internal,call,0.817696223249072 Ether
1,0x4e8ecf79ade5e2c49b9e30d795517a81e0bf00b8,1532893268,0.0,0xf39e044e1ab204460e06e87c6dca2c6319fc69e3,OUT,1,0.0,0x025a03d38e0a8df0d655cb22d6155480304e6b7e1ffd68cda14a1a22a70269b7,internal,call,2.828601565817808 Ether
1,0x4e8ecf79ade5e2c49b9e30d795517a81e0bf00b8,1533011795,6060219.0,0xf39e044e1ab204460e06e87c6dca2c6319fc69e3,OUT,1,0.0,0xaf795b57e0726ec975f426503bc15efee2c51ebac9b1be64326c19387ef56a38,internal,call,0.901766709807751 Ether
1,0x4e8ecf79ade5e2c49b9e30d795517a81e0bf00b8,1532968663,0.0,0xf39e044e1ab204460e06e87c6dca2c6319fc69e3,OUT,1,0.0,0x6bba43ece4eb42205f239fe6aed24c12306e49a7c89f4a03c8316a47160e7388,internal,call,2.501516855271611 Ether
