Class,address,age,block,creator,direction,inter_direction,txFee,txhash,txn_type,type,value
1,0x7b307c1f0039f5d38770e15f8043b3dd26da5e8f,1539896107,6542207.0,0xe1f3294e25bb72a2fb53addb82aa1a033797e6e3,OUT,2,0.0,0xc662a7a3aa4de74614c11ace1be13bd0eb1b5c9cc83be76ee7b1dd725cd97320,internal,call,0.292338983050847 Ether
1,0x7b307c1f0039f5d38770e15f8043b3dd26da5e8f,1539071477,6483556.0,0xe1f3294e25bb72a2fb53addb82aa1a033797e6e3,OUT,1,0.0,0x6380d35185df87b189f607e765a15f18ffdb632f4fccce07c6debe363c04af20,internal,call,0.469415254237288 Ether
1,0x7b307c1f0039f5d38770e15f8043b3dd26da5e8f,1539548120,6517567.0,0xe1f3294e25bb72a2fb53addb82aa1a033797e6e3,OUT,2,0.0,0xe6122f005bf0398f646c657fd89eac765753a60eaa9f2e5a4e5ac9f38edcd0ed,internal,call,0.40352033898305 Ether
1,0x7b307c1f0039f5d38770e15f8043b3dd26da5e8f,1540155387,6560593.0,0xe1f3294e25bb72a2fb53addb82aa1a033797e6e3,OUT,1,0.0,0x074fa7e5ab8b0f2929794206a2026acab5651bcc0e6d92b5dd965179ab01d000,internal,call,0.218138983050847 Ether
1,0x7b307c1f0039f5d38770e15f8043b3dd26da5e8f,1538516944,6443991.0,0xe1f3294e25bb72a2fb53addb82aa1a033797e6e3,OUT,1,0.0,0x618e6265ebcaa6dab530f6cf7eb97fa56482c3d9a43263952f0ae3d8c9965664,internal,call,0.347093220338983 Ether
1,0x7b307c1f0039f5d38770e15f8043b3dd26da5e8f,1540243713,6566817.0,0xe1f3294e25bb72a2fb53addb82aa1a033797e6e3,OUT,2,0.0,0xf324c1114ba6ec3ccc00eaee90a3c223bede157108b6cf3da9a86f442fd41cc0,internal,call,0.07384406779661 Ether
