Class,address,age,block,creator,direction,inter_direction,txFee,txhash,txn_type,type,value
1,0x4e8ecf79ade5e2c49b9e30d795517a81e0bf00b8,1532731595,0.0,0xf39e044e1ab204460e06e87c6dca2c6319fc69e3,OUT,1,0.0,0x24e6159c2713072ec23d6e549cf0c54f7e4bc3d266459d5438d66028a1d0a84f,internal,call,0.40353938377468 Ether
1,0x4e8ecf79ade5e2c49b9e30d795517a81e0bf00b8,1532712345,0.0,0xf39e044e1ab204460e06e87c6dca2c6319fc69e3,OUT,1,0.0,0x8259994da51dda58afa446c421d420f1ded103919e4dcf84190531cdb4d5c804,internal,call,0.299551424485966 Ether
