Class,address,age,block,creator,direction,inter_direction,txFee,txhash,txn_type,type,value
0,0x27054b13b1b798b345b591a4d22e6562d47ea75a,1510874448,4568313.0,0x1ff808e34e4df60326a3fc4c2b0f80748a3d60c2,IN,3,0.00062504,0x361137de5d53d7445eb3c54d9a45d8a8ed1ddc49b41091bb003c18370fc61de5,external,0,0 Ether
0,0x27054b13b1b798b345b591a4d22e6562d47ea75a,1510598150,4548550.0,0x1ff808e34e4df60326a3fc4c2b0f80748a3d60c2,IN,3,0.00185646,0x3694a30274b6bdb3e890a318e2b581403d3cfb2ad8da78a4147a6fad8a7db75a,external,0,0 Ether
0,0x27054b13b1b798b345b591a4d22e6562d47ea75a,1510598093,4548548.0,0x1ff808e34e4df60326a3fc4c2b0f80748a3d60c2,IN,3,0.00106698,0x3900c92f3e071c89c7dbf54d65efef5ec392ee0378fc57cad13a12e646e32da1,external,0,0 Ether
