Class,address,age,block,creator,direction,inter_direction,txFee,txhash,txn_type,type,value
1,0x4e8ecf79ade5e2c49b9e30d795517a81e0bf00b8,1533298053,6082614.0,0xf39e044e1ab204460e06e87c6dca2c6319fc69e3,OUT,1,0.0,0x431f671939ae5b8d50512f564666a357e3385b13a2a7373eea64a0d50c5fcf0c,internal,call,0.044293830665234 Ether
1,0x4e8ecf79ade5e2c49b9e30d795517a81e0bf00b8,1532802943,0.0,0xf39e044e1ab204460e06e87c6dca2c6319fc69e3,OUT,2,0.0,0xcc9dd3bceca1b5f236f4298c0e7d7829ee7fe40cd01555db3cab9fb610e0f536,internal,call,0.059742480813308 Ether
