Class,address,age,block,creator,direction,inter_direction,txFee,txhash,txn_type,type,value
0,0xe648ae88a6d9b3373e115e3414be91b7cf12de4c,1507241660,4341174.0,0xa4f970e6425e316984208ca1ee95ca618c11a34d,OUT,1,0.0,0x74c89c070643ebd93f60ac97c9ae93f574bb6d1fc8f32ecf1c4446e0615ac1cf,internal,call,0.037645313661884 Ether
0,0xe648ae88a6d9b3373e115e3414be91b7cf12de4c,1507241279,4341159.0,0xa4f970e6425e316984208ca1ee95ca618c11a34d,OUT,1,0.0,0x8580c5e883af83da266ecf0226008a5e5e077297d8907bf9cf2e5e89f79fdc04,internal,call,0.086896264961665 Ether
0,0xe648ae88a6d9b3373e115e3414be91b7cf12de4c,1506559126,4318580.0,0xa4f970e6425e316984208ca1ee95ca618c11a34d,OUT,1,0.0,0xb29405ea24d92d5311ba49bb8e98caca7235d57d0711a4a733e7d0032a406be1,internal,call,0.163166705476089 Ether
0,0xe648ae88a6d9b3373e115e3414be91b7cf12de4c,1504964129,4256567.0,0xa4f970e6425e316984208ca1ee95ca618c11a34d,OUT,1,0.0,0x845ef3b49a9c291c1bf9cdc88a4cae37b8758b6ec04ef1731ad8c69dd25236b6,internal,call,0.056239038974351 Ether
