Class,address,age,block,creator,direction,inter_direction,txFee,txhash,txn_type,type,value
1,0xaf6de38ffc92e0d52857f864048d7af2f345a3cf,1525508250,5561376.0,0x7e474fe5cfb720804860215f407111183cbc2f85,OUT,2,0.0,0x15bc2ea8635d31f636ab6366e9c24f22e04a5c7614bcf5220b8bd072f1808c64,internal,call,0.043215479693091 Ether
1,0xaf6de38ffc92e0d52857f864048d7af2f345a3cf,1525500887,5560885.0,0x7e474fe5cfb720804860215f407111183cbc2f85,OUT,2,0.0,0x951406bc85ac739e223a7d54cf7c22bfac54846babf39b5dabd79f558e39300f,internal,call,0.001760107109392 Ether
