Class,address,age,block,creator,direction,inter_direction,txFee,txhash,txn_type,type,value
1,0x8a883a20940870dc055f2070ac8ec847ed2d9918,1533170473,6073990.0,0xc14f8469d4bb31c8e69fae9c16e262f45edc3635,OUT,2,0.0,0xf3093c4e4b9043c7e9fc596f41a2b340f370e880ba4e1a638f89d6460499705a,internal,call,0.274626961564461 Ether
1,0x8a883a20940870dc055f2070ac8ec847ed2d9918,1532374439,6019486.0,0xc14f8469d4bb31c8e69fae9c16e262f45edc3635,OUT,2,0.0,0x2e4ebae130982566b73ef25c32ea6b47e71d0f78aba92ac9d98e7202d2cc25d4,internal,call,0.648075575778579 Ether
