Class,address,age,block,creator,direction,inter_direction,txFee,txhash,txn_type,type,value
1,0x4e8ecf79ade5e2c49b9e30d795517a81e0bf00b8,1534188949,6143705.0,0xf39e044e1ab204460e06e87c6dca2c6319fc69e3,OUT,2,0.0,0xb960a959c8087c4ee7970051e34c3859ff9136e5cc66bbdb84cfecd4dc479f89,internal,call,0.002693504999336 Ether
1,0x4e8ecf79ade5e2c49b9e30d795517a81e0bf00b8,1534182144,6143227.0,0xf39e044e1ab204460e06e87c6dca2c6319fc69e3,OUT,1,0.0,0x9b43f48864a36e0de3da55d7cf7c822fc2930a0edaa48fdbdfa2214b8c7fa819,internal,call,0.002759734417217 Ether
1,0x4e8ecf79ade5e2c49b9e30d795517a81e0bf00b8,1534123178,0.0,0xf39e044e1ab204460e06e87c6dca2c6319fc69e3,OUT,1,0.0,0x840952c976762fce03aa85fe10ee69725a22bc19c8cb5d1e9806fc53fa16913c,internal,call,0.000022110324874 Ether
1,0x4e8ecf79ade5e2c49b9e30d795517a81e0bf00b8,1535305846,6220249.0,0xf39e044e1ab204460e06e87c6dca2c6319fc69e3,OUT,1,0.0,0x7dcad0fe3b7d87a94085ce6fd7150a5ccf5d24838400508bf45a94f46fae6380,internal,call,0.001814635492661 Ether
1,0x4e8ecf79ade5e2c49b9e30d795517a81e0bf00b8,1534238104,6147125.0,0xf39e044e1ab204460e06e87c6dca2c6319fc69e3,OUT,2,0.0,0xea93f6016535e508d0d5bc3cf39e6c55ceb4515f884c6fef39bdb206200a48a5,internal,call,0.004864707252085 Ether
1,0x4e8ecf79ade5e2c49b9e30d795517a81e0bf00b8,1534172595,6142548.0,0xf39e044e1ab204460e06e87c6dca2c6319fc69e3,OUT,1,0.0,0x1841ae337e9d38df1c1e61abd8288bd1435b9162d43a6e8980844b370b6837aa,internal,call,0.006871755754455 Ether
