Class,address,age,block,creator,direction,inter_direction,txFee,txhash,txn_type,type,value
1,0xb10ea0d397db942a1083a4af9c6074ab63bc8c8b,1540001132,6549622.0,0x65b041db3135ed5f76d9486aa56f8ca5dc9a3f5e,OUT,2,0.0,0xb6a00bb36d09e2a07c3bf7dfbb3e63a45d7abbec0618867ca5be41ce17f960a5,internal,call,0.68184406779661 Ether
1,0xb10ea0d397db942a1083a4af9c6074ab63bc8c8b,1540975542,0.0,0x65b041db3135ed5f76d9486aa56f8ca5dc9a3f5e,OUT,1,0.0,0x6a5a053630ad85ead9e45eaa9874f6e74e79962c9957bc59b1a66fa471354db0,internal,call,0.727918644067796 Ether
1,0xb10ea0d397db942a1083a4af9c6074ab63bc8c8b,1539500920,0.0,0x65b041db3135ed5f76d9486aa56f8ca5dc9a3f5e,OUT,1,0.0,0x94ffa11cebdffd6ec240aee8833dc2b2a6fe467cd096b3d24938eceb26ab6748,internal,call,0.000735593220338 Ether
1,0xb10ea0d397db942a1083a4af9c6074ab63bc8c8b,1539500385,6514161.0,0x65b041db3135ed5f76d9486aa56f8ca5dc9a3f5e,OUT,2,0.0,0xe563e06b0e419a8a8277a9cdbf2db6e2b20c904d37ec7ea8f69c859d092449bc,internal,call,0.450918644067796 Ether
1,0xb10ea0d397db942a1083a4af9c6074ab63bc8c8b,1540595692,6591770.0,0x65b041db3135ed5f76d9486aa56f8ca5dc9a3f5e,OUT,1,0.0,0x0694efb482421c6661e8444aeea97f1608465eed4f08c27649b2dad33ec5c0eb,internal,call,1.142996610169491 Ether
1,0xb10ea0d397db942a1083a4af9c6074ab63bc8c8b,1539645911,6524479.0,0x65b041db3135ed5f76d9486aa56f8ca5dc9a3f5e,OUT,2,0.0,0xd97bf5ff34f6c98eaed8a48cbdca86f6546daed0138df754d9ef2735efd963af,internal,call,0.278969491525423 Ether
