Class,address,age,block,creator,direction,inter_direction,txFee,txhash,txn_type,type,value
1,0x4e8ecf79ade5e2c49b9e30d795517a81e0bf00b8,1536279156,6287193.0,0xf39e044e1ab204460e06e87c6dca2c6319fc69e3,OUT,1,0.0,0x1d396beed65afe7814bb7c73e7f5b99326b12bf94156713ad0e5587adea04d78,internal,call,0.026463209155281 Ether
1,0x4e8ecf79ade5e2c49b9e30d795517a81e0bf00b8,1534815872,6186663.0,0xf39e044e1ab204460e06e87c6dca2c6319fc69e3,OUT,1,0.0,0x13662ca01c5502b105510b7525f150f3fc2475733a997017ed50c5589a7978cb,internal,call,0.015204805923463 Ether
1,0x4e8ecf79ade5e2c49b9e30d795517a81e0bf00b8,1537998274,6407345.0,0xf39e044e1ab204460e06e87c6dca2c6319fc69e3,OUT,1,0.0,0x45f1592d7fe6e7215996a0ca6dd83dd92c923ab6c76aeb627359be961bdd9e86,internal,call,0.011320893914496 Ether
