Class,address,age,block,creator,direction,inter_direction,txFee,txhash,txn_type,type,value
1,0x8036165ccabee251c886d6121b047c16b5e798b5,1523120884,5400351.0,0x4be640dcce08e68ede454202fbc59cf5f9e8ea1f,OUT,2,0.0,0x949c10ebd4ddfac347477c5e804581128201654786060e399953e16350a49235,internal,call,0.022522977655695 Ether
1,0x8036165ccabee251c886d6121b047c16b5e798b5,1523196674,5405657.0,0x4be640dcce08e68ede454202fbc59cf5f9e8ea1f,OUT,2,0.0,0xbfc1a0559bb5cf9b74d06bcb8cebe2bef8ae7ab43197573342708cc8afe82f0a,internal,call,0.053923219306295 Ether
