Class,address,age,block,creator,direction,inter_direction,txFee,txhash,txn_type,type,value
1,0x8a883a20940870dc055f2070ac8ec847ed2d9918,1533199990,6075954.0,0xc14f8469d4bb31c8e69fae9c16e262f45edc3635,OUT,2,0.0,0x744655418004b8093df1f2949d9df1ffd0eb216c6d5f901330e816e8d41aa210,internal,call,0.015298637426347 Ether
1,0x8a883a20940870dc055f2070ac8ec847ed2d9918,1532669481,6039483.0,0xc14f8469d4bb31c8e69fae9c16e262f45edc3635,OUT,2,0.0,0x9726bd691698fc3ff35169d547b2cff8d13b6ffa97838dd18b839f9790221e71,internal,call,0.00136797617105 Ether
