Class,address,age,block,creator,direction,inter_direction,txFee,txhash,txn_type,type,value
1,0x9b5bbb16a7a68660f6503eff6c8e3159820d6396,1538052414,6411120.0,0xdacca760db181e54d96b9a061acc0d2d48a05593,OUT,2,0.0,0xe14e03dc1cda9163e8e6417f78a7d15a31f61535b214caf04349c34c2775554b,internal,call,0.00060379325 Ether
1,0x9b5bbb16a7a68660f6503eff6c8e3159820d6396,1538314028,6429624.0,0xdacca760db181e54d96b9a061acc0d2d48a05593,OUT,2,0.0,0x0ccd2fc10147255b6bc7af493e0905de033b517fedb57f9ba090aafc284cd289,internal,call,0.00060379325 Ether
1,0x9b5bbb16a7a68660f6503eff6c8e3159820d6396,1538183184,6420352.0,0xdacca760db181e54d96b9a061acc0d2d48a05593,OUT,2,0.0,0x97660488dac4b5675bf95d7305fb2d2055cccc9e045764ae2fe5a7e91f1399e7,internal,call,0.00060379325 Ether
1,0x9b5bbb16a7a68660f6503eff6c8e3159820d6396,1538776729,6462427.0,0xdacca760db181e54d96b9a061acc0d2d48a05593,OUT,2,0.0,0x64375504fd0af145c0b2aa30b65891ad707a6711486eca734f25f71e6fbc02b6,internal,call,0.00301896625 Ether
