Class,address,age,block,creator,direction,inter_direction,txFee,txhash,txn_type,type,value
1,0x4e8ecf79ade5e2c49b9e30d795517a81e0bf00b8,1533096304,6065999.0,0xf39e044e1ab204460e06e87c6dca2c6319fc69e3,OUT,1,0.0,0x9d754bf802e645de12856488368a1e0503272c0a0e46989e6642294f82129ff5,internal,call,0.210547105719782 Ether
1,0x4e8ecf79ade5e2c49b9e30d795517a81e0bf00b8,1533067362,6066965.0,0xf39e044e1ab204460e06e87c6dca2c6319fc69e3,OUT,1,0.0,0x63afc0d4e20eed0e1b79001d3a86b5fc7c1a8c4de43d47dd3bc9ddae6da43b68,internal,call,0.177371172953353 Ether
1,0x4e8ecf79ade5e2c49b9e30d795517a81e0bf00b8,1533017926,6063555.0,0xf39e044e1ab204460e06e87c6dca2c6319fc69e3,OUT,2,0.0,0xe7b5e0c27001c0288247baf52bce655b3217162739f2aa9e02f0160b72f0aeac,internal,call,0.036478015503782 Ether
1,0x4e8ecf79ade5e2c49b9e30d795517a81e0bf00b8,1532805015,0.0,0xf39e044e1ab204460e06e87c6dca2c6319fc69e3,OUT,2,0.0,0xbbcf9eb8c507a741fd684a39f535952db65cad5d491e776cbb011f94d4c27262,internal,call,0.195697607656868 Ether
