Class,address,age,block,creator,direction,inter_direction,txFee,txhash,txn_type,type,value
1,0x4e8ecf79ade5e2c49b9e30d795517a81e0bf00b8,1532713329,0.0,0xf39e044e1ab204460e06e87c6dca2c6319fc69e3,OUT,1,0.0,0x9950bb62809658b39fc9c75f2535af06b40277c0c4f95affde9fd2caa761e41e,internal,call,4.171020845751186 Ether
1,0x4e8ecf79ade5e2c49b9e30d795517a81e0bf00b8,1532723429,0.0,0xf39e044e1ab204460e06e87c6dca2c6319fc69e3,OUT,1,0.0,0x5312f111b6c01e4e92dbed23c8275f29f2cb72e8fd018464cf0222781285cd87,internal,call,2.249013782734041 Ether
1,0x4e8ecf79ade5e2c49b9e30d795517a81e0bf00b8,1532711412,0.0,0xf39e044e1ab204460e06e87c6dca2c6319fc69e3,OUT,1,0.0,0xb2f9250574c26ca4dfb93d53b3403ece84311d13b406f2c390910a41ab83bbca,internal,call,13.27466954445013 Ether
