Class,address,age,block,creator,direction,inter_direction,txFee,txhash,txn_type,type,value
1,0xaf6de38ffc92e0d52857f864048d7af2f345a3cf,1525579880,5563295.0,0x7e474fe5cfb720804860215f407111183cbc2f85,OUT,2,0.0,0x9f23e07587908a05481f081d3cc8c72aab1db6bd8f2ee163660ef5ac65d53ad1,internal,call,0.031961687015785 Ether
1,0xaf6de38ffc92e0d52857f864048d7af2f345a3cf,1525640436,5570235.0,0x7e474fe5cfb720804860215f407111183cbc2f85,OUT,2,0.0,0x49dff3f4191f7ea2832eeccdcfe6f41f9bda011cb3122c58d201b95a48aaec07,internal,call,0.261511148546141 Ether
