Class,address,age,block,creator,direction,inter_direction,txFee,txhash,txn_type,type,value
1,0x4e8ecf79ade5e2c49b9e30d795517a81e0bf00b8,1532888029,6054660.0,0xf39e044e1ab204460e06e87c6dca2c6319fc69e3,OUT,2,0.0,0xdadc1ac958ec98148bf785eef6a4fa2fa93988cc37feaf5336145547c1ff8dc5,internal,call,0.431559493566116 Ether
1,0x4e8ecf79ade5e2c49b9e30d795517a81e0bf00b8,1533010937,6060155.0,0xf39e044e1ab204460e06e87c6dca2c6319fc69e3,OUT,1,0.0,0x706ffc0bce119ebc16efed1115971a27cce421b83835c2e8be91293b640660ad,internal,call,0.056258071804941 Ether
1,0x4e8ecf79ade5e2c49b9e30d795517a81e0bf00b8,1532902500,6055668.0,0xf39e044e1ab204460e06e87c6dca2c6319fc69e3,OUT,2,0.0,0xb3b2ecb624054089043ebcb482b592227d4cf150cc4ae29ca9bf461df8892e60,internal,call,0.739144045979856 Ether
