Class,address,age,block,creator,direction,inter_direction,txFee,txhash,txn_type,type,value
1,0xbeefd8fb3b5778f99e021afa2e41e0614af6af11,1540705806,6599572.0,0x300758881bf3756b6cb5b2e96f545d7b3566ce3a,OUT,2,0.0,0xc41704b5d53bfb3d040737b3a429f49fc891333497043c268012121f1880e324,internal,call,0.012917508196721 Ether
1,0xbeefd8fb3b5778f99e021afa2e41e0614af6af11,1539707639,0.0,0x300758881bf3756b6cb5b2e96f545d7b3566ce3a,OUT,1,0.0,0x74fc437722f2cd6ab169e83599890d8bd368c0ae986eb855ac199174baffb0a6,internal,call,0.000016967213114 Ether
1,0xbeefd8fb3b5778f99e021afa2e41e0614af6af11,1539707340,6525766.0,0x300758881bf3756b6cb5b2e96f545d7b3566ce3a,OUT,1,0.0,0x8e7a8c2fbf9543a0d6bd97ecddef6c2baf3da2f64f8de7c2f808250663c90207,internal,call,0.011953032786885 Ether
1,0xbeefd8fb3b5778f99e021afa2e41e0614af6af11,1539148169,6489067.0,0x300758881bf3756b6cb5b2e96f545d7b3566ce3a,OUT,1,0.0,0x5f08b407432ecde368e7968d9f55485ea0cfc3a6a5ae3483c47fe866d4fa3937,internal,call,0.002709344262295 Ether
1,0xbeefd8fb3b5778f99e021afa2e41e0614af6af11,1539093658,0.0,0x300758881bf3756b6cb5b2e96f545d7b3566ce3a,OUT,2,0.0,0xfa9dabbeb4b56eebf3a9dabcf101db86373490c3bcc24fb23591d7e76562f58d,internal,call,0.000012295081967 Ether
1,0xbeefd8fb3b5778f99e021afa2e41e0614af6af11,1540204229,6563971.0,0x300758881bf3756b6cb5b2e96f545d7b3566ce3a,OUT,1,0.0,0x4b18f471e6e3d937c32d32f4f3e8afc4b7899aa0367afc0f2feb0b7611941014,internal,call,0.030044852459016 Ether
1,0xbeefd8fb3b5778f99e021afa2e41e0614af6af11,1540473736,0.0,0x300758881bf3756b6cb5b2e96f545d7b3566ce3a,OUT,1,0.0,0x0ab6958b548332fbc408fa814cffec8933f57db35a863d510f56f486c0f2c368,internal,call,0.015096393442622 Ether
1,0xbeefd8fb3b5778f99e021afa2e41e0614af6af11,1539435396,0.0,0x300758881bf3756b6cb5b2e96f545d7b3566ce3a,OUT,1,0.0,0x95fdca339bc345355788dd827fa36e31750f27d5e80bf7c30b8f9abbbeaf93c8,internal,call,0.000011016393442 Ether
1,0xbeefd8fb3b5778f99e021afa2e41e0614af6af11,1539435174,6509547.0,0x300758881bf3756b6cb5b2e96f545d7b3566ce3a,OUT,1,0.0,0x1e0ef4f4d96eee8abbe4c61e20cd30e1c27a191620565f57e77453d0f3a41e86,internal,call,0.014100983606557 Ether
