Class,address,age,block,creator,direction,inter_direction,txFee,txhash,txn_type,type,value
1,0x4e8ecf79ade5e2c49b9e30d795517a81e0bf00b8,1533083742,0.0,0xf39e044e1ab204460e06e87c6dca2c6319fc69e3,OUT,1,0.0,0x7a5e3de408f7925b1606be7e8f1cb7f860b6733ece09faeb5bfba94a0c72b871,internal,call,0.032397370864563 Ether
1,0x4e8ecf79ade5e2c49b9e30d795517a81e0bf00b8,1532726830,6043452.0,0xf39e044e1ab204460e06e87c6dca2c6319fc69e3,OUT,2,0.0,0xcb2488d40e5479ae9664e989c280fcb4743a3ff2d478eefbc68d3e0ca197ad6d,internal,call,0.078958986560971 Ether
