Class,address,age,block,creator,direction,inter_direction,txFee,txhash,txn_type,type,value
1,0x4e8ecf79ade5e2c49b9e30d795517a81e0bf00b8,1532715643,0.0,0xf39e044e1ab204460e06e87c6dca2c6319fc69e3,OUT,1,0.0,0x1001b857b9407e9c94b612e1cb4a09a3f6d3d4e15ce9b8c9092673644df2c50f,internal,call,8.159686458936283 Ether
1,0x4e8ecf79ade5e2c49b9e30d795517a81e0bf00b8,1532723108,0.0,0xf39e044e1ab204460e06e87c6dca2c6319fc69e3,OUT,1,0.0,0x46dc35646a3d1e19d2f3ea10bcf33208d62a8e52982660ace8c470109840d546,internal,call,0.702930418884627 Ether
