Class,address,age,block,creator,direction,inter_direction,txFee,txhash,txn_type,type,value
1,0x7b307c1f0039f5d38770e15f8043b3dd26da5e8f,1539657863,6525301.0,0xe1f3294e25bb72a2fb53addb82aa1a033797e6e3,OUT,1,0.0,0x1b2356946817ca92f4d88b4c770faad508c203185144c45f75ff38dc7e317ce1,internal,call,0.010123301808698 Ether
1,0x7b307c1f0039f5d38770e15f8043b3dd26da5e8f,1538620608,6451329.0,0xe1f3294e25bb72a2fb53addb82aa1a033797e6e3,OUT,1,0.0,0x4939e1a9b100741f56a11ca4cd469a5ebeb67fc2e83db2e09850238704bae626,internal,call,0.003788472385876 Ether
1,0x7b307c1f0039f5d38770e15f8043b3dd26da5e8f,1538966428,6476091.0,0xe1f3294e25bb72a2fb53addb82aa1a033797e6e3,OUT,1,0.0,0x09574342eb0e44cb462a0d00fc1ba76841cce21b78c4eb2f5873709c0d232993,internal,call,0.005093948372017 Ether
