Class,address,age,block,creator,direction,inter_direction,txFee,txhash,txn_type,type,value
1,0x9d68a447a8718ef30645d23d423be1ea6b7d370f,1538029216,6409525.0,0xbfb297616ffa0124a288e212d1e6df5299c9f8d0,OUT,2,0.0,0x372e9103e35bf104e223793adf6046f395a96f87c5a0e3b0a4f1d0562b6b94ef,internal,call,0.011859375 Ether
1,0x9d68a447a8718ef30645d23d423be1ea6b7d370f,1538054226,6411271.0,0xbfb297616ffa0124a288e212d1e6df5299c9f8d0,OUT,2,0.0,0x4f929a0eff31b8c84bc320a1ada8718ce84045e68a29fc4bae5b70e1ce3878ca,internal,call,0.016611111111111 Ether
1,0x9d68a447a8718ef30645d23d423be1ea6b7d370f,1538011390,6408259.0,0xbfb297616ffa0124a288e212d1e6df5299c9f8d0,OUT,2,0.0,0x777d748a55a67129d9f6bfc40b69559e1df5c7dc5520a255c069521a951e29d4,internal,call,0.015572916666666 Ether
1,0x9d68a447a8718ef30645d23d423be1ea6b7d370f,1538058658,6411582.0,0xbfb297616ffa0124a288e212d1e6df5299c9f8d0,OUT,2,0.0,0x5cd0ff09a7487c4512516a7eaa5ce6dd8ac847f583c9a628ebbed892ed017aa6,internal,call,0.002954861111111 Ether
1,0x9d68a447a8718ef30645d23d423be1ea6b7d370f,1537988042,6406629.0,0xbfb297616ffa0124a288e212d1e6df5299c9f8d0,OUT,2,0.0,0x20f7465bf4ad228d44a8a9883c39120d3ef940cc52246d12fc0abdc4932e2c61,internal,call,0.011220486111111 Ether
