Class,address,age,block,creator,direction,inter_direction,txFee,txhash,txn_type,type,value
1,0x4e8ecf79ade5e2c49b9e30d795517a81e0bf00b8,1533454836,6093465.0,0xf39e044e1ab204460e06e87c6dca2c6319fc69e3,OUT,2,0.0,0xb63910096403b48f9a2bcf4c84b06cf450c7d50af32eab1920757f71d6dd1513,internal,call,0.013844565274046 Ether
1,0x4e8ecf79ade5e2c49b9e30d795517a81e0bf00b8,1532723257,6043216.0,0xf39e044e1ab204460e06e87c6dca2c6319fc69e3,OUT,1,0.0,0x010dfe5ff7b0e23410ec54b60b9add72c8c8b860d6ca11ead67ecc0159c878dd,internal,call,0.139988991509966 Ether
