Class,address,age,block,creator,direction,inter_direction,txFee,txhash,txn_type,type,value
1,0x4e8ecf79ade5e2c49b9e30d795517a81e0bf00b8,1532849358,6051973.0,0xf39e044e1ab204460e06e87c6dca2c6319fc69e3,OUT,1,0.0,0x987c9dfba5a86135e67952acad6f32d7688060dead5b28d20b3409735c46ac8f,internal,call,0.003434220496538 Ether
1,0x4e8ecf79ade5e2c49b9e30d795517a81e0bf00b8,1532756744,6045506.0,0xf39e044e1ab204460e06e87c6dca2c6319fc69e3,OUT,1,0.0,0x2101d8fd51390616af2df9efc35e5af0de9f189cd1ba78eb4f519c588f10ff61,internal,call,0.015440413736361 Ether
