Class,address,age,block,creator,direction,inter_direction,txFee,txhash,txn_type,type,value
1,0x4e8ecf79ade5e2c49b9e30d795517a81e0bf00b8,1532744091,6044646.0,0xf39e044e1ab204460e06e87c6dca2c6319fc69e3,IN,3,0.002175,0x0b89653cc0b58af075fa41124f6e16158e89e937d0b638f80abc5f26e66429ba,external,0,0 Ether
1,0x4e8ecf79ade5e2c49b9e30d795517a81e0bf00b8,1532713245,6042516.0,0xf39e044e1ab204460e06e87c6dca2c6319fc69e3,IN,3,0.03924879,0x3acf91da7198a0d98347fa98aaeaf097c3fa2b29904be7d1ea058d2f1ff48de6,external,0,1.368902064785927 Ether
1,0x4e8ecf79ade5e2c49b9e30d795517a81e0bf00b8,1532713245,6042516.0,0xf39e044e1ab204460e06e87c6dca2c6319fc69e3,IN,3,0.01121394,0x3b02b857009069e94a29a8672ac37183b30109d29fe01b6691c51530e0ef636a,external,0,1.636365194524415 Ether
1,0x4e8ecf79ade5e2c49b9e30d795517a81e0bf00b8,1532713226,6042514.0,0xf39e044e1ab204460e06e87c6dca2c6319fc69e3,IN,3,0.00323155,0x40417b109dc19b1fadd54b52b98640c2140999b297aa622cb08771bd0ba6ba99,external,0,5 Ether
1,0x4e8ecf79ade5e2c49b9e30d795517a81e0bf00b8,1532744217,6044652.0,0xf39e044e1ab204460e06e87c6dca2c6319fc69e3,IN,3,0.00024075,0x596c8e7330559bf45bee792a9b41e9604ff2d81a3d04a65c1142e01dc4a3830e,external,0,0 Ether
1,0x4e8ecf79ade5e2c49b9e30d795517a81e0bf00b8,1532891434,6054886.0,0xf39e044e1ab204460e06e87c6dca2c6319fc69e3,IN,3,0.00132976,0x7eb99bece346505b4b7f56a2c87e102a6a2aaf59fbf6a6cc0cda61df142e9d6e,external,0,0.218411186556527 Ether
