Class,address,age,block,creator,direction,inter_direction,txFee,txhash,txn_type,type,value
1,0x4e8ecf79ade5e2c49b9e30d795517a81e0bf00b8,1532762441,6045884.0,0xf39e044e1ab204460e06e87c6dca2c6319fc69e3,IN,3,0.02351,0x47726a65329861392d7dff2dc819ef09622dd3abb936baf08378d00585fda9fa,external,0,0.219092145181719 Ether
1,0x4e8ecf79ade5e2c49b9e30d795517a81e0bf00b8,1532742899,6044570.0,0xf39e044e1ab204460e06e87c6dca2c6319fc69e3,IN,3,0.0037259,0x973eae3df19633f2b67ffb52596d45b682607d57c82ba8b1faf1d169664a4ae3,external,0,0 Ether
