Class,address,age,block,creator,direction,inter_direction,txFee,txhash,txn_type,type,value
1,0x4e8ecf79ade5e2c49b9e30d795517a81e0bf00b8,1533667649,6108065.0,0xf39e044e1ab204460e06e87c6dca2c6319fc69e3,IN,3,0.0156314,0x364999421991597e212971cbc3a0c4ef15b8e952f66ae1b99f78085145e9ca9e,external,0,0.027578231454825 Ether
