Class,address,age,block,creator,direction,inter_direction,txFee,txhash,txn_type,type,value
1,0x4e8ecf79ade5e2c49b9e30d795517a81e0bf00b8,1532893178,6055001.0,0xf39e044e1ab204460e06e87c6dca2c6319fc69e3,IN,3,0.00157815,0x5ee774547f9f99b80489d3dd696b8c0faf8615f8e67a1cfd7080bf9937816841,external,0,0.11106149727111 Ether
1,0x4e8ecf79ade5e2c49b9e30d795517a81e0bf00b8,1532922423,6057034.0,0xf39e044e1ab204460e06e87c6dca2c6319fc69e3,IN,3,6.315e-05,0x73c772c9d4abee2f061697fc1944b058b078d578cf156bcedb4aafc0540d9748,external,0,0 Ether
1,0x4e8ecf79ade5e2c49b9e30d795517a81e0bf00b8,1532922423,6057034.0,0xf39e044e1ab204460e06e87c6dca2c6319fc69e3,IN,3,6.132e-05,0xa719393c98a317d58f8bd9007872e7fd373065668b4a30e3f959fd4e01ded10b,external,0,0 Ether
