Class,address,age,block,creator,direction,inter_direction,txFee,txhash,txn_type,type,value
1,0x4e8ecf79ade5e2c49b9e30d795517a81e0bf00b8,1533655310,6107181.0,0xf39e044e1ab204460e06e87c6dca2c6319fc69e3,IN,3,0.00055311,0x08c17752803d4b7b97de5e4f5efcf65e0a1f85437b13a32d3c2e007fb658b2da,external,0,0.025418360720675 Ether
1,0x4e8ecf79ade5e2c49b9e30d795517a81e0bf00b8,1533715618,6111369.0,0xf39e044e1ab204460e06e87c6dca2c6319fc69e3,IN,3,0.0197198,0x5e0af1032554b6ac6e0694504e1d2258d44fa331810788229a488e2cf8a67942,external,0,0.212095432688238 Ether
