Class,address,age,block,creator,direction,inter_direction,txFee,txhash,txn_type,type,value
1,0x4e8ecf79ade5e2c49b9e30d795517a81e0bf00b8,1532722499,6043157.0,0xf39e044e1ab204460e06e87c6dca2c6319fc69e3,IN,3,6.315e-05,0x10c3eafba33f1f420120372c0305b4599193d789c9b23aeabd41e28e6b282bf3,external,0,0 Ether
1,0x4e8ecf79ade5e2c49b9e30d795517a81e0bf00b8,1532711813,6042431.0,0xf39e044e1ab204460e06e87c6dca2c6319fc69e3,IN,3,0.0143129,0x1f5195ee233d0aa20abe3c4722d5c15a99aaf863939bc22dcea630cb933ce421,external,0,0.8 Ether
1,0x4e8ecf79ade5e2c49b9e30d795517a81e0bf00b8,1533556148,6100436.0,0xf39e044e1ab204460e06e87c6dca2c6319fc69e3,IN,3,0.00317602,0x70bdc5980d05303482d4dc58da37b5d9a6a0b01a6de07765f7c033843aa64266,external,0,0.01 Ether
1,0x4e8ecf79ade5e2c49b9e30d795517a81e0bf00b8,1533558805,6100609.0,0xf39e044e1ab204460e06e87c6dca2c6319fc69e3,IN,3,9.737e-05,0xa26cd7dbc719354d0b75b0557cf550a54144e2c04b8010045a49d919dd775acc,external,0,0 Ether
1,0x4e8ecf79ade5e2c49b9e30d795517a81e0bf00b8,1533535403,6099001.0,0xf39e044e1ab204460e06e87c6dca2c6319fc69e3,IN,3,0.0016326,0xadec6096924cc2360e173c97cf22e8426920750ff5c9e51391387a9d0948bb2d,external,0,0.020747865367389 Ether
