Class,address,age,block,creator,direction,inter_direction,txFee,txhash,txn_type,type,value
1,0x4e8ecf79ade5e2c49b9e30d795517a81e0bf00b8,1532713896,6042565.0,0xf39e044e1ab204460e06e87c6dca2c6319fc69e3,IN,3,0.00042938,0x33b750d4be493eb694358a77a7a2af6cd36bf2526134a67972e3f145faca8b5e,external,0,1.368902064785927 Ether
