Class,address,age,block,creator,direction,inter_direction,txFee,txhash,txn_type,type,value
1,0x4e8ecf79ade5e2c49b9e30d795517a81e0bf00b8,1533343934,6085880.0,0xf39e044e1ab204460e06e87c6dca2c6319fc69e3,IN,3,0.00024075,0x4339d57677f92a94584cc994345c68aa92a217c3945042b9275747462b8b85df,external,0,0 Ether
1,0x4e8ecf79ade5e2c49b9e30d795517a81e0bf00b8,1533343910,6085878.0,0xf39e044e1ab204460e06e87c6dca2c6319fc69e3,IN,3,0.00026728,0x48862032aae7288ab7b7e6c35111563ba70a184848a8575390547e5da1a34122,external,0,0.035437692891986 Ether
1,0x4e8ecf79ade5e2c49b9e30d795517a81e0bf00b8,1533528256,6095561.0,0xf39e044e1ab204460e06e87c6dca2c6319fc69e3,IN,3,6.378e-05,0x61fc7b8f2672ebee78064ca14330160565511cfdfdd4ecc3ce5e05228959facf,external,0,0 Ether
1,0x4e8ecf79ade5e2c49b9e30d795517a81e0bf00b8,1533443735,6089761.0,0xf39e044e1ab204460e06e87c6dca2c6319fc69e3,IN,3,0.00133031,0x6f2647405c213115e9b56e8d77428511b674a9ef17b800e7d7e9f7a90b80a4d8,external,0,0.0205 Ether
1,0x4e8ecf79ade5e2c49b9e30d795517a81e0bf00b8,1533343934,6085880.0,0xf39e044e1ab204460e06e87c6dca2c6319fc69e3,IN,3,0.00093552,0x8c15636c3a6eab6c78144b7e52ad2de83afe84a6ffd2b3081c654907c708fad0,external,0,0.016891689345193 Ether
1,0x4e8ecf79ade5e2c49b9e30d795517a81e0bf00b8,1533444377,6089799.0,0xf39e044e1ab204460e06e87c6dca2c6319fc69e3,IN,3,0.00024075,0x9381c1e794d199a4aa1409a01152a3963d10bf001d086487df462f0c31cc7c38,external,0,0 Ether
