Class,address,age,block,creator,direction,inter_direction,txFee,txhash,txn_type,type,value
1,0x4e8ecf79ade5e2c49b9e30d795517a81e0bf00b8,1533566495,6101151.0,0xf39e044e1ab204460e06e87c6dca2c6319fc69e3,IN,3,0.00040886,0x0da264e95d99f958c8ef38430c51d15f1e093aa240b3f8f8f878573da069ebb4,external,0,0 Ether
1,0x4e8ecf79ade5e2c49b9e30d795517a81e0bf00b8,1533817918,6118350.0,0xf39e044e1ab204460e06e87c6dca2c6319fc69e3,IN,3,0.00192425,0x588b7546621b0a0e7d05e9f6b82d9d27fecfaac3480d3b9674a9c82f5d216a6f,external,0,0.0001 Ether
1,0x4e8ecf79ade5e2c49b9e30d795517a81e0bf00b8,1533559312,6100645.0,0xf39e044e1ab204460e06e87c6dca2c6319fc69e3,IN,3,0.00039610000000000003,0x5eb4c89c17c35196903fafa252fb4911a140c01b79f74b3a2d9242b5a0a02983,external,0,0.073624284548212 Ether
1,0x4e8ecf79ade5e2c49b9e30d795517a81e0bf00b8,1533559121,6100634.0,0xf39e044e1ab204460e06e87c6dca2c6319fc69e3,IN,3,0.00074476,0x6026f4fc7519cbe667c02187d31d76cb22e75a88ac248ca4a5f2abbe119c7e37,external,0,0.016009953382767 Ether
1,0x4e8ecf79ade5e2c49b9e30d795517a81e0bf00b8,1533569109,6101330.0,0xf39e044e1ab204460e06e87c6dca2c6319fc69e3,IN,3,9.63e-05,0x61cbc886591e99296381f95853f5e06b10baaa05faa87747d6c2a9ef5225579f,external,0,0 Ether
1,0x4e8ecf79ade5e2c49b9e30d795517a81e0bf00b8,1533566925,6101177.0,0xf39e044e1ab204460e06e87c6dca2c6319fc69e3,IN,3,0.00043999,0x79f7e2ed63258363040f738c5d7a0d95263028819c5448423b9d2708e261f03a,external,0,0 Ether
1,0x4e8ecf79ade5e2c49b9e30d795517a81e0bf00b8,1533560169,6100701.0,0xf39e044e1ab204460e06e87c6dca2c6319fc69e3,IN,3,0.00037308,0x94253f20293ef96a260372e0a7d5865be2edd16636a9ea9820f99afd65ff0147,external,0,0.020287021633959 Ether
