Class,address,age,block,creator,direction,inter_direction,txFee,txhash,txn_type,type,value
1,0x4e8ecf79ade5e2c49b9e30d795517a81e0bf00b8,1533322766,6084382.0,0xf39e044e1ab204460e06e87c6dca2c6319fc69e3,IN,3,0.0009228,0x18f8fe67f202c2192d1c0ccc6545dea01a47f8bda1455e0da1b47157fec6fb9b,external,0,0.108090118819923 Ether
1,0x4e8ecf79ade5e2c49b9e30d795517a81e0bf00b8,1534129026,6139615.0,0xf39e044e1ab204460e06e87c6dca2c6319fc69e3,IN,3,0.0029949,0x3dc1c1d46482d4ec0bfe4c1c26d5be273a08a2e427db981a72e0495ca9997a52,external,0,0 Ether
1,0x4e8ecf79ade5e2c49b9e30d795517a81e0bf00b8,1533406610,6090168.0,0xf39e044e1ab204460e06e87c6dca2c6319fc69e3,IN,3,3.504e-05,0x3e52088d42fbff442e1a02e465e27d7f98cf0c6f45d55e8dd946dde5a89e330c,external,0,0 Ether
1,0x4e8ecf79ade5e2c49b9e30d795517a81e0bf00b8,1533313832,6080757.0,0xf39e044e1ab204460e06e87c6dca2c6319fc69e3,IN,3,0.00067129,0x4982bf5e5b9a62b2f9eb7482f0c9f00dc34a98e4caeb9dac3f53cc585fa14cc0,external,0,0.119776224376077 Ether
