Class,address,age,block,creator,direction,inter_direction,txFee,txhash,txn_type,type,value
1,0x4e8ecf79ade5e2c49b9e30d795517a81e0bf00b8,1532718466,6042888.0,0xf39e044e1ab204460e06e87c6dca2c6319fc69e3,IN,3,0.00664016,0xabbf23cdac6d278c012f4c25fd1207eda370356532a94b9dd2cd3f5aa380a71e,external,0,1.736649474579654 Ether
