Class,address,age,block,creator,direction,inter_direction,txFee,txhash,txn_type,type,value
1,0x4e8ecf79ade5e2c49b9e30d795517a81e0bf00b8,1535104742,6206418.0,0xf39e044e1ab204460e06e87c6dca2c6319fc69e3,IN,3,0.00113014,0x00990ab5269ea12d36d0c892c0b0e6cb89e4a2975beef830bb1e59f64085de26,external,0,0.010274506481918 Ether
1,0x4e8ecf79ade5e2c49b9e30d795517a81e0bf00b8,1535109799,6206784.0,0xf39e044e1ab204460e06e87c6dca2c6319fc69e3,IN,3,0.00047851,0x1042b9b844e6d1109e4f54f4d0b5419b1a9128b54906da00671153b06ad8017e,external,0,0.003209060042133 Ether
1,0x4e8ecf79ade5e2c49b9e30d795517a81e0bf00b8,1537248543,6354640.0,0xf39e044e1ab204460e06e87c6dca2c6319fc69e3,IN,3,0.00039119999999999997,0x113f722f9f6a881e30047ef8f5f6a4e84666975958b5b26f6184ce706e345693,external,0,0 Ether
1,0x4e8ecf79ade5e2c49b9e30d795517a81e0bf00b8,1534953876,6193203.0,0xf39e044e1ab204460e06e87c6dca2c6319fc69e3,IN,3,0.00075118,0x12a87dd82e665089a96a97b0826fb024e3bd945109056afa461a57c6e3fc6b5a,external,0,0.01 Ether
1,0x4e8ecf79ade5e2c49b9e30d795517a81e0bf00b8,1533203229,6076162.0,0xf39e044e1ab204460e06e87c6dca2c6319fc69e3,IN,3,0.00021437,0x18b3f0f664ba05ccbccd5be41d2079c6f0ed58773ffadc898544b37d6b157cd3,external,0,0.03471834930183 Ether
1,0x4e8ecf79ade5e2c49b9e30d795517a81e0bf00b8,1534137684,6140179.0,0xf39e044e1ab204460e06e87c6dca2c6319fc69e3,IN,3,0.00063976,0x27dff74687e6fd2f9ce11f85b3a1cf3ac8b6f361ee2b779f6caca299fb7453d0,external,0,0.004710207837469 Ether
1,0x4e8ecf79ade5e2c49b9e30d795517a81e0bf00b8,1532947907,6058791.0,0xf39e044e1ab204460e06e87c6dca2c6319fc69e3,IN,3,0.00029664,0x2d69e168d7a83e7ff5029ddd0b713ae191318ca6218491dba7a768c7904af8d2,external,0,0.153236142753182 Ether
1,0x4e8ecf79ade5e2c49b9e30d795517a81e0bf00b8,1535023161,6200808.0,0xf39e044e1ab204460e06e87c6dca2c6319fc69e3,IN,3,0.00042725,0x7dacab63f22c726694cb7b52e4d5d2d2679dac185075e1f87b95ee086aa7d7ea,external,0,0.011439165756844 Ether
1,0x4e8ecf79ade5e2c49b9e30d795517a81e0bf00b8,1535767646,6251841.0,0xf39e044e1ab204460e06e87c6dca2c6319fc69e3,IN,3,0.00124141,0x915f87808323d9a5e7f5ac000042359bc75152f5d9a79b41660216581838296b,external,0,0.0001 Ether
