Class,address,age,block,creator,direction,inter_direction,txFee,txhash,txn_type,type,value
1,0x4e8ecf79ade5e2c49b9e30d795517a81e0bf00b8,1532712141,6042455.0,0xf39e044e1ab204460e06e87c6dca2c6319fc69e3,IN,3,0.01101745,0x2a9b4b712f803b959eb2ad5318cfcf33d9502f3ab4dae032d1fb59ae29cf3136,external,0,1.853229668730598 Ether
1,0x4e8ecf79ade5e2c49b9e30d795517a81e0bf00b8,1532784238,6047390.0,0xf39e044e1ab204460e06e87c6dca2c6319fc69e3,IN,3,0.00785538,0xa5b2ec2695ae9a012cbd26163df270c6d96ad058ccbdd6a5b4c70b7c7959e177,external,0,0 Ether
