Class,address,age,block,creator,direction,inter_direction,txFee,txhash,txn_type,type,value
1,0x4e8ecf79ade5e2c49b9e30d795517a81e0bf00b8,1535563815,6237935.0,0xf39e044e1ab204460e06e87c6dca2c6319fc69e3,IN,3,0.00072764,0x1ca394dd0ca704105080369b3c4bebc2e561ba907fc85414e2ced8f21a5c78e8,external,0,0.0001 Ether
1,0x4e8ecf79ade5e2c49b9e30d795517a81e0bf00b8,1534148807,6140923.0,0xf39e044e1ab204460e06e87c6dca2c6319fc69e3,IN,3,0.00117826,0x823aac6e1bc3eeb2a9339e494122dd7383a7d1b819d088c327dfd3a9e65938ef,external,0,0.0001 Ether
