Class,address,age,block,creator,direction,inter_direction,txFee,txhash,txn_type,type,value
1,0x4e8ecf79ade5e2c49b9e30d795517a81e0bf00b8,1532796537,6045269.0,0xf39e044e1ab204460e06e87c6dca2c6319fc69e3,IN,3,0.00033039,0x2a259183e42dca31fd899919b1b08b953aa35dbc75f74d51a1943471db353523,external,0,0.266738011557388 Ether
1,0x4e8ecf79ade5e2c49b9e30d795517a81e0bf00b8,1533015533,6063397.0,0xf39e044e1ab204460e06e87c6dca2c6319fc69e3,IN,3,6.315e-05,0x2ca864d2c64bfbe21679c72ee0a040c2a6b501fcc5fdc1bfdea129be95a153a8,external,0,0 Ether
1,0x4e8ecf79ade5e2c49b9e30d795517a81e0bf00b8,1533020951,6063754.0,0xf39e044e1ab204460e06e87c6dca2c6319fc69e3,IN,3,2.9199999999999998e-05,0x5d6d230630a81271d9dc0ba4defbf464d657af0c1069c22bce31d02986249669,external,0,0 Ether
