Class,address,age,block,creator,direction,inter_direction,txFee,txhash,txn_type,type,value
1,0x4e8ecf79ade5e2c49b9e30d795517a81e0bf00b8,1532725703,6043371.0,0xf39e044e1ab204460e06e87c6dca2c6319fc69e3,IN,3,6.315e-05,0x1e80280dfd582a1a582c30fc36d6ae826aafb0fa4388fa22c12cca76d0ef238f,external,0,0 Ether
1,0x4e8ecf79ade5e2c49b9e30d795517a81e0bf00b8,1532718339,6042879.0,0xf39e044e1ab204460e06e87c6dca2c6319fc69e3,IN,3,0.00645781,0x2fa4e28d4b2d7dc9aa3548586e29b3d3ddb20b7dc90b4d5d028e84f569170d9a,external,0,0.1 Ether
1,0x4e8ecf79ade5e2c49b9e30d795517a81e0bf00b8,1532718339,6042879.0,0xf39e044e1ab204460e06e87c6dca2c6319fc69e3,IN,3,0.00337774,0x389d24c341c90a401f3af5486254385ccba53423ecd5fbafa94b2842adcf5404,external,0,0.000001 Ether
