Class,address,age,block,creator,direction,inter_direction,txFee,txhash,txn_type,type,value
1,0x4e8ecf79ade5e2c49b9e30d795517a81e0bf00b8,1533210938,6076703.0,0xf39e044e1ab204460e06e87c6dca2c6319fc69e3,IN,3,0.00092005,0x119fdea81b0e0618c4c53097e65fde7087ee91bdb7a3583d966f687fd3178e14,external,0,0.062471813498178 Ether
1,0x4e8ecf79ade5e2c49b9e30d795517a81e0bf00b8,1533210938,6076703.0,0xf39e044e1ab204460e06e87c6dca2c6319fc69e3,IN,3,0.00213088,0x3b63ecf15d200c988e0c6c5133a36d9eb0bf9cd3b3d9c0444eccb412f2a135b3,external,0,0.03535071361343 Ether
1,0x4e8ecf79ade5e2c49b9e30d795517a81e0bf00b8,1533245607,6079076.0,0xf39e044e1ab204460e06e87c6dca2c6319fc69e3,IN,3,0.00018945,0x53234c946dc0fd8a3c5459876313a45b6384c449f9b229df883e723b0dcc523c,external,0,0 Ether
