Class,address,age,block,creator,direction,inter_direction,txFee,txhash,txn_type,type,value
1,0x4e8ecf79ade5e2c49b9e30d795517a81e0bf00b8,1535004232,6199571.0,0xf39e044e1ab204460e06e87c6dca2c6319fc69e3,IN,3,0.00070338,0x8327de6158ad84e0607ed6a9d55655a0ed6bf4f3e76f3435f7c4a5afa9e4c3d6,external,0,0.013945987276557 Ether
