Class,address,age,block,creator,direction,inter_direction,txFee,txhash,txn_type,type,value
1,0x4e8ecf79ade5e2c49b9e30d795517a81e0bf00b8,1533316446,6083934.0,0xf39e044e1ab204460e06e87c6dca2c6319fc69e3,IN,3,7.578e-05,0x415c309045946af07393a35a381504298a8b5dc10e5197f1ec9d03c6145f8c6d,external,0,0 Ether
1,0x4e8ecf79ade5e2c49b9e30d795517a81e0bf00b8,1533263973,6080315.0,0xf39e044e1ab204460e06e87c6dca2c6319fc69e3,IN,3,0.00015787,0x570d55df3183a1df6a8c93a8057e78eb7e8cd9af9a8f803008c5ffd16cf0b3ba,external,0,0 Ether
1,0x4e8ecf79ade5e2c49b9e30d795517a81e0bf00b8,1533251832,6079488.0,0xf39e044e1ab204460e06e87c6dca2c6319fc69e3,IN,3,0.00080577,0x8ea4195ea08bf3c09d71bf7c9c27f1e62f40f08f99202d15bbecf0e661e99683,external,0,0.028827798677086 Ether
1,0x4e8ecf79ade5e2c49b9e30d795517a81e0bf00b8,1533313779,6080752.0,0xf39e044e1ab204460e06e87c6dca2c6319fc69e3,IN,3,0.00069178,0xa821b215fa4c3b60410d4966981a7a6c14815f670b62c9899874f23128552ba5,external,0,0.05 Ether
