Class,address,age,block,creator,direction,inter_direction,txFee,txhash,txn_type,type,value
1,0x4e8ecf79ade5e2c49b9e30d795517a81e0bf00b8,1532760630,6045751.0,0xf39e044e1ab204460e06e87c6dca2c6319fc69e3,IN,3,0.00033801,0x1041c6b7d23166c9a0df028af832ca9da5321a02b7ccd503969171575e5c1b45,external,0,0.01 Ether
1,0x4e8ecf79ade5e2c49b9e30d795517a81e0bf00b8,1532957760,6059474.0,0xf39e044e1ab204460e06e87c6dca2c6319fc69e3,IN,3,0.00020989,0x16f0e3154624bbc07d984bce71307c4aa09609606bb2951a34017c2ed161d525,external,0,0.01 Ether
1,0x4e8ecf79ade5e2c49b9e30d795517a81e0bf00b8,1532965535,6060008.0,0xf39e044e1ab204460e06e87c6dca2c6319fc69e3,IN,3,6.491e-05,0x2e1c426c1793335945b7c74df88a535ef41cf10d666f565b08245fe5eb44df79,external,0,0 Ether
1,0x4e8ecf79ade5e2c49b9e30d795517a81e0bf00b8,1532714159,6042584.0,0xf39e044e1ab204460e06e87c6dca2c6319fc69e3,IN,3,0.001,0x35e02f6786f2571e60872118b3a971adf730bf5c2e559f8a5eea0c93b812ea46,external,0,0.01 Ether
1,0x4e8ecf79ade5e2c49b9e30d795517a81e0bf00b8,1532784208,6047388.0,0xf39e044e1ab204460e06e87c6dca2c6319fc69e3,IN,3,0.00030672,0x4878b79fff14f0b3b0202a9b1bf1449367f21d3aa3fd619a76940cafd3ff85c3,external,0,0.01 Ether
