Class,address,age,block,creator,direction,inter_direction,txFee,txhash,txn_type,type,value
1,0x4e8ecf79ade5e2c49b9e30d795517a81e0bf00b8,1534257894,6148468.0,0xf39e044e1ab204460e06e87c6dca2c6319fc69e3,IN,3,0.00175393,0x02e98dba9322e8c8129627e8e9450210442b595abe7869453373c8c43e9bc726,external,0,0.000107625 Ether
1,0x4e8ecf79ade5e2c49b9e30d795517a81e0bf00b8,1534267099,6149091.0,0xf39e044e1ab204460e06e87c6dca2c6319fc69e3,IN,3,0.00081628,0x07e510ca1e5330b133c4994b4b1937dd690b268fcee16284ddbc356dcbce1bc4,external,0,0.0001 Ether
1,0x4e8ecf79ade5e2c49b9e30d795517a81e0bf00b8,1533581692,6102186.0,0xf39e044e1ab204460e06e87c6dca2c6319fc69e3,IN,3,0.0038939,0x1a61ec3a163f0ce5abe20b1ad674edbe745be89e76e9e7aae1b6f137c21695cc,external,0,0.02482691962276 Ether
1,0x4e8ecf79ade5e2c49b9e30d795517a81e0bf00b8,1533423951,6091354.0,0xf39e044e1ab204460e06e87c6dca2c6319fc69e3,IN,3,0.00033875,0x1e921a066d6a4b5df0cfb4e7debf71e3c73d7f6494f696d114e66d7c4f0004ee,external,0,0.031420964258059 Ether
1,0x4e8ecf79ade5e2c49b9e30d795517a81e0bf00b8,1533581756,6102191.0,0xf39e044e1ab204460e06e87c6dca2c6319fc69e3,IN,3,0.00155859,0x35aa8deaeade8303f27d8e6f0fe6e50a61f142c1a1299810573b12671379a2c0,external,0,0.01 Ether
