Class,address,age,block,creator,direction,inter_direction,txFee,txhash,txn_type,type,value
1,0x4e8ecf79ade5e2c49b9e30d795517a81e0bf00b8,1532898706,6055408.0,0xf39e044e1ab204460e06e87c6dca2c6319fc69e3,IN,3,0.00025891,0x1078c535291ad33fbc8618e7fe431ee5cb75154a06ffd5fb80cec4749d3b2f43,external,0,0 Ether
1,0x4e8ecf79ade5e2c49b9e30d795517a81e0bf00b8,1532844107,6051607.0,0xf39e044e1ab204460e06e87c6dca2c6319fc69e3,IN,3,0.00099255,0x1978457f22d25676af253c29e35408719637898179d68cc0f01e8a8da6747879,external,0,0.10521660546439 Ether
1,0x4e8ecf79ade5e2c49b9e30d795517a81e0bf00b8,1532839099,6048248.0,0xf39e044e1ab204460e06e87c6dca2c6319fc69e3,IN,3,0.00013261,0x604334940720dba5dd9d3a20c92e63e1a1987202df7e9205dda1571d374ab091,external,0,0 Ether
1,0x4e8ecf79ade5e2c49b9e30d795517a81e0bf00b8,1532784637,6047417.0,0xf39e044e1ab204460e06e87c6dca2c6319fc69e3,IN,3,0.00066116,0x6913cf52ff7c5cbfeb552516744b0f28cea9591dec1691671567e260bb7437df,external,0,0.113657890243868 Ether
1,0x4e8ecf79ade5e2c49b9e30d795517a81e0bf00b8,1532843994,6051599.0,0xf39e044e1ab204460e06e87c6dca2c6319fc69e3,IN,3,0.00047196,0xa0ae9ad914fc23d8634783d90f4b6dc6d00238f250b6f58a37926fa43561b5a4,external,0,0.01 Ether
