Class,address,age,block,creator,direction,inter_direction,txFee,txhash,txn_type,type,value
1,0x4e8ecf79ade5e2c49b9e30d795517a81e0bf00b8,1533497403,6096386.0,0xf39e044e1ab204460e06e87c6dca2c6319fc69e3,IN,3,0.00039651,0x1796884592b3c5caa692946c6b054c4e9e7d3f2591eaf9aa7a7451e835f59509,external,0,0.0001 Ether
1,0x4e8ecf79ade5e2c49b9e30d795517a81e0bf00b8,1533528373,6095573.0,0xf39e044e1ab204460e06e87c6dca2c6319fc69e3,IN,3,0.00078,0x1db8de44545030040e33e71def82e70c195cf1a8c0b3b14de72d4fe075a0ea56,external,0,0.016024676914807 Ether
1,0x4e8ecf79ade5e2c49b9e30d795517a81e0bf00b8,1533492100,6096025.0,0xf39e044e1ab204460e06e87c6dca2c6319fc69e3,IN,3,0.00057539,0x3309d1e26653a511453a7707f57b21afec5f159285f09caff794b3f623d74c69,external,0,0.013610521978489 Ether
1,0x4e8ecf79ade5e2c49b9e30d795517a81e0bf00b8,1533497614,6096397.0,0xf39e044e1ab204460e06e87c6dca2c6319fc69e3,IN,3,0.00035209,0x4321c3ad133e13329735364405c27c84f1e69820e91004db7d09e9d1d6ac8e8f,external,0,0.0001 Ether
1,0x4e8ecf79ade5e2c49b9e30d795517a81e0bf00b8,1533494593,6096191.0,0xf39e044e1ab204460e06e87c6dca2c6319fc69e3,IN,3,5.8399999999999997e-05,0x57f72a1ad0f4162b8db4ad9f9e3c83f073f1b8ff7257542f3f0db9e55ae6789f,external,0,0 Ether
1,0x4e8ecf79ade5e2c49b9e30d795517a81e0bf00b8,1533497702,6096401.0,0xf39e044e1ab204460e06e87c6dca2c6319fc69e3,IN,3,0.00035209,0x78357fcba087352c3c03f0b3650432747ae6c2e71b02b890531dbfecd1e4eccc,external,0,0.0001 Ether
1,0x4e8ecf79ade5e2c49b9e30d795517a81e0bf00b8,1533497982,6096416.0,0xf39e044e1ab204460e06e87c6dca2c6319fc69e3,IN,3,0.00018945,0x8aacdaaa4a98341770888d4db9e03358629fa70348479d462881793411354fff,external,0,0 Ether
