Class,address,age,block,creator,direction,inter_direction,txFee,txhash,txn_type,type,value
1,0x4e8ecf79ade5e2c49b9e30d795517a81e0bf00b8,1532711556,6042415.0,0xf39e044e1ab204460e06e87c6dca2c6319fc69e3,IN,3,0.01754217,0x3346b0adfc3b612be697f6398d58ee0758835bfd4f35d91351d452359cce212c,external,0,1.281926021167582 Ether
1,0x4e8ecf79ade5e2c49b9e30d795517a81e0bf00b8,1532714522,6042611.0,0xf39e044e1ab204460e06e87c6dca2c6319fc69e3,IN,3,7.009e-05,0x414c34a3618785773016b49564e6913f7c68414003594f111f9597068f6cdeff,external,0,0 Ether
