Class,address,age,block,creator,direction,inter_direction,txFee,txhash,txn_type,type,value
1,0x7e0529eb456a7c806b5fe7b3d69a805339a06180,1537553275,6375997.0,0x8c691931c6c4ecd92ecc26f9706faaf4aebe137d,OUT,2,0.0,0x59eb9b759152c5a253ea3163e51e760aea24d9e3456f78008fc4e983aa3758aa,internal,call,0.131021071259678 Ether
1,0x7e0529eb456a7c806b5fe7b3d69a805339a06180,1537478957,6370714.0,0x8c691931c6c4ecd92ecc26f9706faaf4aebe137d,OUT,2,0.0,0x51dd1a05356ce7a96b23f597d52776b4682af3eb8f94c1bfb1bfa03d5fc7eb19,internal,call,0.081961002410261 Ether
