Class,address,age,block,creator,direction,inter_direction,txFee,txhash,txn_type,type,value
0,0x514910771af9ca656af840dff83e8264ecf986ca,1546466229,7001803.0,0xf55037738604fddfc4043d12f25124e94d7d1780,IN,3,0.00151966,0x0ecbfc929de8fb52654455efffdb69ea09b89478961c652a1bb6405062c34bba,external,0,0 Ether
0,0x514910771af9ca656af840dff83e8264ecf986ca,1546465579,7001764.0,0xf55037738604fddfc4043d12f25124e94d7d1780,IN,3,0.002091,0x6552d7dc5a6509506e21695cc20e695ade5e06ae430a97afea331006f88be53b,external,0,0 Ether
0,0x514910771af9ca656af840dff83e8264ecf986ca,1546465506,7001761.0,0xf55037738604fddfc4043d12f25124e94d7d1780,IN,3,0.001271,0x9da69b98f70ec922656c916d6e8ec8c8dc78db2565771a387f57b42a3016f2f8,external,0,0 Ether
