Class,address,age,block,creator,direction,inter_direction,txFee,txhash,txn_type,type,value
0,0x514910771af9ca656af840dff83e8264ecf986ca,1515221355,4864016.0,0xf55037738604fddfc4043d12f25124e94d7d1780,IN,3,0.00184316,0x256e8a0e0b55ad55486608f3c0675b4143d8d32a614d12cc209125536168f877,external,0,0 Ether
0,0x514910771af9ca656af840dff83e8264ecf986ca,1515073387,4854857.0,0xf55037738604fddfc4043d12f25124e94d7d1780,IN,3,0.00229435,0x82d7a417704490266609af92e544bbbc1795616115a2b424cda57ae807ce63dc,external,0,0 Ether
