Class,address,age,block,creator,direction,inter_direction,txFee,txhash,txn_type,type,value
0,0x514910771af9ca656af840dff83e8264ecf986ca,1514657542,4827353.0,0xf55037738604fddfc4043d12f25124e94d7d1780,IN,3,0.00044002,0x1ca21c22cfa5559c6e5e9cebbd993767b30d974ae39cd6a3ea9130908e1c0223,external,0,0 Ether
0,0x514910771af9ca656af840dff83e8264ecf986ca,1513562541,4753746.0,0xf55037738604fddfc4043d12f25124e94d7d1780,IN,3,0.00043026,0x1f87746fb25adef0db7cc56d33391640fd62c5bf665e8b0577e6cd8fe15c85ea,external,0,0 Ether
0,0x514910771af9ca656af840dff83e8264ecf986ca,1512884784,4708580.0,0xf55037738604fddfc4043d12f25124e94d7d1780,IN,3,0.00097306,0x43a74ce0db13b6da189ad3b841b355a4f404ebaaa13ad4b72cefd6c750bc1ac2,external,0,0 Ether
0,0x514910771af9ca656af840dff83e8264ecf986ca,1516188493,4925203.0,0xf55037738604fddfc4043d12f25124e94d7d1780,IN,3,0.00112531,0x588d211d17ce1ce3ba69d8375eb17b9bdded2a21f372f5f587fee09c72d9768f,external,0,0 Ether
