Class,address,age,block,creator,direction,inter_direction,txFee,txhash,txn_type,type,value
1,0x4e8ecf79ade5e2c49b9e30d795517a81e0bf00b8,1533444438,6089802.0,0xf39e044e1ab204460e06e87c6dca2c6319fc69e3,OUT,1,0.0,0x35e3009be0a04b64295b7e84d4cd6cbe3327aae4a3bdfc7bae381dc665bd0dfb,internal,call,0.113243066949704 Ether
1,0x4e8ecf79ade5e2c49b9e30d795517a81e0bf00b8,1532960020,6059611.0,0xf39e044e1ab204460e06e87c6dca2c6319fc69e3,OUT,1,0.0,0x4a1280b348d6ca08e20ba6708fa74aa1c6137a8aa980634a06dbffebaf9dec55,internal,call,0.135968472967559 Ether
1,0x4e8ecf79ade5e2c49b9e30d795517a81e0bf00b8,1532715276,0.0,0xf39e044e1ab204460e06e87c6dca2c6319fc69e3,OUT,1,0.0,0xab573f5a851f4a60975f5a25eee4158437db7a80290824a8d2f64629247a5ae9,internal,call,0.462936009048906 Ether
