Class,address,age,block,creator,direction,inter_direction,txFee,txhash,txn_type,type,value
1,0x4e8ecf79ade5e2c49b9e30d795517a81e0bf00b8,1533707660,6110815.0,0xf39e044e1ab204460e06e87c6dca2c6319fc69e3,OUT,2,0.0,0xe3ceeb3055c0d444aada0d221605981d1c0947dd4f285ac07715c55107b91a81,internal,call,0.069258224961664 Ether
1,0x4e8ecf79ade5e2c49b9e30d795517a81e0bf00b8,1533529392,6095645.0,0xf39e044e1ab204460e06e87c6dca2c6319fc69e3,OUT,1,0.0,0x8fe90485371b85522de5da5b9e322b951d16899ed4d64679e6b10476148a8f91,internal,call,0.129017390003378 Ether
