Class,address,age,block,creator,direction,inter_direction,txFee,txhash,txn_type,type,value
0,0xaaab2ec23dd5dd9602e631b8399fa94c9d134b3a,1503072379,0.0,0x5cd9f1c602ca78444142568958151027b1334d36,OUT,1,0.0,0x89bb716490689ff3b5558556a8d718f099c3ebbf37a51bc13ee23bbf3d5a8a5e,internal,call,29.166779299999998 Ether
0,0xaaab2ec23dd5dd9602e631b8399fa94c9d134b3a,1503072241,0.0,0x5cd9f1c602ca78444142568958151027b1334d36,OUT,1,0.0,0x528d65a4d11402bf0e7874bb40356fcbf46a3179602c7cf2b530b0b93c22f9d5,internal,call,29.2155931 Ether
0,0xaaab2ec23dd5dd9602e631b8399fa94c9d134b3a,1503072133,0.0,0x5cd9f1c602ca78444142568958151027b1334d36,OUT,1,0.0,0x7376d41fbe87fa2ca27d5417347cc9088ff10105a669a83f82b62cfef732d161,internal,call,29.24 Ether
0,0xaaab2ec23dd5dd9602e631b8399fa94c9d134b3a,1503072272,0.0,0x5cd9f1c602ca78444142568958151027b1334d36,OUT,2,0.0,0xf5e34fa640e1beb0065a377565c278d9a4ab36a87e391f0b0da4354849178c62,internal,call,29.2155931 Ether
