Class,address,age,block,creator,direction,inter_direction,txFee,txhash,txn_type,type,value
1,0x536a6ba0d913d5d6a4ce2c6eb7ed0de3c0f0b89e,1537968251,6405208.0,0xb648cc3367571c9166e966d1eb97de3f9ebfb8fd,IN,3,0.00035695,0x00b16fb28ffbb2b63aa6356417df9897d64991583bfde5018977b22214c0ea23,external,0,0 Ether
1,0x536a6ba0d913d5d6a4ce2c6eb7ed0de3c0f0b89e,1537186910,6350339.0,0xb648cc3367571c9166e966d1eb97de3f9ebfb8fd,IN,3,0.00044624,0x2c484e83194f28cdfe716e8e82c2fb9ee55fa5ed1d34c93ab3d15e4a5ce96b24,external,0,0.2 Ether
1,0x536a6ba0d913d5d6a4ce2c6eb7ed0de3c0f0b89e,1537361555,6362588.0,0xb648cc3367571c9166e966d1eb97de3f9ebfb8fd,IN,3,0.00023473,0x833a4dc75dfa982e50aab2977215cc640761ff4cc2c5894647f71ed6d9978975,external,0,0 Ether
1,0x536a6ba0d913d5d6a4ce2c6eb7ed0de3c0f0b89e,1537274657,6356435.0,0xb648cc3367571c9166e966d1eb97de3f9ebfb8fd,IN,3,0.00022722,0x9e344a2d7e5bca8912270ba86d9090d706c87fdd99b7a3269e6a73982efe43cb,external,0,0 Ether
