Class,address,age,block,creator,direction,inter_direction,txFee,txhash,txn_type,type,value
1,0x536a6ba0d913d5d6a4ce2c6eb7ed0de3c0f0b89e,1537367753,6363007.0,0xb648cc3367571c9166e966d1eb97de3f9ebfb8fd,IN,3,0.00047466,0x3b109ba7b783badcf6fda16356fabcface39052fd7837ce70b9bfb8bdc8014db,external,0,0.364 Ether
1,0x536a6ba0d913d5d6a4ce2c6eb7ed0de3c0f0b89e,1537990604,6406813.0,0xb648cc3367571c9166e966d1eb97de3f9ebfb8fd,IN,3,0.00034919,0x44c708a2812dc5c64115c5651afec07cefe1603709a4029e2249eb44f3c3387c,external,0,0 Ether
1,0x536a6ba0d913d5d6a4ce2c6eb7ed0de3c0f0b89e,1537817351,6394576.0,0xb648cc3367571c9166e966d1eb97de3f9ebfb8fd,IN,3,0.00038799,0x4510e69077c9b5bf52d2c407c5f1f5aadad4d28817f8ce134c85b2094d18bfb9,external,0,0 Ether
1,0x536a6ba0d913d5d6a4ce2c6eb7ed0de3c0f0b89e,1537367448,6362988.0,0xb648cc3367571c9166e966d1eb97de3f9ebfb8fd,IN,3,0.00018304,0x58cf7fe6a0048cb3c138ecc6d1bcfaa926ae4b6e4a413edfe2870d2cbfb64f0d,external,0,0 Ether
1,0x536a6ba0d913d5d6a4ce2c6eb7ed0de3c0f0b89e,1537903962,6400701.0,0xb648cc3367571c9166e966d1eb97de3f9ebfb8fd,IN,3,0.00038799,0x5ceb4b3359d495f94af4e1835b8a7ca70ca23f7085440b1cc68eef0ba3a973a7,external,0,0 Ether
1,0x536a6ba0d913d5d6a4ce2c6eb7ed0de3c0f0b89e,1537644034,6382343.0,0xb648cc3367571c9166e966d1eb97de3f9ebfb8fd,IN,3,0.00023733,0x5e430d93db3be856584266acbf19b2e5e20ea2858188a71f1770939d5c875449,external,0,0.8 Ether
1,0x536a6ba0d913d5d6a4ce2c6eb7ed0de3c0f0b89e,1537730477,6388431.0,0xb648cc3367571c9166e966d1eb97de3f9ebfb8fd,IN,3,0.00023279,0x75b05934bfc8fa0563aa148ff7fa0ac5a984ee7f8b3da90fdf7e6447f3b98fda,external,0,0 Ether
1,0x536a6ba0d913d5d6a4ce2c6eb7ed0de3c0f0b89e,1537367274,6362974.0,0xb648cc3367571c9166e966d1eb97de3f9ebfb8fd,IN,3,0.00027159,0x8304db2ef91eef3fe62fc012f29535a09d8ae831edc56a60e25257f919380e69,external,0,0 Ether
1,0x536a6ba0d913d5d6a4ce2c6eb7ed0de3c0f0b89e,1537643397,6382300.0,0xb648cc3367571c9166e966d1eb97de3f9ebfb8fd,IN,3,0.00015519,0x8b3b46fe800a148bd2aaaba64dc98948047ec6419ac967ff3cba93c7e485b0c1,external,0,0 Ether
