Class,address,age,block,creator,direction,inter_direction,txFee,txhash,txn_type,type,value
1,0x536a6ba0d913d5d6a4ce2c6eb7ed0de3c0f0b89e,1538045412,6410630.0,0xb648cc3367571c9166e966d1eb97de3f9ebfb8fd,IN,3,0.0002327,0x170ccb7caa639e5018e69a87013e18b21a6456c89e30c8fe457fdfde500c3e74,external,0,0 Ether
1,0x536a6ba0d913d5d6a4ce2c6eb7ed0de3c0f0b89e,1537806929,6390796.0,0xb648cc3367571c9166e966d1eb97de3f9ebfb8fd,IN,3,0.00019399,0x4fe7e376334e2d1c24f20dc931c6c8a38ce85fdcc7bd0a25b79c91fe4fa20745,external,0,0 Ether
1,0x536a6ba0d913d5d6a4ce2c6eb7ed0de3c0f0b89e,1537894466,6396973.0,0xb648cc3367571c9166e966d1eb97de3f9ebfb8fd,IN,3,0.00019399,0x540095aa02646037c9f76faee9b593370eabbd4390e62ceaedfa595cf138a580,external,0,0 Ether
1,0x536a6ba0d913d5d6a4ce2c6eb7ed0de3c0f0b89e,1537943943,6403520.0,0xb648cc3367571c9166e966d1eb97de3f9ebfb8fd,IN,3,0.00053399,0x63729e512993ec92039d9f4288493aa85109791d352b32ab9fb77cfa3b8f6539,external,0,0.078 Ether
1,0x536a6ba0d913d5d6a4ce2c6eb7ed0de3c0f0b89e,1537807394,6390829.0,0xb648cc3367571c9166e966d1eb97de3f9ebfb8fd,IN,3,0.00029666,0xaec838a0bd70c42c2a447c14c78d851ed50303bf0f6068eb90b62d6aab258fb9,external,0,0.08 Ether
