Class,address,age,block,creator,direction,inter_direction,txFee,txhash,txn_type,type,value
0,0x55d34b686aa8c04921397c5807db9ecedba00a4c,1497953948,3904390.0,0x6b9ef02657339310e28a7a9d4b5f25f7c1f68d61,IN,3,0.0062949,0x0190f5ad7ff3eaf3722688ee8252ae731ecf019b392a3347008cbe2ee416cd70,external,0,2.2 Ether
0,0x55d34b686aa8c04921397c5807db9ecedba00a4c,1498014942,3907912.0,0x6b9ef02657339310e28a7a9d4b5f25f7c1f68d61,IN,3,0.00250055,0x08c5ec9e01a560270da55063344b2d2a907c0a9adcfabfc347ccbc03ac31546f,external,0,0.1698 Ether
0,0x55d34b686aa8c04921397c5807db9ecedba00a4c,1497984820,3906210.0,0x6b9ef02657339310e28a7a9d4b5f25f7c1f68d61,IN,3,0.004857,0x0900f3396cbbe26f3cf6d6e8bdb590652139ec76a2d464d826d85541e3d017d8,external,0,0.1 Ether
0,0x55d34b686aa8c04921397c5807db9ecedba00a4c,1498005985,3907383.0,0x6b9ef02657339310e28a7a9d4b5f25f7c1f68d61,IN,3,0.00492965,0x122dc0decfdbed9f018f1e97545f56ea39aaafea350c516dadfecc54620fa807,external,0,0.1689 Ether
0,0x55d34b686aa8c04921397c5807db9ecedba00a4c,1497982960,3906090.0,0x6b9ef02657339310e28a7a9d4b5f25f7c1f68d61,IN,3,0.004857,0x17b42e660d4d87c142a64a56231098734994d85df191e52ba09dcd041c88f4ba,external,0,0.1 Ether
0,0x55d34b686aa8c04921397c5807db9ecedba00a4c,1498001952,3907163.0,0x6b9ef02657339310e28a7a9d4b5f25f7c1f68d61,IN,3,0.004857,0x304523dd722195bf90ead0dbf2c226f7d4069ad9983c6aa1179f82d44d05e974,external,0,0.1 Ether
