Class,address,age,block,creator,direction,inter_direction,txFee,txhash,txn_type,type,value
1,0x9b5bbb16a7a68660f6503eff6c8e3159820d6396,1539608675,6521831.0,0xdacca760db181e54d96b9a061acc0d2d48a05593,OUT,2,0.0,0xf23dfc6594dd6ec7a7592c1d37d61b55535890e786e3695977b63a834730038a,internal,call,0.1373094409375 Ether
1,0x9b5bbb16a7a68660f6503eff6c8e3159820d6396,1540216436,6564866.0,0xdacca760db181e54d96b9a061acc0d2d48a05593,OUT,2,0.0,0x12dc5d9fd6a95a36be2a1811abf49103934ead0364ddba5bb547edbc4382dfb5,internal,call,0.0739358528125 Ether
