Class,address,age,block,creator,direction,inter_direction,txFee,txhash,txn_type,type,value
1,0x4e8ecf79ade5e2c49b9e30d795517a81e0bf00b8,1532976768,6060772.0,0xf39e044e1ab204460e06e87c6dca2c6319fc69e3,OUT,1,0.0,0x893b41ca5a3330040aa8c63b9d61ca0f406bab95b525a348956aadbccb996381,internal,call,0.327525920582642 Ether
1,0x4e8ecf79ade5e2c49b9e30d795517a81e0bf00b8,1533076637,6067550.0,0xf39e044e1ab204460e06e87c6dca2c6319fc69e3,OUT,1,0.0,0x7fd468ab63f606fb399d26b559affb403f0d3c6825f66bf9df9e7d79d0d63a0d,internal,call,0.028684386105638 Ether
