Class,address,age,block,creator,direction,inter_direction,txFee,txhash,txn_type,type,value
0,0x5af2be193a6abca9c8817001f45744777db30756,1523105514,5399266.0,0x1e10231145c0b670e9ee5a7f5b47172afa3b6186,IN,3,0.00011200000000000001,0x1d658cadb982fedaa3063753ce3642bf10d34e0f0f57a0cd4dcbf01380e0bb55,external,0,0 Ether
0,0x5af2be193a6abca9c8817001f45744777db30756,1512713050,4697068.0,0x1e10231145c0b670e9ee5a7f5b47172afa3b6186,IN,3,0.00130291,0x9e4407acd6718625ec4fb02fd3b7d698dbabd51eabe5a90e4fb0e05ba73de707,external,0,0 Ether
