Class,address,age,block,creator,direction,inter_direction,txFee,txhash,txn_type,type,value
0,0x5af2be193a6abca9c8817001f45744777db30756,1511832366,4636984.0,0x1e10231145c0b670e9ee5a7f5b47172afa3b6186,IN,3,0.00052272,0x64136ad815c734c77e4f3d8ca280ec53547fca069f4c64fef3b2092192c6ebc4,external,0,0 Ether
0,0x5af2be193a6abca9c8817001f45744777db30756,1511832610,4636999.0,0x1e10231145c0b670e9ee5a7f5b47172afa3b6186,IN,3,0.00037336,0x72d736af9bf62a25688c319e43ca08828a205a4e25c0f21dcc238207638b6c80,external,0,0 Ether
