Class,address,age,block,creator,direction,inter_direction,txFee,txhash,txn_type,type,value
0,0x8d12a197cb00d4747a1fe03395095ce2a5cc6819,1533233882,6078291.0,0x1ed014aec47fae44c9e55bac7662c0b78ae61798,OUT,2,0.0,0xec85b1087ed08c9a258c8ae9f3eff02fc17b6efbe745864545e3c2743b9f5bb3,internal,call,0.610831893696963 Ether
0,0x8d12a197cb00d4747a1fe03395095ce2a5cc6819,1532113022,6001519.0,0x1ed014aec47fae44c9e55bac7662c0b78ae61798,OUT,2,0.0,0xca9c1c5ad94f201999eaa66e4e6c9950f8f0a797e7c1437a6faf36e88d7a911b,internal,call,0.29567297859 Ether
0,0x8d12a197cb00d4747a1fe03395095ce2a5cc6819,1531950636,5990529.0,0x1ed014aec47fae44c9e55bac7662c0b78ae61798,OUT,2,0.0,0x8d7813a93218cf872fbd36829168ba6fc5bdea0a2fb90ad2a20e1e96535563c6,internal,call,0.025483497877 Ether
