Class,address,age,block,creator,direction,inter_direction,txFee,txhash,txn_type,type,value
1,0x9d68a447a8718ef30645d23d423be1ea6b7d370f,1538057911,6411530.0,0xbfb297616ffa0124a288e212d1e6df5299c9f8d0,OUT,2,0.0,0xcad5024a2b4c0f8aade5ec0da7e81b60342c6b385ac3334852ea423592e32927,internal,call,0.007594791666666 Ether
1,0x9d68a447a8718ef30645d23d423be1ea6b7d370f,1538038870,6410167.0,0xbfb297616ffa0124a288e212d1e6df5299c9f8d0,OUT,2,0.0,0xf92dc48e11825541c0e02981e3f55f834717437dc2301f44229a39f92b453a9b,internal,call,0.005151041666666 Ether
