Class,address,age,block,creator,direction,inter_direction,txFee,txhash,txn_type,type,value
0,0x5d65d971895edc438f465c17db6992698a52318d,1522993816,5391411.0,0x089731260b16eab0b941cc060ad078fbcda64986,IN,3,0.00010723,0x01f12a3705103709c2d4adef900f39028157d68d50c589a163d069c878139472,external,0,0 Ether
0,0x5d65d971895edc438f465c17db6992698a52318d,1523382808,5418681.0,0x089731260b16eab0b941cc060ad078fbcda64986,IN,3,0.00010723,0x305d1d28021ded8088538724b186fd8684728f4b1679ca83102bb4a4afeb5598,external,0,0 Ether
0,0x5d65d971895edc438f465c17db6992698a52318d,1522076359,5327798.0,0x089731260b16eab0b941cc060ad078fbcda64986,IN,3,0.00017119,0x349c75ef73359025a84b1875920e77910b8171ee336ca4c285f30ad4720f1d6a,external,0,0 Ether
0,0x5d65d971895edc438f465c17db6992698a52318d,1522171601,5334340.0,0x089731260b16eab0b941cc060ad078fbcda64986,IN,3,0.00016413,0x5ef666e5aa0e4bd3dde74098c9d0ace736691dfc1a312f430b60a654d628e61d,external,0,0 Ether
0,0x5d65d971895edc438f465c17db6992698a52318d,1522104160,5329717.0,0x089731260b16eab0b941cc060ad078fbcda64986,IN,3,0.00017069,0x6e000741c8045c404eea9dc34fa0a85493856781d0f15d55b88c2582343a1a0d,external,0,0 Ether
0,0x5d65d971895edc438f465c17db6992698a52318d,1522444229,5352985.0,0x089731260b16eab0b941cc060ad078fbcda64986,IN,3,0.00016413,0x8a7f4c8507238852598156de72e1b443ef3fdb29d0b1bb73e80b94a037d7f271,external,0,0 Ether
