Class,address,age,block,creator,direction,inter_direction,txFee,txhash,txn_type,type,value
0,0x8d12a197cb00d4747a1fe03395095ce2a5cc6819,1534458939,6162247.0,0x1ed014aec47fae44c9e55bac7662c0b78ae61798,OUT,2,0.0,0xd66d858578e98437ba7cadec7b732fa6ddd9b5878529a86727b4dbf56fcc9689,internal,call,0.096527039203469 Ether
0,0x8d12a197cb00d4747a1fe03395095ce2a5cc6819,1531756897,5974594.0,0x1ed014aec47fae44c9e55bac7662c0b78ae61798,OUT,2,0.0,0xc75778fcf3732194af6586c825d5bf80e2bde5ea4fdef2d175c73974fb00ae79,internal,call,0.4849405 Ether
