Class,address,age,block,creator,direction,inter_direction,txFee,txhash,txn_type,type,value
1,0x4e8ecf79ade5e2c49b9e30d795517a81e0bf00b8,1533124561,6070767.0,0xf39e044e1ab204460e06e87c6dca2c6319fc69e3,OUT,1,0.0,0x37a6485539129466e0f2cd757c78ded77a92ee95db96143b236419e46acc1335,internal,call,0.006002619678276 Ether
1,0x4e8ecf79ade5e2c49b9e30d795517a81e0bf00b8,1532972932,6060508.0,0xf39e044e1ab204460e06e87c6dca2c6319fc69e3,OUT,1,0.0,0x99e1e914c53c2f5b435270f549fa41b56313f640e8bf2bbe14b833cc9cc0f431,internal,call,0.037431166617814 Ether
1,0x4e8ecf79ade5e2c49b9e30d795517a81e0bf00b8,1533172103,6074096.0,0xf39e044e1ab204460e06e87c6dca2c6319fc69e3,OUT,1,0.0,0x3af4961a03b837dbd794c742999ab5f226389f169f444aa395279cb4bf030443,internal,call,0.007922838303446 Ether
1,0x4e8ecf79ade5e2c49b9e30d795517a81e0bf00b8,1532723871,0.0,0xf39e044e1ab204460e06e87c6dca2c6319fc69e3,OUT,1,0.0,0x31bc04f0d5a7da828c3c80daa2ee469d9ac3f222bbd0511ad34ab204f3449827,internal,call,0.043784020636554 Ether
