Class,address,age,block,creator,direction,inter_direction,txFee,txhash,txn_type,type,value
1,0x8036165ccabee251c886d6121b047c16b5e798b5,1524277431,5479446.0,0x4be640dcce08e68ede454202fbc59cf5f9e8ea1f,OUT,2,0.0,0x07469b3fcf10d758aef7d1fc741c7db8a78540c5362384ad6e2c951d2b793e24,internal,call,0.096004015958508 Ether
1,0x8036165ccabee251c886d6121b047c16b5e798b5,1523739760,5443166.0,0x4be640dcce08e68ede454202fbc59cf5f9e8ea1f,OUT,2,0.0,0x36526f14a847c2cbd50423944ce857e59c525c0e1edee3c9c308c369fa4b7d41,internal,call,0.076892180817426 Ether
