Class,address,age,block,creator,direction,inter_direction,txFee,txhash,txn_type,type,value
1,0x7b307c1f0039f5d38770e15f8043b3dd26da5e8f,1539148721,6489099.0,0xe1f3294e25bb72a2fb53addb82aa1a033797e6e3,OUT,1,0.0,0x2a0855c2988cff7e04d839bda6e5c424e78ba357e5bda013033a4fe064d74db4,internal,call,0.047567728813559 Ether
1,0x7b307c1f0039f5d38770e15f8043b3dd26da5e8f,1540137997,6556278.0,0xe1f3294e25bb72a2fb53addb82aa1a033797e6e3,OUT,2,0.0,0xfd154edeca04b4878a012945423f8ca61023aed5b4ac9c56e8f92f4354c1c981,internal,call,0.020376406779661 Ether
1,0x7b307c1f0039f5d38770e15f8043b3dd26da5e8f,1539791615,6534810.0,0xe1f3294e25bb72a2fb53addb82aa1a033797e6e3,OUT,1,0.0,0x84772900cce3fbadb886e466f8922bca56b4ce12b9ca6674f8fd97b6c3273ce3,internal,call,0.043386711864406 Ether
1,0x7b307c1f0039f5d38770e15f8043b3dd26da5e8f,1540215413,6564786.0,0xe1f3294e25bb72a2fb53addb82aa1a033797e6e3,OUT,1,0.0,0x000b7426c0ef6c2a8114b8e507e73e73c4a9b7b9ff34a7dedbe405782febd02f,internal,call,0.008075389830508 Ether
1,0x7b307c1f0039f5d38770e15f8043b3dd26da5e8f,1538447309,6438983.0,0xe1f3294e25bb72a2fb53addb82aa1a033797e6e3,OUT,2,0.0,0xe45ec114beae501a1df492cb259231edf0431e91ec70a191f9c210a38b7a20a8,internal,call,0.00016406779661 Ether
1,0x7b307c1f0039f5d38770e15f8043b3dd26da5e8f,1537091046,6343595.0,0xe1f3294e25bb72a2fb53addb82aa1a033797e6e3,OUT,2,0.0,0xef027da06c28f11675152d71faa4f9476bdfaacc1e2be33ebdcac50295c3aabc,internal,call,0.011403661016949 Ether
1,0x7b307c1f0039f5d38770e15f8043b3dd26da5e8f,1540258864,6567888.0,0xe1f3294e25bb72a2fb53addb82aa1a033797e6e3,OUT,1,0.0,0x1c2aca0a3376d65e6f5cc6a82ff6fe121a59328784cd6117e93dc97ac0ce83a5,internal,call,0.00294427118644 Ether
1,0x7b307c1f0039f5d38770e15f8043b3dd26da5e8f,1537517677,6373405.0,0xe1f3294e25bb72a2fb53addb82aa1a033797e6e3,OUT,1,0.0,0x312af0d563067d6f5c2ae2c5a635a918241938a426d05b716497c20a4b5013ec,internal,call,0.012126101694915 Ether
1,0x7b307c1f0039f5d38770e15f8043b3dd26da5e8f,1538443957,0.0,0xe1f3294e25bb72a2fb53addb82aa1a033797e6e3,OUT,2,0.0,0xb7ff22c99e354808b07205ac00153a2966e394c8f15ac331ec3a765aa8caea28,internal,call,0.026586305084745 Ether
