Class,address,age,block,creator,direction,inter_direction,txFee,txhash,txn_type,type,value
0,0x55d34b686aa8c04921397c5807db9ecedba00a4c,1498000348,0.0,0x6b9ef02657339310e28a7a9d4b5f25f7c1f68d61,OUT,1,0.0,0x1b8ea245d416e7a781b483fb1064c3f550b36390b3cd056c10ab8d10a7f71d31,internal,call,5.529414448541484 Ether
0,0x55d34b686aa8c04921397c5807db9ecedba00a4c,1498015455,0.0,0x6b9ef02657339310e28a7a9d4b5f25f7c1f68d61,OUT,1,0.0,0x35685c209576475377f876d5e35fe491bf45b9ebc613020032e4886902f877df,internal,call,3.2116 Ether
0,0x55d34b686aa8c04921397c5807db9ecedba00a4c,1498006961,0.0,0x6b9ef02657339310e28a7a9d4b5f25f7c1f68d61,OUT,1,0.0,0x04b4b105ec010724b0ee94430c12c7fb0ae18e036c8309d8ebd1d434f7486b64,internal,call,2.7577 Ether
0,0x55d34b686aa8c04921397c5807db9ecedba00a4c,1497995799,0.0,0x6b9ef02657339310e28a7a9d4b5f25f7c1f68d61,OUT,1,0.0,0x16dc00a7d25176da8d9c091915dc6f0b5b1636db28a4f1e79cb7c63b8fe88b26,internal,call,11.69537030295107 Ether
0,0x55d34b686aa8c04921397c5807db9ecedba00a4c,1498010601,0.0,0x6b9ef02657339310e28a7a9d4b5f25f7c1f68d61,OUT,1,0.0,0x1b73d4a6a2426d3194e821c73b3dd346b0672d0a15e9809edf0a81dfb6515db0,internal,call,1.7081 Ether
0,0x55d34b686aa8c04921397c5807db9ecedba00a4c,1498013709,0.0,0x6b9ef02657339310e28a7a9d4b5f25f7c1f68d61,OUT,1,0.0,0x3cf3a1575ca0ec6eeaf9120141e16822aab838f7e0d0743c3be1a9f46229d43a,internal,call,2.6527 Ether
