Class,address,age,block,creator,direction,inter_direction,txFee,txhash,txn_type,type,value
0,0x67a5de922c1f4d1a4dbd848466b86b5455fb6a3b,1540249471,6567235.0,0x7ce6c6f1002e5ad54c3d8326fddcf2fc78b80277,OUT,2,0.0,0xb4b249263a09e66693e1d5a4f151162cb2de30076277b4afe84e06911be3a18c,internal,call,0.003562962962962 Ether
0,0x67a5de922c1f4d1a4dbd848466b86b5455fb6a3b,1540178270,6562199.0,0x7ce6c6f1002e5ad54c3d8326fddcf2fc78b80277,OUT,2,0.0,0xdca653c4f6030e03ee18bafd43da3027a3181ed4d987e5b0f7f8f4e8ee5bb0aa,internal,call,0.00354537037037 Ether
0,0x67a5de922c1f4d1a4dbd848466b86b5455fb6a3b,1543394606,6789221.0,0x7ce6c6f1002e5ad54c3d8326fddcf2fc78b80277,OUT,2,0.0,0xc09ebe15b914ac99faa39e8c815be528aac3c82731d0422d925082dcf6334cc1,internal,call,0.00018586419753 Ether
0,0x67a5de922c1f4d1a4dbd848466b86b5455fb6a3b,1540117143,6557845.0,0x7ce6c6f1002e5ad54c3d8326fddcf2fc78b80277,OUT,1,0.0,0x3bbed846598e3e459da3f25e411b75f4bf34f927e20bc6dd7e1fde442827463b,internal,call,0.003497222222222 Ether
0,0x67a5de922c1f4d1a4dbd848466b86b5455fb6a3b,1540485132,6580859.0,0x7ce6c6f1002e5ad54c3d8326fddcf2fc78b80277,OUT,1,0.0,0x4ce3fc0785a0fcbec9aa52c52825e3ce2c7743a23660bb0f2e53178d0ab46dd8,internal,call,0.000099788194444 Ether
0,0x67a5de922c1f4d1a4dbd848466b86b5455fb6a3b,1547041793,7039022.0,0x7ce6c6f1002e5ad54c3d8326fddcf2fc78b80277,OUT,1,0.0,0x4392fb384b1bb72e1754d10c5c71b10a5d9b2e85efc26d1648be15bbc0c20d72,internal,call,0.007973207847222 Ether
0,0x67a5de922c1f4d1a4dbd848466b86b5455fb6a3b,1547246825,7052238.0,0x7ce6c6f1002e5ad54c3d8326fddcf2fc78b80277,OUT,2,0.0,0x68eb4a0aaafee9b0fd46115ede1266c72671f738a2d6beb037808331ca2f8235,internal,call,0.000521759259259 Ether
0,0x67a5de922c1f4d1a4dbd848466b86b5455fb6a3b,1540636832,6594690.0,0x7ce6c6f1002e5ad54c3d8326fddcf2fc78b80277,OUT,2,0.0,0x9a12b7dc90011a8d84c9a53c87a006b0c0c1f12d5ce1e98ec31a3a35ad3edf1d,internal,call,0.0009625 Ether
