Class,address,age,block,creator,direction,inter_direction,txFee,txhash,txn_type,type,value
1,0x4e8ecf79ade5e2c49b9e30d795517a81e0bf00b8,1541356813,6645482.0,0xf39e044e1ab204460e06e87c6dca2c6319fc69e3,OUT,1,0.0,0x6acbf44eb8a82078735f6a338f040179041272196bfe898a09257c56a03b5a74,internal,call,0.242885814417353 Ether
1,0x4e8ecf79ade5e2c49b9e30d795517a81e0bf00b8,1532775824,6046824.0,0xf39e044e1ab204460e06e87c6dca2c6319fc69e3,OUT,2,0.0,0xbd32882637664dd93adace6960806257a069dbb2f59a493c1650c5c7d1d269ce,internal,call,0.595069995593305 Ether
1,0x4e8ecf79ade5e2c49b9e30d795517a81e0bf00b8,1533012214,0.0,0xf39e044e1ab204460e06e87c6dca2c6319fc69e3,OUT,2,0.0,0xfdc473ca4887cbdc572f1b87c673a264fcb1bcc3eddc9bcbbcb4b1b94208c7f6,internal,call,0.413594745104033 Ether
1,0x4e8ecf79ade5e2c49b9e30d795517a81e0bf00b8,1532718013,0.0,0xf39e044e1ab204460e06e87c6dca2c6319fc69e3,OUT,1,0.0,0xaa7f3800f03caa57da3464610554bfc4670ff66feae6c7e9d7ac0ecd2e0bda24,internal,call,0.72 Ether
