Class,address,age,block,creator,direction,inter_direction,txFee,txhash,txn_type,type,value
1,0x8036165ccabee251c886d6121b047c16b5e798b5,1523394510,5419476.0,0x4be640dcce08e68ede454202fbc59cf5f9e8ea1f,OUT,2,0.0,0x9886c9ac66ddf943f7f9dbc1bb5342d1b91aedcc14df8ab4905e271ef8b501ba,internal,call,0.000764528071873 Ether
1,0x8036165ccabee251c886d6121b047c16b5e798b5,1523291380,5409229.0,0x4be640dcce08e68ede454202fbc59cf5f9e8ea1f,OUT,2,0.0,0xd91ff6e9da537d5ebe097d553791931e4f3060109fa9460016f567bb908dcec5,internal,call,0.000698816110293 Ether
1,0x8036165ccabee251c886d6121b047c16b5e798b5,1527675701,5703996.0,0x4be640dcce08e68ede454202fbc59cf5f9e8ea1f,OUT,2,0.0,0x4eb59b81bb5586cd7607c9ac86d046a08c3fd60a17b4a1dc5549211e27fe837e,internal,call,0.007846887320192 Ether
1,0x8036165ccabee251c886d6121b047c16b5e798b5,1524133438,5469798.0,0x4be640dcce08e68ede454202fbc59cf5f9e8ea1f,OUT,2,0.0,0x6074c97f0770346ec1f095786e44761164d364ae64fae5258f4eb0999d0be490,internal,call,0.000831342872315 Ether
1,0x8036165ccabee251c886d6121b047c16b5e798b5,1523201679,5406023.0,0x4be640dcce08e68ede454202fbc59cf5f9e8ea1f,OUT,2,0.0,0x342d26017ebb93e3f0b4969bfac326588deb54c6b064f63756f5907c7e7fb2db,internal,call,0.001147714292825 Ether
