Class,address,age,block,creator,direction,inter_direction,txFee,txhash,txn_type,type,value
1,0x9b5bbb16a7a68660f6503eff6c8e3159820d6396,1540008042,6547047.0,0xdacca760db181e54d96b9a061acc0d2d48a05593,OUT,2,0.0,0x3c2f98b007c246656ae6278d75475c3733f68898abfa5baa23c63aea263ac9fa,internal,call,0.197625 Ether
1,0x9b5bbb16a7a68660f6503eff6c8e3159820d6396,1540444674,6581061.0,0xdacca760db181e54d96b9a061acc0d2d48a05593,OUT,2,0.0,0xb629b87ffae881843899d72d0a92f93b4f26cdffe94e42353d53ccd71bc9cbf6,internal,call,0.07905 Ether
1,0x9b5bbb16a7a68660f6503eff6c8e3159820d6396,1539012301,6479375.0,0xdacca760db181e54d96b9a061acc0d2d48a05593,OUT,2,0.0,0x1bd987728767d31df8608a178be50561b0b04a40693a044cfb7c932c4a245bf6,internal,call,0.1581 Ether
1,0x9b5bbb16a7a68660f6503eff6c8e3159820d6396,1538666325,6454595.0,0xdacca760db181e54d96b9a061acc0d2d48a05593,OUT,2,0.0,0x0844275d1d5de97b71252357cf84a68eb3fc5493ce879b453d97c48ed2464190,internal,call,0.07905 Ether
1,0x9b5bbb16a7a68660f6503eff6c8e3159820d6396,1538491278,6442192.0,0xdacca760db181e54d96b9a061acc0d2d48a05593,OUT,2,0.0,0x42ef8fb8d4a3202093f12977f09ee5a76a486f5d031af9f1030fd304831dd829,internal,call,0.118575 Ether
1,0x9b5bbb16a7a68660f6503eff6c8e3159820d6396,1540250816,6567339.0,0xdacca760db181e54d96b9a061acc0d2d48a05593,OUT,2,0.0,0x052da024a2d2e5bbcce7ff49ce8f860ba232bb103ecafb514ca50f740ee20ffb,internal,call,0.118575 Ether
1,0x9b5bbb16a7a68660f6503eff6c8e3159820d6396,1539272605,6497901.0,0xdacca760db181e54d96b9a061acc0d2d48a05593,OUT,2,0.0,0x4701dcc043e206aa84ca3875d224969d3bd4b5438aa491da0ccf9e01361958ce,internal,call,0.118575 Ether
1,0x9b5bbb16a7a68660f6503eff6c8e3159820d6396,1539531748,6516409.0,0xdacca760db181e54d96b9a061acc0d2d48a05593,OUT,2,0.0,0x2d100afdfc6cba1b18ca1775a27f8d9fb434c00ecc5cc87917eaa09bff31af87,internal,call,0.07905 Ether
1,0x9b5bbb16a7a68660f6503eff6c8e3159820d6396,1540539205,6587773.0,0xdacca760db181e54d96b9a061acc0d2d48a05593,OUT,2,0.0,0xc07033accae7bfcd658fabd74fa07660048445dd19f5d45d69cc9c6a0aed7a64,internal,call,0.039525 Ether
