Class,address,age,block,creator,direction,inter_direction,txFee,txhash,txn_type,type,value
1,0x4e8ecf79ade5e2c49b9e30d795517a81e0bf00b8,1535017999,6200471.0,0xf39e044e1ab204460e06e87c6dca2c6319fc69e3,OUT,1,0.0,0x845e0996d44c7ac24b30b2f2eba97a129a3e13159e7586c37014ce5e47ec01b9,internal,call,0.000766493295648 Ether
1,0x4e8ecf79ade5e2c49b9e30d795517a81e0bf00b8,1534999007,6196280.0,0xf39e044e1ab204460e06e87c6dca2c6319fc69e3,OUT,1,0.0,0x3e019afcb14174d01d920c77b0e35480518634b92ebfa6afa291ed3c598f9ef6,internal,call,0.007969343143697 Ether
1,0x4e8ecf79ade5e2c49b9e30d795517a81e0bf00b8,1535039050,6201916.0,0xf39e044e1ab204460e06e87c6dca2c6319fc69e3,OUT,1,0.0,0xa537c7503ec3a3f582c844b9e83357c614bee554cedbac1c75e7fc76b1d010ee,internal,call,0.011976636692548 Ether
1,0x4e8ecf79ade5e2c49b9e30d795517a81e0bf00b8,1535227085,6214855.0,0xf39e044e1ab204460e06e87c6dca2c6319fc69e3,OUT,2,0.0,0xb645d77efff4e8ddf00923c5073f604736d3a2e367af9007235dd37be4945a8a,internal,call,0.00101311386978 Ether
1,0x4e8ecf79ade5e2c49b9e30d795517a81e0bf00b8,1532765056,6046073.0,0xf39e044e1ab204460e06e87c6dca2c6319fc69e3,OUT,1,0.0,0xaee2e91ccc0ae3e562984a475e32d6fa9caf6e0305144e1c5f810a566d4d7171,internal,call,0.090962633131337 Ether
