Class,address,age,block,creator,direction,inter_direction,txFee,txhash,txn_type,type,value
1,0x4e8ecf79ade5e2c49b9e30d795517a81e0bf00b8,1533163806,6073540.0,0xf39e044e1ab204460e06e87c6dca2c6319fc69e3,OUT,1,0.0,0x2a2537dac1060bf430f9e6f6607f354623492eca16dde2ab93ac4992d35572ac,internal,call,0.207492652628829 Ether
1,0x4e8ecf79ade5e2c49b9e30d795517a81e0bf00b8,1533186412,0.0,0xf39e044e1ab204460e06e87c6dca2c6319fc69e3,OUT,2,0.0,0xdc17416a003de2b656d8d4d1a4be14f5adfed32e5d299cb0ffc53bedbcf9f71b,internal,call,0.066194121632074 Ether
