Class,address,age,block,creator,direction,inter_direction,txFee,txhash,txn_type,type,value
0,0x709c7134053510fce03b464982eab6e3d89728a5,1489112055,3325659.0,0x5d7de778b102f535554d1047c57ad9d56e7ab210,OUT,2,0.0,0xaf5990df4abb751bcc4333f07730d0802170d09212ebc28e69c4df4d8e6c28c1,internal,call,1.80994777725283 Ether
0,0x709c7134053510fce03b464982eab6e3d89728a5,1510206363,4520196.0,0x5d7de778b102f535554d1047c57ad9d56e7ab210,OUT,2,0.0,0xb26437ac7133f2d131aadded275651bbb7067b80f7a9a86df8b4ba56424ac817,internal,call,0.01806 Ether
