Class,address,age,block,creator,direction,inter_direction,txFee,txhash,txn_type,type,value
1,0x9b5bbb16a7a68660f6503eff6c8e3159820d6396,1540475085,6583257.0,0xdacca760db181e54d96b9a061acc0d2d48a05593,OUT,2,0.0,0x530cd4f172927a2b97baeb144a82427fa1fddaecdeed7ada053e4004c06ede74,internal,call,0.02322127835 Ether
1,0x9b5bbb16a7a68660f6503eff6c8e3159820d6396,1540561688,0.0,0xdacca760db181e54d96b9a061acc0d2d48a05593,OUT,2,0.0,0x624af02d73c536abb1154c184a6d54aaa1df9477d8be2809e57088a3d2bfd63d,internal,call,0.011610639175 Ether
1,0x9b5bbb16a7a68660f6503eff6c8e3159820d6396,1539845831,6538678.0,0xdacca760db181e54d96b9a061acc0d2d48a05593,OUT,2,0.0,0xc09c70b5a6bee8cfb5d9664f1bd06b26eea6237dbda1d26265ce3624b57b26b7,internal,call,0.02322127835 Ether
1,0x9b5bbb16a7a68660f6503eff6c8e3159820d6396,1540117113,6557842.0,0xdacca760db181e54d96b9a061acc0d2d48a05593,OUT,2,0.0,0x511fd12cf740b42fa71cfd1d3a55113a68f78f962be0bbd3d3b51f9a8f88523d,internal,call,0.034831917525 Ether
1,0x9b5bbb16a7a68660f6503eff6c8e3159820d6396,1538749394,6460450.0,0xdacca760db181e54d96b9a061acc0d2d48a05593,OUT,2,0.0,0x3cf5acd6883925b7852baaad76abe3fa3a2049340903975bb797262d571cbcdb,internal,call,0.011610639175 Ether
1,0x9b5bbb16a7a68660f6503eff6c8e3159820d6396,1538956366,6475345.0,0xdacca760db181e54d96b9a061acc0d2d48a05593,OUT,2,0.0,0x716b40645d8934c7e78e85dc78c23ee06aa451e0e88478c3f9386a2bb281d3cf,internal,call,0.01229361795 Ether
1,0x9b5bbb16a7a68660f6503eff6c8e3159820d6396,1540290889,6570146.0,0xdacca760db181e54d96b9a061acc0d2d48a05593,OUT,2,0.0,0x198153e2ccc755156c8a6e6871a5bf1d0b66ac035884dae244863796f118a909,internal,call,0.02322127835 Ether
1,0x9b5bbb16a7a68660f6503eff6c8e3159820d6396,1538867922,6468966.0,0xdacca760db181e54d96b9a061acc0d2d48a05593,OUT,2,0.0,0xd84d3382c461ff2cab6b75572b4e043aef8fca55e40da2e44de61820be01764d,internal,call,0.01229361795 Ether
1,0x9b5bbb16a7a68660f6503eff6c8e3159820d6396,1539660629,6525497.0,0xdacca760db181e54d96b9a061acc0d2d48a05593,OUT,2,0.0,0xaddae03121b10b8483e0672c7855fce9dcf4496e5fb0721f48424bc299147630,internal,call,0.0928851134 Ether
