Class,address,age,block,creator,direction,inter_direction,txFee,txhash,txn_type,type,value
0,0x701c244b988a513c945973defa05de933b23fe1d,1499067329,3968483.0,0xa0c81e7bca6b95b6cb1d6d4e5db744228ed6f5c1,IN,3,0.0049218000000000005,0x4555dfd5bea5f34145c47be05fa54f022691762dd0cf11994ddf34d850c95aeb,external,0,2.49022 Ether
0,0x701c244b988a513c945973defa05de933b23fe1d,1499066849,3968457.0,0xa0c81e7bca6b95b6cb1d6d4e5db744228ed6f5c1,IN,3,0.00126,0x4b95e28881369d0a4fe4f849b480d222e015d7d9d22e3d017daead6fe7c2179e,external,0,2.49874 Ether
0,0x701c244b988a513c945973defa05de933b23fe1d,1499067113,3968471.0,0xa0c81e7bca6b95b6cb1d6d4e5db744228ed6f5c1,IN,3,0.00252,0xab25408f3d4f1614799a67452dd13f7a978dab075ef2e91526e1f317102838c9,external,0,2.49622 Ether
0,0x701c244b988a513c945973defa05de933b23fe1d,1504509307,4237899.0,0xa0c81e7bca6b95b6cb1d6d4e5db744228ed6f5c1,IN,3,0.00081391,0xae495b26ee3087f0036ea56fef83a46c583955598a5e337726cb62331a07433a,external,0,0 Ether
