Class,address,age,block,creator,direction,inter_direction,txFee,txhash,txn_type,type,value
1,0x4e8ecf79ade5e2c49b9e30d795517a81e0bf00b8,1532893127,0.0,0xf39e044e1ab204460e06e87c6dca2c6319fc69e3,OUT,1,0.0,0x424916cddb5ac414afab2876f67f620bac755ab183e0df430095bd2bf92c297a,internal,call,0.336689921144835 Ether
1,0x4e8ecf79ade5e2c49b9e30d795517a81e0bf00b8,1532785823,0.0,0xf39e044e1ab204460e06e87c6dca2c6319fc69e3,OUT,2,0.0,0xc1e56a2ba7bafa77c08ad2c636886d7ec41bd630e5e147159718228db1d04be2,internal,call,0.054355947027919 Ether
1,0x4e8ecf79ade5e2c49b9e30d795517a81e0bf00b8,1532794741,0.0,0xf39e044e1ab204460e06e87c6dca2c6319fc69e3,OUT,2,0.0,0xfb5f0e60ce920025d1b7b81338b99395bb827f230145ae80c735dd9b6bfe61a4,internal,call,0.298068887310442 Ether
1,0x4e8ecf79ade5e2c49b9e30d795517a81e0bf00b8,1532839012,0.0,0xf39e044e1ab204460e06e87c6dca2c6319fc69e3,OUT,2,0.0,0xdab182f95ef81a0f585a8cb1048597613aef355ec882d1d54e0e577dd79fe6a9,internal,call,0.109046405286344 Ether
