Class,address,age,block,creator,direction,inter_direction,txFee,txhash,txn_type,type,value
1,0x4e8ecf79ade5e2c49b9e30d795517a81e0bf00b8,1533917630,6122227.0,0xf39e044e1ab204460e06e87c6dca2c6319fc69e3,OUT,1,0.0,0x89cd7e104c44d7209102c6ecb8cbae4afbc0e585e8ed9073b4599ba03ce08402,internal,call,0.076430946155879 Ether
1,0x4e8ecf79ade5e2c49b9e30d795517a81e0bf00b8,1532845413,6051706.0,0xf39e044e1ab204460e06e87c6dca2c6319fc69e3,OUT,1,0.0,0x9d272840249d5a6364642c8c56dbc1b792a4fd36f2f4c64822a8b88cbcd912cb,internal,call,0.067956277488088 Ether
