Class,address,age,block,creator,direction,inter_direction,txFee,txhash,txn_type,type,value
1,0x7e0529eb456a7c806b5fe7b3d69a805339a06180,1537611901,6380080.0,0x8c691931c6c4ecd92ecc26f9706faaf4aebe137d,OUT,2,0.0,0x9381138d2bfee00cc06f260ee1f9aa59de308576624e01367e4de02e67373cdd,internal,call,0.007379564746554 Ether
1,0x7e0529eb456a7c806b5fe7b3d69a805339a06180,1537852100,6397024.0,0x8c691931c6c4ecd92ecc26f9706faaf4aebe137d,OUT,2,0.0,0x4a57d1a44e9a72a3c4cd919b6b610102897162323e9b6879601168ef9119ad01,internal,call,0.175787780764317 Ether
1,0x7e0529eb456a7c806b5fe7b3d69a805339a06180,1537275124,6356478.0,0x8c691931c6c4ecd92ecc26f9706faaf4aebe137d,OUT,2,0.0,0xfc5223f95b02800c0c611ecfc038935a31b0da0f8eb79698ecaf6120f4cb6981,internal,call,2.288007565847684 Ether
