Class,address,age,block,creator,direction,inter_direction,txFee,txhash,txn_type,type,value
1,0x702392282255f8c0993dbbbb148d80d2ef6795b1,1523115275,5399963.0,0xfea0904acc8df0f3288b6583f60b86c36ea52acd,OUT,2,0.0,0x1a5f0834e77c99b4fa8cc9cd270b94def96749ba76f19a7cf681a5b2cdfcc3d6,internal,call,0.000472734872443 Ether
1,0x702392282255f8c0993dbbbb148d80d2ef6795b1,1523164684,5403408.0,0xfea0904acc8df0f3288b6583f60b86c36ea52acd,OUT,2,0.0,0xe1b814cac6ed0ed0bdc538caa3e2eb21233d79cc67702dc73c9bf1f95d0e65da,internal,call,0.008371310021978 Ether
