Class,address,age,block,creator,direction,inter_direction,txFee,txhash,txn_type,type,value
1,0x7e0529eb456a7c806b5fe7b3d69a805339a06180,1537457084,6369243.0,0x8c691931c6c4ecd92ecc26f9706faaf4aebe137d,OUT,2,0.0,0xc374d1b7f529a8600b63e988ba80312db2bfc022be4dca0962ced3da7cd55ce0,internal,call,0.437980817477979 Ether
1,0x7e0529eb456a7c806b5fe7b3d69a805339a06180,1537284736,6357155.0,0x8c691931c6c4ecd92ecc26f9706faaf4aebe137d,OUT,2,0.0,0x2203d2521e70089a9c281d778e9feaa0d7a6a88e72bbfb5064381781281d00ac,internal,call,0.316892244637632 Ether
