Class,address,age,block,creator,direction,inter_direction,txFee,txhash,txn_type,type,value
1,0x8a883a20940870dc055f2070ac8ec847ed2d9918,1532382563,6020011.0,0xc14f8469d4bb31c8e69fae9c16e262f45edc3635,OUT,2,0.0,0x3daa60a50500a90c019c97c18cbcab95fa76602f93d18dd3e1b11be4fbc4fbbe,internal,call,0.115854332318145 Ether
1,0x8a883a20940870dc055f2070ac8ec847ed2d9918,1532291997,6013914.0,0xc14f8469d4bb31c8e69fae9c16e262f45edc3635,OUT,2,0.0,0x80a925c0873dbfd31bf7ca904178f9c978c2caae479a0cee29e3c3a1138b18a6,internal,call,0.437617027156807 Ether
1,0x8a883a20940870dc055f2070ac8ec847ed2d9918,1532332284,6016608.0,0xc14f8469d4bb31c8e69fae9c16e262f45edc3635,OUT,2,0.0,0x5bbc7b687fa304270a44f2dc8fae65fc8ed36d36f49cb653a598eb5fba8f237d,internal,call,0.300201185740188 Ether
1,0x8a883a20940870dc055f2070ac8ec847ed2d9918,1533197680,6075792.0,0xc14f8469d4bb31c8e69fae9c16e262f45edc3635,OUT,2,0.0,0x21aad479fe3105e7d0e3e00d583aea96b78128703425d8d0cd23aacfc54b24db,internal,call,0.117097503649426 Ether
