Class,address,age,block,creator,direction,inter_direction,txFee,txhash,txn_type,type,value
1,0x51e9244bae3fca7473fe48651dfd7db53aa55856,1536527494,6304187.0,0xe67e6e677d272a087a3828209e21fe62fe8d4881,OUT,2,0.0,0x27824195564be34c1bad1fa3c5304bb41a3fe80dc0812b678d809a6880502dff,internal,call,0.000871747915218 Ether
1,0x51e9244bae3fca7473fe48651dfd7db53aa55856,1535947495,6261330.0,0xe67e6e677d272a087a3828209e21fe62fe8d4881,OUT,2,0.0,0x41a9204d1d548ae869103e2b6bb7fe2a3e5083cf79e4aeb9be768cab792bbfce,internal,call,0.000554487075893 Ether
1,0x51e9244bae3fca7473fe48651dfd7db53aa55856,1541184383,6633279.0,0xe67e6e677d272a087a3828209e21fe62fe8d4881,OUT,2,0.0,0x6f6f715c3f8d4a499cbda853c4707334ff72ded2f0783709e2b4043c77f59719,internal,call,0.00779010267979 Ether
