Class,address,age,block,creator,direction,inter_direction,txFee,txhash,txn_type,type,value
1,0x7b307c1f0039f5d38770e15f8043b3dd26da5e8f,1539581445,6519890.0,0xe1f3294e25bb72a2fb53addb82aa1a033797e6e3,OUT,2,0.0,0xcf61a50a8b16eda9447b1ebc465ff6796ad79a39b54675b877bd18270165e69d,internal,call,0.000426711864406 Ether
1,0x7b307c1f0039f5d38770e15f8043b3dd26da5e8f,1540188537,6562902.0,0xe1f3294e25bb72a2fb53addb82aa1a033797e6e3,OUT,1,0.0,0x0b317426533da98da5d2b2612d7c130d1a809529dd4d098908fc7bec368b6b25,internal,call,0.000831796610169 Ether
1,0x7b307c1f0039f5d38770e15f8043b3dd26da5e8f,1539754765,6532174.0,0xe1f3294e25bb72a2fb53addb82aa1a033797e6e3,OUT,1,0.0,0x3e6132ab34c8101018ad47a3fc2ee929b4be34a286f398bcb8f5740da937da66,internal,call,0.000832813559322 Ether
1,0x7b307c1f0039f5d38770e15f8043b3dd26da5e8f,1540265377,6568385.0,0xe1f3294e25bb72a2fb53addb82aa1a033797e6e3,OUT,1,0.0,0x5a794f574ed55d4ec590cb626757c4480fff08420b38dcd8aff615af23aa64c3,internal,call,0.000371728813559 Ether
1,0x7b307c1f0039f5d38770e15f8043b3dd26da5e8f,1540015303,6550633.0,0xe1f3294e25bb72a2fb53addb82aa1a033797e6e3,OUT,2,0.0,0xde47b1361fa90ce365101ac4dd2352f680063a3e214c8750985cf9315d191823,internal,call,0.000829355932203 Ether
1,0x7b307c1f0039f5d38770e15f8043b3dd26da5e8f,1539841856,6538400.0,0xe1f3294e25bb72a2fb53addb82aa1a033797e6e3,OUT,2,0.0,0xcba6db696eb23385c46aa8ad0ff835a7e6d46fe4099ac929a3695a6e038d2c78,internal,call,0.000422101694915 Ether
