Class,address,age,block,creator,direction,inter_direction,txFee,txhash,txn_type,type,value
1,0xbeefd8fb3b5778f99e021afa2e41e0614af6af11,1539146078,0.0,0x300758881bf3756b6cb5b2e96f545d7b3566ce3a,OUT,1,0.0,0x88af45af4f901492242b46d8064533e833c012a28d646096fbc77e8d111f85ec,internal,call,0.000344262295081 Ether
1,0xbeefd8fb3b5778f99e021afa2e41e0614af6af11,1539126164,0.0,0x300758881bf3756b6cb5b2e96f545d7b3566ce3a,OUT,2,0.0,0xf22cdf73c63521e9c5e6d4eec6aafa67a3e90ba0fa159271785063837a39da42,internal,call,0.00016475409836 Ether
1,0xbeefd8fb3b5778f99e021afa2e41e0614af6af11,1539749869,0.0,0x300758881bf3756b6cb5b2e96f545d7b3566ce3a,OUT,1,0.0,0x08b75a2e24cad7db068ee1ec5bfcdb658edf0f964a8f8376508c3cce56176c07,internal,call,0.004061317809836 Ether
1,0xbeefd8fb3b5778f99e021afa2e41e0614af6af11,1539798741,0.0,0x300758881bf3756b6cb5b2e96f545d7b3566ce3a,OUT,1,0.0,0x4b8f7ac0534fb1bacdd4ec41f2c740228c9457ca7d3843d9d0a8627dddb0b2f6,internal,call,0.001448958427868 Ether
