Class,address,age,block,creator,direction,inter_direction,txFee,txhash,txn_type,type,value
1,0x4e8ecf79ade5e2c49b9e30d795517a81e0bf00b8,1535114188,6207085.0,0xf39e044e1ab204460e06e87c6dca2c6319fc69e3,OUT,2,0.0,0xcb6a3f5ac391643046679c4fac7f9f85ecb43dfedd321f974a1ddb5d90ff328a,internal,call,0.078132364209192 Ether
1,0x4e8ecf79ade5e2c49b9e30d795517a81e0bf00b8,1535109768,6206782.0,0xf39e044e1ab204460e06e87c6dca2c6319fc69e3,OUT,1,0.0,0x8ebca09a583f0cdfe6bb494f1ce3661d3da51b4b5f7cf1cfc27655c94fcadf16,internal,call,0.04418160951246 Ether
