Class,address,age,block,creator,direction,inter_direction,txFee,txhash,txn_type,type,value
1,0xf00e5a59fde1cb2ead96a8be7711abc3f981e0f1,1537912385,6401274.0,0x96bb98183e5562913e72613c1979d0a13f8ec76b,OUT,2,0.0,0x7f7a504f1f22f46c95fa4ee492b3540426f83fcfefb008c2a36c451f2f1f9046,internal,call,0.563888888888888 Ether
1,0xf00e5a59fde1cb2ead96a8be7711abc3f981e0f1,1537881295,6399084.0,0x96bb98183e5562913e72613c1979d0a13f8ec76b,OUT,2,0.0,0xb0620d075a7712dae7be1640ece40e298c4d2e144b44a617c76ecd95662ed049,internal,call,0.252777777777777 Ether
1,0xf00e5a59fde1cb2ead96a8be7711abc3f981e0f1,1537900249,0.0,0x96bb98183e5562913e72613c1979d0a13f8ec76b,OUT,2,0.0,0xa0486138dc57d2af0764013e135e255c64d7e55a9c97e0bf2b5cf4593c203ac5,internal,call,0.877777777777777 Ether
