Class,address,age,block,creator,direction,inter_direction,txFee,txhash,txn_type,type,value
1,0x8a883a20940870dc055f2070ac8ec847ed2d9918,1533128993,6071100.0,0xc14f8469d4bb31c8e69fae9c16e262f45edc3635,OUT,2,0.0,0x34c45b460be393dfde63e75780363c04c54da4e37c4b28fd0375db8d727964c4,internal,call,0.065203517892684 Ether
1,0x8a883a20940870dc055f2070ac8ec847ed2d9918,1532980554,6061022.0,0xc14f8469d4bb31c8e69fae9c16e262f45edc3635,OUT,2,0.0,0x35747d975aaa1eb00ab844d292a6f494c19b21a07875a0f4e078a9121ca6024a,internal,call,1.402645076600042 Ether
1,0x8a883a20940870dc055f2070ac8ec847ed2d9918,1534789997,6184865.0,0xc14f8469d4bb31c8e69fae9c16e262f45edc3635,OUT,2,0.0,0x5bc7cb61b5df1133893d258f12c1761b4370895e9d93665de670ae545e396f78,internal,call,0.001192480900342 Ether
