Class,address,age,block,creator,direction,inter_direction,txFee,txhash,txn_type,type,value
1,0x8036165ccabee251c886d6121b047c16b5e798b5,1523471115,5424732.0,0x4be640dcce08e68ede454202fbc59cf5f9e8ea1f,OUT,2,0.0,0x32e016814c1c729b6c47e29dcf6dc8ad0fb3b36f8666a146047db2d949402748,internal,call,0.003032872479052 Ether
1,0x8036165ccabee251c886d6121b047c16b5e798b5,1525037522,5530450.0,0x4be640dcce08e68ede454202fbc59cf5f9e8ea1f,OUT,2,0.0,0x68201e207341d1c7d332e1f92c4b4b13414407c07aefa95b38c0cc69578343d4,internal,call,0.011588441002506 Ether
1,0x8036165ccabee251c886d6121b047c16b5e798b5,1524231473,5476346.0,0x4be640dcce08e68ede454202fbc59cf5f9e8ea1f,OUT,2,0.0,0x8670d48a936b9286e8a487a6cb38aff7f0cbcd4eed8bcd1ccef3bae9010e46b8,internal,call,0.000607382741606 Ether
1,0x8036165ccabee251c886d6121b047c16b5e798b5,1523642053,5436436.0,0x4be640dcce08e68ede454202fbc59cf5f9e8ea1f,OUT,2,0.0,0x7200fad82ab2cafaab9c742686619ad911704641bdd9aeef7036184fb5451d63,internal,call,0.000351557025765 Ether
1,0x8036165ccabee251c886d6121b047c16b5e798b5,1523121531,5400396.0,0x4be640dcce08e68ede454202fbc59cf5f9e8ea1f,OUT,2,0.0,0xcd4bd9c2e54d8af836bddf36b57f1f6d48df560c69b70596c37ad4d85f04d64a,internal,call,0.019953823503593 Ether
