Class,address,age,block,creator,direction,inter_direction,txFee,txhash,txn_type,type,value
1,0x8a883a20940870dc055f2070ac8ec847ed2d9918,1532377838,6019705.0,0xc14f8469d4bb31c8e69fae9c16e262f45edc3635,OUT,2,0.0,0xc2740014d1dd1c9ccd93b4cae00f66bf5bd30debb7cf4a5ae66c933f95c7cab3,internal,call,0.101572937102993 Ether
1,0x8a883a20940870dc055f2070ac8ec847ed2d9918,1532844271,6051627.0,0xc14f8469d4bb31c8e69fae9c16e262f45edc3635,OUT,2,0.0,0x45a6f722bfba982b5e43cb6348d34f9a5638fdeda4ad1312d1f8d6eb2a1ea90d,internal,call,0.009809950654371 Ether
1,0x8a883a20940870dc055f2070ac8ec847ed2d9918,1532307541,6014976.0,0xc14f8469d4bb31c8e69fae9c16e262f45edc3635,OUT,2,0.0,0x013559a737a15fdb1acb0e1ede6109845d23e012e7018b1c407c0e1a5b254575,internal,call,0.393406139570259 Ether
1,0x8a883a20940870dc055f2070ac8ec847ed2d9918,1532549266,6031349.0,0xc14f8469d4bb31c8e69fae9c16e262f45edc3635,OUT,2,0.0,0x0ee34530e6c600fb7a526f1388148b33f049c39db99b0726ace24f6673d9e978,internal,call,0.021812864438717 Ether
1,0x8a883a20940870dc055f2070ac8ec847ed2d9918,1533195208,6075609.0,0xc14f8469d4bb31c8e69fae9c16e262f45edc3635,OUT,2,0.0,0x83d22015e7534a3d61316039d20b0c4ee8b7e3a090ddde60b70f14c4e2a8f502,internal,call,0.31317355320666 Ether
