Class,address,age,block,creator,direction,inter_direction,txFee,txhash,txn_type,type,value
1,0xb10ea0d397db942a1083a4af9c6074ab63bc8c8b,1539943474,6545540.0,0x65b041db3135ed5f76d9486aa56f8ca5dc9a3f5e,OUT,1,0.0,0x47136024ab3ff843d76c4ef1b98e8cbe4df9c18e7bbd380d99e93d52f673094a,internal,call,0.027996677966101 Ether
1,0xb10ea0d397db942a1083a4af9c6074ab63bc8c8b,1541024807,0.0,0x65b041db3135ed5f76d9486aa56f8ca5dc9a3f5e,OUT,1,0.0,0x4dc628059de381096f1135454da6a52d60198f81d06709c9b6721be336855089,internal,call,0.04098227118644 Ether
1,0xb10ea0d397db942a1083a4af9c6074ab63bc8c8b,1540479210,6583528.0,0x65b041db3135ed5f76d9486aa56f8ca5dc9a3f5e,OUT,2,0.0,0xe1d945b9a9d6db27ffa410ae3e9a1cbdf0b1ea968947752159fdb1c9f0d422bc,internal,call,0.037667355932203 Ether
1,0xb10ea0d397db942a1083a4af9c6074ab63bc8c8b,1539791672,6534814.0,0x65b041db3135ed5f76d9486aa56f8ca5dc9a3f5e,OUT,2,0.0,0xcf98fd26bc8b992413abceffc3ece7b9190f59c07e71ff11a22a6d1d862536e5,internal,call,0.022387423728813 Ether
1,0xb10ea0d397db942a1083a4af9c6074ab63bc8c8b,1540275928,6569097.0,0x65b041db3135ed5f76d9486aa56f8ca5dc9a3f5e,OUT,1,0.0,0x6ab08c4084ee43e7cb19b9b064778732487ce704144e23a063bde48c93274fc0,internal,call,0.041107559322033 Ether
1,0xb10ea0d397db942a1083a4af9c6074ab63bc8c8b,1540802699,0.0,0x65b041db3135ed5f76d9486aa56f8ca5dc9a3f5e,OUT,1,0.0,0x0afe3fee7a5800e15b43817d70e0c4d42faa46b07290fd45843ed4e4914a4601,internal,call,0.059665864406779 Ether
1,0xb10ea0d397db942a1083a4af9c6074ab63bc8c8b,1540096448,6553348.0,0x65b041db3135ed5f76d9486aa56f8ca5dc9a3f5e,OUT,1,0.0,0x91ba40fff744f206ca4e444b7f4466e49c35ec5005808e1d66d7eae6017560b8,internal,call,0.02038020338983 Ether
