Class,address,age,block,creator,direction,inter_direction,txFee,txhash,txn_type,type,value
0,0x867ffb5a3871b500f65bdfafe0136f9667deae06,1535762238,6251495.0,0x47d70d729c6efd464cc49ebb6f4ee240219ecb9e,IN,3,0.00023765,0x5dae4750d9999029247eb355ffed46a7969b433dfeda1211a7778e3774b6fe38,external,0,0.41288 Ether
