Class,address,age,block,creator,direction,inter_direction,txFee,txhash,txn_type,type,value
1,0x73d9e7e5aa720d3867449b111b4136cfab83a5bb,1533016037,6063433.0,0x3576cd7e8207a1e588bfa7c824f3f98d8ce5f5c0,OUT,2,0.0,0x26d74f2222dc56fb15676740c6ad7e0e257d3163b2ff8afb6ab6f588285c18e6,internal,call,33.981099056771709 Ether
1,0x73d9e7e5aa720d3867449b111b4136cfab83a5bb,1533013891,6063279.0,0x3576cd7e8207a1e588bfa7c824f3f98d8ce5f5c0,OUT,2,0.0,0x8a33f15cbb2197cc3df6aa478fb9edde83c4b77bbf8245eb46746d51a9a5ec90,internal,call,0.000063455485681 Ether
