Class,address,age,block,creator,direction,inter_direction,txFee,txhash,txn_type,type,value
1,0x4e8ecf79ade5e2c49b9e30d795517a81e0bf00b8,1533015533,0.0,0xf39e044e1ab204460e06e87c6dca2c6319fc69e3,OUT,1,0.0,0x420debac169da0d714fa7864ac2e1829ec8f90efe34d57480d3c70a7c4306780,internal,call,0.007110385947916 Ether
1,0x4e8ecf79ade5e2c49b9e30d795517a81e0bf00b8,1532763031,0.0,0xf39e044e1ab204460e06e87c6dca2c6319fc69e3,OUT,1,0.0,0x8227a7631ff80bc75281a3b3a3bf39dc75d1d0fdb83048aff8d94cb84063aa14,internal,call,0.020951179042057 Ether
