Class,address,age,block,creator,direction,inter_direction,txFee,txhash,txn_type,type,value
1,0x7b307c1f0039f5d38770e15f8043b3dd26da5e8f,1539783986,6534275.0,0xe1f3294e25bb72a2fb53addb82aa1a033797e6e3,OUT,1,0.0,0x89433ba9c0cceff56f0e4ab874a3c72f6dc7514c6cb130a109331317a43b88bd,internal,call,0.009578705084745 Ether
1,0x7b307c1f0039f5d38770e15f8043b3dd26da5e8f,1537703647,6386537.0,0xe1f3294e25bb72a2fb53addb82aa1a033797e6e3,OUT,1,0.0,0x5b640d0ab5210fd260c36b8fe9c67205340b2c4eff8cacdee94606a5134571ab,internal,call,0.007173369491525 Ether
1,0x7b307c1f0039f5d38770e15f8043b3dd26da5e8f,1538741806,6459914.0,0xe1f3294e25bb72a2fb53addb82aa1a033797e6e3,OUT,1,0.0,0x7666374285d58080933e81e4a80db174cb3c4c9407953945ba5eb8c40b74f0f8,internal,call,0.009451952542372 Ether
