Class,address,age,block,creator,direction,inter_direction,txFee,txhash,txn_type,type,value
0,0x8d12a197cb00d4747a1fe03395095ce2a5cc6819,1537734534,6388732.0,0x1ed014aec47fae44c9e55bac7662c0b78ae61798,OUT,2,0.0,0x6e1191b778431e63a26c07dbe6cd40b878d4b0a9107d73733e428dd91f9542e7,internal,call,0.08470638 Ether
0,0x8d12a197cb00d4747a1fe03395095ce2a5cc6819,1533489004,6095822.0,0x1ed014aec47fae44c9e55bac7662c0b78ae61798,OUT,2,0.0,0x3205a00848891863b7a939af8bc23af4c04fde863f0489bd282782c2ba7f0bb6,internal,call,0.06151518914 Ether
0,0x8d12a197cb00d4747a1fe03395095ce2a5cc6819,1533239284,0.0,0x1ed014aec47fae44c9e55bac7662c0b78ae61798,OUT,2,0.0,0x23eaf76a1c3e010966531a8239b1f3c91adc707484210abded783ef9f031c6c2,internal,call,0.038971353597026 Ether
0,0x8d12a197cb00d4747a1fe03395095ce2a5cc6819,1532873959,6053669.0,0x1ed014aec47fae44c9e55bac7662c0b78ae61798,OUT,2,0.0,0x0d100a84c056584488d856838f20f605f68dd23b25af03d8f2dca6d5bd231fc4,internal,call,0.018 Ether
