Class,address,age,block,creator,direction,inter_direction,txFee,txhash,txn_type,type,value
1,0x4e8ecf79ade5e2c49b9e30d795517a81e0bf00b8,1532919734,6056845.0,0xf39e044e1ab204460e06e87c6dca2c6319fc69e3,OUT,1,0.0,0xa050f1651fe7b6f1a51956b67d14b51e36e094becfcc1a2808de0684bc970f99,internal,call,0.383674926919035 Ether
1,0x4e8ecf79ade5e2c49b9e30d795517a81e0bf00b8,1532893377,0.0,0xf39e044e1ab204460e06e87c6dca2c6319fc69e3,OUT,2,0.0,0xff2d10d877600c2440ed0ecbd05a557e155319d3c7241f110ea67745e94b1541,internal,call,0.06705478006221 Ether
