Class,address,age,block,creator,direction,inter_direction,txFee,txhash,txn_type,type,value
1,0x4e8ecf79ade5e2c49b9e30d795517a81e0bf00b8,1532757348,6045546.0,0xf39e044e1ab204460e06e87c6dca2c6319fc69e3,OUT,2,0.0,0xce68abad2c6b2c0ce6542ec706d32c0bf4b0748ee5f26d55233b1424b2e155c8,internal,call,0.23346844181281 Ether
1,0x4e8ecf79ade5e2c49b9e30d795517a81e0bf00b8,1532767686,0.0,0xf39e044e1ab204460e06e87c6dca2c6319fc69e3,OUT,2,0.0,0xc3adcf8026336e39d4eff71d3e00cc2a2f1ae5dea28099773d80713f4a9ce946,internal,call,0.016350287345375 Ether
