Class,address,age,block,creator,direction,inter_direction,txFee,txhash,txn_type,type,value
0,0xb1690c08e213a35ed9bab7b318de14420fb57d8c,1544876633,0.0,0xba52c75764d6f594735dc735be7f1830cdf58ddf,OUT,1,0.0,0x91cfb452e791b9110f7b9c3c2cae28693d7846dadb076a35c48f4143ea14afdf,internal,call,0.000061235716397 Ether
0,0xb1690c08e213a35ed9bab7b318de14420fb57d8c,1544875752,0.0,0xba52c75764d6f594735dc735be7f1830cdf58ddf,OUT,2,0.0,0x499728dea5d27c4104d907e6fb622a5a7a7dc0ecd1b5af9c9caf58aaeed20f11,internal,call,0.000066936736755 Ether
