Class,address,age,block,creator,direction,inter_direction,txFee,txhash,txn_type,type,value
1,0xb10ea0d397db942a1083a4af9c6074ab63bc8c8b,1540997190,0.0,0x65b041db3135ed5f76d9486aa56f8ca5dc9a3f5e,OUT,1,0.0,0x0bd0c10bfa960d0f953be430892a449b6dad0c81e5394c68d601adfc373216ee,internal,call,0.263324474576271 Ether
1,0xb10ea0d397db942a1083a4af9c6074ab63bc8c8b,1540453948,6581738.0,0x65b041db3135ed5f76d9486aa56f8ca5dc9a3f5e,OUT,2,0.0,0xb43a87dd73acd4ad8e7b2f046d75483f359a81546c58836223a765ee52f512b7,internal,call,5.434503254237288 Ether
1,0xb10ea0d397db942a1083a4af9c6074ab63bc8c8b,1541047839,6620660.0,0x65b041db3135ed5f76d9486aa56f8ca5dc9a3f5e,OUT,1,0.0,0x92246074e5a662dad9a800815fc1639d1da19883706bd6a170f88627b628147c,internal,call,0.000697152542372 Ether
1,0xb10ea0d397db942a1083a4af9c6074ab63bc8c8b,1541047710,6620653.0,0x65b041db3135ed5f76d9486aa56f8ca5dc9a3f5e,OUT,2,0.0,0xff7927778ca523ac4ebbd416f5b64a4eb2ce664905ac44d180415437c4a4f48f,internal,call,0.00089633898305 Ether
1,0xb10ea0d397db942a1083a4af9c6074ab63bc8c8b,1541047573,6620644.0,0x65b041db3135ed5f76d9486aa56f8ca5dc9a3f5e,OUT,1,0.0,0x7184f4596b1d4bd87bdbd836845cf2bd542f0b1db564bc69fd646ec2f0d0875e,internal,call,0.047804745762711 Ether
1,0xb10ea0d397db942a1083a4af9c6074ab63bc8c8b,1541002964,6617520.0,0x65b041db3135ed5f76d9486aa56f8ca5dc9a3f5e,OUT,2,0.0,0xf9fe2ee7cf1bca5b5273a30394336396581747fb75ec90fe7a950cd467f161e1,internal,call,0.50922013559322 Ether
1,0xb10ea0d397db942a1083a4af9c6074ab63bc8c8b,1540707478,6599701.0,0x65b041db3135ed5f76d9486aa56f8ca5dc9a3f5e,OUT,1,0.0,0x5ca6a4acbbd392db127bc1e38cb3cc01680e2cf00851831636fc03359d766582,internal,call,1.788993016949152 Ether
1,0xb10ea0d397db942a1083a4af9c6074ab63bc8c8b,1540887290,6612407.0,0x65b041db3135ed5f76d9486aa56f8ca5dc9a3f5e,OUT,1,0.0,0xa5f1b0e76f82b4efc0bf2f1d28850ac66e4676f87b018d4d7e22da9ac34f6b44,internal,call,1.265431457627118 Ether
1,0xb10ea0d397db942a1083a4af9c6074ab63bc8c8b,1541017603,6621561.0,0x65b041db3135ed5f76d9486aa56f8ca5dc9a3f5e,OUT,1,0.0,0x48cc156a43c14cdfde549d7391a0881804ae1e396d2a94412ce88f714716d5a1,internal,call,0.089733491525423 Ether
1,0xb10ea0d397db942a1083a4af9c6074ab63bc8c8b,1539684273,6527171.0,0x65b041db3135ed5f76d9486aa56f8ca5dc9a3f5e,OUT,1,0.0,0x0343bfbaeb86e19450e941d40ae87196b0b9596f5f3076441d9d6a45cdefda92,internal,call,5.400641559322033 Ether
