Class,address,age,block,creator,direction,inter_direction,txFee,txhash,txn_type,type,value
1,0x536a6ba0d913d5d6a4ce2c6eb7ed0de3c0f0b89e,1537892354,6396829.0,0xb648cc3367571c9166e966d1eb97de3f9ebfb8fd,OUT,2,0.0,0xfa3f2f9ef9c329805716ea4a92a09f810c238efcf94f5aa057cacb578aaa0d88,internal,call,0.184764150499846 Ether
1,0x536a6ba0d913d5d6a4ce2c6eb7ed0de3c0f0b89e,1537674926,6384520.0,0xb648cc3367571c9166e966d1eb97de3f9ebfb8fd,OUT,2,0.0,0xcf991bd88c259d1bc12421af183fed3b04a8ade419e0b12335d16c2441904d3c,internal,call,0.120975564397882 Ether
1,0x536a6ba0d913d5d6a4ce2c6eb7ed0de3c0f0b89e,1537585808,6378231.0,0xb648cc3367571c9166e966d1eb97de3f9ebfb8fd,OUT,1,0.0,0x034cbe992c0f743876cee68bc624c05e0a0b6e017f2691e77096ac0df0ec9ac2,internal,call,0.116634677109065 Ether
1,0x536a6ba0d913d5d6a4ce2c6eb7ed0de3c0f0b89e,1537499065,6372116.0,0xb648cc3367571c9166e966d1eb97de3f9ebfb8fd,OUT,1,0.0,0x4ebd1dbe95367d1133f18333b691b1bd5881578435fd8c4bf4f4c2000b9b8695,internal,call,0.1113610815933 Ether
1,0x536a6ba0d913d5d6a4ce2c6eb7ed0de3c0f0b89e,1537979002,6402954.0,0xb648cc3367571c9166e966d1eb97de3f9ebfb8fd,OUT,2,0.0,0xbdaa79221c65253f09af7fce4bfc60a1945a3f86935144e0a0a3b90570fd90bf,internal,call,0.191514069357341 Ether
1,0x536a6ba0d913d5d6a4ce2c6eb7ed0de3c0f0b89e,1537412325,6366131.0,0xb648cc3367571c9166e966d1eb97de3f9ebfb8fd,OUT,1,0.0,0x5ca4bc37c14e0ec2c26e49dedc87527a07229ab8665c14c387d8eb91891c5e23,internal,call,0.103549039615 Ether
1,0x536a6ba0d913d5d6a4ce2c6eb7ed0de3c0f0b89e,1537230986,6353442.0,0xb648cc3367571c9166e966d1eb97de3f9ebfb8fd,OUT,2,0.0,0xd620750bb43e420440de082fec7c050a8cbe466597831221bef74284577516dc,internal,call,0.01773068815 Ether
1,0x536a6ba0d913d5d6a4ce2c6eb7ed0de3c0f0b89e,1537325709,6360050.0,0xb648cc3367571c9166e966d1eb97de3f9ebfb8fd,OUT,1,0.0,0xb2f986a041176ee7a4b7c73bf901a5800f3d3ac663bfeb6e3d7381367983af57,internal,call,0.103549039615 Ether
1,0x536a6ba0d913d5d6a4ce2c6eb7ed0de3c0f0b89e,1537804963,6390652.0,0xb648cc3367571c9166e966d1eb97de3f9ebfb8fd,OUT,1,0.0,0x1afb6aa9b4490828dcaa780447ed4f7994e0ed3e961cafea3bad3daf5746a7c8,internal,call,0.124911178086808 Ether
