Class,address,age,block,creator,direction,inter_direction,txFee,txhash,txn_type,type,value
0,0x8effd494eb698cc399af6231fccd39e08fd20b15,1505837569,4291040.0,0x0066222017fffa99158baa57d4977be7f8ddf67b,IN,3,0.00034060000000000004,0x00b7d1178a5022e55b2bb238eb955fd2c2d952ab69fd7d9c18f6607e7dbf6596,external,0,0 Ether
0,0x8effd494eb698cc399af6231fccd39e08fd20b15,1512461331,4680512.0,0x0066222017fffa99158baa57d4977be7f8ddf67b,IN,3,0.00086162,0x2e95b461f11a74e77ff936505160aa7f160090cc70ada41a7e96660f4d35adda,external,0,0 Ether
0,0x8effd494eb698cc399af6231fccd39e08fd20b15,1505285919,4269862.0,0x0066222017fffa99158baa57d4977be7f8ddf67b,IN,3,0.00029437,0x537fee403de9cda57b6a48547d4f1a3084d5e6a2e4afc616ce8dfaefa7fedeb9,external,0,0 Ether
