Class,address,age,block,creator,direction,inter_direction,txFee,txhash,txn_type,type,value
1,0x4e8ecf79ade5e2c49b9e30d795517a81e0bf00b8,1534893715,6192037.0,0xf39e044e1ab204460e06e87c6dca2c6319fc69e3,OUT,1,0.0,0x7cdae053437ba8ad0d08ea85752213c2b70e17ee832e3d0cafa9fe75b0f5aeff,internal,call,0.010280060732518 Ether
1,0x4e8ecf79ade5e2c49b9e30d795517a81e0bf00b8,1533162622,6073458.0,0xf39e044e1ab204460e06e87c6dca2c6319fc69e3,OUT,1,0.0,0x799bf7b74a3353b08d5096b6ab037e7e934c56d8dcc44cb141bd034d594edc95,internal,call,0.054643822893209 Ether
1,0x4e8ecf79ade5e2c49b9e30d795517a81e0bf00b8,1532726670,0.0,0xf39e044e1ab204460e06e87c6dca2c6319fc69e3,OUT,1,0.0,0x49530d7d2859ccb7dc72de2bd8072cec8458b959dd6319bba33a064dc254bdab,internal,call,2.044408659596466 Ether
