Class,address,age,block,creator,direction,inter_direction,txFee,txhash,txn_type,type,value
0,0x8f3470a7388c05ee4e7af3d01d8c722b0ff52374,1526356272,5617710.0,0x44cab6f6dc7045fd4acd1d0f3d09fc7a83004bd3,IN,3,0.00091214,0x5d9c011bd4182f28787a3f3afad0c4f3a74c8a5e0b1a457f83945e2b2d672470,external,0,0 Ether
0,0x8f3470a7388c05ee4e7af3d01d8c722b0ff52374,1504631711,4242913.0,0x44cab6f6dc7045fd4acd1d0f3d09fc7a83004bd3,IN,3,0.00108647,0x8f41d2fc09582d781302dbb55c375ab09ab1b0bede8c95423ffe5a969a8a4dc6,external,0,0 Ether
