Class,address,age,block,creator,direction,inter_direction,txFee,txhash,txn_type,type,value
1,0x9d68a447a8718ef30645d23d423be1ea6b7d370f,1538031082,6409634.0,0xbfb297616ffa0124a288e212d1e6df5299c9f8d0,OUT,2,0.0,0xe7a363de66b3704e45ba15cc3d5f9dbde39bd1c1aed2e499ef48b2ff2d861196,internal,call,0.029069444444444 Ether
1,0x9d68a447a8718ef30645d23d423be1ea6b7d370f,1538058983,0.0,0xbfb297616ffa0124a288e212d1e6df5299c9f8d0,OUT,2,0.0,0x83250eb0ccb09be30fdc6e75e8e2690bb66888c253cae40ea681a97cc11a6f91,internal,call,0.001916666666666 Ether
1,0x9d68a447a8718ef30645d23d423be1ea6b7d370f,1538058631,0.0,0xbfb297616ffa0124a288e212d1e6df5299c9f8d0,OUT,2,0.0,0x115eaef04c74c17d40567eb6ac37df43db93d288210d702efb037812b2b30e4c,internal,call,0.005430555555555 Ether
1,0x9d68a447a8718ef30645d23d423be1ea6b7d370f,1538057602,6411510.0,0xbfb297616ffa0124a288e212d1e6df5299c9f8d0,OUT,2,0.0,0x8db54ab1cc1b9e3982ea11f4e55d53804638911695cde4d4fa29213ca24412da,internal,call,0.006388888888888 Ether
1,0x9d68a447a8718ef30645d23d423be1ea6b7d370f,1538056436,6411426.0,0xbfb297616ffa0124a288e212d1e6df5299c9f8d0,OUT,2,0.0,0x1ec1d149882fb76db1e67bccaf8c3192f2fe0ec2eed1109b3b71297deab343bb,internal,call,0.134805555555555 Ether
