Class,address,age,block,creator,direction,inter_direction,txFee,txhash,txn_type,type,value
1,0x4e8ecf79ade5e2c49b9e30d795517a81e0bf00b8,1532926205,6054316.0,0xf39e044e1ab204460e06e87c6dca2c6319fc69e3,OUT,1,0.0,0x6dd269d6c21edefd3855fd3ad5edd2c902f21bdd3fe264728ab4ffb22bbaabfd,internal,call,0.252717302406621 Ether
1,0x4e8ecf79ade5e2c49b9e30d795517a81e0bf00b8,1532716527,0.0,0xf39e044e1ab204460e06e87c6dca2c6319fc69e3,OUT,1,0.0,0x50401e0f721345b58876b5e4b7c49950f0f71c77e78dde295a0d5f7d5b849ed5,internal,call,2.165061817596325 Ether
