Class,address,age,block,creator,direction,inter_direction,txFee,txhash,txn_type,type,value
1,0x4e8ecf79ade5e2c49b9e30d795517a81e0bf00b8,1532723013,0.0,0xf39e044e1ab204460e06e87c6dca2c6319fc69e3,OUT,1,0.0,0x93306c35350b849ef56cbc464f04c9d5d760994ff903a60e928359f288b57d7e,internal,call,1.282396799800966 Ether
1,0x4e8ecf79ade5e2c49b9e30d795517a81e0bf00b8,1532756680,6045499.0,0xf39e044e1ab204460e06e87c6dca2c6319fc69e3,OUT,1,0.0,0x7754dbedca9867cd790f3bfc46e796310edaacc787e24aaf154a84e0f5172fa9,internal,call,1.297783088983384 Ether
