Class,address,age,block,creator,direction,inter_direction,txFee,txhash,txn_type,type,value
0,0x93e682107d1e9defb0b5ee701c71707a4b2e46bc,1521456885,5284808.0,0xc5cf6410a3f2eda2b31ea73a4fd9b3e80d035fe1,IN,3,0.00073584,0x27c037f33d933d717a098713a392128931d87338a9a7ac55d15fef7eed180fdf,external,0,0 Ether
0,0x93e682107d1e9defb0b5ee701c71707a4b2e46bc,1521464008,5285323.0,0xc5cf6410a3f2eda2b31ea73a4fd9b3e80d035fe1,IN,3,0.00103712,0x39d22b806d6a8c82e61d20534cd44cbd445c9ab300dfdb37efc096ac60153e95,external,0,0 Ether
