Class,address,age,block,creator,direction,inter_direction,txFee,txhash,txn_type,type,value
1,0x4e8ecf79ade5e2c49b9e30d795517a81e0bf00b8,1535429367,6225779.0,0xf39e044e1ab204460e06e87c6dca2c6319fc69e3,OUT,2,0.0,0xe9834464126411b966cddc4d879d171e8cd0c9d2a7e082a09238970f1dd6a249,internal,call,0.000189580625738 Ether
1,0x4e8ecf79ade5e2c49b9e30d795517a81e0bf00b8,1535382070,0.0,0xf39e044e1ab204460e06e87c6dca2c6319fc69e3,OUT,1,0.0,0x2362d581e9db485413fb0f5fa770aa205bdce5c34a9fa31484b615b6da9e96fa,internal,call,0.02964148255022 Ether
1,0x4e8ecf79ade5e2c49b9e30d795517a81e0bf00b8,1532957911,6059488.0,0xf39e044e1ab204460e06e87c6dca2c6319fc69e3,OUT,1,0.0,0x8d6e90c1369cc8d6110d96fe42c3615c7f98bea494ac99b53342eee9b632ab53,internal,call,0.030466082623215 Ether
1,0x4e8ecf79ade5e2c49b9e30d795517a81e0bf00b8,1533222764,6077516.0,0xf39e044e1ab204460e06e87c6dca2c6319fc69e3,OUT,2,0.0,0xc3464b0b392503801fe683aa9f8d0c697f1efbe112e44753a2e4aa8d3552c8d3,internal,call,0.012803079350097 Ether
1,0x4e8ecf79ade5e2c49b9e30d795517a81e0bf00b8,1532717576,6042826.0,0xf39e044e1ab204460e06e87c6dca2c6319fc69e3,OUT,2,0.0,0xc45b88f80e9654097a24a7fee4f1698f28ade1a7f82380a1bb7fd25ce6f134a9,internal,call,0.000009706683821 Ether
1,0x4e8ecf79ade5e2c49b9e30d795517a81e0bf00b8,1532725358,6043347.0,0xf39e044e1ab204460e06e87c6dca2c6319fc69e3,OUT,2,0.0,0xd70f7951f5f11c372eb1aa8b83c412942891a1ca431b982e890a987c138b969f,internal,call,0.000132575475604 Ether
