Class,address,age,block,creator,direction,inter_direction,txFee,txhash,txn_type,type,value
0,0x96a65609a7b84e8842732deb08f56c3e21ac6f8a,1503645534,4202762.0,0x387792f7d2aa6e7fa1312261cf36f5f6f6b97c00,IN,3,0.00169985,0x762453687feb0488ec369d3b97a8348b799777341a557f20d3a472ba7ae69065,external,0,1.1119 Ether
0,0x96a65609a7b84e8842732deb08f56c3e21ac6f8a,1503641946,4202617.0,0x387792f7d2aa6e7fa1312261cf36f5f6f6b97c00,IN,3,0.00475395,0x9b3d442753a1805332769c1ad3fc87b1085a1a6279633e5b1cf034e076d1403d,external,0,0.5 Ether
