Class,address,age,block,creator,direction,inter_direction,txFee,txhash,txn_type,type,value
1,0xbeefd8fb3b5778f99e021afa2e41e0614af6af11,1541135110,6629820.0,0x300758881bf3756b6cb5b2e96f545d7b3566ce3a,OUT,1,0.0,0x1d429ad3f4e472aad1ef92b9102434ecc30c9f601f49a9a5e08c8e9d966d68a1,internal,call,0.046687505260303 Ether
1,0xbeefd8fb3b5778f99e021afa2e41e0614af6af11,1541906428,6684272.0,0x300758881bf3756b6cb5b2e96f545d7b3566ce3a,OUT,1,0.0,0x7495caeee840461426820644b1863af2c54f7d33b351f240d243d225ffbdd110,internal,call,0.012116231659076 Ether
1,0xbeefd8fb3b5778f99e021afa2e41e0614af6af11,1541462652,6652945.0,0x300758881bf3756b6cb5b2e96f545d7b3566ce3a,OUT,1,0.0,0x4381f4332fe48a9b5a81aae4821968ebfaea5052b800b46e4b6f7cd53cc2c335,internal,call,0.04379202397763 Ether
1,0xbeefd8fb3b5778f99e021afa2e41e0614af6af11,1541808736,6677362.0,0x300758881bf3756b6cb5b2e96f545d7b3566ce3a,OUT,1,0.0,0x7186d7fe35c3707bb90bf6b0d1836577a7914f8eebe079ef7b1afb9fe3aa9daa,internal,call,0.021277926365107 Ether
1,0xbeefd8fb3b5778f99e021afa2e41e0614af6af11,1540828973,6605166.0,0x300758881bf3756b6cb5b2e96f545d7b3566ce3a,OUT,2,0.0,0xd6628507c67ebe6f54778c6b54efbf8d05fb16198626e32929eb432308f1ff66,internal,call,0.08994697614394 Ether
1,0xbeefd8fb3b5778f99e021afa2e41e0614af6af11,1539835190,6537918.0,0x300758881bf3756b6cb5b2e96f545d7b3566ce3a,OUT,1,0.0,0x1a8a3a558f3b0b00af79d0bfca9efe5b738d1cbe2e8a6cfe7fc8612e472693a1,internal,call,0.026295203538664 Ether
1,0xbeefd8fb3b5778f99e021afa2e41e0614af6af11,1541636742,6665227.0,0x300758881bf3756b6cb5b2e96f545d7b3566ce3a,OUT,1,0.0,0x7686e68a7c972e15cc0f2ef6e52149f5961a58d13d299da18a7513c266c0bea3,internal,call,0.021535681220951 Ether
1,0xbeefd8fb3b5778f99e021afa2e41e0614af6af11,1540224560,6562418.0,0x300758881bf3756b6cb5b2e96f545d7b3566ce3a,OUT,1,0.0,0x5044cd56af9435270768882653a7ad6b70abd4efcf980114fe74ee47670f1083,internal,call,0.051550971168862 Ether
