Class,address,age,block,creator,direction,inter_direction,txFee,txhash,txn_type,type,value
1,0x4e8ecf79ade5e2c49b9e30d795517a81e0bf00b8,1532720967,6043058.0,0xf39e044e1ab204460e06e87c6dca2c6319fc69e3,OUT,1,0.0,0x030ba07d408f179af8ce9820bde94d159324150ba06f9f8292a43c3057bcd621,internal,call,0.503721825971809 Ether
1,0x4e8ecf79ade5e2c49b9e30d795517a81e0bf00b8,1532723257,0.0,0xf39e044e1ab204460e06e87c6dca2c6319fc69e3,OUT,2,0.0,0xb48bf314f5752641c7203e5179235f95dd6f0d59a352e5790f62d9a6307a36ab,internal,call,0.092558049711858 Ether
