Class,address,age,block,creator,direction,inter_direction,txFee,txhash,txn_type,type,value
1,0x4e8ecf79ade5e2c49b9e30d795517a81e0bf00b8,1534793024,6185081.0,0xf39e044e1ab204460e06e87c6dca2c6319fc69e3,OUT,1,0.0,0x3313df99b931b1670b5150d5922d838148c8e45d726c34a6ddf663878de7aa39,internal,call,0.004576774155608 Ether
1,0x4e8ecf79ade5e2c49b9e30d795517a81e0bf00b8,1534238864,6147170.0,0xf39e044e1ab204460e06e87c6dca2c6319fc69e3,OUT,1,0.0,0x93f3ae7dacd9100554d7cc3a71dfe82fc48bef7d7222b8ba0dbe4f4b3ec82c9b,internal,call,0.005188226117723 Ether
1,0x4e8ecf79ade5e2c49b9e30d795517a81e0bf00b8,1532850331,6052044.0,0xf39e044e1ab204460e06e87c6dca2c6319fc69e3,OUT,1,0.0,0x099b76b8c38ed6db395f0ab0c8b7b5af6db6455548ce5adcea511a9ed780c288,internal,call,0.005894747213033 Ether
