Class,address,age,block,creator,direction,inter_direction,txFee,txhash,txn_type,type,value
1,0x8a883a20940870dc055f2070ac8ec847ed2d9918,1532326023,6016203.0,0xc14f8469d4bb31c8e69fae9c16e262f45edc3635,OUT,2,0.0,0x611913777d0bfd1a44da78f243bb22f4b3b76f0f1ca9bb17d54151507ea6f804,internal,call,0.035582020778235 Ether
1,0x8a883a20940870dc055f2070ac8ec847ed2d9918,1533191658,6075366.0,0xc14f8469d4bb31c8e69fae9c16e262f45edc3635,OUT,2,0.0,0xd71f664617e6156218e8135465e2051440036b21dee7bde1eadabd9faa19f7e0,internal,call,0.005261824831204 Ether
