Class,address,age,block,creator,direction,inter_direction,txFee,txhash,txn_type,type,value
1,0x7b307c1f0039f5d38770e15f8043b3dd26da5e8f,1539071277,6483546.0,0xe1f3294e25bb72a2fb53addb82aa1a033797e6e3,OUT,1,0.0,0x6d688ffa30e464897dfd946729a9d6ffd42f220281d7fb6d262d71b6266ad30e,internal,call,0.00403313898305 Ether
1,0x7b307c1f0039f5d38770e15f8043b3dd26da5e8f,1540264322,6568302.0,0xe1f3294e25bb72a2fb53addb82aa1a033797e6e3,OUT,1,0.0,0x4cb3176815db740740291c61b05dcd0bd076db00fc612c1ca5c957613deeb157,internal,call,0.00689540338983 Ether
