Class,address,age,block,creator,direction,inter_direction,txFee,txhash,txn_type,type,value
1,0x4e8ecf79ade5e2c49b9e30d795517a81e0bf00b8,1533476211,6094938.0,0xf39e044e1ab204460e06e87c6dca2c6319fc69e3,OUT,1,0.0,0x170719199fe3daf52480d7bc6d107a24cd035a0bab42a56cd09079b70325248f,internal,call,0.197180109037457 Ether
1,0x4e8ecf79ade5e2c49b9e30d795517a81e0bf00b8,1533402201,6089874.0,0xf39e044e1ab204460e06e87c6dca2c6319fc69e3,OUT,2,0.0,0xe1d045219fbfa4a9153ff9102f6ff58a99db5abef1b291ace956402f94ac7968,internal,call,0.315028201641071 Ether
1,0x4e8ecf79ade5e2c49b9e30d795517a81e0bf00b8,1533320181,6084200.0,0xf39e044e1ab204460e06e87c6dca2c6319fc69e3,OUT,1,0.0,0x80b56da96a9be7134b607cadc6e1b0bb6aaf004eb0b29fcfb666d8433de7ae43,internal,call,0.67811535234762 Ether
1,0x4e8ecf79ade5e2c49b9e30d795517a81e0bf00b8,1533292322,6082237.0,0xf39e044e1ab204460e06e87c6dca2c6319fc69e3,OUT,1,0.0,0x248097ca144f08965a9f0edfb6baa4b306b7cff8493a73d430267746b0f82055,internal,call,0.556556086891039 Ether
1,0x4e8ecf79ade5e2c49b9e30d795517a81e0bf00b8,1533238594,6078615.0,0xf39e044e1ab204460e06e87c6dca2c6319fc69e3,OUT,1,0.0,0x08c315fa1112da32c7172151c20c16f545f95ad04d485a8a0fae10fa92ebf2b8,internal,call,0.62992016640194 Ether
1,0x4e8ecf79ade5e2c49b9e30d795517a81e0bf00b8,1533180829,6074681.0,0xf39e044e1ab204460e06e87c6dca2c6319fc69e3,OUT,1,0.0,0x0852a58bdd7451f869c4c4ecd4dfdbb69b8bb042d53f4bb761679e1a82288375,internal,call,0.957903709913165 Ether
1,0x4e8ecf79ade5e2c49b9e30d795517a81e0bf00b8,1533144362,6072221.0,0xf39e044e1ab204460e06e87c6dca2c6319fc69e3,OUT,1,0.0,0x8463d431e65d18085b717b02b96a834c6386c8954cdb4d6c30ad20c719c90afe,internal,call,0.625360089632491 Ether
1,0x4e8ecf79ade5e2c49b9e30d795517a81e0bf00b8,1533065237,0.0,0xf39e044e1ab204460e06e87c6dca2c6319fc69e3,OUT,2,0.0,0xba4f068c72084f16bc32934a6edebfaa3b1fe2241607283ac062726733e1a167,internal,call,0.611332808093441 Ether
1,0x4e8ecf79ade5e2c49b9e30d795517a81e0bf00b8,1533335377,6085263.0,0xf39e044e1ab204460e06e87c6dca2c6319fc69e3,OUT,1,0.0,0x706ea14b066206dc573c9b06d4c727cc1beeede37edc8eb20e375bd1004f8538,internal,call,0.453899097667704 Ether
1,0x4e8ecf79ade5e2c49b9e30d795517a81e0bf00b8,1532995847,6062034.0,0xf39e044e1ab204460e06e87c6dca2c6319fc69e3,OUT,2,0.0,0xea6f3137854f0ec8236911cda356e1e5e3fc6c945ac85f20419126bb2177ded6,internal,call,0.860961389592069 Ether
