Class,address,age,block,creator,direction,inter_direction,txFee,txhash,txn_type,type,value
1,0x4e8ecf79ade5e2c49b9e30d795517a81e0bf00b8,1533357457,6083779.0,0xf39e044e1ab204460e06e87c6dca2c6319fc69e3,OUT,2,0.0,0xa47e688d9af23bf0a3b2319e7ae654ce471e1c29476eb1fac00e61ce0c58688a,internal,call,0.010080137779349 Ether
1,0x4e8ecf79ade5e2c49b9e30d795517a81e0bf00b8,1532783018,6047310.0,0xf39e044e1ab204460e06e87c6dca2c6319fc69e3,OUT,2,0.0,0xde03a9a2a703908d5d2508b46775fa82af1264b4e0f11580c37df2c02d946f36,internal,call,0.035337348601193 Ether
