Class,address,age,block,creator,direction,inter_direction,txFee,txhash,txn_type,type,value
1,0x8a883a20940870dc055f2070ac8ec847ed2d9918,1533173333,0.0,0xc14f8469d4bb31c8e69fae9c16e262f45edc3635,OUT,2,0.0,0xc76bea5a66a964854aec17f8933d2f48c0c0aabfc60596f2cf5f49357826b1b0,internal,call,0.06797051412224 Ether
1,0x8a883a20940870dc055f2070ac8ec847ed2d9918,1532555614,6031761.0,0xc14f8469d4bb31c8e69fae9c16e262f45edc3635,OUT,2,0.0,0xff384efa3cd70785ee8958af24c0c2a1a3d39bf12617b3156e8376230ead355e,internal,call,0.011127964190183 Ether
1,0x8a883a20940870dc055f2070ac8ec847ed2d9918,1532336900,6016953.0,0xc14f8469d4bb31c8e69fae9c16e262f45edc3635,OUT,2,0.0,0x4a38f182f0b7fe8b354f0f3fa123e4b345ef4e29b60292a80965c12434c0d92e,internal,call,0.530690958072563 Ether
