Class,address,age,block,creator,direction,inter_direction,txFee,txhash,txn_type,type,value
1,0xb10ea0d397db942a1083a4af9c6074ab63bc8c8b,1540004132,6549837.0,0x65b041db3135ed5f76d9486aa56f8ca5dc9a3f5e,OUT,1,0.0,0xaf19965c04a1ebbb7f820b7b087173a1c406f159e1002da9e99d0fcbf1504dfe,internal,call,0.001867223087789 Ether
1,0xb10ea0d397db942a1083a4af9c6074ab63bc8c8b,1540346284,6574083.0,0x65b041db3135ed5f76d9486aa56f8ca5dc9a3f5e,OUT,1,0.0,0xa79640717db0a730b2eb253f79f9f87914d14e03b01ebba7f8c7c4b746a27192,internal,call,0.001786186813956 Ether
1,0xb10ea0d397db942a1083a4af9c6074ab63bc8c8b,1539156305,6489616.0,0x65b041db3135ed5f76d9486aa56f8ca5dc9a3f5e,OUT,1,0.0,0x986bf574dba6e37441153bd584dc5f1317d0c042f4238e19edab751e7190a6af,internal,call,0.000832463540283 Ether
1,0xb10ea0d397db942a1083a4af9c6074ab63bc8c8b,1540966549,6617984.0,0x65b041db3135ed5f76d9486aa56f8ca5dc9a3f5e,OUT,2,0.0,0xee0a5f55484aa5d178291da9a476ab689e5dc27e0d5f5c0c3fb4cf77af96c1f8,internal,call,0.000868929863508 Ether
1,0xb10ea0d397db942a1083a4af9c6074ab63bc8c8b,1539646105,6524491.0,0x65b041db3135ed5f76d9486aa56f8ca5dc9a3f5e,OUT,2,0.0,0xfe8e596de03d2f652c655994276ddea19b75efdb8571f3e8a945efab8aa38f16,internal,call,0.002569218227202 Ether
1,0xb10ea0d397db942a1083a4af9c6074ab63bc8c8b,1540799722,6606189.0,0x65b041db3135ed5f76d9486aa56f8ca5dc9a3f5e,OUT,1,0.0,0x89a2aad8bd01347a1a4ed640ee7fd1e441d63d79619c14084c47c36f396c43bf,internal,call,0.002365227825162 Ether
