Class,address,age,block,creator,direction,inter_direction,txFee,txhash,txn_type,type,value
1,0x4e8ecf79ade5e2c49b9e30d795517a81e0bf00b8,1533398899,6086696.0,0xf39e044e1ab204460e06e87c6dca2c6319fc69e3,OUT,2,0.0,0xfae3f0a983eb93552b4524ade66aa9f589e18ac17925e1f0aa1ff706a6d5d5e9,internal,call,0.042743907233045 Ether
1,0x4e8ecf79ade5e2c49b9e30d795517a81e0bf00b8,1533301873,6082871.0,0xf39e044e1ab204460e06e87c6dca2c6319fc69e3,OUT,1,0.0,0x55d3511ef6e6b7827f82c442789e137c93b209d3e5bc14559909e30b3cadf8c7,internal,call,0.073983214314327 Ether
1,0x4e8ecf79ade5e2c49b9e30d795517a81e0bf00b8,1533358145,6083829.0,0xf39e044e1ab204460e06e87c6dca2c6319fc69e3,OUT,1,0.0,0x9fc1fec797e748549f28995c9e383a99811de574008f11c2e3f4dcc2a7f76ecb,internal,call,0.018615366185699 Ether
