Class,address,age,block,creator,direction,inter_direction,txFee,txhash,txn_type,type,value
1,0x702392282255f8c0993dbbbb148d80d2ef6795b1,1524050815,5464266.0,0xfea0904acc8df0f3288b6583f60b86c36ea52acd,OUT,2,0.0,0xb47b357495f12bec4a04687562fc8c21176f1abcf4d36aa56cd1885671bc2af2,internal,call,1.954282726493154 Ether
1,0x702392282255f8c0993dbbbb148d80d2ef6795b1,1524049554,5464177.0,0xfea0904acc8df0f3288b6583f60b86c36ea52acd,OUT,2,0.0,0xc1213b8ca3d08b41f258947474b290f812dc45d9bc186260660296848a35b441,internal,call,0.064149395999204 Ether
1,0x702392282255f8c0993dbbbb148d80d2ef6795b1,1523775986,5445606.0,0xfea0904acc8df0f3288b6583f60b86c36ea52acd,OUT,2,0.0,0xc7200c02e6204ea9e2f560523e2a9288c3faa80c2d6745e03f208efe00db76ee,internal,call,0.417995426052411 Ether
1,0x702392282255f8c0993dbbbb148d80d2ef6795b1,1523570037,5431532.0,0xfea0904acc8df0f3288b6583f60b86c36ea52acd,OUT,2,0.0,0xa63f16128271e785ee705d7c010b497205f000613f0a9267fc5983ad8b8a78f8,internal,call,0.412219709895961 Ether
