Class,address,age,block,creator,direction,inter_direction,txFee,txhash,txn_type,type,value
1,0xb10ea0d397db942a1083a4af9c6074ab63bc8c8b,1540940377,6616143.0,0x65b041db3135ed5f76d9486aa56f8ca5dc9a3f5e,OUT,2,0.0,0xc120ef8e544744e017e41aeb8d318704edea0e208513027ce03c8589bcb8c29c,internal,call,0.449080949152542 Ether
1,0xb10ea0d397db942a1083a4af9c6074ab63bc8c8b,1539951915,6546161.0,0x65b041db3135ed5f76d9486aa56f8ca5dc9a3f5e,OUT,1,0.0,0x6954db98a0432ff7110c5abb74412e21680bb947daeadcfba97fefb3a78534b0,internal,call,0.258866033898305 Ether
1,0xb10ea0d397db942a1083a4af9c6074ab63bc8c8b,1540278194,6569246.0,0x65b041db3135ed5f76d9486aa56f8ca5dc9a3f5e,OUT,2,0.0,0xbc75bcc319464cf5b4ef26b8216e78411b7db5dbaa7dd5b00bec7c2322c81efe,internal,call,0.466395254237288 Ether
1,0xb10ea0d397db942a1083a4af9c6074ab63bc8c8b,1540625909,6593915.0,0x65b041db3135ed5f76d9486aa56f8ca5dc9a3f5e,OUT,1,0.0,0x75a3cd5e9107077c70e3860350a2b4326cde6ac5cef1613bb68a5b251d00d53f,internal,call,0.224156610169491 Ether
1,0xb10ea0d397db942a1083a4af9c6074ab63bc8c8b,1539771253,6533348.0,0x65b041db3135ed5f76d9486aa56f8ca5dc9a3f5e,OUT,2,0.0,0xb9fe6e259cf050d5d5d5cb7b837598d1e37449acc86d7a252663d41f0aa99328,internal,call,0.124008406779661 Ether
1,0xb10ea0d397db942a1083a4af9c6074ab63bc8c8b,1540469224,6582820.0,0x65b041db3135ed5f76d9486aa56f8ca5dc9a3f5e,OUT,1,0.0,0xb2d4a8ef88cbf6cf5cd8bcc869361dbc6a8b169de4e56f7036ce12a62e207e0b,internal,call,0.274240813559322 Ether
