Class,address,age,block,creator,direction,inter_direction,txFee,txhash,txn_type,type,value
1,0xb10ea0d397db942a1083a4af9c6074ab63bc8c8b,1540261190,6568060.0,0x65b041db3135ed5f76d9486aa56f8ca5dc9a3f5e,OUT,1,0.0,0x776c224fc80a66bfd977e8033d68159e0160b9d92752231956d3392695afaa84,internal,call,0.038002576271186 Ether
1,0xb10ea0d397db942a1083a4af9c6074ab63bc8c8b,1539853204,6539201.0,0x65b041db3135ed5f76d9486aa56f8ca5dc9a3f5e,OUT,1,0.0,0x1d6ad8613c5c518e15943cabc5e09d6421a2747d8660e2532b77e98a625e685b,internal,call,0.032362372881355 Ether
1,0xb10ea0d397db942a1083a4af9c6074ab63bc8c8b,1540723070,6600777.0,0x65b041db3135ed5f76d9486aa56f8ca5dc9a3f5e,OUT,1,0.0,0x2a39119bf10051733e2ac1e84b9b025f2c755f478b438e2a7f6b201331c082d3,internal,call,0.073197355932203 Ether
1,0xb10ea0d397db942a1083a4af9c6074ab63bc8c8b,1540021347,6551074.0,0x65b041db3135ed5f76d9486aa56f8ca5dc9a3f5e,OUT,1,0.0,0x099345ebc5de6d6f13bb12542966cfb71c6775cf446f91f2b80121be3fc200fc,internal,call,0.026563322033898 Ether
1,0xb10ea0d397db942a1083a4af9c6074ab63bc8c8b,1540965564,0.0,0x65b041db3135ed5f76d9486aa56f8ca5dc9a3f5e,OUT,1,0.0,0x257c6a5129c3a9c63770e46ffb4f05d947dd168fe8f96f4f2d653ec32b3be22f,internal,call,0.038362779661016 Ether
1,0xb10ea0d397db942a1083a4af9c6074ab63bc8c8b,1539649393,6524736.0,0x65b041db3135ed5f76d9486aa56f8ca5dc9a3f5e,OUT,1,0.0,0x828466a16ce83326bba812ffee1a41f5c5dcad89d87ebee90e816d1fd208b300,internal,call,0.090299186440677 Ether
