Class,address,age,block,creator,direction,inter_direction,txFee,txhash,txn_type,type,value
1,0xfde889c9354d09cec72845e76a0d9f97f4686f7a,1536053594,6271534.0,0x93b5b8e5aefd9197305408df1f824b0e58229fd0,OUT,2,0.0,0x4c40946d1f2073665bc615daa705b4ce894b708a0485da6ec342de8e97c25645,internal,call,0.169805749053879 Ether
1,0xfde889c9354d09cec72845e76a0d9f97f4686f7a,1535810782,6254824.0,0x93b5b8e5aefd9197305408df1f824b0e58229fd0,OUT,2,0.0,0x990f132322ccd211a10b76a5e5480e7b33041a40d7c93e0a3d90c0ab4cca8c3b,internal,call,0.954935984319773 Ether
1,0xfde889c9354d09cec72845e76a0d9f97f4686f7a,1536132462,6277014.0,0x93b5b8e5aefd9197305408df1f824b0e58229fd0,OUT,2,0.0,0xb9ce1b65645f912a241551b05fd8ad600865e1f19a9bf45e238844a19b19c215,internal,call,2.71850629913605 Ether
