Class,address,age,block,creator,direction,inter_direction,txFee,txhash,txn_type,type,value
0,0xaf30d2a7e90d7dc361c8c4585e9bb7d2f6f15bc7,1519551164,5154962.0,0x7b174763483367307a177ecebf043697eb4673c7,IN,3,0.0009117,0xa0dd7d29de5eb035803e3a72ff5d6e2f477f32e817a975597fe67a8068b7e18c,external,0,0 Ether
0,0xaf30d2a7e90d7dc361c8c4585e9bb7d2f6f15bc7,1519551164,5154962.0,0x7b174763483367307a177ecebf043697eb4673c7,IN,3,0.0009117000000000001,0xa0dd7d29de5eb035803e3a72ff5d6e2f477f32e817a975597fe67a8068b7e18c,external,0,0 Ether
