Class,address,age,block,creator,direction,inter_direction,txFee,txhash,txn_type,type,value
0,0xaf30d2a7e90d7dc361c8c4585e9bb7d2f6f15bc7,1474819069,2327225.0,0x7b174763483367307a177ecebf043697eb4673c7,IN,3,0.00286919,0x09c5125f2157561ac61d972e6c5896f620c30e60258acf7d09d917159f1d590d,external,0,100 Ether
0,0xaf30d2a7e90d7dc361c8c4585e9bb7d2f6f15bc7,1485317887,3058020.0,0x7b174763483367307a177ecebf043697eb4673c7,IN,3,0.00154881,0x39dadd888359ed99fb465dcb724f412f1b1a05ad57ecf2432f8ca2cb458d1d02,external,0,0 Ether
