Class,address,age,block,creator,direction,inter_direction,txFee,txhash,txn_type,type,value
1,0x4e8ecf79ade5e2c49b9e30d795517a81e0bf00b8,1532715422,0.0,0xf39e044e1ab204460e06e87c6dca2c6319fc69e3,OUT,1,0.0,0x5b9d85cf49e2d1e5c9048c8f2de2e09fe971a49a0bcd2d513dd8003b265f8ec9,internal,call,36.250027435640122 Ether
1,0x4e8ecf79ade5e2c49b9e30d795517a81e0bf00b8,1532728257,6043539.0,0xf39e044e1ab204460e06e87c6dca2c6319fc69e3,OUT,1,0.0,0x34bcd5694110e7cb6f1ec6d20b0bc3c0d23b4b1b8d50db8a9afaf3c4483f1b29,internal,call,14.236915065573241 Ether
1,0x4e8ecf79ade5e2c49b9e30d795517a81e0bf00b8,1532742309,0.0,0xf39e044e1ab204460e06e87c6dca2c6319fc69e3,OUT,2,0.0,0xd47f7d872705aa1ea66e28333f05496dc5fe79c053a51649385460d6a19c55b1,internal,call,6.031910206686172 Ether
