Class,address,age,block,creator,direction,inter_direction,txFee,txhash,txn_type,type,value
0,0xb1690c08e213a35ed9bab7b318de14420fb57d8c,1537755307,6390206.0,0xba52c75764d6f594735dc735be7f1830cdf58ddf,IN,3,0.00027304,0x36ef8f86213b3dde6f54e88d456814eb2a70d2e4a991b34d8826c7e9ccad5b49,external,0,0.00184551536101 Ether
