Class,address,age,block,creator,direction,inter_direction,txFee,txhash,txn_type,type,value
0,0xb24754be79281553dc1adc160ddf5cd9b74361a4,1511313984,4599870.0,0xe49b91d0a956356501fcbbad3b488ee052102aa8,IN,3,0.00014851,0x5d22cae87bd6a3d3203dfec81166956802a92ff207c5619bc7d668cf7f141114,external,0,0 Ether
0,0xb24754be79281553dc1adc160ddf5cd9b74361a4,1511716772,4628804.0,0xe49b91d0a956356501fcbbad3b488ee052102aa8,IN,3,8.877e-05,0x805b9589d3944e86e8f5744ae93dad7550ea341bf6e03b6c0d7315b07c0182c0,external,0,0 Ether
0,0xb24754be79281553dc1adc160ddf5cd9b74361a4,1513256990,4733190.0,0xe49b91d0a956356501fcbbad3b488ee052102aa8,IN,3,0.00136134,0xb08c7d9c273bfe97ad4c0a61263cb837bf0b70b21e68440d96c5bc49e3805481,external,0,0 Ether
