Class,address,age,block,creator,direction,inter_direction,txFee,txhash,txn_type,type,value
1,0xdf93cdb6dd65c6c28c78dcdc1762aa34caf81678,1541336870,6644139.0,0xcc1ceb36cab5ada7fd0376b55602dd0d4b429c30,OUT,2,0.0,0x52e8404b34c7aba3d1d631e51269e1a248d57429c228d8cda3b96e790a3a4d22,internal,call,0.048660694444444 Ether
1,0xdf93cdb6dd65c6c28c78dcdc1762aa34caf81678,1539948849,6545946.0,0xcc1ceb36cab5ada7fd0376b55602dd0d4b429c30,OUT,2,0.0,0xe4f45f9fe01edda8f2cac1d429bf0b5454a3d227c1c04cad14931ee3d212a627,internal,call,0.087719722222222 Ether
1,0xdf93cdb6dd65c6c28c78dcdc1762aa34caf81678,1541375210,6646762.0,0xcc1ceb36cab5ada7fd0376b55602dd0d4b429c30,OUT,2,0.0,0x472a963598a76fbc741a4318d309b8ab479eeefd36aacfc41cb55d5cbd82296b,internal,call,0.037275 Ether
1,0xdf93cdb6dd65c6c28c78dcdc1762aa34caf81678,1539858623,6539588.0,0xcc1ceb36cab5ada7fd0376b55602dd0d4b429c30,OUT,2,0.0,0x29423c63580be94c183c54a5c85060c7c0ce02677228e75085f396f1fe2192d4,internal,call,0.145509583333333 Ether
1,0xdf93cdb6dd65c6c28c78dcdc1762aa34caf81678,1541286819,6640627.0,0xcc1ceb36cab5ada7fd0376b55602dd0d4b429c30,OUT,2,0.0,0x3ef7c92e05ef1c07f92122508e307570a9b5a0d488e5681804cfc4ac34cbeb47,internal,call,0.883641111111111 Ether
1,0xdf93cdb6dd65c6c28c78dcdc1762aa34caf81678,1541434945,6647961.0,0xcc1ceb36cab5ada7fd0376b55602dd0d4b429c30,OUT,2,0.0,0xd9ef554e1314dbc879a9542c6d87d0c3fe45e967a9382fada2174c611f081eaf,internal,call,0.016075694444444 Ether
1,0xdf93cdb6dd65c6c28c78dcdc1762aa34caf81678,1540036771,6552153.0,0xcc1ceb36cab5ada7fd0376b55602dd0d4b429c30,OUT,2,0.0,0xea755d57e7dd5a4fee47102c9cbcd8d76fdb477b70e3cbf9098d66d5dab62f37,internal,call,0.085479722222222 Ether
1,0xdf93cdb6dd65c6c28c78dcdc1762aa34caf81678,1540377931,6576357.0,0xcc1ceb36cab5ada7fd0376b55602dd0d4b429c30,OUT,2,0.0,0x343edaae28f06046948c389cc30ffc79cfc0d501dac6f4e3de3bd12773abfbaa,internal,call,0.331683333333333 Ether
