Class,address,age,block,creator,direction,inter_direction,txFee,txhash,txn_type,type,value
0,0xb24754be79281553dc1adc160ddf5cd9b74361a4,1515199020,4862601.0,0xe49b91d0a956356501fcbbad3b488ee052102aa8,IN,3,0.00460736,0x236ffd66de799c0648b79cf5da693003a663e9774c97d6130da41899e7acabfa,external,0,0 Ether
0,0xb24754be79281553dc1adc160ddf5cd9b74361a4,1504189442,4224798.0,0xe49b91d0a956356501fcbbad3b488ee052102aa8,IN,3,0.00280802,0x556f148bfdd9bc87adb6918412d584298131ef26ee8b4bc9cb2a914f9214a4ac,external,0,0 Ether
0,0xb24754be79281553dc1adc160ddf5cd9b74361a4,1500435959,4043694.0,0xe49b91d0a956356501fcbbad3b488ee052102aa8,IN,3,0.00018176,0xb2c4cc1bfc171ce0dc816beb193fc92d084b2185eb94c26bf655d86a1ea3954e,external,0,0 Ether
