Class,address,age,block,creator,direction,inter_direction,txFee,txhash,txn_type,type,value
1,0x536a6ba0d913d5d6a4ce2c6eb7ed0de3c0f0b89e,1538004961,6407809.0,0xb648cc3367571c9166e966d1eb97de3f9ebfb8fd,OUT,1,0.0,0x2052cf501223dc4fc96edac286c5a5507b22d407d4fcf3db9f1ebf5debec692e,internal,call,0.1492011227 Ether
1,0x536a6ba0d913d5d6a4ce2c6eb7ed0de3c0f0b89e,1537678063,6381727.0,0xb648cc3367571c9166e966d1eb97de3f9ebfb8fd,OUT,2,0.0,0xcad605f9d1ba519482632832d6406e68b1b45710393f06d551dd3c0eef165af2,internal,call,0.0112311227 Ether
1,0x536a6ba0d913d5d6a4ce2c6eb7ed0de3c0f0b89e,1537917790,6401659.0,0xb648cc3367571c9166e966d1eb97de3f9ebfb8fd,OUT,2,0.0,0xb882e9578b46bcb14a8a403930e895056b54090bc9c6eecf8c6aa0540f1b6cc7,internal,call,0.1492011227 Ether
1,0x536a6ba0d913d5d6a4ce2c6eb7ed0de3c0f0b89e,1537745388,6389513.0,0xb648cc3367571c9166e966d1eb97de3f9ebfb8fd,OUT,2,0.0,0xd5d95edf0d0e9bcc224646882e00980c2fd3bd2dc304ba5f918ddf31e32ea069,internal,call,0.1492011227 Ether
