Class,address,age,block,creator,direction,inter_direction,txFee,txhash,txn_type,type,value
0,0xb47e3cd837ddf8e4c57f05d70ab865de6e193bbb,1511777729,4633105.0,0xc352b534e8b987e036a93539fd6897f53488e56a,IN,3,0.00160053,0x380d5df2acf78fe9e9ddfb284db109795cae72304c30e2027f99d822f2a425ec,external,0,0.0015 Ether
0,0xb47e3cd837ddf8e4c57f05d70ab865de6e193bbb,1511938307,4644489.0,0xc352b534e8b987e036a93539fd6897f53488e56a,IN,3,0.00064929,0x49ec4125e3dc7e23f4ab12b7e5525d1595d136a92a147519f3015b2b8af38d20,external,0,0 Ether
