Class,address,age,block,creator,direction,inter_direction,txFee,txhash,txn_type,type,value
0,0xb97048628db6b661d4c2aa833e95dbe1a905b280,1534032306,6133018.0,0xd43d09ec1bc5e57c8f3d0c64020d403b04c7f783,IN,3,0.00213466,0x9c0ea6ba9254f35b9aa20923cb3a729d3c3344e014028b68e1c1625254e3afae,external,0,0 Ether
0,0xb97048628db6b661d4c2aa833e95dbe1a905b280,1537712931,6387211.0,0xd43d09ec1bc5e57c8f3d0c64020d403b04c7f783,IN,3,0.00333585,0xaaab62343fd2dbe7bccc2d0c4d67535c769ced55e97938642e6fe3bb6628fdb5,external,0,0 Ether
