Class,address,age,block,creator,direction,inter_direction,txFee,txhash,txn_type,type,value
1,0x8a883a20940870dc055f2070ac8ec847ed2d9918,1532342135,6017315.0,0xc14f8469d4bb31c8e69fae9c16e262f45edc3635,OUT,2,0.0,0x135b3f24ae69dabe0840c77fe733637494aab66b15c1e95a18cff88d8009b768,internal,call,0.06680905953386 Ether
1,0x8a883a20940870dc055f2070ac8ec847ed2d9918,1533165591,6073669.0,0xc14f8469d4bb31c8e69fae9c16e262f45edc3635,OUT,2,0.0,0x1a5ad5f4448382d5bcc2162744dc023562d67e808f61c5787d6753016099e2b9,internal,call,0.058659971135422 Ether
