Class,address,age,block,creator,direction,inter_direction,txFee,txhash,txn_type,type,value
1,0xb10ea0d397db942a1083a4af9c6074ab63bc8c8b,1539136089,6488226.0,0x65b041db3135ed5f76d9486aa56f8ca5dc9a3f5e,OUT,1,0.0,0x5ea9548e10a25c8bc58281b75d3f35e63d1465a85b9cf6af7a6062eea7e7185d,internal,call,0.041505084745762 Ether
1,0xb10ea0d397db942a1083a4af9c6074ab63bc8c8b,1539133987,0.0,0x65b041db3135ed5f76d9486aa56f8ca5dc9a3f5e,OUT,2,0.0,0xc0101c3a4d0e136179c66e0711e2e9c71f614e4a5685c77125e05b704c8c80de,internal,call,0.0025 Ether
1,0xb10ea0d397db942a1083a4af9c6074ab63bc8c8b,1540101014,6556686.0,0x65b041db3135ed5f76d9486aa56f8ca5dc9a3f5e,OUT,2,0.0,0xd95743b610f0288fe34d69bc8ad7279c1b2aba78afadc8ef753024417aa202d5,internal,call,0.21713220338983 Ether
1,0xb10ea0d397db942a1083a4af9c6074ab63bc8c8b,1539095526,6485260.0,0x65b041db3135ed5f76d9486aa56f8ca5dc9a3f5e,OUT,2,0.0,0xfa26dadf7f7c72839e2490371982bdd4e12b95cf2cf07d2746fe0b21fb659e4e,internal,call,0.007920171080772 Ether
1,0xb10ea0d397db942a1083a4af9c6074ab63bc8c8b,1539299181,6499842.0,0x65b041db3135ed5f76d9486aa56f8ca5dc9a3f5e,OUT,1,0.0,0x9d3f5ac11402109e8b9d7163f04119ad8b98bec0621a083e5a9960caf698aec1,internal,call,0.078752542372881 Ether
1,0xb10ea0d397db942a1083a4af9c6074ab63bc8c8b,1539089537,6484818.0,0x65b041db3135ed5f76d9486aa56f8ca5dc9a3f5e,OUT,2,0.0,0x592e8fb7da0ae22786965d14d30131088c8bacee70fd8d7df94ea96248d36be5,internal,call,0.0015 Ether
1,0xb10ea0d397db942a1083a4af9c6074ab63bc8c8b,1539075089,6483816.0,0x65b041db3135ed5f76d9486aa56f8ca5dc9a3f5e,OUT,2,0.0,0xfbca4292dc399e83940bde33c3d74754368a37b8a05d17d6b0563a2c3cf0711d,internal,call,0.05 Ether
1,0xb10ea0d397db942a1083a4af9c6074ab63bc8c8b,1539648295,6524659.0,0x65b041db3135ed5f76d9486aa56f8ca5dc9a3f5e,OUT,2,0.0,0xc459106cd5b10b1aee8ac6a4cd03d58b3e3a090b49266a8898f9f7c4fe3ef6d9,internal,call,0.168250847457627 Ether
1,0xb10ea0d397db942a1083a4af9c6074ab63bc8c8b,1540742820,6599148.0,0x65b041db3135ed5f76d9486aa56f8ca5dc9a3f5e,OUT,1,0.0,0x8ee31fa11dc9dd062d59ac3b2b3683822e72cfa800d1f00ca42443bf04b42aa7,internal,call,0.287877966101694 Ether
