Class,address,age,block,creator,direction,inter_direction,txFee,txhash,txn_type,type,value
1,0xfde889c9354d09cec72845e76a0d9f97f4686f7a,1535772072,6252163.0,0x93b5b8e5aefd9197305408df1f824b0e58229fd0,OUT,2,0.0,0x1d3ad981412bea683d31531dd2f83f843aeb0bb934af84a2305aae2721c8c3c7,internal,call,0.004609994843916 Ether
1,0xfde889c9354d09cec72845e76a0d9f97f4686f7a,1535985415,6266863.0,0x93b5b8e5aefd9197305408df1f824b0e58229fd0,OUT,2,0.0,0xafee316e8f5ca28b8e431666efb4b510818f206bf0c4bafd7f93fccbe76a87a4,internal,call,0.041318106294715 Ether
