Class,address,age,block,creator,direction,inter_direction,txFee,txhash,txn_type,type,value
1,0x4e8ecf79ade5e2c49b9e30d795517a81e0bf00b8,1534117535,6138839.0,0xf39e044e1ab204460e06e87c6dca2c6319fc69e3,OUT,2,0.0,0xf7ec5f0aa886e3edeedb2cb37b12ee8df262d3014da4af41146d7678bf5b04a3,internal,call,0.007936975892971 Ether
1,0x4e8ecf79ade5e2c49b9e30d795517a81e0bf00b8,1532959774,0.0,0xf39e044e1ab204460e06e87c6dca2c6319fc69e3,OUT,1,0.0,0x6b5338ddc918328f807ad5f3dc8c1e13e34871b6374d1508fff2548d3310ec5d,internal,call,0.130923739708021 Ether
1,0x4e8ecf79ade5e2c49b9e30d795517a81e0bf00b8,1532760318,0.0,0xf39e044e1ab204460e06e87c6dca2c6319fc69e3,OUT,1,0.0,0xa8c7a39e4f0a49d3b8ec0b773361b15c3dd978a04d4833aa0b1c023c9af79213,internal,call,0.038131399051054 Ether
