Class,address,age,block,creator,direction,inter_direction,txFee,txhash,txn_type,type,value
1,0x702392282255f8c0993dbbbb148d80d2ef6795b1,1523252418,5409497.0,0xfea0904acc8df0f3288b6583f60b86c36ea52acd,OUT,2,0.0,0xe82dc911a948bdfdb1affbc87bdb229bf68afe2ea764bd7ccbc15e9f4239565d,internal,call,0.026217733415091 Ether
1,0x702392282255f8c0993dbbbb148d80d2ef6795b1,1523109912,5399559.0,0xfea0904acc8df0f3288b6583f60b86c36ea52acd,OUT,2,0.0,0x4dbdd2478f8ae6ec9bb6f99d703abce27a00761889dbaf77d6fd4d0350dac1ef,internal,call,0.033437071414962 Ether
1,0x702392282255f8c0993dbbbb148d80d2ef6795b1,1523108762,5399472.0,0xfea0904acc8df0f3288b6583f60b86c36ea52acd,OUT,2,0.0,0x55e7223185dda21002b7615ced3af2cd780f33afaba5d894de902e26739db2d8,internal,call,0.056107061339962 Ether
1,0x702392282255f8c0993dbbbb148d80d2ef6795b1,1523130429,5401043.0,0xfea0904acc8df0f3288b6583f60b86c36ea52acd,OUT,2,0.0,0x12aa93cdb8cbb3cb35349ac09b02c4ab15f9a5a105388f4050e93578745026a6,internal,call,0.038878722474704 Ether
1,0x702392282255f8c0993dbbbb148d80d2ef6795b1,1523263927,5410263.0,0xfea0904acc8df0f3288b6583f60b86c36ea52acd,OUT,2,0.0,0x5c3b214b0702f641d032ed40be9ef88ba28e1087eef6f08dcde6b691be3e8e47,internal,call,0.881657471083743 Ether
1,0x702392282255f8c0993dbbbb148d80d2ef6795b1,1523194583,5405521.0,0xfea0904acc8df0f3288b6583f60b86c36ea52acd,OUT,2,0.0,0x5412f9e22002cb208b3354be26753f91fca58f6659c786b85a9779efa0303ed6,internal,call,0.024490358788693 Ether
