Class,address,age,block,creator,direction,inter_direction,txFee,txhash,txn_type,type,value
1,0xb10ea0d397db942a1083a4af9c6074ab63bc8c8b,1540896071,6612983.0,0x65b041db3135ed5f76d9486aa56f8ca5dc9a3f5e,OUT,1,0.0,0x068b50fc707fc59560e64d6c28fab47f8b956bf0e448b0f8ad3c089527db9d90,internal,call,0.090944484067796 Ether
1,0xb10ea0d397db942a1083a4af9c6074ab63bc8c8b,1540285666,6569766.0,0x65b041db3135ed5f76d9486aa56f8ca5dc9a3f5e,OUT,1,0.0,0x2f8e8d2d2593ed549ac7899802d2ae890479b90430f070c4c92fbe8ab663c1b3,internal,call,0.000175593220338 Ether
1,0xb10ea0d397db942a1083a4af9c6074ab63bc8c8b,1540285112,6569729.0,0x65b041db3135ed5f76d9486aa56f8ca5dc9a3f5e,OUT,1,0.0,0x3e182741296ece2a630c262eb973cf5a3e200ca652f5779ddeba168e6d659389,internal,call,0.024516610169491 Ether
1,0xb10ea0d397db942a1083a4af9c6074ab63bc8c8b,1540645189,6595272.0,0x65b041db3135ed5f76d9486aa56f8ca5dc9a3f5e,OUT,1,0.0,0x2ede3c64b089338feb292d8a53cc4ec9366a71c047e60ec1d432e56f0d289cff,internal,call,0.096387494237288 Ether
1,0xb10ea0d397db942a1083a4af9c6074ab63bc8c8b,1540379976,0.0,0x65b041db3135ed5f76d9486aa56f8ca5dc9a3f5e,OUT,1,0.0,0x5688f1b0faf26d695a2aefa0ca66b0286815872d0ddde39456568a876501f144,internal,call,0.000083501694915 Ether
1,0xb10ea0d397db942a1083a4af9c6074ab63bc8c8b,1540379601,6576484.0,0x65b041db3135ed5f76d9486aa56f8ca5dc9a3f5e,OUT,2,0.0,0xfebcfaea76b89c5af712113570f6940bfbc2069fedc283c2397bcace4e5fc0c5,internal,call,0.032997905084745 Ether
