Class,address,age,block,creator,direction,inter_direction,txFee,txhash,txn_type,type,value
1,0x8036165ccabee251c886d6121b047c16b5e798b5,1523119517,5397237.0,0x4be640dcce08e68ede454202fbc59cf5f9e8ea1f,OUT,2,0.0,0x9c4cb13d7a9f1c914414024fd7cc543eb928f79eb80684a0ab95bcad59e4f43e,internal,call,0.686305574018809 Ether
1,0x8036165ccabee251c886d6121b047c16b5e798b5,1523117661,5397101.0,0x4be640dcce08e68ede454202fbc59cf5f9e8ea1f,OUT,2,0.0,0x56c5ba9403f7da51d3c336356385455ab75245e398d0a1dd7eaf1efa37f09963,internal,call,0.039322704701759 Ether
1,0x8036165ccabee251c886d6121b047c16b5e798b5,1523039071,5394597.0,0x4be640dcce08e68ede454202fbc59cf5f9e8ea1f,OUT,2,0.0,0x1ad6d8f7605a4abda0bfc4a59a0a07282ea34c3437139202cb57aa54ddd1ec04,internal,call,0.013688723910748 Ether
1,0x8036165ccabee251c886d6121b047c16b5e798b5,1523020780,5393299.0,0x4be640dcce08e68ede454202fbc59cf5f9e8ea1f,OUT,2,0.0,0x48c0a54583778f9185172fedbaa149ad097e05f591d404ddcd0e7bc355b75add,internal,call,0.029259887804793 Ether
1,0x8036165ccabee251c886d6121b047c16b5e798b5,1523017567,5393084.0,0x4be640dcce08e68ede454202fbc59cf5f9e8ea1f,OUT,2,0.0,0x874b6e9bf3f1264cdb1734a2f54fc3dde7d2a1edaa26f15b2595844d0b7ef4d6,internal,call,0.038019289218216 Ether
1,0x8036165ccabee251c886d6121b047c16b5e798b5,1523029279,5393924.0,0x4be640dcce08e68ede454202fbc59cf5f9e8ea1f,OUT,2,0.0,0x28c4263bbfae15eed2ea292e82069eb405be87a4ed7196eb9fc401a8722fc721,internal,call,0.064167400235414 Ether
1,0x8036165ccabee251c886d6121b047c16b5e798b5,1523027080,5393767.0,0x4be640dcce08e68ede454202fbc59cf5f9e8ea1f,OUT,2,0.0,0x0e36b46e6411b7a04e98ff599206f6e0edeca9773d62b65102c765b595eb5194,internal,call,0.062184291885021 Ether
