Class,address,age,block,creator,direction,inter_direction,txFee,txhash,txn_type,type,value
1,0xbeefd8fb3b5778f99e021afa2e41e0614af6af11,1541099554,6627306.0,0x300758881bf3756b6cb5b2e96f545d7b3566ce3a,IN,3,0.00044738,0x80a1f8077c81c17f7bffee52308892c02e6df3bb7a8b35ba6b6ee14779057efb,external,0,0 Ether
1,0xbeefd8fb3b5778f99e021afa2e41e0614af6af11,1541504931,6655901.0,0x300758881bf3756b6cb5b2e96f545d7b3566ce3a,IN,3,0.00038843,0x97967033961462a92ce9ecc030a4ab62bdda52c67d883ce858ff6578904d4132,external,0,0.01 Ether
1,0xbeefd8fb3b5778f99e021afa2e41e0614af6af11,1540554218,6588822.0,0x300758881bf3756b6cb5b2e96f545d7b3566ce3a,IN,3,0.0004293,0xaefd94ea7ccfe0ec5f81c68f8cdf8386c8ac179dbc2f9db0071031013c6e5d36,external,0,0.01 Ether
