Class,address,age,block,creator,direction,inter_direction,txFee,txhash,txn_type,type,value
1,0xb2816223fddc21aca553ba208c7b7a13b27c207c,1541004443,6617624.0,0x50b69eb0234c84e44a6951ba0ad2e316a81d0900,OUT,2,0.0,0x896d6f8d7aac766a6607773511f2131e33df0baafda2d53d978c493db7bd9b63,internal,call,0.000690236111111 Ether
1,0xb2816223fddc21aca553ba208c7b7a13b27c207c,1541311232,6642331.0,0x50b69eb0234c84e44a6951ba0ad2e316a81d0900,OUT,2,0.0,0x94797b97bcbc3b8abcccdcacd7fed4ff1cc62fcc06b586612dd26e3a228c027b,internal,call,0.00064034375 Ether
1,0xb2816223fddc21aca553ba208c7b7a13b27c207c,1541126813,6629226.0,0x50b69eb0234c84e44a6951ba0ad2e316a81d0900,OUT,2,0.0,0xcc0feb94dd7ca1b99b014f1dbfcd7d6c8e12ce67a504aa99a2ff37045264c3a2,internal,call,0.000574895833333 Ether
1,0xb2816223fddc21aca553ba208c7b7a13b27c207c,1540762455,6603554.0,0x50b69eb0234c84e44a6951ba0ad2e316a81d0900,OUT,2,0.0,0x32a835bb389e5c772ce322485e69c09fcfa5339ea78ddfc3c3b7e45b4a6c6af8,internal,call,0.000339534722222 Ether
