Class,address,age,block,creator,direction,inter_direction,txFee,txhash,txn_type,type,value
1,0x4e8ecf79ade5e2c49b9e30d795517a81e0bf00b8,1532724197,0.0,0xf39e044e1ab204460e06e87c6dca2c6319fc69e3,OUT,1,0.0,0x40615b0463b0fa526492017e02dd672a109965f6a48614159502994018de185d,internal,call,0.062119130928588 Ether
1,0x4e8ecf79ade5e2c49b9e30d795517a81e0bf00b8,1532716021,6042711.0,0xf39e044e1ab204460e06e87c6dca2c6319fc69e3,OUT,1,0.0,0x9646fddff7927da8b5b8f77a9cf3b33fa2d11cfa9a41e4acd28df9e6800883bd,internal,call,0.000256673447148 Ether
1,0x4e8ecf79ade5e2c49b9e30d795517a81e0bf00b8,1532715957,0.0,0xf39e044e1ab204460e06e87c6dca2c6319fc69e3,OUT,1,0.0,0xb22f9b3ce68ea25761a9055be5034a427bfde2904774781b8d52e5bd81fff9d4,internal,call,0.063921164585686 Ether
