Class,address,age,block,creator,direction,inter_direction,txFee,txhash,txn_type,type,value
0,0xc7af99fe5513eb6710e6d5f44f9989da40f27f26,1527337615,5681893.0,0xba52c75764d6f594735dc735be7f1830cdf58ddf,IN,3,0.00011273,0x1f4cfc850547080732d90672f43ef5c7d48fc1f9c7d8a5f4bc2df7c71a1d0446,external,0,0 Ether
0,0xc7af99fe5513eb6710e6d5f44f9989da40f27f26,1521377476,5279362.0,0xba52c75764d6f594735dc735be7f1830cdf58ddf,IN,3,3.636e-05,0x2c780633d23a6953e171e20f438d8ea0e236eb2bc061f913b9d4e79b6cecdbe0,external,0,0 Ether
0,0xc7af99fe5513eb6710e6d5f44f9989da40f27f26,1517571268,5018942.0,0xba52c75764d6f594735dc735be7f1830cdf58ddf,IN,3,0.00014546,0x33d166c9c23897803a3b8ecd0519db1474f6d39aedafae2975e5301a0441478f,external,0,0 Ether
0,0xc7af99fe5513eb6710e6d5f44f9989da40f27f26,1528046945,5728167.0,0xba52c75764d6f594735dc735be7f1830cdf58ddf,IN,3,9.212e-05,0x51b891bd2ad755a479047ad78acc624cb4910ccbe76dbb303f4b2a8db722c07b,external,0,0 Ether
0,0xc7af99fe5513eb6710e6d5f44f9989da40f27f26,1514223251,4797754.0,0xba52c75764d6f594735dc735be7f1830cdf58ddf,IN,3,0.00030706,0x5f7609879e5389725ec963cbff192a36d534273e3be6d308b94d677dcfaf4d9f,external,0,0 Ether
0,0xc7af99fe5513eb6710e6d5f44f9989da40f27f26,1533902543,6124196.0,0xba52c75764d6f594735dc735be7f1830cdf58ddf,IN,3,0.0002182,0x7419850410cec1f67f22f221cbaa3c978a4ed2f48e72711bb6b8be19fe1e0b0c,external,0,0 Ether
0,0xc7af99fe5513eb6710e6d5f44f9989da40f27f26,1514223256,4797755.0,0xba52c75764d6f594735dc735be7f1830cdf58ddf,IN,3,0.00029093,0x7b6209b11d544f4c4438eb2ab33a50977c31796258acf79df743877c4ca6029f,external,0,0 Ether
0,0xc7af99fe5513eb6710e6d5f44f9989da40f27f26,1528047117,5728176.0,0xba52c75764d6f594735dc735be7f1830cdf58ddf,IN,3,6.937e-05,0x84252e7cffdead9e3af3916de92cba6f83dd2bacec3e984dada02ffca8959d12,external,0,0 Ether
0,0xc7af99fe5513eb6710e6d5f44f9989da40f27f26,1523216993,5407038.0,0xba52c75764d6f594735dc735be7f1830cdf58ddf,IN,3,7.637e-05,0x8b162cbd12102becb6c74db039307b5906c9137d24fbee8248d245f08dd1652d,external,0,0 Ether
