Class,address,age,block,creator,direction,inter_direction,txFee,txhash,txn_type,type,value
1,0xb2816223fddc21aca553ba208c7b7a13b27c207c,1543181345,6774390.0,0x50b69eb0234c84e44a6951ba0ad2e316a81d0900,OUT,2,0.0,0xf545f748c06b55422b141ecd7b12d90a71cefdf473df4b3d0896dcf8f7bba969,internal,call,0.00069 Ether
1,0xb2816223fddc21aca553ba208c7b7a13b27c207c,1543236553,6778266.0,0x50b69eb0234c84e44a6951ba0ad2e316a81d0900,OUT,2,0.0,0x6aa8d8a9311d106170e128b5092dca746463baf72c504ae30252f4ab466842ca,internal,call,0.00033 Ether
