Class,address,age,block,creator,direction,inter_direction,txFee,txhash,txn_type,type,value
1,0x4e8ecf79ade5e2c49b9e30d795517a81e0bf00b8,1533206755,6076407.0,0xf39e044e1ab204460e06e87c6dca2c6319fc69e3,OUT,1,0.0,0x0b92245d78c195fedd36fd44fe804568eec6562d51334bacd91c359056ed907f,internal,call,0.179364635831677 Ether
1,0x4e8ecf79ade5e2c49b9e30d795517a81e0bf00b8,1533202525,6076107.0,0xf39e044e1ab204460e06e87c6dca2c6319fc69e3,OUT,1,0.0,0x9ef2d0f944b493d3fa93212d5e74d99ff5d04e9bc01cbccd1def8332266d978d,internal,call,0.461634813825926 Ether
