Class,address,age,block,creator,direction,inter_direction,txFee,txhash,txn_type,type,value
1,0xf00e5a59fde1cb2ead96a8be7711abc3f981e0f1,1537915257,6401491.0,0x96bb98183e5562913e72613c1979d0a13f8ec76b,OUT,2,0.0,0xeffb4ca2b2e85d7fc294d58fffb57ec440d314a30e6a8ed2157b2a0148da2baf,internal,call,0.144222222222222 Ether
1,0xf00e5a59fde1cb2ead96a8be7711abc3f981e0f1,1537918155,6401681.0,0x96bb98183e5562913e72613c1979d0a13f8ec76b,OUT,2,0.0,0x234777be52e2b648d6a9418ea0b0e4e022233951d3dff34d13b4fc4f39bd7098,internal,call,0.010666666666666 Ether
1,0xf00e5a59fde1cb2ead96a8be7711abc3f981e0f1,1537928489,6402421.0,0x96bb98183e5562913e72613c1979d0a13f8ec76b,OUT,2,0.0,0x4ace72394ad251f97fb6587ffd332ce5ab61d9abec53637b59a2bc3e0f5e1668,internal,call,0.038222222222222 Ether
1,0xf00e5a59fde1cb2ead96a8be7711abc3f981e0f1,1537929748,0.0,0x96bb98183e5562913e72613c1979d0a13f8ec76b,OUT,2,0.0,0x94d15d4b7c76fd44ddf3b0e70c22e2df8ac419c1fb8331d0baac40c60cdc5801,internal,call,0.004666666666666 Ether
1,0xf00e5a59fde1cb2ead96a8be7711abc3f981e0f1,1537876357,6398744.0,0x96bb98183e5562913e72613c1979d0a13f8ec76b,OUT,2,0.0,0x7358b509cd5951f2c75bc5531bdd5078b42b3a34bca4a481f750378735933e19,internal,call,0.028888888888888 Ether
