Class,address,age,block,creator,direction,inter_direction,txFee,txhash,txn_type,type,value
0,0xc02aaa39b223fe8d0a0e5c4f27ead9083c756cc2,1543796787,6817468.0,0x4f26ffbe5f04ed43630fdc30a87638d53d0b0876,OUT,2,0.0,0xf86301562cba36ae6e12e7a9f49933ee2e24ccfdcd56730ed97cfffad1adb08f,internal,call,0.17127721 Ether
0,0xc02aaa39b223fe8d0a0e5c4f27ead9083c756cc2,1543703351,6810931.0,0x4f26ffbe5f04ed43630fdc30a87638d53d0b0876,OUT,1,0.0,0x30449d3386ca521ee45b48118f1cdf7a9fa7e7971974612b849ce6d559c7cd4b,internal,call,0.05480107 Ether
0,0xc02aaa39b223fe8d0a0e5c4f27ead9083c756cc2,1543792058,6817136.0,0x4f26ffbe5f04ed43630fdc30a87638d53d0b0876,OUT,1,0.0,0x290168b08205d656576ead704dad2d5f93784c21f08ffad9893c30447632b862,internal,call,0.000660066 Ether
0,0xc02aaa39b223fe8d0a0e5c4f27ead9083c756cc2,1543788483,6816873.0,0x4f26ffbe5f04ed43630fdc30a87638d53d0b0876,OUT,1,0.0,0x1f86b7058a3157c790b8229c5a62d61e7699d1ca57e8738e32e2ea4e55eade4b,internal,call,0.000660066 Ether
