Class,address,age,block,creator,direction,inter_direction,txFee,txhash,txn_type,type,value
1,0x9d68a447a8718ef30645d23d423be1ea6b7d370f,1538029724,6409561.0,0xbfb297616ffa0124a288e212d1e6df5299c9f8d0,OUT,2,0.0,0xd1677647b2aa474d40e1c0084c2af13ef4a498fc9f5cc0823f1c159ca60a56d5,internal,call,0.020188888888888 Ether
1,0x9d68a447a8718ef30645d23d423be1ea6b7d370f,1538044523,6410569.0,0xbfb297616ffa0124a288e212d1e6df5299c9f8d0,OUT,2,0.0,0x601df3d90ce7d9a59758177de1678f6d72348ea32025c58dd159e2249427d18a,internal,call,0.003705555555555 Ether
1,0x9d68a447a8718ef30645d23d423be1ea6b7d370f,1538010754,6408215.0,0xbfb297616ffa0124a288e212d1e6df5299c9f8d0,OUT,2,0.0,0x203fa57a633ea173bc6d42de841050c51aa80f322cf8f3327fb0af88ede26f59,internal,call,0.044913888888888 Ether
1,0x9d68a447a8718ef30645d23d423be1ea6b7d370f,1538058714,6411586.0,0xbfb297616ffa0124a288e212d1e6df5299c9f8d0,OUT,2,0.0,0x797b9ed020518ab127dcafb1e26c93d24e24facb2aff08d663b447afbaa6148d,internal,call,0.003258333333333 Ether
1,0x9d68a447a8718ef30645d23d423be1ea6b7d370f,1538055661,6411378.0,0xbfb297616ffa0124a288e212d1e6df5299c9f8d0,OUT,2,0.0,0xcd1bce22f93eadfa4ebd95b35e2c0f96f01fa06c1fd3df669f754df2ee4ba479,internal,call,0.007091666666666 Ether
1,0x9d68a447a8718ef30645d23d423be1ea6b7d370f,1538036724,6410022.0,0xbfb297616ffa0124a288e212d1e6df5299c9f8d0,OUT,2,0.0,0xfa8a0a98d6df320a947def60aa0bf0bb77cad98534ae2cf10d721b65f1645f75,internal,call,0.007475 Ether
1,0x9d68a447a8718ef30645d23d423be1ea6b7d370f,1538048987,6410858.0,0xbfb297616ffa0124a288e212d1e6df5299c9f8d0,OUT,2,0.0,0x7c7ac2c12b1e6c99732d73ab4c699ed727c41295bb356663e31ed23e4fe92102,internal,call,0.004727777777777 Ether
1,0x9d68a447a8718ef30645d23d423be1ea6b7d370f,1538041047,6410312.0,0xbfb297616ffa0124a288e212d1e6df5299c9f8d0,OUT,2,0.0,0x4e23aed97f97c0d8461f0607d3910b0d97131bdea06d93abe26192f9ba4cf989,internal,call,0.0046 Ether
