Class,address,age,block,creator,direction,inter_direction,txFee,txhash,txn_type,type,value
0,0xcbcc0f036ed4788f63fc0fee32873d6a7487b908,1495460058,3750971.0,0xc890b1f532e674977dfdb791cafaee898dfa9671,IN,3,0.00104106,0x42db7cd5e9263f934240cd88d919683fe3071756f62a7aa96508db68a1476209,external,0,0 Ether
0,0xcbcc0f036ed4788f63fc0fee32873d6a7487b908,1513343382,4739004.0,0xc890b1f532e674977dfdb791cafaee898dfa9671,IN,3,0.00312318,0xa70fca273d4f117d1c5b84d054d04406811600d64bdd192b18e124649f94924e,external,0,0 Ether
