Class,address,age,block,creator,direction,inter_direction,txFee,txhash,txn_type,type,value
1,0x8a883a20940870dc055f2070ac8ec847ed2d9918,1533231382,6078111.0,0xc14f8469d4bb31c8e69fae9c16e262f45edc3635,OUT,2,0.0,0x891a88769c586ec6d5662de4cca2f466ac56de81df4359a63494dffaff656678,internal,call,0.06215914582854 Ether
1,0x8a883a20940870dc055f2070ac8ec847ed2d9918,1532333661,6016715.0,0xc14f8469d4bb31c8e69fae9c16e262f45edc3635,OUT,2,0.0,0x2a98f0bcc2133178c92feb129e26e2ce73e5b8b34c87741708c23679ddc2eed9,internal,call,0.075530128273273 Ether
1,0x8a883a20940870dc055f2070ac8ec847ed2d9918,1532271313,6012464.0,0xc14f8469d4bb31c8e69fae9c16e262f45edc3635,OUT,2,0.0,0xeb66fd6635776ee6d6492ce66240d90057c86a223d4f015581e0a7ff0751d41c,internal,call,0.026318497694736 Ether
1,0x8a883a20940870dc055f2070ac8ec847ed2d9918,1532538241,6030588.0,0xc14f8469d4bb31c8e69fae9c16e262f45edc3635,OUT,2,0.0,0xdb6c54c18cbff84fabd2d6fbdfc25e69f5242823a5db104bb21343e0151a37b2,internal,call,0.012629644790474 Ether
1,0x8a883a20940870dc055f2070ac8ec847ed2d9918,1532296786,6014251.0,0xc14f8469d4bb31c8e69fae9c16e262f45edc3635,OUT,2,0.0,0x66abcfb6747ea8d8bfb885e30772756a37995121c879883c558fd7e63385236f,internal,call,0.419943827273545 Ether
1,0x8a883a20940870dc055f2070ac8ec847ed2d9918,1532256845,0.0,0xc14f8469d4bb31c8e69fae9c16e262f45edc3635,OUT,2,0.0,0xae0729868df57bdbce5603beb64d211c4fb9fe84c10214b42bd74288ec4d8ff9,internal,call,0.0884573679472 Ether
