Class,address,age,block,creator,direction,inter_direction,txFee,txhash,txn_type,type,value
0,0xcb94be6f13a1182e4a4b6140cb7bf2025d28e41b,1492776618,3576607.0,0xcb657c0d074daced6ba36efdfc42bd8018b8dcca,IN,3,0.00073106,0x925eec7f7b8b7404a80d5c7661201ae479da6be7e86098c70cc5502055474655,external,0,0 Ether
0,0xcb94be6f13a1182e4a4b6140cb7bf2025d28e41b,1504277359,4228393.0,0xcb657c0d074daced6ba36efdfc42bd8018b8dcca,IN,3,0.00076626,0x9b0c846d5ae617cc0edc75f3e262c0839221f360e319fc142575d3f12ebc8318,external,0,0 Ether
