Class,address,age,block,creator,direction,inter_direction,txFee,txhash,txn_type,type,value
0,0xcbcc0f036ed4788f63fc0fee32873d6a7487b908,1519332312,5140084.0,0xc890b1f532e674977dfdb791cafaee898dfa9671,IN,3,0.00018558,0x38f9fb5d5c000cab6f73b2388a7c4883b4a7a9dd7810eac7b97383141c3c8d79,external,0,0 Ether
0,0xcbcc0f036ed4788f63fc0fee32873d6a7487b908,1519331628,5140038.0,0xc890b1f532e674977dfdb791cafaee898dfa9671,IN,3,0.00104106,0x9a7f03132443a603c8f4cbf1e56704060863722b40cdfa3ecf2cff26b2d8f8d0,external,0,0 Ether
