Class,address,age,block,creator,direction,inter_direction,txFee,txhash,txn_type,type,value
0,0xcced5b8288086be8c38e23567e684c3740be4d48,1493481935,3620661.0,0x6d28515bf27529843f14dc75cc7ee95a4783e3a1,IN,3,0.00203338,0x1a12e05975ead9db53ee6e70aa9273cc544950a077601a1ffc708bb76a038389,external,0,0 Ether
0,0xcced5b8288086be8c38e23567e684c3740be4d48,1496123304,3792943.0,0x6d28515bf27529843f14dc75cc7ee95a4783e3a1,IN,3,0.00332421,0x26e1cdac28326fdf04113cd43c26cd78657a409a09e1c427753a3c042f8134c9,external,0,0 Ether
0,0xcced5b8288086be8c38e23567e684c3740be4d48,1496124177,3792996.0,0x6d28515bf27529843f14dc75cc7ee95a4783e3a1,IN,3,0.00294,0x3b571f213abcede75882366d70a3d8a5cc6b66607162f99082ac53800d51c677,external,0,0 Ether
0,0xcced5b8288086be8c38e23567e684c3740be4d48,1494397599,3683375.0,0x6d28515bf27529843f14dc75cc7ee95a4783e3a1,IN,3,0.00080368,0x6311f8bd569e84b17c4ada8de8560dc21ee6ddd1ffa2f365a849e9ab06131d73,external,0,0 Ether
0,0xcced5b8288086be8c38e23567e684c3740be4d48,1496123301,3792942.0,0x6d28515bf27529843f14dc75cc7ee95a4783e3a1,IN,3,0.00084252,0x6cc62e75f2a0c686632de883eb81b31c9b99d99f37c70a9a5828f16a8c161664,external,0,0 Ether
0,0xcced5b8288086be8c38e23567e684c3740be4d48,1494397599,3683375.0,0x6d28515bf27529843f14dc75cc7ee95a4783e3a1,IN,3,0.00284068,0x7a65fc1a1a38eba5d5c536fc5f19bbb6c6512eae878a4b0b63d442a2bfefaab5,external,0,0 Ether
0,0xcced5b8288086be8c38e23567e684c3740be4d48,1494394686,3683186.0,0x6d28515bf27529843f14dc75cc7ee95a4783e3a1,IN,3,0.0028,0x8876e4d47bd506fd707d1b6cc6474c8a3be701a017818e37be444e67062a035e,external,0,0 Ether
0,0xcced5b8288086be8c38e23567e684c3740be4d48,1494394595,3683179.0,0x6d28515bf27529843f14dc75cc7ee95a4783e3a1,IN,3,0.0028,0xac3cf7e156c7b0fb6eeb313b696af1db39d822a88276a328686386bf8639f26f,external,0,0 Ether
0,0xcced5b8288086be8c38e23567e684c3740be4d48,1496123304,3792943.0,0x6d28515bf27529843f14dc75cc7ee95a4783e3a1,IN,3,0.00353874,0xace9ad885ecb2da38eed8d72da86e04fe0c8e2f01425bc5a96af45f52acbb3d9,external,0,0 Ether
