Class,address,age,block,creator,direction,inter_direction,txFee,txhash,txn_type,type,value
1,0xb10ea0d397db942a1083a4af9c6074ab63bc8c8b,1540941075,6616200.0,0x65b041db3135ed5f76d9486aa56f8ca5dc9a3f5e,OUT,2,0.0,0xbfcb856406345db876c1c5d3c45672cf2fc60a6c05a59e8bdf5daedfa619b820,internal,call,0.00019062324403 Ether
1,0xb10ea0d397db942a1083a4af9c6074ab63bc8c8b,1540938863,6616043.0,0x65b041db3135ed5f76d9486aa56f8ca5dc9a3f5e,OUT,1,0.0,0x5e0df4566048edf4bcd27b36db7d20b82665b1afd285391d640ed714aa890b82,internal,call,0.02135708829615 Ether
1,0xb10ea0d397db942a1083a4af9c6074ab63bc8c8b,1540690416,6598453.0,0x65b041db3135ed5f76d9486aa56f8ca5dc9a3f5e,OUT,2,0.0,0xf129fc1531188a56b29eb65ddddc4ba640ff9d3b50ddc3bff5f4f16461822b94,internal,call,0.000013179322033 Ether
1,0xb10ea0d397db942a1083a4af9c6074ab63bc8c8b,1540690112,6598436.0,0x65b041db3135ed5f76d9486aa56f8ca5dc9a3f5e,OUT,2,0.0,0xcf0738d66f5bf093af6e2a60a886aa4da0f1f9080403b174969da193e10e7fb8,internal,call,0.049914744067796 Ether
1,0xb10ea0d397db942a1083a4af9c6074ab63bc8c8b,1539780925,6534051.0,0x65b041db3135ed5f76d9486aa56f8ca5dc9a3f5e,OUT,1,0.0,0x55d51f6bd0faa3cd2fbcaa0f10f7e798e347162c38dfc087131414bef0c908cf,internal,call,0.028537883728813 Ether
1,0xb10ea0d397db942a1083a4af9c6074ab63bc8c8b,1539263260,6497240.0,0x65b041db3135ed5f76d9486aa56f8ca5dc9a3f5e,OUT,1,0.0,0x0133f28956c9063c2ca7514f0558eba3977783b9551d6e6f41605b8a261083d0,internal,call,0.002901001355932 Ether
1,0xb10ea0d397db942a1083a4af9c6074ab63bc8c8b,1539210227,6493498.0,0x65b041db3135ed5f76d9486aa56f8ca5dc9a3f5e,OUT,1,0.0,0x95368d338718aa03a9944f6a00b2843324da36aeacc03643d7636fbd3a3cab00,internal,call,0.006380342372881 Ether
