Class,address,age,block,creator,direction,inter_direction,txFee,txhash,txn_type,type,value
1,0x4e8ecf79ade5e2c49b9e30d795517a81e0bf00b8,1537890646,6399747.0,0xf39e044e1ab204460e06e87c6dca2c6319fc69e3,OUT,1,0.0,0x38588e897ea323ea0e1c390f75260716ddb85f38dc97caf6ba66e799125c5727,internal,call,0.003842473056675 Ether
1,0x4e8ecf79ade5e2c49b9e30d795517a81e0bf00b8,1541990963,6690254.0,0xf39e044e1ab204460e06e87c6dca2c6319fc69e3,OUT,1,0.0,0x3643f72ec7bf22d037d63443f4c772aa6d9f8e2e2040c4ea2da9e6d7d42b1b98,internal,call,0.013924050447761 Ether
