Class,address,age,block,creator,direction,inter_direction,txFee,txhash,txn_type,type,value
0,0xd0a6e6c54dbc68db5db3a091b171a77407ff7ccf,1527626533,5700820.0,0x0008ec9f540ceb20cda44ec8503981ff58a3361b,IN,3,0.00801,0x1d7af711f7091d7359ac37526c0814103358842695f6ae496ae89f1f6e51ec47,external,0,0 Ether
0,0xd0a6e6c54dbc68db5db3a091b171a77407ff7ccf,1527626947,5700852.0,0x0008ec9f540ceb20cda44ec8503981ff58a3361b,IN,3,0.00805966,0x57a7d63ec9e96a95754ed60bdedda6717a0115ca50c759fa6edad413be368d65,external,0,0 Ether
0,0xd0a6e6c54dbc68db5db3a091b171a77407ff7ccf,1527626100,5700782.0,0x0008ec9f540ceb20cda44ec8503981ff58a3361b,IN,3,0.004539,0x6f3ff191dcc2a5df832d63e735278fc9d4ef055426c3a32330d54a5899a7b8b9,external,0,0 Ether
