Class,address,age,block,creator,direction,inter_direction,txFee,txhash,txn_type,type,value
0,0xd26114cd6ee289accf82350c8d8487fedb8a0c07,1543579533,6802324.0,0x140427a7d27144a4cda83bd6b9052a63b0c5b589,IN,3,0.00037396,0x94bc1a8c585bb66849ea208d0705e5fec4dba06d6fd26c3fa460ec37555619c4,external,0,0 Ether
0,0xd26114cd6ee289accf82350c8d8487fedb8a0c07,1543638482,6803377.0,0x140427a7d27144a4cda83bd6b9052a63b0c5b589,IN,3,0.00018611,0xa332e6be72f6a2600dc28d0842decadff820275d3b710bc9f91a29c9aae9c60e,external,0,0 Ether
