Class,address,age,block,creator,direction,inter_direction,txFee,txhash,txn_type,type,value
1,0x4e8ecf79ade5e2c49b9e30d795517a81e0bf00b8,1532835775,6051050.0,0xf39e044e1ab204460e06e87c6dca2c6319fc69e3,OUT,2,0.0,0xf106dd8bafbfdb7ce2e39c10353e4b6bb3a364e423f45c5f24ddfd9962b88f37,internal,call,0.025615300421206 Ether
1,0x4e8ecf79ade5e2c49b9e30d795517a81e0bf00b8,1532756673,6045498.0,0xf39e044e1ab204460e06e87c6dca2c6319fc69e3,OUT,1,0.0,0x27224ccf3416755141eb585e87075082d43e354c6feec80afc1a45b5a911aa61,internal,call,2.469384448751318 Ether
