Class,address,age,block,creator,direction,inter_direction,txFee,txhash,txn_type,type,value
1,0xbeefd8fb3b5778f99e021afa2e41e0614af6af11,1541952531,6684490.0,0x300758881bf3756b6cb5b2e96f545d7b3566ce3a,OUT,1,0.0,0x875ecd2d5e62302bacd1cb93e6d33fedff7b5821c7f8b6390ecc44e348baa64a,internal,call,0.010603483606557 Ether
1,0xbeefd8fb3b5778f99e021afa2e41e0614af6af11,1541219577,6632745.0,0x300758881bf3756b6cb5b2e96f545d7b3566ce3a,OUT,2,0.0,0xc2d66fbbae92881a244bfcbe04596eabdb7cc3edeebdedb91d20e03bb8897c21,internal,call,0.013541606557377 Ether
1,0xbeefd8fb3b5778f99e021afa2e41e0614af6af11,1540310363,0.0,0x300758881bf3756b6cb5b2e96f545d7b3566ce3a,OUT,1,0.0,0x9ab52339d6fbc2fcd5fa82a41c5f5e05612dede8c8c1aa0c69507dcaa440821b,internal,call,0.007495450819672 Ether
1,0xbeefd8fb3b5778f99e021afa2e41e0614af6af11,1539450391,6510594.0,0x300758881bf3756b6cb5b2e96f545d7b3566ce3a,OUT,1,0.0,0x63ae3a20330a2c4e8ed08ca85b8e61fbd7763b99fef7094acbac15a01059c1c0,internal,call,0.0005 Ether
