Class,address,age,block,creator,direction,inter_direction,txFee,txhash,txn_type,type,value
1,0x4f3db6d4c97b8248ad5e244e4f619086084f6848,1543281802,6781381.0,0xac560ed699346e4e3a3c2106ac90136883f7f624,OUT,2,0.0,0x04bacbaeaf3b6f53ac1ca878ec9d39f2361429f70ea7f2f5717b98c2e357131b,internal,call,0.094375 Ether
1,0x4f3db6d4c97b8248ad5e244e4f619086084f6848,1542179701,6703608.0,0xac560ed699346e4e3a3c2106ac90136883f7f624,OUT,2,0.0,0x98af711e0afb7790bc994da8fc923744fc9f9e40d6c3af68f6f0df5021896738,internal,call,0.062430555555555 Ether
1,0x4f3db6d4c97b8248ad5e244e4f619086084f6848,1542698647,6740248.0,0xac560ed699346e4e3a3c2106ac90136883f7f624,OUT,2,0.0,0x45cebe10c301abff85efc8b57a5306453f5da4fce3019270719aca69a786e14d,internal,call,0.120069444444444 Ether
1,0x4f3db6d4c97b8248ad5e244e4f619086084f6848,1543555067,6800572.0,0xac560ed699346e4e3a3c2106ac90136883f7f624,OUT,2,0.0,0x9e7a559511df1560216e5239e5a44320261605a6a5371a63b0d3e878411e9ede,internal,call,0.063194444444444 Ether
1,0x4f3db6d4c97b8248ad5e244e4f619086084f6848,1542874076,6752576.0,0xac560ed699346e4e3a3c2106ac90136883f7f624,OUT,2,0.0,0xffda7ab863a50de8ad963d330cfad12b49d41a1a78a2c37a2bce7f1519c962e6,internal,call,0.040555555555555 Ether
