Class,address,age,block,creator,direction,inter_direction,txFee,txhash,txn_type,type,value
0,0xd850942ef8811f2a866692a623011bde52a462c1,1539497187,6513938.0,0x5cd9f1c602ca78444142568958151027b1334d36,IN,3,0.00234648,0x03b3de40b6e36648ec4f1925fb02fd2713687bfdfc08cb6c66c6b97bdea9c455,external,0,0 Ether
0,0xd850942ef8811f2a866692a623011bde52a462c1,1539048232,6481923.0,0x5cd9f1c602ca78444142568958151027b1334d36,IN,3,0.00318617,0x507d363c642747e8bc02130304d696093ca3f090773221f223aa8360d9a40bdb,external,0,0 Ether
0,0xd850942ef8811f2a866692a623011bde52a462c1,1539240982,6495644.0,0x5cd9f1c602ca78444142568958151027b1334d36,IN,3,0.00152332,0x66efcbf82d47aa8a5dfcf71802226de9ce25b15e68d07ea4200b95d09d435533,external,0,0 Ether
