Class,address,age,block,creator,direction,inter_direction,txFee,txhash,txn_type,type,value
1,0x4e8ecf79ade5e2c49b9e30d795517a81e0bf00b8,1537787344,6392441.0,0xf39e044e1ab204460e06e87c6dca2c6319fc69e3,OUT,2,0.0,0xe7f45579f3fc32f370131fbc0aa522f27d684f859f5fda902a082ae221c23d40,internal,call,0.081800485438856 Ether
1,0x4e8ecf79ade5e2c49b9e30d795517a81e0bf00b8,1536750890,6319769.0,0xf39e044e1ab204460e06e87c6dca2c6319fc69e3,OUT,1,0.0,0x6efc49ca9f88d44fb2b2a43560ffb1b127318a831ec0fc980c1424b1a75cd4b3,internal,call,2.0315188287882 Ether
