Class,address,age,block,creator,direction,inter_direction,txFee,txhash,txn_type,type,value
1,0xe1c9a03cf690256ff7738cbd508c88cf5238a535,1523001246,5391945.0,0xc84c18a88789dba5b0ca9c13973435bbce7e961d,OUT,2,0.0,0x71c7e417c2253304e58ea461a99777e0f7c970b39463c1aafa0a1aa1b5bc03ef,internal,call,0.003833162368365 Ether
1,0xe1c9a03cf690256ff7738cbd508c88cf5238a535,1522966935,5389593.0,0xc84c18a88789dba5b0ca9c13973435bbce7e961d,OUT,2,0.0,0x194fde8e533d40478a05864afd1e4abd1dfc850075119132e2f6881391bd59fc,internal,call,0.000195961678491 Ether
