Class,address,age,block,creator,direction,inter_direction,txFee,txhash,txn_type,type,value
1,0xb2816223fddc21aca553ba208c7b7a13b27c207c,1541944029,6686975.0,0x50b69eb0234c84e44a6951ba0ad2e316a81d0900,OUT,2,0.0,0x1e6772fa47e9dd83d117b56ffd0cf4c1015764153164ed964967a5cf5b8e89a6,internal,call,0.01035 Ether
1,0xb2816223fddc21aca553ba208c7b7a13b27c207c,1542548905,6729818.0,0x50b69eb0234c84e44a6951ba0ad2e316a81d0900,OUT,2,0.0,0x5f0026044d3820155456a0d87a987fdbe820230c1486a53676230b49588faf5e,internal,call,0.01035 Ether
1,0xb2816223fddc21aca553ba208c7b7a13b27c207c,1542286696,6711167.0,0x50b69eb0234c84e44a6951ba0ad2e316a81d0900,OUT,2,0.0,0xa29c220c9fc5c4328f178ed170f32cc7a59357384ce04583aa9901c58490959b,internal,call,0.01035 Ether
1,0xb2816223fddc21aca553ba208c7b7a13b27c207c,1543205953,6773087.0,0x50b69eb0234c84e44a6951ba0ad2e316a81d0900,OUT,2,0.0,0xa09b4197dfb6c54d55a1c499d9e5b4e3ae31545254fd49e4fa57d6e49c547c18,internal,call,0.01035 Ether
1,0xb2816223fddc21aca553ba208c7b7a13b27c207c,1542899346,6754381.0,0x50b69eb0234c84e44a6951ba0ad2e316a81d0900,OUT,2,0.0,0x4ea5d04ff3b36c377d09221aaac88bb8efd800ae0f33b0f8d656f34fc7c83a4a,internal,call,0.01035 Ether
1,0xb2816223fddc21aca553ba208c7b7a13b27c207c,1541646918,6665957.0,0x50b69eb0234c84e44a6951ba0ad2e316a81d0900,OUT,2,0.0,0xa1355c98fbbd926450420c0a993f14fa3a3979aff1ef5227eaaab73e8904018f,internal,call,0.00345 Ether
