Class,address,age,block,creator,direction,inter_direction,txFee,txhash,txn_type,type,value
1,0xbeefd8fb3b5778f99e021afa2e41e0614af6af11,1541079782,6625972.0,0x300758881bf3756b6cb5b2e96f545d7b3566ce3a,OUT,1,0.0,0x6b080d1cd7bd4008e216485e8975eee1eac69fd994a41710e6d5d4ace5e6603f,internal,call,4.180106950819672 Ether
1,0xbeefd8fb3b5778f99e021afa2e41e0614af6af11,1538718507,0.0,0x300758881bf3756b6cb5b2e96f545d7b3566ce3a,OUT,1,0.0,0x390ab6edf291ab618265259d311f93617dbdad4f12da8774ae924ed74b5375cd,internal,call,0.003740208196721 Ether
1,0xbeefd8fb3b5778f99e021afa2e41e0614af6af11,1538715749,0.0,0x300758881bf3756b6cb5b2e96f545d7b3566ce3a,OUT,2,0.0,0xc15bd3478bfc79110948906e77bd883f36abab6d0a81cef2f6a17fadc0b1ad9f,internal,call,0.074129340983606 Ether
1,0xbeefd8fb3b5778f99e021afa2e41e0614af6af11,1541546594,6658818.0,0x300758881bf3756b6cb5b2e96f545d7b3566ce3a,OUT,1,0.0,0x14593e407743b2cd87444c0969faea8efde5897dfaa1db380c6dfebd45c990b9,internal,call,0.682496803278688 Ether
1,0xbeefd8fb3b5778f99e021afa2e41e0614af6af11,1541683775,6668552.0,0x300758881bf3756b6cb5b2e96f545d7b3566ce3a,OUT,1,0.0,0x371f13bfaba224076335fb42df9fc98c9afe7f97a1d9de30fcb8154e185be4a6,internal,call,0.20225975409836 Ether
1,0xbeefd8fb3b5778f99e021afa2e41e0614af6af11,1541918814,0.0,0x300758881bf3756b6cb5b2e96f545d7b3566ce3a,OUT,1,0.0,0xb251865a03ac8516d53f0817e2d91b073c9e0862e73d3ae07e40fc71fa569b7b,internal,call,0.345653483606557 Ether
