Class,address,age,block,creator,direction,inter_direction,txFee,txhash,txn_type,type,value
1,0x9a9de4897646951fb7150cd41d8ed30ba3080237,1542659793,6737553.0,0xbfb297616ffa0124a288e212d1e6df5299c9f8d0,OUT,2,0.0,0x2653ed7d0f34a6ce9e96a4afa6fff7527304dddc47332580e34044f39c4fb369,internal,call,0.006414930555555 Ether
1,0x9a9de4897646951fb7150cd41d8ed30ba3080237,1542615479,6734451.0,0xbfb297616ffa0124a288e212d1e6df5299c9f8d0,OUT,2,0.0,0xef55f67ffb13fd315d48e83a6dafb0b4598c1289b170f9c73b22ba28ebb329f1,internal,call,0.025590277777777 Ether
