Class,address,age,block,creator,direction,inter_direction,txFee,txhash,txn_type,type,value
1,0x4e8ecf79ade5e2c49b9e30d795517a81e0bf00b8,1533266053,6080442.0,0xf39e044e1ab204460e06e87c6dca2c6319fc69e3,OUT,2,0.0,0xb95c461a37eb1997c63cd2fdea20e66412f89b87af59dfe26f5241e9444a5835,internal,call,2.642912976359792 Ether
1,0x4e8ecf79ade5e2c49b9e30d795517a81e0bf00b8,1532740508,6044413.0,0xf39e044e1ab204460e06e87c6dca2c6319fc69e3,OUT,2,0.0,0xfdc8c53202e5cd92c06f4e283a2e06135e468d45490d60348b6cb17fe148146f,internal,call,3.535308151337445 Ether
1,0x4e8ecf79ade5e2c49b9e30d795517a81e0bf00b8,1532761071,0.0,0xf39e044e1ab204460e06e87c6dca2c6319fc69e3,OUT,1,0.0,0x5dc369507b6dcc8bf022aa4572ed4aa76599da578bc1d2b6a339cb98f7093169,internal,call,1.789441625895591 Ether
