Class,address,age,block,creator,direction,inter_direction,txFee,txhash,txn_type,type,value
1,0xb2816223fddc21aca553ba208c7b7a13b27c207c,1542625004,0.0,0x50b69eb0234c84e44a6951ba0ad2e316a81d0900,OUT,2,0.0,0xd023e03f412c9010b1433b5ae4edb3c88ecbe45889cb05c94fc118d3d2fdf03b,internal,call,0.000016165368725 Ether
1,0xb2816223fddc21aca553ba208c7b7a13b27c207c,1542624913,6735108.0,0x50b69eb0234c84e44a6951ba0ad2e316a81d0900,OUT,2,0.0,0x660e061d67342c85752ad170b7eb819b2aab76bd070eb61c00761009ce7d83a8,internal,call,0.046044654655383 Ether
1,0xb2816223fddc21aca553ba208c7b7a13b27c207c,1542097479,6697784.0,0x50b69eb0234c84e44a6951ba0ad2e316a81d0900,OUT,2,0.0,0xed828f337973496b9c74118a71412376218cdbcb54ae22dff8fac721e7f569a0,internal,call,0.0012 Ether
