Class,address,age,block,creator,direction,inter_direction,txFee,txhash,txn_type,type,value
1,0x7b307c1f0039f5d38770e15f8043b3dd26da5e8f,1540244329,0.0,0xe1f3294e25bb72a2fb53addb82aa1a033797e6e3,OUT,1,0.0,0x4d45928041ab9ef1d2ee3177adc35629a56c4bfe614f05011024a269fb120495,internal,call,0.038559322033898 Ether
1,0x7b307c1f0039f5d38770e15f8043b3dd26da5e8f,1540200727,6563735.0,0xe1f3294e25bb72a2fb53addb82aa1a033797e6e3,OUT,1,0.0,0x23053f7ed00c167738f0ee971f0eb9e20b56725204dd8222eeccd69aa72b0655,internal,call,0.230800677966101 Ether
1,0x7b307c1f0039f5d38770e15f8043b3dd26da5e8f,1538199032,0.0,0xe1f3294e25bb72a2fb53addb82aa1a033797e6e3,OUT,0,0.0,0xfed86335542f404e1be3569e7275ab515b60755321bdee3d5807d81d4ed99b07,internal,call,0.000264406779661 Ether
1,0x7b307c1f0039f5d38770e15f8043b3dd26da5e8f,1538198615,6421494.0,0xe1f3294e25bb72a2fb53addb82aa1a033797e6e3,OUT,0,0.0,0xbf9357c0a67c7c1b95d8a777b4a2a1d2443e5c674ae6361d0984e8f9548b905a,internal,call,0.301027118644067 Ether
1,0x7b307c1f0039f5d38770e15f8043b3dd26da5e8f,1537779322,6391893.0,0xe1f3294e25bb72a2fb53addb82aa1a033797e6e3,OUT,1,0.0,0x07c023ec2941b24ac1d56a926497e829923f0e66a9d5c8fc1c4658703a3db0ef,internal,call,0.000045084745762 Ether
1,0x7b307c1f0039f5d38770e15f8043b3dd26da5e8f,1537779155,6391886.0,0xe1f3294e25bb72a2fb53addb82aa1a033797e6e3,OUT,1,0.0,0x8fa80f394454c9527778848c6f60b30f5d080d12c52b228ada1d78ac39065fac,internal,call,0.549622372881355 Ether
1,0x7b307c1f0039f5d38770e15f8043b3dd26da5e8f,1539936352,6545030.0,0xe1f3294e25bb72a2fb53addb82aa1a033797e6e3,OUT,1,0.0,0x13afd5884646586c770223bd116008611537720c8458d714b8029007d1f017b7,internal,call,1.523987796610169 Ether
1,0x7b307c1f0039f5d38770e15f8043b3dd26da5e8f,1540259046,6567904.0,0xe1f3294e25bb72a2fb53addb82aa1a033797e6e3,OUT,1,0.0,0x3771a950835c49217802a43bb84efd69fbc70691b37001850ffed0dc843a6538,internal,call,0.012881898305084 Ether
