Class,address,age,block,creator,direction,inter_direction,txFee,txhash,txn_type,type,value
0,0xe41d2489571d322189246dafa5ebde1f4699f498,1542721962,6741883.0,0xa3b2d1087bcebe59d188a23f75620612d967df72,IN,3,0.00045766,0x3a81785562154c681215091a8466900ca82188b0169200481aae01870e2de5d7,external,0,0 Ether
0,0xe41d2489571d322189246dafa5ebde1f4699f498,1542721530,6741849.0,0xa3b2d1087bcebe59d188a23f75620612d967df72,IN,3,0.00028501,0x9d2933cc1dffdf7c6ebcd6d00c4e9966516644ebe291edf89aeed2b989d83150,external,0,0 Ether
