Class,address,age,block,creator,direction,inter_direction,txFee,txhash,txn_type,type,value
1,0x4e8ecf79ade5e2c49b9e30d795517a81e0bf00b8,1533535765,6099021.0,0xf39e044e1ab204460e06e87c6dca2c6319fc69e3,OUT,2,0.0,0xe7476dfae4b143d5770de6b728dd6fdaf25119c6f30381ea1c1454240b7264c5,internal,call,0.002227637783347 Ether
1,0x4e8ecf79ade5e2c49b9e30d795517a81e0bf00b8,1533945967,6127143.0,0xf39e044e1ab204460e06e87c6dca2c6319fc69e3,OUT,2,0.0,0xe0c4b6167c2d471a6a602ce3c13662d8762625fb653532fa2b7087ee287f0e54,internal,call,0.016057528742908 Ether
1,0x4e8ecf79ade5e2c49b9e30d795517a81e0bf00b8,1532772822,6046607.0,0xf39e044e1ab204460e06e87c6dca2c6319fc69e3,OUT,1,0.0,0x8f371689a4b5d5d3404a629e5137c8a063fef6f3c9862cc8d0982d52056186a3,internal,call,0.134996345295438 Ether
1,0x4e8ecf79ade5e2c49b9e30d795517a81e0bf00b8,1532727198,0.0,0xf39e044e1ab204460e06e87c6dca2c6319fc69e3,OUT,1,0.0,0x5d3a7b9310e7c6c442b995e30107f6b447b7bdd2023b67fe791b84a56e4cc74b,internal,call,0.054333373494384 Ether
