Class,address,age,block,creator,direction,inter_direction,txFee,txhash,txn_type,type,value
1,0x4e8ecf79ade5e2c49b9e30d795517a81e0bf00b8,1532739397,0.0,0xf39e044e1ab204460e06e87c6dca2c6319fc69e3,OUT,2,0.0,0xa364724e5c5b9bc3d8482230c4d6f7caf6c2a1784d67a9160c22d9cd97bb21e1,internal,call,10.725663538809526 Ether
1,0x4e8ecf79ade5e2c49b9e30d795517a81e0bf00b8,1532740611,0.0,0xf39e044e1ab204460e06e87c6dca2c6319fc69e3,OUT,1,0.0,0x4122942652548e960e1fb852b5705f244f88586ec60b665a826ba0526d1d8c6b,internal,call,5 Ether
1,0x4e8ecf79ade5e2c49b9e30d795517a81e0bf00b8,1532765178,6046079.0,0xf39e044e1ab204460e06e87c6dca2c6319fc69e3,OUT,1,0.0,0x259f1837874aa73c53629c55a6d14f71a762254be2414e034418a978c7165327,internal,call,0.08888553369889 Ether
