Class,address,age,block,creator,direction,inter_direction,txFee,txhash,txn_type,type,value
0,0xe7775a6e9bcf904eb39da2b68c5efb4f9360e08c,1495374630,3745548.0,0x1ff21eca1c3ba96ed53783ab9c92ffbf77862584,IN,3,0.00273031,0x3e2cd168e54d93a6a428d7ff075e2dcf66754b8e25212154011082704d0a8c69,external,0,0 Ether
0,0xe7775a6e9bcf904eb39da2b68c5efb4f9360e08c,1496031000,3784232.0,0x1ff21eca1c3ba96ed53783ab9c92ffbf77862584,IN,3,0.00273031,0xb86212bf4f650e36987dfb905bc272dabcb2c14ca73acdec4867f764d26063b9,external,0,0 Ether
