Class,address,age,block,creator,direction,inter_direction,txFee,txhash,txn_type,type,value
1,0x8a883a20940870dc055f2070ac8ec847ed2d9918,1533473716,6094760.0,0xc14f8469d4bb31c8e69fae9c16e262f45edc3635,OUT,2,0.0,0x0ffcc52932a5c956b728b5d96cdcf83892ececaf6456cc8be171120853b41d06,internal,call,0.255544835574607 Ether
1,0x8a883a20940870dc055f2070ac8ec847ed2d9918,1532845360,6051704.0,0xc14f8469d4bb31c8e69fae9c16e262f45edc3635,OUT,2,0.0,0xa6c3cb8f6dffbd534a88db852e49982345fd8d129fb5766f5bb19fdaa64ce432,internal,call,0.00830185723352 Ether
1,0x8a883a20940870dc055f2070ac8ec847ed2d9918,1532301825,6014608.0,0xc14f8469d4bb31c8e69fae9c16e262f45edc3635,OUT,2,0.0,0xc6fbc52b360b639bff3e66d5478b9ee53d2ea0f35e6ec05069d224a762cf6f3c,internal,call,0.486981292723704 Ether
1,0x8a883a20940870dc055f2070ac8ec847ed2d9918,1532510866,6028694.0,0xc14f8469d4bb31c8e69fae9c16e262f45edc3635,OUT,2,0.0,0xc3ee965abff530bca5aa5c995f0669bf0262aae9932dd48ba32c7a22c28c8564,internal,call,0.118701459255586 Ether
