Class,address,age,block,creator,direction,inter_direction,txFee,txhash,txn_type,type,value
0,0x459f7854776ed005b6ec63a88f834fdab0b6993e,1506445837,0.0,0xa7b0883a9e885177f30fcdc42b6e4a015f20e53b,OUT,2,0.0,0xe8b3bf7012c74a01287853787283871c1ad93a0246d8e07388f347860995538b,internal,call,0.000002 Ether
0,0x459f7854776ed005b6ec63a88f834fdab0b6993e,1504614393,0.0,0xa7b0883a9e885177f30fcdc42b6e4a015f20e53b,OUT,2,0.0,0xce4b97b21fb6bc26dfb961be7d812da149012a5428707b3849019c25e5e9374d,internal,call,0.000001 Ether
0,0x459f7854776ed005b6ec63a88f834fdab0b6993e,1503751877,0.0,0xa7b0883a9e885177f30fcdc42b6e4a015f20e53b,OUT,2,0.0,0x2431e575f6ab2aef5a5f7f91a4149ef7be9bb6edfb84907cf2276519267476fc,internal,call,0.000002 Ether
0,0x459f7854776ed005b6ec63a88f834fdab0b6993e,1503749042,0.0,0xa7b0883a9e885177f30fcdc42b6e4a015f20e53b,OUT,2,0.0,0x4574f4f6bab0673d015f19b788bcac53587099a79279a02cd1dc42929f9f0e1e,internal,call,0.000002 Ether
0,0x459f7854776ed005b6ec63a88f834fdab0b6993e,1504279337,0.0,0xa7b0883a9e885177f30fcdc42b6e4a015f20e53b,OUT,2,0.0,0x840b596d68ebe7339735b280212cb9d8a339b8c548f57240386a4872a57b8245,internal,call,0.00000246 Ether
