Class,address,age,block,creator,direction,inter_direction,txFee,txhash,txn_type,type,value
1,0xb10ea0d397db942a1083a4af9c6074ab63bc8c8b,1539251630,6496387.0,0x65b041db3135ed5f76d9486aa56f8ca5dc9a3f5e,OUT,1,0.0,0xab790b60abaafb93e92297767ffc0ddb5ecf4b0cda94b29687013445afe38711,internal,call,0.061989830508474 Ether
1,0xb10ea0d397db942a1083a4af9c6074ab63bc8c8b,1539517183,6515367.0,0x65b041db3135ed5f76d9486aa56f8ca5dc9a3f5e,OUT,1,0.0,0x5826463fcadcf739bcec1eff6af0764c7d08604b9c34f6830a920a590f4e458b,internal,call,0.064338983050847 Ether
1,0xb10ea0d397db942a1083a4af9c6074ab63bc8c8b,1538994669,6478100.0,0x65b041db3135ed5f76d9486aa56f8ca5dc9a3f5e,OUT,1,0.0,0x698ab26d53fcae28e8e0e956e9ee48885baa909dd8180681032384f0520a2dd2,internal,call,0.063715254237288 Ether
1,0xb10ea0d397db942a1083a4af9c6074ab63bc8c8b,1540288401,6569972.0,0x65b041db3135ed5f76d9486aa56f8ca5dc9a3f5e,OUT,1,0.0,0x259d8a63f4688ab3b085de81212f98da36170087023f6ffac667b7a4b841da4e,internal,call,0.062210169491525 Ether
1,0xb10ea0d397db942a1083a4af9c6074ab63bc8c8b,1540029252,6551620.0,0x65b041db3135ed5f76d9486aa56f8ca5dc9a3f5e,OUT,2,0.0,0xccdfe64e73a7dc9043a8d2b8e8960540dae674d87255e993d26354d5e5d8236f,internal,call,0.06222033898305 Ether
1,0xb10ea0d397db942a1083a4af9c6074ab63bc8c8b,1539770018,6533265.0,0x65b041db3135ed5f76d9486aa56f8ca5dc9a3f5e,OUT,1,0.0,0x9aba91bacd78e43aca1c546c46b1081341c7aea89cf5e039918ef3059ab11563,internal,call,0.060671186440677 Ether
1,0xb10ea0d397db942a1083a4af9c6074ab63bc8c8b,1540547584,6588368.0,0x65b041db3135ed5f76d9486aa56f8ca5dc9a3f5e,OUT,2,0.0,0xc53cf610f843feb0934bc677bfcf130c1f5c436035ae997708740ab43cae116a,internal,call,0.062359322033898 Ether
1,0xb10ea0d397db942a1083a4af9c6074ab63bc8c8b,1540810510,6606954.0,0x65b041db3135ed5f76d9486aa56f8ca5dc9a3f5e,OUT,1,0.0,0x9a3accbf2279cda1d079e5b7809d6f444f57b4bd1ea3d57b81056143703ca50f,internal,call,0.063003389830508 Ether
