Class,address,age,block,creator,direction,inter_direction,txFee,txhash,txn_type,type,value
1,0x4e8ecf79ade5e2c49b9e30d795517a81e0bf00b8,1534648113,6175109.0,0xf39e044e1ab204460e06e87c6dca2c6319fc69e3,OUT,1,0.0,0x3278c13c89b6109b1b2d15b033068ef06cac10f3710b12b6aac7b90a7bdf9f69,internal,call,0.003378575677117 Ether
1,0x4e8ecf79ade5e2c49b9e30d795517a81e0bf00b8,1532799086,6048478.0,0xf39e044e1ab204460e06e87c6dca2c6319fc69e3,OUT,1,0.0,0x0d7b2c9e3794521c53429077dce3602de925e6db4aa11e89fba4a59072e7ef84,internal,call,0.105448085304694 Ether
