Class,address,age,block,creator,direction,inter_direction,txFee,txhash,txn_type,type,value
1,0x8a883a20940870dc055f2070ac8ec847ed2d9918,1533204402,0.0,0xc14f8469d4bb31c8e69fae9c16e262f45edc3635,OUT,2,0.0,0xb941f0696b3b1085fa2b167eb452af7b94ee09f0861fe0aa0e7f0c635bb9e964,internal,call,0.057209221429032 Ether
1,0x8a883a20940870dc055f2070ac8ec847ed2d9918,1532434271,6023533.0,0xc14f8469d4bb31c8e69fae9c16e262f45edc3635,OUT,2,0.0,0x79b4629f3c68dbb11d334ee521f342703dd00f9831f958e22cc91ba18afb1de2,internal,call,0.061989761391229 Ether
1,0x8a883a20940870dc055f2070ac8ec847ed2d9918,1532788913,6047719.0,0xc14f8469d4bb31c8e69fae9c16e262f45edc3635,OUT,2,0.0,0xe0df98c24c204057f6953b77ecf9ba6dba26bb65b90ff5d9129937a238421d4a,internal,call,0.000594424088674 Ether
1,0x8a883a20940870dc055f2070ac8ec847ed2d9918,1532688891,6040786.0,0xc14f8469d4bb31c8e69fae9c16e262f45edc3635,OUT,2,0.0,0xd06be5c28e8e452d5381c64e8de230d9dff73d3e1f6a072284b9e3f6fbb7b160,internal,call,0.002957330758767 Ether
