Class,address,age,block,creator,direction,inter_direction,txFee,txhash,txn_type,type,value
1,0x4e8ecf79ade5e2c49b9e30d795517a81e0bf00b8,1533506481,6097008.0,0xf39e044e1ab204460e06e87c6dca2c6319fc69e3,OUT,2,0.0,0xf15fbcaf24d80994727f0847d58196e30b020c5981a77dc803ec4d468d16ea87,internal,call,0.006030281934109 Ether
1,0x4e8ecf79ade5e2c49b9e30d795517a81e0bf00b8,1533507770,0.0,0xf39e044e1ab204460e06e87c6dca2c6319fc69e3,OUT,2,0.0,0xcc0ebd0246978ae7be9bfa4449c6b34226bf5f12f3c9495bb53124e41600786e,internal,call,0.274004943129902 Ether
1,0x4e8ecf79ade5e2c49b9e30d795517a81e0bf00b8,1532730659,6043695.0,0xf39e044e1ab204460e06e87c6dca2c6319fc69e3,OUT,1,0.0,0x8c1d06cde2cdbe934e613fbc03f132e0601bc17d2225754b53b0507e55c09306,internal,call,0.085335251002196 Ether
1,0x4e8ecf79ade5e2c49b9e30d795517a81e0bf00b8,1532880357,6051141.0,0xf39e044e1ab204460e06e87c6dca2c6319fc69e3,OUT,1,0.0,0x4b3fb8053b9dd20131a41278bc745fe2c56966570e0ccfa32321fd32eae37df3,internal,call,0.031451596627144 Ether
