Class,address,age,block,creator,direction,inter_direction,txFee,txhash,txn_type,type,value
1,0x7e0529eb456a7c806b5fe7b3d69a805339a06180,1537966876,6405118.0,0x8c691931c6c4ecd92ecc26f9706faaf4aebe137d,OUT,2,0.0,0xd4c7ce630cc61da38544045a36314a1c777329bb4be3fd4290372e2e0ba4ebd2,internal,call,0.01917380484047 Ether
1,0x7e0529eb456a7c806b5fe7b3d69a805339a06180,1537941248,6403339.0,0x8c691931c6c4ecd92ecc26f9706faaf4aebe137d,OUT,2,0.0,0xdad84c5544d2afc338637c572921c497df1b4105e8d46e329830c62e1b96478e,internal,call,0.022431035808614 Ether
1,0x7e0529eb456a7c806b5fe7b3d69a805339a06180,1537451089,6368836.0,0x8c691931c6c4ecd92ecc26f9706faaf4aebe137d,OUT,2,0.0,0xe9f103657befdf9b9ff66769af9618234083a4b7b2f9f3eca3f8ecc888be2359,internal,call,0.004846239873928 Ether
1,0x7e0529eb456a7c806b5fe7b3d69a805339a06180,1538052133,6411101.0,0x8c691931c6c4ecd92ecc26f9706faaf4aebe137d,OUT,2,0.0,0x3f834c88fc9f3a788787ac4e5ef770d811f8730a6ab1430eb591d1c0e39224b3,internal,call,0.005059883939278 Ether
1,0x7e0529eb456a7c806b5fe7b3d69a805339a06180,1538396739,6435447.0,0x8c691931c6c4ecd92ecc26f9706faaf4aebe137d,OUT,2,0.0,0x45224718981c36f529a643571ae273f00033b56c7d990a9debdc11f7abd053be,internal,call,0.800074057977523 Ether
1,0x7e0529eb456a7c806b5fe7b3d69a805339a06180,1538287859,6427769.0,0x8c691931c6c4ecd92ecc26f9706faaf4aebe137d,OUT,2,0.0,0x305e9b3704853a0ba64987dd3c203aef9363a6216dc9da052a6855ad70c7f654,internal,call,0.01060811247501 Ether
