Class,address,age,block,creator,direction,inter_direction,txFee,txhash,txn_type,type,value
1,0x8a883a20940870dc055f2070ac8ec847ed2d9918,1532468119,6025770.0,0xc14f8469d4bb31c8e69fae9c16e262f45edc3635,OUT,2,0.0,0xc5eb0dfd6a35f5766547e283bb9bbd853007c1bf2227d1d2acafa41b9d6be42b,internal,call,0.201664009717583 Ether
1,0x8a883a20940870dc055f2070ac8ec847ed2d9918,1532305589,6014853.0,0xc14f8469d4bb31c8e69fae9c16e262f45edc3635,OUT,2,0.0,0x6cf0f934e7e9ab3adf48f80f6839a20e3239d87df4a75e7f8c91b57913129748,internal,call,0.007826339105528 Ether
1,0x8a883a20940870dc055f2070ac8ec847ed2d9918,1532300903,6014546.0,0xc14f8469d4bb31c8e69fae9c16e262f45edc3635,OUT,2,0.0,0x434adffc6f47601417facc59e897a3588a49265ca60edf45fadad6667d438584,internal,call,0.027197399259612 Ether
1,0x8a883a20940870dc055f2070ac8ec847ed2d9918,1533163395,6073508.0,0xc14f8469d4bb31c8e69fae9c16e262f45edc3635,OUT,2,0.0,0x596f7d140b7687d537c457ca493afbe87e0cb16ac7dbb0cc20aab2b0b90a1761,internal,call,0.56812534582319 Ether
1,0x8a883a20940870dc055f2070ac8ec847ed2d9918,1532304199,6014757.0,0xc14f8469d4bb31c8e69fae9c16e262f45edc3635,OUT,2,0.0,0x89edaf176fea9df3124f261caa18d2e7be2742ebbb8ba072acea020349eb7691,internal,call,0.207308844566654 Ether
