Class,address,age,block,creator,direction,inter_direction,txFee,txhash,txn_type,type,value
1,0x702392282255f8c0993dbbbb148d80d2ef6795b1,1523648027,5436865.0,0xfea0904acc8df0f3288b6583f60b86c36ea52acd,OUT,2,0.0,0x64111b5133de2b9a394ad192118e46d741a77633837a2094dcc9d06223a06031,internal,call,1.798104523889879 Ether
1,0x702392282255f8c0993dbbbb148d80d2ef6795b1,1525334439,5549935.0,0xfea0904acc8df0f3288b6583f60b86c36ea52acd,OUT,2,0.0,0x9e00e5f8fe280f7f1deeff72fe2dd93605ed857f1d6bb954d452df2a708ac727,internal,call,0.537477515962415 Ether
