Class,address,age,block,creator,direction,inter_direction,txFee,txhash,txn_type,type,value
1,0x4e8ecf79ade5e2c49b9e30d795517a81e0bf00b8,1537968215,6405207.0,0xf39e044e1ab204460e06e87c6dca2c6319fc69e3,OUT,1,0.0,0x5044a8f6912b87d2ec62ceec108b23affcb49da53b570531d34c695a973aae2d,internal,call,0.001533473535012 Ether
1,0x4e8ecf79ade5e2c49b9e30d795517a81e0bf00b8,1532724177,6043276.0,0xf39e044e1ab204460e06e87c6dca2c6319fc69e3,OUT,1,0.0,0x7b29cb8a60511bd0068f2caf33d1d987b3852a70ba1687ffdf8d6ad6620b2cbf,internal,call,1.641392414082925 Ether
