Class,address,age,block,creator,direction,inter_direction,txFee,txhash,txn_type,type,value
1,0x4e8ecf79ade5e2c49b9e30d795517a81e0bf00b8,1532769072,6046353.0,0xf39e044e1ab204460e06e87c6dca2c6319fc69e3,OUT,1,0.0,0x3c8c61e2d655302b95f0164ef4691cc298fb710d2ad40aff3cc49c42cdaa7316,internal,call,0.142761659373932 Ether
1,0x4e8ecf79ade5e2c49b9e30d795517a81e0bf00b8,1532894616,6055102.0,0xf39e044e1ab204460e06e87c6dca2c6319fc69e3,OUT,1,0.0,0x13bb741e049920599936f97c4ce5935c756a2a3ed96ddc1b4c522f0b2e45f196,internal,call,0.3776993799445 Ether
