Class,address,age,block,creator,direction,inter_direction,txFee,txhash,txn_type,type,value
0,0x459f7854776ed005b6ec63a88f834fdab0b6993e,1507632203,0.0,0xa7b0883a9e885177f30fcdc42b6e4a015f20e53b,OUT,2,0.0,0xb2f63058622c6535007c60b577c5d537d9b902cb66a72e15372ea3d15b9dbd89,internal,call,0.000002 Ether
0,0x459f7854776ed005b6ec63a88f834fdab0b6993e,1506760249,0.0,0xa7b0883a9e885177f30fcdc42b6e4a015f20e53b,OUT,2,0.0,0x50f597c9b34c990a8dfb2f3f54033f567e8e2fe0eabd8367867a8b4507cfc8df,internal,call,0.000001 Ether
