Class,address,age,block,creator,direction,inter_direction,txFee,txhash,txn_type,type,value
1,0xb10ea0d397db942a1083a4af9c6074ab63bc8c8b,1539852920,6539179.0,0x65b041db3135ed5f76d9486aa56f8ca5dc9a3f5e,OUT,1,0.0,0x28a134d86e3f804a6773bf3eed42f22527a02658dc54ca556ecea7c252602be5,internal,call,0.30920406779661 Ether
1,0xb10ea0d397db942a1083a4af9c6074ab63bc8c8b,1539178086,6491171.0,0x65b041db3135ed5f76d9486aa56f8ca5dc9a3f5e,OUT,1,0.0,0x075ca603a11e41b2efdaaa09f25656a51286a5e3c0c899458b1d42e0962fe13d,internal,call,0.079819322033898 Ether
1,0xb10ea0d397db942a1083a4af9c6074ab63bc8c8b,1540109536,6557299.0,0x65b041db3135ed5f76d9486aa56f8ca5dc9a3f5e,OUT,1,0.0,0x6bc5292e66b1af755be3cab206f7c50b69258b9cefa59104cc1b4c38953c51f7,internal,call,0.116705084745762 Ether
1,0xb10ea0d397db942a1083a4af9c6074ab63bc8c8b,1540641833,6595045.0,0x65b041db3135ed5f76d9486aa56f8ca5dc9a3f5e,OUT,1,0.0,0x0e85e9ec8b3ba455ae221e132870e167294f0e093b524cc784dfd0ce7447cdf1,internal,call,0.120389152542372 Ether
1,0xb10ea0d397db942a1083a4af9c6074ab63bc8c8b,1540377859,6576353.0,0x65b041db3135ed5f76d9486aa56f8ca5dc9a3f5e,OUT,1,0.0,0x147f3f2494b171bb8ed91e75c48e34bda315552aa342e7722e99840c4c5ddf80,internal,call,0.122720677966101 Ether
1,0xb10ea0d397db942a1083a4af9c6074ab63bc8c8b,1540815916,0.0,0x65b041db3135ed5f76d9486aa56f8ca5dc9a3f5e,OUT,2,0.0,0xe0ea6ac9ccd8c3257bd9e6e5a6dab5ea34018d4cdbe4be079f428b7f7b68cc1e,internal,call,0.079278305084745 Ether
