Class,address,age,block,creator,direction,inter_direction,txFee,txhash,txn_type,type,value
1,0x4e8ecf79ade5e2c49b9e30d795517a81e0bf00b8,1532970784,6060367.0,0xf39e044e1ab204460e06e87c6dca2c6319fc69e3,OUT,1,0.0,0x1cf7ae7ba43fa10c332025ffe4efa2edf240d579fdd7f9a0d036487659ffcefb,internal,call,0.031056845310679 Ether
1,0x4e8ecf79ade5e2c49b9e30d795517a81e0bf00b8,1532725575,0.0,0xf39e044e1ab204460e06e87c6dca2c6319fc69e3,OUT,2,0.0,0xd8f3c4489f6155d4570068aa058ef67098800f76b6602c101d8cb69b84b001b5,internal,call,0.379386184015208 Ether
