Class,address,age,block,creator,direction,inter_direction,txFee,txhash,txn_type,type,value
1,0x8a883a20940870dc055f2070ac8ec847ed2d9918,1532835154,6051009.0,0xc14f8469d4bb31c8e69fae9c16e262f45edc3635,OUT,2,0.0,0xed693a6076e64ebcf54c75144abd0f594f348b66b72f2831918b6988c4bd5c38,internal,call,0.740205207730254 Ether
1,0x8a883a20940870dc055f2070ac8ec847ed2d9918,1533164719,6073604.0,0xc14f8469d4bb31c8e69fae9c16e262f45edc3635,OUT,2,0.0,0x6c9cd8525be22f6363d9ab84665aabd56d54d8ea24ca8f78e7fe8f9efff99e0c,internal,call,5.764060768589291 Ether
1,0x8a883a20940870dc055f2070ac8ec847ed2d9918,1532350741,6017900.0,0xc14f8469d4bb31c8e69fae9c16e262f45edc3635,OUT,2,0.0,0xfd22d0027c5b55d9b32d67a7ebafae087868fdc12e68eab06a6bc4fc3c9b5544,internal,call,36.749339215033744 Ether
