Class,address,age,block,creator,direction,inter_direction,txFee,txhash,txn_type,type,value
1,0xb10ea0d397db942a1083a4af9c6074ab63bc8c8b,1539891574,6541879.0,0x65b041db3135ed5f76d9486aa56f8ca5dc9a3f5e,OUT,2,0.0,0xfc99e83836c0b48caad8a28d22f12082b7f2d243a1dabf6500b498720a1fe923,internal,call,0.112169491525423 Ether
1,0xb10ea0d397db942a1083a4af9c6074ab63bc8c8b,1540969170,6618172.0,0x65b041db3135ed5f76d9486aa56f8ca5dc9a3f5e,OUT,1,0.0,0xa0667a99afb7f3271a0fedd9cbb5651433aca5f8f803b3778ef385248268153a,internal,call,0.038854237288135 Ether
1,0xb10ea0d397db942a1083a4af9c6074ab63bc8c8b,1541008892,6620954.0,0x65b041db3135ed5f76d9486aa56f8ca5dc9a3f5e,OUT,1,0.0,0x7b741307330b4922d3623b134d5739a164a497f5ea8c6b7969bfb175e0409ce2,internal,call,0.018861016949152 Ether
1,0xb10ea0d397db942a1083a4af9c6074ab63bc8c8b,1539658363,6525334.0,0x65b041db3135ed5f76d9486aa56f8ca5dc9a3f5e,OUT,2,0.0,0xd49613377ff5a45e79d54ac29785ec15496fd2e49b09534a6ddce6197d481c2c,internal,call,0.089966101694915 Ether
1,0xb10ea0d397db942a1083a4af9c6074ab63bc8c8b,1540706730,6599643.0,0x65b041db3135ed5f76d9486aa56f8ca5dc9a3f5e,OUT,1,0.0,0x421b07e40bb5cffa36530e253199484acbcf3c0f49cc5fbcb0c582a7bfd35338,internal,call,0.126569491525423 Ether
1,0xb10ea0d397db942a1083a4af9c6074ab63bc8c8b,1540887797,6612441.0,0x65b041db3135ed5f76d9486aa56f8ca5dc9a3f5e,OUT,1,0.0,0x6b83f33bc25e93dd53ae910f5bb87e7ef5a84e155fa253aa1171033ae84569e4,internal,call,0.086766101694915 Ether
1,0xb10ea0d397db942a1083a4af9c6074ab63bc8c8b,1540486641,6580974.0,0x65b041db3135ed5f76d9486aa56f8ca5dc9a3f5e,OUT,2,0.0,0xf4fe39b2f7606502562700b6669af3363205365fc3ef9cd7554b82dbaa857001,internal,call,0.137267796610169 Ether
1,0xb10ea0d397db942a1083a4af9c6074ab63bc8c8b,1540157326,6560727.0,0x65b041db3135ed5f76d9486aa56f8ca5dc9a3f5e,OUT,1,0.0,0xacfc5503f23835e1b820b45259a9adeaaf74a06ed77ede8e2a424da48943db54,internal,call,0.127783050847457 Ether
1,0xb10ea0d397db942a1083a4af9c6074ab63bc8c8b,1541015975,6621442.0,0x65b041db3135ed5f76d9486aa56f8ca5dc9a3f5e,OUT,1,0.0,0x6f2d644b9a51b2a9246f809a73d5e944340a60273b98d83ad24140854e70cee7,internal,call,0.003308474576271 Ether
