Class,address,age,block,creator,direction,inter_direction,txFee,txhash,txn_type,type,value
1,0x4f3db6d4c97b8248ad5e244e4f619086084f6848,1543769272,6812483.0,0xac560ed699346e4e3a3c2106ac90136883f7f624,OUT,2,0.0,0x161679a8cec9919676d615568a728c405f503bedea220d06e54335698a402fd4,internal,call,0.042745833333333 Ether
1,0x4f3db6d4c97b8248ad5e244e4f619086084f6848,1540648329,6595491.0,0xac560ed699346e4e3a3c2106ac90136883f7f624,OUT,2,0.0,0x87746a291ba5d2c99796ef94e0b65167651e8fe51cd6a5dc4ed8a68dfe6b0ab7,internal,call,0.000058333333333 Ether
