{"acc":{"0":0.8579},"precision":{"0":0.8579385417},"recall":{"0":0.8580191599},"f1-score":{"0":0.8578577903}}