{"acc":{"0":0.84745},"precision":{"0":0.8357925938},"recall":{"0":0.8649255483},"f1-score":{"0":0.8500597335}}