{"acc":{"0":0.8539073046},"precision":{"0":0.8564491654},"recall":{"0":0.8492326211},"f1-score":{"0":256271}}0.8528