acc,precision,recall,f1-score
0.8509074546272687,0.8504389948531638,0.8488969477183439,0.8496672716273442
