{"acc":{"0":0.84685},"precision":{"0":0.8360664522},"recall":{"0":0.8628568272},"f1-score":{"0":0.8492264036}}