{"acc":{"0":0.8509074546},"precision":{"0":0.8504389949},"recall":{"0":0.8488969477},"f1-score":{"0":0.8496672716}}