acc,precision,recall,f1-score
0.84745,0.8357925938315338,0.8649255483429,0.8500597335128954
