{"acc":{"0":0.8528573571},"precision":{"0":0.8507869249},"recall":{"0":0.8520763868},"f1-score":{"0":0.8514311677}}