{"acc":{"0":0.84765},"precision":{"0":0.8369177889},"recall":{"0":0.8636709647},"f1-score":{"0":0.8500473244}}