acc,precision,recall,f1-score
0.856007199640018,0.8597088882006814,0.8455680779774596,0.8525798525798525
