{"acc":{"0":0.8560071996},"precision":{"0":0.8597088882},"recall":{"0":0.845568078},"f1-score":{"0":0.8525798526}}