{"acc":{"0":0.8469},"precision":{"0":0.8369241251},"recall":{"0":0.8614917279},"f1-score":{"0":0.8490219721}}