{"acc":{"0":0.8466},"precision":{"0":0.8364645173},"recall":{"0":0.861718993},"f1-score":{"0":0.8488785007}}