{"acc":{"0":0.8528573571},"precision":{"0":0.869883934},"recall":{"0":0.83690861},"f1-score":{"0":0.8530777295}}