{"acc":{"0":0.8581070946},"precision":{"0":0.8488765774},"recall":{"0":0.8583877996},"f1-score":{"0":0.8536056948}}