{"acc":{"0":0.8491},"precision":{"0":0.8384250693},"recall":{"0":0.8643666572},"f1-score":{"0":0.8511728626}}