{"acc":{"0":0.84555},"precision":{"0":0.8343762126},"recall":{"0":0.862316454},"f1-score":{"0":0.8481007494}}