{"acc":{"0":0.8552572371},"precision":{"0":0.8620899149},"recall":{"0":0.8474171394},"f1-score":{"0":0.8546905587}}