acc,precision,recall,f1-score
0.8472500000000001,0.8373749203302548,0.8619213187176615,0.8494657178425673
