{"acc":{"0":0.8503074846},"precision":{"0":0.8530748258},"recall":{"0":0.8458996696},"f1-score":{"0":0.8494720965}}