{"acc":{"0":0.84725},"precision":{"0":0.8373749203},"recall":{"0":0.8619213187},"f1-score":{"0":0.8494657178}}