{"acc":{"0":0.84765},"precision":{"0":0.8368149948},"recall":{"0":0.8636666323},"f1-score":{"0":0.8500214078}}