{"acc":{"0":0.8555572221},"precision":{"0":0.8629969419},"recall":{"0":0.8456697633},"f1-score":{"0":0.8542454972}}