{"acc":{"0":0.8461},"precision":{"0":0.8363484712},"recall":{"0":0.8607386023},"f1-score":{"0":0.8482824483}}