{"acc":{"0":0.8572071396},"precision":{"0":0.8602018966},"recall":{"0":0.8503175083},"f1-score":{"0":0.8552311436}}