{"acc":{"0":0.8449},"precision":{"0":0.8351549801},"recall":{"0":0.859259101},"f1-score":{"0":0.847002654}}