acc,precision,recall,f1-score
0.8449,0.8351549800888941,0.8592591010208034,0.8470026540325305
