{"acc":{"0":0.8567571621},"precision":{"0":0.8579718998},"recall":{"0":0.8514701425},"f1-score":{"0":0.8547086566}}