{"acc":{"0":0.8537573121},"precision":{"0":0.8628957885},"recall":{"0":0.8414268585},"f1-score":{"0":0.8520261041}}