{"acc":{"0":0.8462},"precision":{"0":0.8354241385},"recall":{"0":0.8621721824},"f1-score":{"0":0.8485678757}}