{"acc":{"0":0.8485},"precision":{"0":0.8384200421},"recall":{"0":0.8635593014},"f1-score":{"0":0.8507599887}}