{"acc":{"0":0.8485075746},"precision":{"0":0.8518971848},"recall":{"0":0.8410876133},"f1-score":{"0":0.8464578899}}