{"acc":{"0":0.84675},"precision":{"0":0.8355795428},"recall":{"0":0.8633785433},"f1-score":{"0":0.8491855477}}