{"acc":{"0":0.8491075446},"precision":{"0":0.8489709443},"recall":{"0":0.8469202899},"f1-score":{"0":0.8479443773}}