acc,precision,recall,f1-score
0.8491075446227688,0.8489709443099274,0.8469202898550725,0.8479443772672309
