{"acc":{"0":0.84725},"precision":{"0":0.8360883176},"recall":{"0":0.8637139897},"f1-score":{"0":0.8496647286}}