{"acc":{"0":0.8548072596},"precision":{"0":0.8577172904},"recall":{"0":0.8451691557},"f1-score":{"0":0.8513969911}}