{"acc":{"0":0.8530073496},"precision":{"0":0.8574012662},"recall":{"0":0.84870188},"f1-score":{"0":0.8530293941}}