{"acc":{"0":0.84555},"precision":{"0":0.8340570764},"recall":{"0":0.8625035951},"f1-score":{"0":0.8480123763}}