{"acc":{"0":0.8543572821},"precision":{"0":0.8542100565},"recall":{"0":0.85650358},"f1-score":{"0":0.8553552808}}