{"acc":{"0":0.8468},"precision":{"0":0.8364482383},"recall":{"0":0.86207553},"f1-score":{"0":0.8490345123}}