{"acc":{"0":0.8453},"precision":{"0":0.8340153824},"recall":{"0":0.8621265679},"f1-score":{"0":0.8477973165}}