{"acc":{"0":0.8518074096},"precision":{"0":0.8508124077},"recall":{"0":0.8563782337},"f1-score":{"0":0.8535862478}}