acc,precision,recall,f1-score
0.8531573421328934,0.863206106870229,0.841870160810006,0.8524046434494196
