{"acc":{"0":0.8454},"precision":{"0":0.8360573175},"recall":{"0":0.8594959831},"f1-score":{"0":0.847550073}}