{"acc":{"0":0.8531573421},"precision":{"0":0.8632061069},"recall":{"0":0.8418701608},"f1-score":{"0":0.8524046434}}