{"acc":{"0":0.8588570571},"precision":{"0":0.8662790698},"recall":{"0":0.8488755622},"f1-score":{"0":0.8574890201}}