{"acc":{"0":0.84455},"precision":{"0":0.8336511062},"recall":{"0":0.8608500727},"f1-score":{"0":0.8470266334}}