{"acc":{"0":0.8522573871},"precision":{"0":0.8566297516},"recall":{"0":0.8497624703},"f1-score":{"0":0.8531822924}}