{"acc":{"0":0.8464},"precision":{"0":0.8347431406},"recall":{"0":0.8640144362},"f1-score":{"0":0.8490376349}}