{"acc":{"0":0.8457},"precision":{"0":0.8333690792},"recall":{"0":0.8640340061},"f1-score":{"0":0.8484171993}}