{"acc":{"0":0.8585570721},"precision":{"0":0.8613533835},"recall":{"0":0.8559473999},"f1-score":{"0":0.8586418828}}