{"acc":{"0":0.8493},"precision":{"0":0.8376888172},"recall":{"0":0.8666547968},"f1-score":{"0":0.851889871}}