{"acc":{"0":0.8512074396},"precision":{"0":0.8624048706},"recall":{"0":0.839905129},"f1-score":{"0":0.8510063082}}