address,age,block,direction,txFee,txhash,txn_type,type,value,Class,creator,inter_direction
0xbeefd8fb3b5778f99e021afa2e41e0614af6af11,1541467706,6653297.0,OUT,0.0,0xea75f9667aaa2fbac67af0497ee7771b3e92a2f4db7acda190b830fd2a5a34f4,internal,call,0.217362393442622 Ether,1,0x300758881bf3756b6cb5b2e96f545d7b3566ce3a,2
0xbeefd8fb3b5778f99e021afa2e41e0614af6af11,1541080417,6626022.0,OUT,0.0,0xac908bceedef1906988205ea8464fb35fa1c7dc282f29d2b3fdba45446f347c5,internal,call,4.227840491803278 Ether,1,0x300758881bf3756b6cb5b2e96f545d7b3566ce3a,1
0xbeefd8fb3b5778f99e021afa2e41e0614af6af11,1541325285,6643275.0,OUT,0.0,0x14f514f1b91aa54742bef609e16810bf27687a19b0251784266eaa347f50d695,internal,call,0.374192114754098 Ether,1,0x300758881bf3756b6cb5b2e96f545d7b3566ce3a,1
0xbeefd8fb3b5778f99e021afa2e41e0614af6af11,1541763598,6674190.0,OUT,0.0,0x81e85967aaae090ab2ebdc266ebfe84b6b31589136df4bdad104d5886508e59d,internal,call,0.147060245901639 Ether,1,0x300758881bf3756b6cb5b2e96f545d7b3566ce3a,1
0xbeefd8fb3b5778f99e021afa2e41e0614af6af11,1541659829,6666867.0,OUT,0.0,0x9b55c657fd30262c34ccbe30d2c583133e3ae2268e3bce30fc21dd877c51b0ed,internal,call,0.272512295081967 Ether,1,0x300758881bf3756b6cb5b2e96f545d7b3566ce3a,1
0xbeefd8fb3b5778f99e021afa2e41e0614af6af11,1538610528,0.0,OUT,0.0,0xb3d55c075fdc64cf3f892070a96256bf5cf636c31ff684342148b44cb3d35618,internal,call,0.017770491803278 Ether,1,0x300758881bf3756b6cb5b2e96f545d7b3566ce3a,2
0xbeefd8fb3b5778f99e021afa2e41e0614af6af11,1541897264,6683618.0,OUT,0.0,0x67660c2f1f25eda057aea812df013f1475f1cf479e35bb6ffb644d42c0870d51,internal,call,0.101915983606557 Ether,1,0x300758881bf3756b6cb5b2e96f545d7b3566ce3a,1
0xbeefd8fb3b5778f99e021afa2e41e0614af6af11,1541868972,6678543.0,OUT,0.0,0xed7070e4c9c3db3041c4c8304375d4828c3a92f3640fdc882cef209a43d09db6,internal,call,0.087416803278688 Ether,1,0x300758881bf3756b6cb5b2e96f545d7b3566ce3a,2
0xbeefd8fb3b5778f99e021afa2e41e0614af6af11,1541916132,6684994.0,OUT,0.0,0x82ea022615a8693da941aaac51cc4ebde5528dc58126424fab54d10490ae1591,internal,call,0.027632786885245 Ether,1,0x300758881bf3756b6cb5b2e96f545d7b3566ce3a,1
