address,age,block,direction,txFee,txhash,txn_type,type,value,Class,creator,inter_direction
0x7b307c1f0039f5d38770e15f8043b3dd26da5e8f,1540122278,6558203.0,OUT,0.0,0x680eb6f159e63732e87fc43790ac8a16f7550ff060277863afaeb5dda41023e8,internal,call,0.00832813559322 Ether,1,0xe1f3294e25bb72a2fb53addb82aa1a033797e6e3,1
0x7b307c1f0039f5d38770e15f8043b3dd26da5e8f,1539251251,6496351.0,OUT,0.0,0x8ebd90bffbedc92d48d78eebdee7812d22e8e42af15b153ac562701a139f009e,internal,call,0.016922033898305 Ether,1,0xe1f3294e25bb72a2fb53addb82aa1a033797e6e3,1
0x7b307c1f0039f5d38770e15f8043b3dd26da5e8f,1539076022,6483871.0,OUT,0.0,0x2d994d9c069230e237b556832faff0f7b54fafcb722a1745ffe15d4426e205ce,internal,call,0.032250847457627 Ether,1,0xe1f3294e25bb72a2fb53addb82aa1a033797e6e3,1
0x7b307c1f0039f5d38770e15f8043b3dd26da5e8f,1540035597,6552061.0,OUT,0.0,0xf0def817363be62a357ced4ea1e09f451103c7dc537009725372e22c56c85ee2,internal,call,0.016653559322033 Ether,1,0xe1f3294e25bb72a2fb53addb82aa1a033797e6e3,2
0x7b307c1f0039f5d38770e15f8043b3dd26da5e8f,1539861218,6539779.0,OUT,0.0,0x85e7d972985d7db9e79e9f5a48532325527d673a433f2d524abf25390aab480c,internal,call,0.058885423728813 Ether,1,0xe1f3294e25bb72a2fb53addb82aa1a033797e6e3,1
0x7b307c1f0039f5d38770e15f8043b3dd26da5e8f,1538744208,6460086.0,OUT,0.0,0x760748542c659edc942673c7056dbcc58aeefd3a85fb5c5f9dfc3207521e131b,internal,call,0.018409491525423 Ether,1,0xe1f3294e25bb72a2fb53addb82aa1a033797e6e3,1
0x7b307c1f0039f5d38770e15f8043b3dd26da5e8f,1540241827,6566692.0,OUT,0.0,0x04bff42e176d3e63cd636672ff6f3c4c3004ff365c36f9027aa39a64ced05975,internal,call,0.011510508474576 Ether,1,0xe1f3294e25bb72a2fb53addb82aa1a033797e6e3,1
