address,age,block,direction,txFee,txhash,txn_type,type,value,Class,creator,inter_direction
0x8d12a197cb00d4747a1fe03395095ce2a5cc6819,1539772181,6533425.0,OUT,0.0,0xb627945b63dc3c0727dd8dc5c3f5394ec22b808361e27b944629788472a265b6,internal,call,0.911666705439554 Ether,0,0x1ed014aec47fae44c9e55bac7662c0b78ae61798,2
0x8d12a197cb00d4747a1fe03395095ce2a5cc6819,1539514407,6515162.0,OUT,0.0,0xf94c6ea826c7b533c5582f83a3113ee002d484d180a0e02d23b264dca8bbf782,internal,call,0.04 Ether,0,0x1ed014aec47fae44c9e55bac7662c0b78ae61798,2
0x8d12a197cb00d4747a1fe03395095ce2a5cc6819,1539746786,6531582.0,OUT,0.0,0xc6218ae6455b06c5f9c9588c6900a2be2af37deffd96e2d39c110b887e628c34,internal,call,0.210478314189941 Ether,0,0x1ed014aec47fae44c9e55bac7662c0b78ae61798,2
