address,age,block,direction,txFee,txhash,txn_type,type,value,Class,creator,inter_direction
0x9a9de4897646951fb7150cd41d8ed30ba3080237,1538069227,6412344.0,OUT,0.0,0xe59e0b3ed668bdb22723b045f9d1c4bbbf6303517be9dac86b62b3e2cd1fc1de,internal,call,0.001163194444444 Ether,1,0xbfb297616ffa0124a288e212d1e6df5299c9f8d0,2
0x9a9de4897646951fb7150cd41d8ed30ba3080237,1538097470,6414317.0,OUT,0.0,0x3ca3cb97ef7140188b71b042330524c2944df90946f66e6ed9039863e531ba84,internal,call,0.004088541666666 Ether,1,0xbfb297616ffa0124a288e212d1e6df5299c9f8d0,2
0x9a9de4897646951fb7150cd41d8ed30ba3080237,1538141257,0.0,OUT,0.0,0xa063a555582ebe96196cfcf303ff51546355bbefb8abef4efae8aab0cce01723,internal,call,0.003081597222222 Ether,1,0xbfb297616ffa0124a288e212d1e6df5299c9f8d0,2
0x9a9de4897646951fb7150cd41d8ed30ba3080237,1538119965,6415897.0,OUT,0.0,0x082d9d4c28bb5ba0315d9f79f2f1a37d746d490a20cf2dfba941862b6e3a8c17,internal,call,0.003255208333333 Ether,1,0xbfb297616ffa0124a288e212d1e6df5299c9f8d0,2
