address,age,block,direction,txFee,txhash,txn_type,type,value,Class,creator,inter_direction
0x4e8ecf79ade5e2c49b9e30d795517a81e0bf00b8,1532711768,0.0,OUT,0.0,0x225721c0769013c9e3d424b3be6b0011a9b2210e9ca3860f97aa14771ecd315c,internal,call,2.038612972512738 Ether,1,0xf39e044e1ab204460e06e87c6dca2c6319fc69e3,1
0x4e8ecf79ade5e2c49b9e30d795517a81e0bf00b8,1532730542,0.0,OUT,0.0,0xeea7b36cc039b885b67b6c5dfab68425647b656d380a88df145df904ac868f74,internal,call,1.081112362956091 Ether,1,0xf39e044e1ab204460e06e87c6dca2c6319fc69e3,2
