address,age,block,direction,txFee,txhash,txn_type,type,value,Class,creator,inter_direction
0xe7d2c826292ce8bdd5e51ce44fff4033be657269,1532879684,6054077.0,OUT,0.0,0x3251b396519e19affdcb037fa95ca68e2d8a01830902750e84c1281d5e66e359,internal,call,0.003908231408683 Ether,1,0x40ae782714c22319ee27e44480e92e6731bda0f1,2
0xe7d2c826292ce8bdd5e51ce44fff4033be657269,1532907794,6056019.0,OUT,0.0,0xfe4eb267457edba375770b78ddf117cd861bcd8fd034d3be4f6143292e6bea74,internal,call,0.020499254790481 Ether,1,0x40ae782714c22319ee27e44480e92e6731bda0f1,2
0xe7d2c826292ce8bdd5e51ce44fff4033be657269,1532575846,6033154.0,OUT,0.0,0x6ba5c0782b696add7152d8c6e9ea13c44a89cf8cbfb7361ac4d908c14474863c,internal,call,0.010324166734449 Ether,1,0x40ae782714c22319ee27e44480e92e6731bda0f1,2
0xe7d2c826292ce8bdd5e51ce44fff4033be657269,1532779552,6047073.0,OUT,0.0,0x8f290ea8eed7c06518c5135db1d8e11bc1b016a540ebc031a13d59cf80f4ce51,internal,call,0.018963712029093 Ether,1,0x40ae782714c22319ee27e44480e92e6731bda0f1,2
0xe7d2c826292ce8bdd5e51ce44fff4033be657269,1532743803,6044629.0,OUT,0.0,0x7899c16a05158632ad38a3d55d2e39cdd761ad23bf6b41fab45c4607df47386a,internal,call,0.047851956298257 Ether,1,0x40ae782714c22319ee27e44480e92e6731bda0f1,2
