address,age,block,direction,txFee,txhash,txn_type,type,value,Class,creator,inter_direction
0xc02aaa39b223fe8d0a0e5c4f27ead9083c756cc2,1546082463,6975598.0,OUT,0.0,0x5346966b158744db9b733d347c26da4ebfd92f7f3ed46eac5a7c75dfa1821710,internal,call,1.104589939394831 Ether,0,0x4f26ffbe5f04ed43630fdc30a87638d53d0b0876,2
0xc02aaa39b223fe8d0a0e5c4f27ead9083c756cc2,1546081649,6975543.0,OUT,0.0,0x59ba5030de558ee7e45595189142abcbcac2f72bae656459d7085fb2e69937ab,internal,call,1.840983232324719 Ether,0,0x4f26ffbe5f04ed43630fdc30a87638d53d0b0876,2
0xc02aaa39b223fe8d0a0e5c4f27ead9083c756cc2,1545998728,6969856.0,OUT,0.0,0xba736e7e65c72c0f06c42378b6fc17d821b6d42b4366fa02ef68a65c60ddce35,internal,call,0.05 Ether,0,0x4f26ffbe5f04ed43630fdc30a87638d53d0b0876,2
0xc02aaa39b223fe8d0a0e5c4f27ead9083c756cc2,1545997945,6969809.0,OUT,0.0,0xed216632046bcebc615d114c6178fa96fbccaa61ae18777fb9182cdbec42c530,internal,call,0.257407829610725 Ether,0,0x4f26ffbe5f04ed43630fdc30a87638d53d0b0876,2
0xc02aaa39b223fe8d0a0e5c4f27ead9083c756cc2,1546439662,7000084.0,OUT,0.0,0x3c553198b2cf0123201949d4f73fc06e7833e14a1178ab6df82b5794b3c56bfb,internal,call,7.7 Ether,0,0x4f26ffbe5f04ed43630fdc30a87638d53d0b0876,2
0xc02aaa39b223fe8d0a0e5c4f27ead9083c756cc2,1546439429,7000068.0,OUT,0.0,0x3c0d233d6e6f439322d1e563d91f363eb7f5c2841ffb9629c8df1cdd8ee26f85,internal,call,4 Ether,0,0x4f26ffbe5f04ed43630fdc30a87638d53d0b0876,2
0xc02aaa39b223fe8d0a0e5c4f27ead9083c756cc2,1546438924,7000040.0,OUT,0.0,0x2e229e7ed5efe485379391382fcb35fdc2b236a2c8ac218955d7219031f42993,internal,call,2 Ether,0,0x4f26ffbe5f04ed43630fdc30a87638d53d0b0876,2
0xc02aaa39b223fe8d0a0e5c4f27ead9083c756cc2,1546079579,6975363.0,OUT,0.0,0x8c0bc81626d06817b300ecc39757cc8a51f2105b2c206607a17ff67a43839580,internal,call,3.680800942285041 Ether,0,0x4f26ffbe5f04ed43630fdc30a87638d53d0b0876,2
