address,age,block,direction,txFee,txhash,txn_type,type,value,Class,creator,inter_direction
0xaf6de38ffc92e0d52857f864048d7af2f345a3cf,1525813371,5581815.0,OUT,0.0,0x8b8849933bc21af32e846f0f9c84281ef8d68d16487506b0af4c51c0f2e6958e,internal,call,0.068092316626115 Ether,1,0x7e474fe5cfb720804860215f407111183cbc2f85,2
0xaf6de38ffc92e0d52857f864048d7af2f345a3cf,1525538651,5560529.0,OUT,0.0,0xf18270c79ba2acaa2d6258fe971c37aab1f6385d4aaf785c520b1fc0f3beca9c,internal,call,0.017378314011644 Ether,1,0x7e474fe5cfb720804860215f407111183cbc2f85,2
0xaf6de38ffc92e0d52857f864048d7af2f345a3cf,1525486330,5559951.0,OUT,0.0,0xd6dcf0c273eac329e529034c823377d6a86cf2fe3d8a201b063177c51e746861,internal,call,0.014832966767538 Ether,1,0x7e474fe5cfb720804860215f407111183cbc2f85,2
0xaf6de38ffc92e0d52857f864048d7af2f345a3cf,1525505107,5561165.0,OUT,0.0,0xbb56bf0b0eeb9cdecfc175bf07e3b98900b19f61a81020c304f06253f091503e,internal,call,0.509266308365922 Ether,1,0x7e474fe5cfb720804860215f407111183cbc2f85,2
