address,age,block,direction,txFee,txhash,txn_type,type,value,Class,creator,inter_direction
0x4e8ecf79ade5e2c49b9e30d795517a81e0bf00b8,1532918550,6056761.0,OUT,0.0,0xfe58c8f56e568f16742400938d788d90659fc4410a22f5dd9135ff55f20327e4,internal,call,0.329831995971155 Ether,1,0xf39e044e1ab204460e06e87c6dca2c6319fc69e3,2
0x4e8ecf79ade5e2c49b9e30d795517a81e0bf00b8,1532742679,6044560.0,OUT,0.0,0xccb20b18d87ffdd2ec8e0ba51efc9eeea4afa0b8c0c19b3325520c4fa41109da,internal,call,1.256770743734385 Ether,1,0xf39e044e1ab204460e06e87c6dca2c6319fc69e3,2
