address,age,block,direction,txFee,txhash,txn_type,type,value,Class,creator,inter_direction
0x7b307c1f0039f5d38770e15f8043b3dd26da5e8f,1539344574,6503039.0,OUT,0.0,0x1400f7479040df2ebdb22e99eafea81cc87045580170a18446e88dd4f0baf328,internal,call,0.00246381898305 Ether,1,0xe1f3294e25bb72a2fb53addb82aa1a033797e6e3,1
0x7b307c1f0039f5d38770e15f8043b3dd26da5e8f,1539873742,6540644.0,OUT,0.0,0x3af84394c93ade8d11539e92d785e7255f85f901ef89a80898ab777f0b1de9d5,internal,call,0.005049874576271 Ether,1,0xe1f3294e25bb72a2fb53addb82aa1a033797e6e3,1
0x7b307c1f0039f5d38770e15f8043b3dd26da5e8f,1538883792,6470102.0,OUT,0.0,0xc54c3e0c565d786b7a9cc6fd31606c69b706ce45b3159f7fd6abee23c71af407,internal,call,0.010065230508474 Ether,1,0xe1f3294e25bb72a2fb53addb82aa1a033797e6e3,2
0x7b307c1f0039f5d38770e15f8043b3dd26da5e8f,1540220643,0.0,OUT,0.0,0xa28ab3424e2a2144449d3e767b3954af93615361d0a48488d703bc6d63ac03ff,internal,call,0.009946242711864 Ether,1,0xe1f3294e25bb72a2fb53addb82aa1a033797e6e3,1
0x7b307c1f0039f5d38770e15f8043b3dd26da5e8f,1539259783,6496972.0,OUT,0.0,0xbfb30518717edd8cbd1a8a13f5c5a448718858df5a3d4e8c10a1c0a229b56b04,internal,call,0.010911952542372 Ether,1,0xe1f3294e25bb72a2fb53addb82aa1a033797e6e3,2
0x7b307c1f0039f5d38770e15f8043b3dd26da5e8f,1539698619,6528209.0,OUT,0.0,0x14b48a7d7411e194e982aab2aa2afc1400002d1dc2ffbf41f68339cf847e1bbc,internal,call,0.002544633220338 Ether,1,0xe1f3294e25bb72a2fb53addb82aa1a033797e6e3,1
0x7b307c1f0039f5d38770e15f8043b3dd26da5e8f,1538535650,6445317.0,OUT,0.0,0x4e1c90e520f6b760a4b808fc3e9da0f40ac43e1c472501e04bf72940039966a9,internal,call,0.000002169491525 Ether,1,0xe1f3294e25bb72a2fb53addb82aa1a033797e6e3,1
0x7b307c1f0039f5d38770e15f8043b3dd26da5e8f,1538535536,6445309.0,OUT,0.0,0x3efda019ab4899cd8642256bb70f6e38a574856bd0112c8784989cc5b1a71885,internal,call,0.004985762711864 Ether,1,0xe1f3294e25bb72a2fb53addb82aa1a033797e6e3,1
0x7b307c1f0039f5d38770e15f8043b3dd26da5e8f,1539522449,6515744.0,OUT,0.0,0x88fa616a852cd0294bc4bcc7e5d7b65d042efeb1c4f4c2e4d04490c3ef29585f,internal,call,0.005159522033898 Ether,1,0xe1f3294e25bb72a2fb53addb82aa1a033797e6e3,1
0x7b307c1f0039f5d38770e15f8043b3dd26da5e8f,1539610184,6521943.0,OUT,0.0,0x79d1e173f04f269e48e59c2689abb45850f5e6674bfce680262caa4cc70c76fa,internal,call,0.002517424406779 Ether,1,0xe1f3294e25bb72a2fb53addb82aa1a033797e6e3,1
