address,age,block,direction,txFee,txhash,txn_type,type,value,Class,creator,inter_direction
0xdf93cdb6dd65c6c28c78dcdc1762aa34caf81678,1541352461,6645191.0,OUT,0.0,0x79afd46ec642b0c1cc04fccc450b5e65e938dd7870b7c0ff21b2dbd623fcd51e,internal,call,0.000028773148148 Ether,1,0xcc1ceb36cab5ada7fd0376b55602dd0d4b429c30,2
0xdf93cdb6dd65c6c28c78dcdc1762aa34caf81678,1541352348,6645184.0,OUT,0.0,0xc96819ddb6baca3a11442ed7898d7eb7549e194a345de58fe7ac32960c93ef79,internal,call,0.032438032407407 Ether,1,0xcc1ceb36cab5ada7fd0376b55602dd0d4b429c30,2
0xdf93cdb6dd65c6c28c78dcdc1762aa34caf81678,1540767815,6603917.0,OUT,0.0,0xf3d0e86a3fdf0c9ceeadb6938c1e0819f5722d91db4bfff37ff40d7b5b355a56,internal,call,0.06802787037037 Ether,1,0xcc1ceb36cab5ada7fd0376b55602dd0d4b429c30,2
0xdf93cdb6dd65c6c28c78dcdc1762aa34caf81678,1541023556,6621990.0,OUT,0.0,0x75ef5dcaf39a67f052f19e560f1abe988b7b5bcc2335072b59fb2a596ac880f7,internal,call,0.065119236111111 Ether,1,0xcc1ceb36cab5ada7fd0376b55602dd0d4b429c30,2
0xdf93cdb6dd65c6c28c78dcdc1762aa34caf81678,1539874812,6540713.0,OUT,0.0,0xc043964b3927aa2a06a303a6103a60c8989e21ae7d3209ccf9d4710e463fc222,internal,call,0.052074050925925 Ether,1,0xcc1ceb36cab5ada7fd0376b55602dd0d4b429c30,2
0xdf93cdb6dd65c6c28c78dcdc1762aa34caf81678,1540281687,6569498.0,OUT,0.0,0xd52ecaaaa71181584b0062971ccf281310cd9f9640c50ce8c83c3e37d59102ca,internal,call,0.050588032407407 Ether,1,0xcc1ceb36cab5ada7fd0376b55602dd0d4b429c30,2
0xdf93cdb6dd65c6c28c78dcdc1762aa34caf81678,1540500651,6585063.0,OUT,0.0,0x7ffaf33e63bce7fa640458fa48611c0651435e293385c7fb45ce46ea2b949374,internal,call,0.055754722222222 Ether,1,0xcc1ceb36cab5ada7fd0376b55602dd0d4b429c30,2
0xdf93cdb6dd65c6c28c78dcdc1762aa34caf81678,1540083014,6555451.0,OUT,0.0,0xa8911a9f529754bb5f174cb17f16733e00f7d5f67d8b7c1d0d81adc8452c2d2a,internal,call,0.053014398148148 Ether,1,0xcc1ceb36cab5ada7fd0376b55602dd0d4b429c30,2
0xdf93cdb6dd65c6c28c78dcdc1762aa34caf81678,1541224955,6636192.0,OUT,0.0,0x0e6d326af1cfd64bc01d572f5e2e176c897e516c9cbb78319180e443272aec22,internal,call,0.051282152777777 Ether,1,0xcc1ceb36cab5ada7fd0376b55602dd0d4b429c30,2
