address,age,block,direction,txFee,txhash,txn_type,type,value,Class,creator,inter_direction
0xaf6de38ffc92e0d52857f864048d7af2f345a3cf,1525847539,5584049.0,OUT,0.0,0x6e746e4bb0300d0cd2d12ea9aa749d5b8412b5211e30c0e4000966fd49831715,internal,call,0.0238520655 Ether,1,0x7e474fe5cfb720804860215f407111183cbc2f85,2
0xaf6de38ffc92e0d52857f864048d7af2f345a3cf,1525847383,5584034.0,OUT,0.0,0x466ba12511385a6170a6e386308226b808c7756e8b436f51530624d7025ac57b,internal,call,0.005178188107477 Ether,1,0x7e474fe5cfb720804860215f407111183cbc2f85,2
0xaf6de38ffc92e0d52857f864048d7af2f345a3cf,1525662568,5571674.0,OUT,0.0,0xadafc762b6df7d2093dc5f90da73a89cf9862c798e51921f86f5309db8e28e82,internal,call,0.010123292352659 Ether,1,0x7e474fe5cfb720804860215f407111183cbc2f85,2
