address,age,block,direction,txFee,txhash,txn_type,type,value,Class,creator,inter_direction
0x67a5de922c1f4d1a4dbd848466b86b5455fb6a3b,1529353143,5814761.0,OUT,0.0,0xf717d9fa7b8b24fe88df7f1c0f7485b123458fa36463f298bab87d468de70a1c,internal,call,0.000015216743827 Ether,0,0x7ce6c6f1002e5ad54c3d8326fddcf2fc78b80277,2
0x67a5de922c1f4d1a4dbd848466b86b5455fb6a3b,1529352329,5814702.0,OUT,0.0,0x6ab550a62a45a9e04b0d3b78a26ee0d001334746be768537ad449264722221fd,internal,call,0.0001124375 Ether,0,0x7ce6c6f1002e5ad54c3d8326fddcf2fc78b80277,1
0x67a5de922c1f4d1a4dbd848466b86b5455fb6a3b,1529352167,5814689.0,OUT,0.0,0xa550e66938c4d3d34efab4f4427479cd6d7328e321735fcc804f41282c37b80c,internal,call,0.000012180092592 Ether,0,0x7ce6c6f1002e5ad54c3d8326fddcf2fc78b80277,1
