address,age,block,direction,txFee,txhash,txn_type,type,value,Class,creator,inter_direction
0x4e8ecf79ade5e2c49b9e30d795517a81e0bf00b8,1532865148,6053051.0,OUT,0.0,0xa7943e422aa0d8744e35842aaa55616445504d842f8fb4049017170a4804bfa2,internal,call,0.074851560174806 Ether,1,0xf39e044e1ab204460e06e87c6dca2c6319fc69e3,1
0x4e8ecf79ade5e2c49b9e30d795517a81e0bf00b8,1532935033,6057900.0,OUT,0.0,0x25211472bd5b1dc200ec1287020c6947719569eaf9fc21d4732995b2d04c278d,internal,call,0.52224867972634 Ether,1,0xf39e044e1ab204460e06e87c6dca2c6319fc69e3,1
