address,age,block,direction,txFee,txhash,txn_type,type,value,Class,creator,inter_direction
0x8d12a197cb00d4747a1fe03395095ce2a5cc6819,1545221410,6916778.0,OUT,0.0,0x55a088322ce48d1d78a783f78874022a1d75c3d93ef5cf9db569d97e4f2de5cf,internal,call,0.074915794483102 Ether,0,0x1ed014aec47fae44c9e55bac7662c0b78ae61798,1
0x8d12a197cb00d4747a1fe03395095ce2a5cc6819,1533078864,6067710.0,OUT,0.0,0x5171fe02ecd83349f7458aabfe418d1a00796c947377a905a7d5f2211e91a949,internal,call,0.003980000290479 Ether,0,0x1ed014aec47fae44c9e55bac7662c0b78ae61798,2
