address,age,block,direction,txFee,txhash,txn_type,type,value,Class,creator,inter_direction
0xb2816223fddc21aca553ba208c7b7a13b27c207c,1542559178,6727450.0,OUT,0.0,0x94250849d1472819091695c6c896ed60ec8046dd2df688123bb01ae687fa3b98,internal,call,0.0042 Ether,1,0x50b69eb0234c84e44a6951ba0ad2e316a81d0900,2
0xb2816223fddc21aca553ba208c7b7a13b27c207c,1543323923,6784304.0,OUT,0.0,0x45357b683ecc666abaf50ee1cd3f72514f75e131b39454f4731b6229c0622ade,internal,call,0.104961413920555 Ether,1,0x50b69eb0234c84e44a6951ba0ad2e316a81d0900,2
0xb2816223fddc21aca553ba208c7b7a13b27c207c,1542456256,6723182.0,OUT,0.0,0xd43d1b7210148d6672c56e7d8aab69b37de2e2c3572c07ea6dd237782e30569d,internal,call,0.000799549358186 Ether,1,0x50b69eb0234c84e44a6951ba0ad2e316a81d0900,2
0xb2816223fddc21aca553ba208c7b7a13b27c207c,1542809084,6748017.0,OUT,0.0,0xffa4b5c59785226a7a9efd4b138cc72468d8fc9b12e1b56767fdcf6388a36a5c,internal,call,0.053149362996111 Ether,1,0x50b69eb0234c84e44a6951ba0ad2e316a81d0900,2
0xb2816223fddc21aca553ba208c7b7a13b27c207c,1542697246,6740158.0,OUT,0.0,0x3f1dcafe38a93305360d0ed78d35e7d5b9611b2cb255f3c58df976eb439fe3dd,internal,call,0.114633402293888 Ether,1,0x50b69eb0234c84e44a6951ba0ad2e316a81d0900,2
0xb2816223fddc21aca553ba208c7b7a13b27c207c,1543103061,0.0,OUT,0.0,0x158194c978a54c0c940b67555e5ea317e911345c57db4b83d98598e4c47b3f59,internal,call,0.123180984 Ether,1,0x50b69eb0234c84e44a6951ba0ad2e316a81d0900,2
0xb2816223fddc21aca553ba208c7b7a13b27c207c,1542535813,6728857.0,OUT,0.0,0x0c692b29d020dc90a10cf85fa07d936b9ed68793f9861c6c4b2dec3857a00924,internal,call,0.0003 Ether,1,0x50b69eb0234c84e44a6951ba0ad2e316a81d0900,2
