address,age,block,direction,txFee,txhash,txn_type,type,value,Class,creator,inter_direction
0x4e8ecf79ade5e2c49b9e30d795517a81e0bf00b8,1538746704,6460256.0,OUT,0.0,0xf34f563fbbf543a380d05ab0dcf034e9c6a9b1a7c03fc22cc00f5a7705e2ba19,internal,call,0.077749615622536 Ether,1,0xf39e044e1ab204460e06e87c6dca2c6319fc69e3,2
0x4e8ecf79ade5e2c49b9e30d795517a81e0bf00b8,1533008324,6062891.0,OUT,0.0,0x79fc8779e24e9eb8f4a1aab9c2478399feb04991d2d70c1da084d04701595c52,internal,call,0.006385248522071 Ether,1,0xf39e044e1ab204460e06e87c6dca2c6319fc69e3,1
0x4e8ecf79ade5e2c49b9e30d795517a81e0bf00b8,1532724304,0.0,OUT,0.0,0x880ae6f45e6b45a481c31170286a29ef7d8396967d6a94776818263b16ff36a3,internal,call,0.242531000679398 Ether,1,0xf39e044e1ab204460e06e87c6dca2c6319fc69e3,1
0x4e8ecf79ade5e2c49b9e30d795517a81e0bf00b8,1532715014,6042641.0,OUT,0.0,0xc515149c054407420f5f42013ff7e8815f25343e3f25e1692187b59c0e1b8c54,internal,call,0.22600024602408 Ether,1,0xf39e044e1ab204460e06e87c6dca2c6319fc69e3,2
0x4e8ecf79ade5e2c49b9e30d795517a81e0bf00b8,1532761637,0.0,OUT,0.0,0x9088016c1ff48f4647939031d7a25c70e501afa4f8819b673ab791c686444c3b,internal,call,0.080044450366488 Ether,1,0xf39e044e1ab204460e06e87c6dca2c6319fc69e3,1
0x4e8ecf79ade5e2c49b9e30d795517a81e0bf00b8,1532712356,6042464.0,OUT,0.0,0xea1f5e3c14231d4790703d810ba515dc72d89078c7a47108fe50b231f9292f49,internal,call,0.658220790557387 Ether,1,0xf39e044e1ab204460e06e87c6dca2c6319fc69e3,2
