address,age,block,direction,txFee,txhash,txn_type,type,value,Class,creator,inter_direction
0xbeefd8fb3b5778f99e021afa2e41e0614af6af11,1540033538,0.0,OUT,0.0,0x25a24098d09e3d129acdf7018c3047c0791e17121394586616e85d414c5089f2,internal,call,0.0002 Ether,1,0x300758881bf3756b6cb5b2e96f545d7b3566ce3a,1
0xbeefd8fb3b5778f99e021afa2e41e0614af6af11,1540033538,0.0,OUT,0.0,0x25a24098d09e3d129acdf7018c3047c0791e17121394586616e85d414c5089f2,internal,call,0.006422016393442 Ether,1,0x300758881bf3756b6cb5b2e96f545d7b3566ce3a,1
0xbeefd8fb3b5778f99e021afa2e41e0614af6af11,1539581576,6519894.0,OUT,0.0,0xa41bd0b444fb0a0fe2d82ba987d897aa71884aa327842eb15da6fbb57aa54b4a,internal,call,0.004997704918032 Ether,1,0x300758881bf3756b6cb5b2e96f545d7b3566ce3a,2
0xbeefd8fb3b5778f99e021afa2e41e0614af6af11,1540820981,6607726.0,OUT,0.0,0x44b8634113113e37d69d11137fb87466e5e79abc68411ff0e46e83e6210e036a,internal,call,0.021807737704918 Ether,1,0x300758881bf3756b6cb5b2e96f545d7b3566ce3a,1
0xbeefd8fb3b5778f99e021afa2e41e0614af6af11,1541896469,6683574.0,OUT,0.0,0xd2004fd8befdce0a5ae8ed17fef443e1a468f85ca911bb1a2c3ee77927a6d708,internal,call,0.037302295081967 Ether,1,0x300758881bf3756b6cb5b2e96f545d7b3566ce3a,2
0xbeefd8fb3b5778f99e021afa2e41e0614af6af11,1540299508,6570774.0,OUT,0.0,0xb8bf75b04f45680245d638fdeb611c6a94b95c13cfa9dfd1d8b9f5297afa78eb,internal,call,0.011131081967213 Ether,1,0x300758881bf3756b6cb5b2e96f545d7b3566ce3a,2
0xbeefd8fb3b5778f99e021afa2e41e0614af6af11,1539865151,0.0,OUT,0.0,0x2e5d754c582af44fe9bf65bdbb71e7571b961adf4430551aad53399aae2ecded,internal,call,0.0002 Ether,1,0x300758881bf3756b6cb5b2e96f545d7b3566ce3a,1
0xbeefd8fb3b5778f99e021afa2e41e0614af6af11,1539865151,0.0,OUT,0.0,0x2e5d754c582af44fe9bf65bdbb71e7571b961adf4430551aad53399aae2ecded,internal,call,0.009908852459016 Ether,1,0x300758881bf3756b6cb5b2e96f545d7b3566ce3a,1
