address,age,block,direction,txFee,txhash,txn_type,type,value,Class,creator,inter_direction
0x8d12a197cb00d4747a1fe03395095ce2a5cc6819,1537488848,6371435.0,OUT,0.0,0xc44ccc800d0f7a775557584943f4997d36d9c30c946e79d5ddf876d80fc360b8,internal,call,1.987698227874733 Ether,0,0x1ed014aec47fae44c9e55bac7662c0b78ae61798,2
0x8d12a197cb00d4747a1fe03395095ce2a5cc6819,1535457302,6230620.0,OUT,0.0,0x610e8c3126eb0f81469f51bc030a0ac4d182e9fc23143cd1ea2503831a663e89,internal,call,7.499999914151853 Ether,0,0x1ed014aec47fae44c9e55bac7662c0b78ae61798,2
