address,age,block,direction,txFee,txhash,txn_type,type,value,Class,creator,inter_direction
0xdde2d979e8d39bb8416eafcfc1758f3cab2c9c72,1527850064,5715314.0,OUT,0.0,0x02c1a7d3a6ad9d35f8c3c44040ad73729a0e15af7764adbb7e61d577999772a6,internal,call,0.0168872 Ether,0,0x3f8c962eb167ad2f80c72b5f933511ccdf0719d4,2
0xdde2d979e8d39bb8416eafcfc1758f3cab2c9c72,1530071834,5863082.0,OUT,0.0,0xe5a0ccf0fd5b442fadd148dd9b4a41a8d0c26271aee6c59f02924715e304cf3d,internal,call,0.0168872 Ether,0,0x3f8c962eb167ad2f80c72b5f933511ccdf0719d4,2
0xdde2d979e8d39bb8416eafcfc1758f3cab2c9c72,1526198385,5607308.0,OUT,0.0,0xa9a73518876f060ab5fb0966b89f46da876ed1bb2811bc0196d99f872bb711d8,internal,call,0.02222 Ether,0,0x3f8c962eb167ad2f80c72b5f933511ccdf0719d4,2
0xdde2d979e8d39bb8416eafcfc1758f3cab2c9c72,1531842933,5983381.0,OUT,0.0,0xec90a2fc42113d4bf93a1ac1031e9b5bbed75d2e0fc4aff0549e212f7831fa62,internal,call,0.0684 Ether,0,0x3f8c962eb167ad2f80c72b5f933511ccdf0719d4,2
0xdde2d979e8d39bb8416eafcfc1758f3cab2c9c72,1531767340,5978222.0,OUT,0.0,0xf97d74ac62994921f9e904afe0d75b895fb9b6cde1fbda212ffac7f5662697ca,internal,call,0.0168872 Ether,0,0x3f8c962eb167ad2f80c72b5f933511ccdf0719d4,2
