address,age,block,direction,txFee,txhash,txn_type,type,value,Class,creator,inter_direction
0x4e8ecf79ade5e2c49b9e30d795517a81e0bf00b8,1533138786,6071809.0,OUT,0.0,0x95059cdac230cd02e25b8885807359e226b51361c157a7518dfcdbcfce0ab688,internal,call,0.079404973915362 Ether,1,0xf39e044e1ab204460e06e87c6dca2c6319fc69e3,1
0x4e8ecf79ade5e2c49b9e30d795517a81e0bf00b8,1532853856,6052276.0,OUT,0.0,0x742f6be5d9c23a1062a601216a8f5c784992cb43b045e318ff078eb258e02ff6,internal,call,0.113861650448885 Ether,1,0xf39e044e1ab204460e06e87c6dca2c6319fc69e3,1
