address,age,block,direction,txFee,txhash,txn_type,type,value,Class,creator,inter_direction
0x2bae8bf1d52cf870381c6c02f0256f1b68d7aa2e,1532613013,6035630.0,OUT,0.0,0xc984205e47e000b4f7ba55ee36ab5fe5d339329a4c92703752634f91949a3447,internal,call,0.403497830136033 Ether,1,0x1570c19151305162e2391e956f74509d4f566d42,2
0x2bae8bf1d52cf870381c6c02f0256f1b68d7aa2e,1533026414,6064121.0,OUT,0.0,0x60984bac35f0c4150d6e535d39b700a0901210da89647d235cd047e3cb008c9d,internal,call,0.406910302952988 Ether,1,0x1570c19151305162e2391e956f74509d4f566d42,2
