address,age,block,direction,txFee,txhash,txn_type,type,value,Class,creator,inter_direction
0x7b307c1f0039f5d38770e15f8043b3dd26da5e8f,1539581808,6519910.0,OUT,0.0,0x8dde85a53eaf3567091df17e1d26f18805c32b1fb02964a4a0601d0ca455d5c2,internal,call,0.1221 Ether,1,0xe1f3294e25bb72a2fb53addb82aa1a033797e6e3,1
0x7b307c1f0039f5d38770e15f8043b3dd26da5e8f,1539495253,6513805.0,OUT,0.0,0xbb845611f17dc6ae0d7e6a0660a6517104d4661c4ef4facd0de835f95269d86a,internal,call,0.12456 Ether,1,0xe1f3294e25bb72a2fb53addb82aa1a033797e6e3,2
0x7b307c1f0039f5d38770e15f8043b3dd26da5e8f,1540166059,6561323.0,OUT,0.0,0x2ae8240372db5a18abe78bff65966888a24b803a3f71ba18ff779c8510ecd182,internal,call,0.36234 Ether,1,0xe1f3294e25bb72a2fb53addb82aa1a033797e6e3,1
0x7b307c1f0039f5d38770e15f8043b3dd26da5e8f,1539408230,6507577.0,OUT,0.0,0xa6bf0cc131f9f9e63c94d4e6bd9ed42e40118ac467f87c336cfe00be9f7e4c9b,internal,call,0.24698 Ether,1,0xe1f3294e25bb72a2fb53addb82aa1a033797e6e3,1
0x7b307c1f0039f5d38770e15f8043b3dd26da5e8f,1539909958,6543206.0,OUT,0.0,0x01f3f2952df740561b21c4feee0cdb20b9b7e54539f15646a5ad3b63d8b39feb,internal,call,0.46592 Ether,1,0xe1f3294e25bb72a2fb53addb82aa1a033797e6e3,1
0x7b307c1f0039f5d38770e15f8043b3dd26da5e8f,1538931394,6470444.0,OUT,0.0,0x80a676ef5bbc52f88c03a53322209a47bd344e05ab14add37dcbf47714785972,internal,call,0.74288 Ether,1,0xe1f3294e25bb72a2fb53addb82aa1a033797e6e3,1
0x7b307c1f0039f5d38770e15f8043b3dd26da5e8f,1538001646,0.0,OUT,0.0,0x8b5f1d59f5bdd3c64f9e1b4004f40e235a49f2c378e4474fade9603afa1795e4,internal,call,0.229188474576271 Ether,1,0xe1f3294e25bb72a2fb53addb82aa1a033797e6e3,1
0x7b307c1f0039f5d38770e15f8043b3dd26da5e8f,1538409600,6433300.0,OUT,0.0,0x4538aa5b63df88e847cdc1c35b8cc5ce3987f1dd17a3c0e919617c23c9db1d48,internal,call,0.51394 Ether,1,0xe1f3294e25bb72a2fb53addb82aa1a033797e6e3,1
0x7b307c1f0039f5d38770e15f8043b3dd26da5e8f,1539234988,6495228.0,OUT,0.0,0xe1a00616cb43ee5de071e7991fe3ec5887c049751970440740fe7ddd2d9838be,internal,call,0.49568 Ether,1,0xe1f3294e25bb72a2fb53addb82aa1a033797e6e3,2
