address,age,block,direction,txFee,txhash,txn_type,type,value,Class,creator,inter_direction
0x536a6ba0d913d5d6a4ce2c6eb7ed0de3c0f0b89e,1537718807,6384569.0,OUT,0.0,0x7a1b65100499772043f3660163ca8ec687557847853851a248088bf70ae5b789,internal,call,0.00175 Ether,1,0xb648cc3367571c9166e966d1eb97de3f9ebfb8fd,1
0x536a6ba0d913d5d6a4ce2c6eb7ed0de3c0f0b89e,1537837481,6395985.0,OUT,0.0,0x0ceceb42f9c9bfd23e672f09e94639c47e8853bafcee50279bc74c60e9a69cac,internal,call,0.00175 Ether,1,0xb648cc3367571c9166e966d1eb97de3f9ebfb8fd,1
