address,age,block,direction,txFee,txhash,txn_type,type,value,Class,creator,inter_direction
0x67a5de922c1f4d1a4dbd848466b86b5455fb6a3b,1539565221,0.0,OUT,0.0,0xdda5ea2d058be184b73446969b55bac7c364661c35dd15591433c587903a45a2,internal,call,0.00385 Ether,0,0x7ce6c6f1002e5ad54c3d8326fddcf2fc78b80277,2
0x67a5de922c1f4d1a4dbd848466b86b5455fb6a3b,1539728728,6530337.0,OUT,0.0,0x5c8b9103579850e4fc22ebbe941d194fcf3c34fd0a36205e05eacb7d635776e9,internal,call,0.0048125 Ether,0,0x7ce6c6f1002e5ad54c3d8326fddcf2fc78b80277,2
