address,age,block,direction,txFee,txhash,txn_type,type,value,Class,creator,inter_direction
0x8a883a20940870dc055f2070ac8ec847ed2d9918,1532673970,6039790.0,OUT,0.0,0x8a446ec69bca096e522b29ddf26e82d9f948cb694166008efdeb2101d534ab28,internal,call,0.057254066420053 Ether,1,0xc14f8469d4bb31c8e69fae9c16e262f45edc3635,2
0x8a883a20940870dc055f2070ac8ec847ed2d9918,1533293524,6082325.0,OUT,0.0,0x15a89a55a7a42d136d080ec8eba0b60f245eda47948d61c7a70600f47e742854,internal,call,0.053559701301317 Ether,1,0xc14f8469d4bb31c8e69fae9c16e262f45edc3635,2
