address,age,block,direction,txFee,txhash,txn_type,type,value,Class,creator,inter_direction
0x8a883a20940870dc055f2070ac8ec847ed2d9918,1532883051,6051326.0,OUT,0.0,0x223b7f7c2a2055a504cf699fdfcac961f6bb12ae6d484a9b15ae7d74b4f73b0c,internal,call,0.001788765839162 Ether,1,0xc14f8469d4bb31c8e69fae9c16e262f45edc3635,2
0x8a883a20940870dc055f2070ac8ec847ed2d9918,1532493970,6024631.0,OUT,0.0,0xf3220b6e5657607a0a636fe561f3b11769cc90ff12a088338b75179b6bea4fca,internal,call,0.00000011990456 Ether,1,0xc14f8469d4bb31c8e69fae9c16e262f45edc3635,2
0x8a883a20940870dc055f2070ac8ec847ed2d9918,1532493518,0.0,OUT,0.0,0xaaf039681e84f69014bbf2373ab28ea354ee79512cce91e37e5849988c3b0b41,internal,call,0.042181820425661 Ether,1,0xc14f8469d4bb31c8e69fae9c16e262f45edc3635,2
0x8a883a20940870dc055f2070ac8ec847ed2d9918,1533737501,6112850.0,OUT,0.0,0x78d94d4e2a53da8e7318a26fe03d340c1e766e60bc0c129c561f50bdf550c7b1,internal,call,0.028364542824002 Ether,1,0xc14f8469d4bb31c8e69fae9c16e262f45edc3635,2
