address,age,block,direction,txFee,txhash,txn_type,type,value,Class,creator,inter_direction
0x4e8ecf79ade5e2c49b9e30d795517a81e0bf00b8,1533932083,6126209.0,OUT,0.0,0x092b081db82a6380b5774d7ffa6523336c3a235811884a8a01ac87b711a645ab,internal,call,0.006130742459449 Ether,1,0xf39e044e1ab204460e06e87c6dca2c6319fc69e3,1
0x4e8ecf79ade5e2c49b9e30d795517a81e0bf00b8,1532968073,6057198.0,OUT,0.0,0xa17ca5e6f59eaee78d5efc4b6f491f7f7c79b5d70156c31aa11701ba10961c8c,internal,call,0.047252259316057 Ether,1,0xf39e044e1ab204460e06e87c6dca2c6319fc69e3,1
