address,age,block,direction,txFee,txhash,txn_type,type,value,Class,creator,inter_direction
0xbeefd8fb3b5778f99e021afa2e41e0614af6af11,1541548646,6658951.0,OUT,0.0,0xa66f6561b568448b391c810119e59f63c7f357b70dc906f7dae6378933f71cc5,internal,call,0.127065573770491 Ether,1,0x300758881bf3756b6cb5b2e96f545d7b3566ce3a,1
0xbeefd8fb3b5778f99e021afa2e41e0614af6af11,1541108752,6627947.0,OUT,0.0,0xb868e549a536be26ed56d5d47fb93d4000b7b1f4f9f1cf6a822de659fbe6376c,internal,call,0.323198360655737 Ether,1,0x300758881bf3756b6cb5b2e96f545d7b3566ce3a,2
0xbeefd8fb3b5778f99e021afa2e41e0614af6af11,1541894408,6683452.0,OUT,0.0,0x7192689109f58a7a48bc2d3fdf84828b174300e3a2e81ab17eabe96edb5b70e3,internal,call,0.100413934426229 Ether,1,0x300758881bf3756b6cb5b2e96f545d7b3566ce3a,1
0xbeefd8fb3b5778f99e021afa2e41e0614af6af11,1540178820,0.0,OUT,0.0,0xb1d272acb520a31f3b9c1960496ba3380dba00f616cff65b3887b6cc2dd1f519,internal,call,0.02 Ether,1,0x300758881bf3756b6cb5b2e96f545d7b3566ce3a,1
