address,age,block,direction,txFee,txhash,txn_type,type,value,Class,creator,inter_direction
0xb10ea0d397db942a1083a4af9c6074ab63bc8c8b,1540176212,6562052.0,OUT,0.0,0x643c89357c1f549b4a5424469ee889f6d568df03846694a6423c7321352fbddb,internal,call,3.528474576271186 Ether,1,0x65b041db3135ed5f76d9486aa56f8ca5dc9a3f5e,1
0xb10ea0d397db942a1083a4af9c6074ab63bc8c8b,1540829790,6605230.0,OUT,0.0,0x919248ea7f03da45ee876ac667c00b686b9d6f9504bd2a0393275ff2e238d018,internal,call,2.927322033898305 Ether,1,0x65b041db3135ed5f76d9486aa56f8ca5dc9a3f5e,1
0xb10ea0d397db942a1083a4af9c6074ab63bc8c8b,1540997265,6620167.0,OUT,0.0,0x002dfe81c50f33fa24d63d3090fc6899401299287ba3c06b03f59232a1a03b58,internal,call,1.012677966101694 Ether,1,0x65b041db3135ed5f76d9486aa56f8ca5dc9a3f5e,1
0xb10ea0d397db942a1083a4af9c6074ab63bc8c8b,1541024619,0.0,OUT,0.0,0x0444e729873f960a7f53c0bc9599fb07a8a25d9b7a0a7a7174f442daa1c07c96,internal,call,0.129152542372881 Ether,1,0x65b041db3135ed5f76d9486aa56f8ca5dc9a3f5e,1
0xb10ea0d397db942a1083a4af9c6074ab63bc8c8b,1539441799,6510007.0,OUT,0.0,0x6f53689a5b19e29ef5bda62e89de19c5bf9ecb11ae89b0ee7561688db4e415f9,internal,call,2.282440677966101 Ether,1,0x65b041db3135ed5f76d9486aa56f8ca5dc9a3f5e,1
