address,age,block,direction,txFee,txhash,txn_type,type,value,Class,creator,inter_direction
0x702392282255f8c0993dbbbb148d80d2ef6795b1,1523209879,5406573.0,OUT,0.0,0x2b9dc2bdc0ce77a0bf6b05f1fbd5752627ab31206a159c98db6a607bad83ff35,internal,call,0.72986585191755 Ether,1,0xfea0904acc8df0f3288b6583f60b86c36ea52acd,2
0x702392282255f8c0993dbbbb148d80d2ef6795b1,1523208120,5406455.0,OUT,0.0,0xa0f45aa29226e68603a893778a0bf19f7009fc368b005773babf3f6799997a89,internal,call,0.001506807139577 Ether,1,0xfea0904acc8df0f3288b6583f60b86c36ea52acd,2
0x702392282255f8c0993dbbbb148d80d2ef6795b1,1523153888,5402674.0,OUT,0.0,0x4208541445e9827f950624e16b5a3edd10d1ac64c31ffd67580f9568eb6b2dcc,internal,call,0.008558639213459 Ether,1,0xfea0904acc8df0f3288b6583f60b86c36ea52acd,2
0x702392282255f8c0993dbbbb148d80d2ef6795b1,1523138523,5401596.0,OUT,0.0,0x6a7ff9fc005ab54a6253ccc90c5832fda6614e73185926ee6eed3873b8101649,internal,call,0.001306560516954 Ether,1,0xfea0904acc8df0f3288b6583f60b86c36ea52acd,2
0x702392282255f8c0993dbbbb148d80d2ef6795b1,1523195894,5405593.0,OUT,0.0,0x864ee1003d8a29a7c85dbc4cf39963fe9cfeabb42ece10843311c8cde7c1b89a,internal,call,0.003443006931548 Ether,1,0xfea0904acc8df0f3288b6583f60b86c36ea52acd,2
0x702392282255f8c0993dbbbb148d80d2ef6795b1,1523183584,5404744.0,OUT,0.0,0x7238c0c1fe997680a7a61ea68dd0c0506602fdbb26d1bc15cc3ff8c653838bcc,internal,call,0.002902740617354 Ether,1,0xfea0904acc8df0f3288b6583f60b86c36ea52acd,2
0x702392282255f8c0993dbbbb148d80d2ef6795b1,1523179306,5404445.0,OUT,0.0,0x2804680dca3dc40e6033809e20f86ad4f7fa96256ed49a8d7521a2920fd53583,internal,call,0.003492882616249 Ether,1,0xfea0904acc8df0f3288b6583f60b86c36ea52acd,2
