address,age,block,direction,txFee,txhash,txn_type,type,value,Class,creator,inter_direction
0x536a6ba0d913d5d6a4ce2c6eb7ed0de3c0f0b89e,1537788987,0.0,OUT,0.0,0xaa1af323a11325f0d0034cbb891e2c265cceb216f7aa0df7072b4829eb444e05,internal,call,0.02835 Ether,1,0xb648cc3367571c9166e966d1eb97de3f9ebfb8fd,1
0x536a6ba0d913d5d6a4ce2c6eb7ed0de3c0f0b89e,1537526938,6374061.0,OUT,0.0,0x19364774d17f22ef87976a8c1db9ac43d95c31ec63bd7ed25a95c1e200cd3655,internal,call,0.00945 Ether,1,0xb648cc3367571c9166e966d1eb97de3f9ebfb8fd,1
0x536a6ba0d913d5d6a4ce2c6eb7ed0de3c0f0b89e,1537875864,6398706.0,OUT,0.0,0x813cd342deb36f06de2d31dfbd0a47a2a7353e880812254f533ea6202345ef78,internal,call,0.00945 Ether,1,0xb648cc3367571c9166e966d1eb97de3f9ebfb8fd,1
