address,age,block,direction,txFee,txhash,txn_type,type,value,Class,creator,inter_direction
0x4e8ecf79ade5e2c49b9e30d795517a81e0bf00b8,1533508097,0.0,OUT,0.0,0xd679ba71a32d629d024764f93d867508c8abb123ae79dc9fa0f53a7535803d6c,internal,call,0.006841849207399 Ether,1,0xf39e044e1ab204460e06e87c6dca2c6319fc69e3,2
0x4e8ecf79ade5e2c49b9e30d795517a81e0bf00b8,1533413478,0.0,OUT,0.0,0x64dc95a7c3a7111f187a84fd32ebfe5508e98aed6ffe0345feceb4dd2d5d9433,internal,call,0.010409184115217 Ether,1,0xf39e044e1ab204460e06e87c6dca2c6319fc69e3,1
0x4e8ecf79ade5e2c49b9e30d795517a81e0bf00b8,1533367541,6087522.0,OUT,0.0,0xfc69e25f97ef483cebfc28537fbc25ed90116b92ae4111b3e672c7b52297a583,internal,call,0.020400731330701 Ether,1,0xf39e044e1ab204460e06e87c6dca2c6319fc69e3,2
