address,age,block,direction,txFee,txhash,txn_type,type,value,Class,creator,inter_direction
0x67a5de922c1f4d1a4dbd848466b86b5455fb6a3b,1529077465,5795910.0,OUT,0.0,0x9248ac4c6e30553bdfdbc90c51c163a853184af065332f2603e9eb948c0285f4,internal,call,0.003771296296296 Ether,0,0x7ce6c6f1002e5ad54c3d8326fddcf2fc78b80277,1
0x67a5de922c1f4d1a4dbd848466b86b5455fb6a3b,1529047704,5793919.0,OUT,0.0,0x62f0424ab49906fdb08e5ebc6b7fcf4aeddec13a7e7acfa61f5280836c160585,internal,call,0.003691666666666 Ether,0,0x7ce6c6f1002e5ad54c3d8326fddcf2fc78b80277,1
0x67a5de922c1f4d1a4dbd848466b86b5455fb6a3b,1529165437,5798929.0,OUT,0.0,0xd1325a28ee9036c96ad8453b3abdbff5a95b2a6e3fdd756f58d37aa77cef9678,internal,call,0.003512037037037 Ether,0,0x7ce6c6f1002e5ad54c3d8326fddcf2fc78b80277,2
