address,age,block,direction,txFee,txhash,txn_type,type,value,Class,creator,inter_direction
0x7b307c1f0039f5d38770e15f8043b3dd26da5e8f,1540082576,0.0,OUT,0.0,0xa5e2469d11402d709db1365880b488a3a6e2ce5c6d7eda584c13a75f8036c7f4,internal,call,0.012494237288135 Ether,1,0xe1f3294e25bb72a2fb53addb82aa1a033797e6e3,1
0x7b307c1f0039f5d38770e15f8043b3dd26da5e8f,1538865151,6468776.0,OUT,0.0,0xd6450a19bda3d41f1bb70ab1fc326ca4f06e0760b85f5378809d64fee79e26d8,internal,call,0.025682033898305 Ether,1,0xe1f3294e25bb72a2fb53addb82aa1a033797e6e3,2
0x7b307c1f0039f5d38770e15f8043b3dd26da5e8f,1539467621,6511810.0,OUT,0.0,0xcdd08c056aeb64a37c5d60211770b3109a80135a683926241eecfe23e9941d8d,internal,call,0.025292542372881 Ether,1,0xe1f3294e25bb72a2fb53addb82aa1a033797e6e3,2
0x7b307c1f0039f5d38770e15f8043b3dd26da5e8f,1540264543,0.0,OUT,0.0,0xb595eebfa5c5b23348db269699f078578e7429ae0fcef58d2b6c58e37c0d7657,internal,call,0.013126779661016 Ether,1,0xe1f3294e25bb72a2fb53addb82aa1a033797e6e3,2
0x7b307c1f0039f5d38770e15f8043b3dd26da5e8f,1538510155,6443522.0,OUT,0.0,0x745f0dcbca5329a552d3695a8ad6e92d569f6cd1eff132a155404517a93c1a20,internal,call,0.003063593220338 Ether,1,0xe1f3294e25bb72a2fb53addb82aa1a033797e6e3,1
0x7b307c1f0039f5d38770e15f8043b3dd26da5e8f,1539908836,6543125.0,OUT,0.0,0x9373dd48b7bd7725df4c547e84dcd4cfe69c0088a1037dc4609df59f9d8ed3c2,internal,call,0.017316610169491 Ether,1,0xe1f3294e25bb72a2fb53addb82aa1a033797e6e3,1
0x7b307c1f0039f5d38770e15f8043b3dd26da5e8f,1539118686,6486939.0,OUT,0.0,0x7bd3b9374b7053d236b04dd2e03e700ac07b86b3c750f0b27632f66d8220a04b,internal,call,0.006453559322033 Ether,1,0xe1f3294e25bb72a2fb53addb82aa1a033797e6e3,1
0x7b307c1f0039f5d38770e15f8043b3dd26da5e8f,1539668933,6526097.0,OUT,0.0,0xfc3ea96e6cb85f8be1555721283849050f29f209fdade4dfbce9a4527435b8b6,internal,call,0.014529152542372 Ether,1,0xe1f3294e25bb72a2fb53addb82aa1a033797e6e3,2
0x7b307c1f0039f5d38770e15f8043b3dd26da5e8f,1539029231,6480593.0,OUT,0.0,0x4d356c1b2053f070cc74a7cccb7e35f19d348d0707ce6b02ebf859983f2c75fc,internal,call,0.012017288135593 Ether,1,0xe1f3294e25bb72a2fb53addb82aa1a033797e6e3,1
