address,age,block,direction,txFee,txhash,txn_type,type,value,Class,creator,inter_direction
0x4e8ecf79ade5e2c49b9e30d795517a81e0bf00b8,1533302944,6082940.0,OUT,0.0,0x7f2f752115985242cb3c3e764dd1b2ece7ddecd5dddf55f49c8699a978b58f1d,internal,call,0.020137785145115 Ether,1,0xf39e044e1ab204460e06e87c6dca2c6319fc69e3,1
0x4e8ecf79ade5e2c49b9e30d795517a81e0bf00b8,1532844007,0.0,OUT,0.0,0xd6dc6f8904b30aa9c689be0194e711b8dffbfe9783cebecde64d38af7df5c1b7,internal,call,0.538058007395047 Ether,1,0xf39e044e1ab204460e06e87c6dca2c6319fc69e3,2
0x4e8ecf79ade5e2c49b9e30d795517a81e0bf00b8,1532955229,6059308.0,OUT,0.0,0x1bbe602623eef77ca6cd45e3b021a855a9fd0092e92cdc25bde9a19c762ead43,internal,call,0.248085263559616 Ether,1,0xf39e044e1ab204460e06e87c6dca2c6319fc69e3,1
0x4e8ecf79ade5e2c49b9e30d795517a81e0bf00b8,1532819665,6049927.0,OUT,0.0,0xe579f56a025fa492143667d579cfd3094417f70a5c3ac3d66b84ac74e80a32bc,internal,call,0.762149857461867 Ether,1,0xf39e044e1ab204460e06e87c6dca2c6319fc69e3,2
0x4e8ecf79ade5e2c49b9e30d795517a81e0bf00b8,1532830312,0.0,OUT,0.0,0x2779d9122bc0a60829923bd7a89ed8bfd54b926a1d108ff808b79fe2c25d45df,internal,call,0.509465868280909 Ether,1,0xf39e044e1ab204460e06e87c6dca2c6319fc69e3,1
