address,age,block,direction,txFee,txhash,txn_type,type,value,Class,creator,inter_direction
0x9d68a447a8718ef30645d23d423be1ea6b7d370f,1537999757,6407464.0,OUT,0.0,0x529f8d09fe62f33ff82ca6af261673066a0f2c62e6397d89f352a92cd512103d,internal,call,1.113263888888888 Ether,1,0xbfb297616ffa0124a288e212d1e6df5299c9f8d0,2
0x9d68a447a8718ef30645d23d423be1ea6b7d370f,1538030267,6409587.0,OUT,0.0,0x78a71ff0eae7eae0ecac2ea16e8299dae82d7b87f01187d211fcf720eb9db046,internal,call,0.812986111111111 Ether,1,0xbfb297616ffa0124a288e212d1e6df5299c9f8d0,2
0x9d68a447a8718ef30645d23d423be1ea6b7d370f,1538042662,6410434.0,OUT,0.0,0x7c9fea93ad1a4fb6fad3c855510b47e7d3f4a9b4d59449ef8f9944794fc08624,internal,call,0.102222222222222 Ether,1,0xbfb297616ffa0124a288e212d1e6df5299c9f8d0,2
0x9d68a447a8718ef30645d23d423be1ea6b7d370f,1538038839,6410164.0,OUT,0.0,0xb61a22c1ac9dc821f1a00193e24d35cff6c9eda4faa7a89ab78bad5641d9e435,internal,call,0.228402777777777 Ether,1,0xbfb297616ffa0124a288e212d1e6df5299c9f8d0,2
