address,age,block,direction,txFee,txhash,txn_type,type,value,Class,creator,inter_direction
0x4e8ecf79ade5e2c49b9e30d795517a81e0bf00b8,1532960093,6059614.0,OUT,0.0,0x147e7c8e37d7db2fb17002b8418924aec7786c28e5688b0a82ff789126897271,internal,call,0.032424452996214 Ether,1,0xf39e044e1ab204460e06e87c6dca2c6319fc69e3,1
0x4e8ecf79ade5e2c49b9e30d795517a81e0bf00b8,1532802284,6048700.0,OUT,0.0,0x050306aad3ec9045a6ca17504e8b47541054c15deb71a814a8869f59d206ee5d,internal,call,0.14484761952964 Ether,1,0xf39e044e1ab204460e06e87c6dca2c6319fc69e3,1
