address,age,block,direction,txFee,txhash,txn_type,type,value,Class,creator,inter_direction
0x4e8ecf79ade5e2c49b9e30d795517a81e0bf00b8,1532748954,0.0,OUT,0.0,0x41960d8db5f3317a6d811a38ed8ddc6c7c604fe940f486c5cf4188583c0ccabd,internal,call,0.514429925638405 Ether,1,0xf39e044e1ab204460e06e87c6dca2c6319fc69e3,1
0x4e8ecf79ade5e2c49b9e30d795517a81e0bf00b8,1532715873,0.0,OUT,0.0,0xed82b2b3736775c849eb3fee98d12f678d9f50ee036809d3d1c363780e396024,internal,call,2.523465770862601 Ether,1,0xf39e044e1ab204460e06e87c6dca2c6319fc69e3,2
