address,age,block,direction,txFee,txhash,txn_type,type,value,Class,creator,inter_direction
0xbf91b27fec3146a1b36069f92337a0ea330725df,1539571699,6519248.0,OUT,0.0,0xd2e27b834d1278d79961ef606b8201eb15d85fb2359ed0719a71df0c18c61ee5,internal,call,0.052449193220338 Ether,1,0x76130fd699cd7ab670c51e699e67d3eea4b8f8db,2
0xbf91b27fec3146a1b36069f92337a0ea330725df,1539414038,6507999.0,OUT,0.0,0xa9673c687762e33ce1b14996226a7937adfbf8f0e3b7214f51c1942ab4794cc8,internal,call,0.053677342372881 Ether,1,0x76130fd699cd7ab670c51e699e67d3eea4b8f8db,2
0xbf91b27fec3146a1b36069f92337a0ea330725df,1539240999,6495645.0,OUT,0.0,0x24718b867fe8a0ab4ded6ae3101017b1081a25bc1ffcf575a974fcc54f20b6ec,internal,call,0.001562277966101 Ether,1,0x76130fd699cd7ab670c51e699e67d3eea4b8f8db,2
0xbf91b27fec3146a1b36069f92337a0ea330725df,1539533553,6513440.0,OUT,0.0,0x793b497cfddc90216678a94a14982bdb91065f17afc97da6c8f2b73b359796cb,internal,call,0.049134996610169 Ether,1,0x76130fd699cd7ab670c51e699e67d3eea4b8f8db,2
0xbf91b27fec3146a1b36069f92337a0ea330725df,1539330968,6502055.0,OUT,0.0,0x09c1408cbb1bc06143671002906f1a7d2695cb4b07f065c4dde0d96c68e874a4,internal,call,0.057885559322033 Ether,1,0x76130fd699cd7ab670c51e699e67d3eea4b8f8db,2
