address,age,block,direction,txFee,txhash,txn_type,type,value,Class,creator,inter_direction
0x8a883a20940870dc055f2070ac8ec847ed2d9918,1532460864,0.0,OUT,0.0,0x58411de08ac74b352b0229d0089b0e4c87e49c3d1c4274c8e9cefa94035b8021,internal,call,0.111721208827839 Ether,1,0xc14f8469d4bb31c8e69fae9c16e262f45edc3635,2
0x8a883a20940870dc055f2070ac8ec847ed2d9918,1534285551,6150357.0,OUT,0.0,0x8258a80e1f9fe31c4103ecc3f75efaa20c8abb1a63d686ba8b9b4da40f959561,internal,call,0.014391776814248 Ether,1,0xc14f8469d4bb31c8e69fae9c16e262f45edc3635,2
