address,age,block,direction,txFee,txhash,txn_type,type,value,Class,creator,inter_direction
0x4f3db6d4c97b8248ad5e244e4f619086084f6848,1541185387,6633355.0,OUT,0.0,0xf7cc19deb4078ef0139866ffc09873474f29323d9c69e1fc41541c448c47694d,internal,call,0.001729166666666 Ether,1,0xac560ed699346e4e3a3c2106ac90136883f7f624,2
0x4f3db6d4c97b8248ad5e244e4f619086084f6848,1542335550,6714691.0,OUT,0.0,0x0c45ced745654811b31b1ac56e8bc352e95468ba6937970f10ff1ee67be5fc5f,internal,call,0.006881944444444 Ether,1,0xac560ed699346e4e3a3c2106ac90136883f7f624,2
0x4f3db6d4c97b8248ad5e244e4f619086084f6848,1541399497,6648525.0,OUT,0.0,0xea7da464a544f8730a27b74423f194bcce97d3a62f0f5705575bf301cc9413df,internal,call,0.002475694444444 Ether,1,0xac560ed699346e4e3a3c2106ac90136883f7f624,2
0x4f3db6d4c97b8248ad5e244e4f619086084f6848,1543614989,6804769.0,OUT,0.0,0x426d7adb979cfd0a095016ccff4122b73786dbbc7c2a3be79fb7581d954aaa6b,internal,call,0.007736111111111 Ether,1,0xac560ed699346e4e3a3c2106ac90136883f7f624,2
0x4f3db6d4c97b8248ad5e244e4f619086084f6848,1542989653,6757721.0,OUT,0.0,0x72d389112094a7f4f4e3f83b36da8821728c117a1f45ddb6dec13f6de7ff0fbf,internal,call,0.007069444444444 Ether,1,0xac560ed699346e4e3a3c2106ac90136883f7f624,2
0x4f3db6d4c97b8248ad5e244e4f619086084f6848,1541740856,6672587.0,OUT,0.0,0x7cb4ca5ca1946bce65d6653a38077134f9412d850e5c65c16a4ee45ba04be6bf,internal,call,0.003947916666666 Ether,1,0xac560ed699346e4e3a3c2106ac90136883f7f624,2
