address,age,block,direction,txFee,txhash,txn_type,type,value,Class,creator,inter_direction
0x4e8ecf79ade5e2c49b9e30d795517a81e0bf00b8,1534919915,6193826.0,OUT,0.0,0xaf88b9b5926d423c9288d8c11c393626b6011d1729d2566ed942dac7359efa8f,internal,call,0.01272721795483 Ether,1,0xf39e044e1ab204460e06e87c6dca2c6319fc69e3,1
0x4e8ecf79ade5e2c49b9e30d795517a81e0bf00b8,1534043831,6133798.0,OUT,0.0,0xa06b7f5b0c835599067bad3da8d06ec94d50465e099291f83e9f26a9f04e6467,internal,call,0.229183825541886 Ether,1,0xf39e044e1ab204460e06e87c6dca2c6319fc69e3,1
0x4e8ecf79ade5e2c49b9e30d795517a81e0bf00b8,1533475271,6094864.0,OUT,0.0,0x48abeffdecaf09635e4a2ab9bfacfdcce3cdcb24255c2ae8077f459d5866e0b9,internal,call,0.102877453616041 Ether,1,0xf39e044e1ab204460e06e87c6dca2c6319fc69e3,1
