address,age,block,direction,txFee,txhash,txn_type,type,value,Class,creator,inter_direction
0xb10ea0d397db942a1083a4af9c6074ab63bc8c8b,1540973302,6618455.0,OUT,0.0,0x5f872385118cd8bdac06666e4bfaf952f703f1efbe9b534f7bd2950a6edb32a7,internal,call,0.006374508474576 Ether,1,0x65b041db3135ed5f76d9486aa56f8ca5dc9a3f5e,1
0xb10ea0d397db942a1083a4af9c6074ab63bc8c8b,1540640406,6594949.0,OUT,0.0,0xf0fdc19551b1a3fec1ff1ca6fed5ac51c0f351d10ca310de03735ef4ce1e6f1d,internal,call,0.008333830508474 Ether,1,0x65b041db3135ed5f76d9486aa56f8ca5dc9a3f5e,2
0xb10ea0d397db942a1083a4af9c6074ab63bc8c8b,1540207432,6564218.0,OUT,0.0,0x55ee80fc66e7537f2b17f00568058db2c0506c6693c007399562d2cb113267c0,internal,call,0.008337084745762 Ether,1,0x65b041db3135ed5f76d9486aa56f8ca5dc9a3f5e,1
0xb10ea0d397db942a1083a4af9c6074ab63bc8c8b,1539544827,0.0,OUT,0.0,0xed21cf0be93b4d02d5d194cf97e19b1fb0cb8b02430b092abf129dae7200f061,internal,call,0.000001559322033 Ether,1,0x65b041db3135ed5f76d9486aa56f8ca5dc9a3f5e,2
0xb10ea0d397db942a1083a4af9c6074ab63bc8c8b,1539544457,6517311.0,OUT,0.0,0xf2ddcbc129efa92155123cd25b223149b4efe5cc9c71f1f77ec7014bccdb4f01,internal,call,0.000559186440677 Ether,1,0x65b041db3135ed5f76d9486aa56f8ca5dc9a3f5e,2
0xb10ea0d397db942a1083a4af9c6074ab63bc8c8b,1539772815,6533475.0,OUT,0.0,0xb3873fb1b5e850f839f9dda09ce0428e8f5d64201d73ac5fe7b3bbd7027abb2b,internal,call,0.002698847457627 Ether,1,0x65b041db3135ed5f76d9486aa56f8ca5dc9a3f5e,2
0xb10ea0d397db942a1083a4af9c6074ab63bc8c8b,1539632073,0.0,OUT,0.0,0x354401deed9d58db5102609394a933c20c03023b3f9682b8757b74d0a811f992,internal,call,0.001678372881355 Ether,1,0x65b041db3135ed5f76d9486aa56f8ca5dc9a3f5e,1
