address,age,block,direction,txFee,txhash,txn_type,type,value,Class,creator,inter_direction
0xb1690c08e213a35ed9bab7b318de14420fb57d8c,1547333793,7057870.0,OUT,0.0,0xe57f2d6fdc320ddee646419e4c5c7627d73cf4855ea420c50004069e9dadd583,internal,call,0.000114469418934 Ether,0,0xba52c75764d6f594735dc735be7f1830cdf58ddf,2
0xb1690c08e213a35ed9bab7b318de14420fb57d8c,1547333392,7057849.0,OUT,0.0,0x699117eacacc7530a144d2fc45881941cf4fded9c1ce8c5cf22caccd6890c909,internal,call,0.000155035883589 Ether,0,0xba52c75764d6f594735dc735be7f1830cdf58ddf,2
0xb1690c08e213a35ed9bab7b318de14420fb57d8c,1547337091,7058088.0,OUT,0.0,0x89f534f18060e67afed9d30fbfe686021781d53ba58f537872c6cf3dcd61ad9a,internal,call,0.000004940456383 Ether,0,0xba52c75764d6f594735dc735be7f1830cdf58ddf,2
