address,age,block,direction,txFee,txhash,txn_type,type,value,Class,creator,inter_direction
0x8a883a20940870dc055f2070ac8ec847ed2d9918,1533168274,6073847.0,OUT,0.0,0x0b8d81fee358cd07c39fb64e3546a20e40fa191091ed87ba59a2ed0eb644acdb,internal,call,0.018706069386425 Ether,1,0xc14f8469d4bb31c8e69fae9c16e262f45edc3635,2
0x8a883a20940870dc055f2070ac8ec847ed2d9918,1532318831,6012786.0,OUT,0.0,0x4dd978a13056a4353fcf8a8ba6cf4a23265278da8e9b9a3a93c098b62b91e631,internal,call,0.027803788857762 Ether,1,0xc14f8469d4bb31c8e69fae9c16e262f45edc3635,2
0x8a883a20940870dc055f2070ac8ec847ed2d9918,1533213683,6076870.0,OUT,0.0,0x35c127600544c2be75267b78791fb0d8ecf5176e44ae29a38dd9622714892e90,internal,call,0.000175 Ether,1,0xc14f8469d4bb31c8e69fae9c16e262f45edc3635,2
0x8a883a20940870dc055f2070ac8ec847ed2d9918,1532307162,6014954.0,OUT,0.0,0x38991388c0f19d835c709c818b6427fa889e91318d39b1a0f5665118fc3d7392,internal,call,0.078225120591373 Ether,1,0xc14f8469d4bb31c8e69fae9c16e262f45edc3635,2
0x8a883a20940870dc055f2070ac8ec847ed2d9918,1532806059,6048968.0,OUT,0.0,0x8e16506ce534a51f0e34d9995b058e2d02a3cb1c6aa48fa01023e784773b61fb,internal,call,0.004153535574248 Ether,1,0xc14f8469d4bb31c8e69fae9c16e262f45edc3635,2
