address,age,block,direction,txFee,txhash,txn_type,type,value,Class,creator,inter_direction
0x4e8ecf79ade5e2c49b9e30d795517a81e0bf00b8,1535142161,6209034.0,OUT,0.0,0xa221fe49cf82c8328f18e159cbd77007d79786235a727188f50d80e3da306bbc,internal,call,0.003716790257652 Ether,1,0xf39e044e1ab204460e06e87c6dca2c6319fc69e3,1
0x4e8ecf79ade5e2c49b9e30d795517a81e0bf00b8,1534989565,0.0,OUT,0.0,0x022a938ab4f47202732a3a89b59914dec4cf49cb171461d5b4b7a31072e75b05,internal,call,0.039861998688975 Ether,1,0xf39e044e1ab204460e06e87c6dca2c6319fc69e3,1
0x4e8ecf79ade5e2c49b9e30d795517a81e0bf00b8,1534989150,6198552.0,OUT,0.0,0xd89b73cbeb6ed89eec950e2b0d9f7123fc8e9849c58674c5123241ad070e936e,internal,call,0.050342488556474 Ether,1,0xf39e044e1ab204460e06e87c6dca2c6319fc69e3,2
0x4e8ecf79ade5e2c49b9e30d795517a81e0bf00b8,1534987579,6198439.0,OUT,0.0,0x48aa7b59fee50ce94e54e08c7aa689471d9c6bd85d38bd0045365360ae608403,internal,call,0.28518702585514 Ether,1,0xf39e044e1ab204460e06e87c6dca2c6319fc69e3,1
0x4e8ecf79ade5e2c49b9e30d795517a81e0bf00b8,1535043497,6199278.0,OUT,0.0,0x4fab1e4155dbae8f5a4abb775517b79987393324f763ad6183ddedd8c21322f3,internal,call,0.536525734065655 Ether,1,0xf39e044e1ab204460e06e87c6dca2c6319fc69e3,1
0x4e8ecf79ade5e2c49b9e30d795517a81e0bf00b8,1534981584,6198040.0,OUT,0.0,0x05acda196d750531c34bd6e618e8deedc4c0b611be59be085087c140ea912c0e,internal,call,1.031208399031476 Ether,1,0xf39e044e1ab204460e06e87c6dca2c6319fc69e3,1
0x4e8ecf79ade5e2c49b9e30d795517a81e0bf00b8,1534984443,6198233.0,OUT,0.0,0xb14d4f55d705326c1c73268665e539edf19589645d9692ca4bf146e417f2a265,internal,call,0.301564984433519 Ether,1,0xf39e044e1ab204460e06e87c6dca2c6319fc69e3,1
0x4e8ecf79ade5e2c49b9e30d795517a81e0bf00b8,1535005245,6199620.0,OUT,0.0,0x3b57c38d9d30417c3dd898715b408baa5bcd1cdbbf8f2eb01c349a6252209409,internal,call,0.104603820606707 Ether,1,0xf39e044e1ab204460e06e87c6dca2c6319fc69e3,1
