address,age,block,direction,txFee,txhash,txn_type,type,value,Class,creator,inter_direction
0x9b5bbb16a7a68660f6503eff6c8e3159820d6396,1540397601,6574660.0,OUT,0.0,0x78723b25c677fba9def77733c492dfe39c5d8da892adf04a68c732fd741de707,internal,call,0.06375 Ether,1,0xdacca760db181e54d96b9a061acc0d2d48a05593,2
0x9b5bbb16a7a68660f6503eff6c8e3159820d6396,1540519631,6586395.0,OUT,0.0,0x4835ce94405da779e575dcd0314e626537083c19aafc1f9db196d66bebe2d96d,internal,call,0.06375 Ether,1,0xdacca760db181e54d96b9a061acc0d2d48a05593,2
0x9b5bbb16a7a68660f6503eff6c8e3159820d6396,1539591736,6520628.0,OUT,0.0,0x936123a5f4654ede475fa589d79b44676ecbcc5cf9aff1a0c8e9f9ad67aef5fa,internal,call,0.44625 Ether,1,0xdacca760db181e54d96b9a061acc0d2d48a05593,2
0x9b5bbb16a7a68660f6503eff6c8e3159820d6396,1540266910,6568487.0,OUT,0.0,0x38bcbd80580bebe0440311d1bc9406013161e2ef68f7416904cf8fa969b07b85,internal,call,0.44625 Ether,1,0xdacca760db181e54d96b9a061acc0d2d48a05593,2
0x9b5bbb16a7a68660f6503eff6c8e3159820d6396,1538553728,6446573.0,OUT,0.0,0xa4439d6380e1212588a0699392cdd9a79829f3e39d4f1cf040aea4c9a44f3b82,internal,call,0.06375 Ether,1,0xdacca760db181e54d96b9a061acc0d2d48a05593,2
0x9b5bbb16a7a68660f6503eff6c8e3159820d6396,1538986407,6477487.0,OUT,0.0,0xbf9a0e045f918b53b5ae037ecb45148186bc7ba0058c304aacfeeffea0bc3342,internal,call,0.3375 Ether,1,0xdacca760db181e54d96b9a061acc0d2d48a05593,2
