address,age,block,direction,txFee,txhash,txn_type,type,value,Class,creator,inter_direction
0xb2816223fddc21aca553ba208c7b7a13b27c207c,1541608950,6660157.0,OUT,0.0,0x26462ca5aa8e0b4e3eb8bc6447726b254bf2ef4b0031f6fccae8138229ffcf0c,internal,call,0.00243798888 Ether,1,0x50b69eb0234c84e44a6951ba0ad2e316a81d0900,2
0xb2816223fddc21aca553ba208c7b7a13b27c207c,1542342617,6712061.0,OUT,0.0,0xcc785cf9326b66f7bcbaf545f55c86c947cc17f006529ef1c44dcd873c08e02d,internal,call,0.00731396664 Ether,1,0x50b69eb0234c84e44a6951ba0ad2e316a81d0900,2
0xb2816223fddc21aca553ba208c7b7a13b27c207c,1541745004,6672873.0,OUT,0.0,0xe6145c61516684b688f3d1b7a83e11d17cae80de6da69a5fde5831b4c825cae1,internal,call,0.000809051124622 Ether,1,0x50b69eb0234c84e44a6951ba0ad2e316a81d0900,2
0xb2816223fddc21aca553ba208c7b7a13b27c207c,1541986468,6689911.0,OUT,0.0,0x21175f3ec8a1f9a3f6e1f3ec17ab721ce24051250ee08cca6493e2184676ce93,internal,call,0.006813501700466 Ether,1,0x50b69eb0234c84e44a6951ba0ad2e316a81d0900,2
0xb2816223fddc21aca553ba208c7b7a13b27c207c,1543023695,6763186.0,OUT,0.0,0x2d893622160efa107d98a2535b4e2f632fcda906ad890b3deeb2bfdcf14d4be8,internal,call,0.00731396664 Ether,1,0x50b69eb0234c84e44a6951ba0ad2e316a81d0900,2
0xb2816223fddc21aca553ba208c7b7a13b27c207c,1541716332,6670825.0,OUT,0.0,0xd0f457bb0e83ac97de40c3913f1806dab45cdd80cd07a81f6c2f95d2ee7f4562,internal,call,0.004249042147316 Ether,1,0x50b69eb0234c84e44a6951ba0ad2e316a81d0900,2
0xb2816223fddc21aca553ba208c7b7a13b27c207c,1542762417,6744722.0,OUT,0.0,0x21168e63d4c21b07d62ff8c0d0a0ca724daf42a7f26546d31f10ddb560370fb0,internal,call,0.00731396664 Ether,1,0x50b69eb0234c84e44a6951ba0ad2e316a81d0900,2
