address,age,block,direction,txFee,txhash,txn_type,type,value,Class,creator,inter_direction
0x4e8ecf79ade5e2c49b9e30d795517a81e0bf00b8,1533237768,6078550.0,OUT,0.0,0x657f20e5771807a23c7a6a98c262cce368f2f6a0f24b99e3aaa88ad5a5d49767,internal,call,0.032472577481913 Ether,1,0xf39e044e1ab204460e06e87c6dca2c6319fc69e3,1
0x4e8ecf79ade5e2c49b9e30d795517a81e0bf00b8,1533235734,6078400.0,OUT,0.0,0xa4d1f388edd3efd846563a66c60526c30ee414b7c69d9f9f9bcdb01748ebc4aa,internal,call,0.365851867044621 Ether,1,0xf39e044e1ab204460e06e87c6dca2c6319fc69e3,2
0x4e8ecf79ade5e2c49b9e30d795517a81e0bf00b8,1532937100,6058052.0,OUT,0.0,0x394651e0805cbc0c0ca2dca417b82aa4ef6a59abb427255fb33d3d95e691654d,internal,call,0.00293775472289 Ether,1,0xf39e044e1ab204460e06e87c6dca2c6319fc69e3,1
0x4e8ecf79ade5e2c49b9e30d795517a81e0bf00b8,1532723372,6043221.0,OUT,0.0,0x1f1739014ea8ff56abb3a3a24985f4dd8e9a7a522832a243fef75a6d3fab6409,internal,call,0.076963508073686 Ether,1,0xf39e044e1ab204460e06e87c6dca2c6319fc69e3,1
