address,age,block,direction,txFee,txhash,txn_type,type,value,Class,creator,inter_direction
0x4e8ecf79ade5e2c49b9e30d795517a81e0bf00b8,1532958111,0.0,OUT,0.0,0x19834fe1be9bda99c1b566c3359caa7db9770fec626d13664af77f5110697ac6,internal,call,3.480835512682486 Ether,1,0xf39e044e1ab204460e06e87c6dca2c6319fc69e3,1
0x4e8ecf79ade5e2c49b9e30d795517a81e0bf00b8,1532949366,6058907.0,OUT,0.0,0x73a62902bd1621e3e35a77be9066be70b3c8a53fb96e64177e62d508dc5ef3d5,internal,call,0.769960536889344 Ether,1,0xf39e044e1ab204460e06e87c6dca2c6319fc69e3,1
0x4e8ecf79ade5e2c49b9e30d795517a81e0bf00b8,1532965453,0.0,OUT,0.0,0xb9902100d005be4abbc42c5d91b706f86b9a510885b62f69b9e4f3443d7db6af,internal,call,1.009914372169896 Ether,1,0xf39e044e1ab204460e06e87c6dca2c6319fc69e3,2
0x4e8ecf79ade5e2c49b9e30d795517a81e0bf00b8,1532927090,6057353.0,OUT,0.0,0x5346d6ff176005d8db25ee18778081943c9d820a49ed364515dbbba3a3e2eb30,internal,call,1.276049131733953 Ether,1,0xf39e044e1ab204460e06e87c6dca2c6319fc69e3,1
0x4e8ecf79ade5e2c49b9e30d795517a81e0bf00b8,1532736572,6044138.0,OUT,0.0,0x859ffc6586082de50d4b474bc5e67e03746738e2e1a8af1c0ba4975f07eb711c,internal,call,0.148850858897113 Ether,1,0xf39e044e1ab204460e06e87c6dca2c6319fc69e3,1
0x4e8ecf79ade5e2c49b9e30d795517a81e0bf00b8,1532900026,0.0,OUT,0.0,0x8c8587718f4460087a37d9580650b66c932599d64ee10f7c56f11127d9228b8b,internal,call,0.33917378486399 Ether,1,0xf39e044e1ab204460e06e87c6dca2c6319fc69e3,1
0x4e8ecf79ade5e2c49b9e30d795517a81e0bf00b8,1532714335,0.0,OUT,0.0,0xf2705ad922395a8486b0b1f6962084df8480cc22f71d357fa5db66d7347b576c,internal,call,1.623672516667068 Ether,1,0xf39e044e1ab204460e06e87c6dca2c6319fc69e3,2
