address,age,block,direction,txFee,txhash,txn_type,type,value,Class,creator,inter_direction
0x4e8ecf79ade5e2c49b9e30d795517a81e0bf00b8,1532957877,6059483.0,OUT,0.0,0x913f73370f8b9d21f60039ccfe6c0a09793bee79e43762bfb22dd551803ea260,internal,call,0.086346551500576 Ether,1,0xf39e044e1ab204460e06e87c6dca2c6319fc69e3,1
0x4e8ecf79ade5e2c49b9e30d795517a81e0bf00b8,1532808056,6049111.0,OUT,0.0,0x174af5815a903b82013c25f1e4752078254a1710b3470e121a2bf2316e397779,internal,call,0.01519920838201 Ether,1,0xf39e044e1ab204460e06e87c6dca2c6319fc69e3,1
0x4e8ecf79ade5e2c49b9e30d795517a81e0bf00b8,1532721070,6043065.0,OUT,0.0,0x3382a299045e2211bc5a1596b9ddee4f9a4310a8fa9c3152d9c9096c6eedc7d0,internal,call,0.030917232521194 Ether,1,0xf39e044e1ab204460e06e87c6dca2c6319fc69e3,1
0x4e8ecf79ade5e2c49b9e30d795517a81e0bf00b8,1532722833,0.0,OUT,0.0,0x35289a8cca710868ab23c6718af11fb8224742768c606c32a394456083c6cfd0,internal,call,0.042092611083817 Ether,1,0xf39e044e1ab204460e06e87c6dca2c6319fc69e3,1
