address,age,block,direction,txFee,txhash,txn_type,type,value,Class,creator,inter_direction
0x8d12a197cb00d4747a1fe03395095ce2a5cc6819,1541675982,6668006.0,OUT,0.0,0x8307fb38499d7b6f2bfc19ffbd8162ab1b3f928e52e17494190779d17b2168ec,internal,call,0.07678098397719 Ether,0,0x1ed014aec47fae44c9e55bac7662c0b78ae61798,2
0x8d12a197cb00d4747a1fe03395095ce2a5cc6819,1538383348,6434521.0,OUT,0.0,0x66035ac319cc2b78efd65f7becf1bbefef0e683437fdb6baf08000e341c378a2,internal,call,0.006 Ether,0,0x1ed014aec47fae44c9e55bac7662c0b78ae61798,2
0x8d12a197cb00d4747a1fe03395095ce2a5cc6819,1536974858,6335451.0,OUT,0.0,0xa86848849e8dea74e76afd7c4f7ea230f611e720dd638ef23a02e086bc67ed8e,internal,call,0.036741205522879 Ether,0,0x1ed014aec47fae44c9e55bac7662c0b78ae61798,2
0x8d12a197cb00d4747a1fe03395095ce2a5cc6819,1537661235,6383540.0,OUT,0.0,0x2d679517a90db81f59c370773779dca7e2338e6d4abf6f12d45fdba3689b82ec,internal,call,0.052 Ether,0,0x1ed014aec47fae44c9e55bac7662c0b78ae61798,2
0x8d12a197cb00d4747a1fe03395095ce2a5cc6819,1536818979,6324501.0,OUT,0.0,0x04db01be7034db8617bb67b2db05a1d5cfef9ec93222974103bb2ca7e3b2b92f,internal,call,0.025609343443078 Ether,0,0x1ed014aec47fae44c9e55bac7662c0b78ae61798,2
0x8d12a197cb00d4747a1fe03395095ce2a5cc6819,1539734071,6530729.0,OUT,0.0,0x7648228e98adadcd0b4b729cbc98aa378f34f08dfccc2a0a8d01b0b68a8ede3b,internal,call,0.016619401375735 Ether,0,0x1ed014aec47fae44c9e55bac7662c0b78ae61798,2
0x8d12a197cb00d4747a1fe03395095ce2a5cc6819,1537492448,6371681.0,OUT,0.0,0xdae8485fa85c0ffe6460e809487f48f01704c8a609c017eb1594749842b78ec5,internal,call,0.00957033197089 Ether,0,0x1ed014aec47fae44c9e55bac7662c0b78ae61798,2
0x8d12a197cb00d4747a1fe03395095ce2a5cc6819,1538101491,6414611.0,OUT,0.0,0x7d2963ed15e8d31fe91b5aaa79832a9992aae4e806e31c0c9382af32dd510eda,internal,call,0.056 Ether,0,0x1ed014aec47fae44c9e55bac7662c0b78ae61798,2
0x8d12a197cb00d4747a1fe03395095ce2a5cc6819,1534152382,6141175.0,OUT,0.0,0x9741f27a98509c2a8d85c1312d48c52c9452de79568203abf27a721a091097bd,internal,call,0.020782765730876 Ether,0,0x1ed014aec47fae44c9e55bac7662c0b78ae61798,2
