address,age,block,direction,txFee,txhash,txn_type,type,value,Class,creator,inter_direction
0x4e8ecf79ade5e2c49b9e30d795517a81e0bf00b8,1535988137,6267046.0,OUT,0.0,0x4cbb6f4580c15790e111b2424411aac58f77e156a9b5f995760ee7f5d40d3ffe,internal,call,0.003887240390463 Ether,1,0xf39e044e1ab204460e06e87c6dca2c6319fc69e3,1
0x4e8ecf79ade5e2c49b9e30d795517a81e0bf00b8,1535123792,6207768.0,OUT,0.0,0x886f1210c1451b8ee1b39d7ec582e6c0ddb048abf18fe0bcb954fb38cfb930bb,internal,call,0.112216658396669 Ether,1,0xf39e044e1ab204460e06e87c6dca2c6319fc69e3,1
