address,age,block,direction,txFee,txhash,txn_type,type,value,Class,creator,inter_direction
0x7b307c1f0039f5d38770e15f8043b3dd26da5e8f,1539803019,6535654.0,OUT,0.0,0x3a89330808575ff096c82a00dbb493179d770588b63ba39b3bb405282d852ab8,internal,call,3.747641491525423 Ether,1,0xe1f3294e25bb72a2fb53addb82aa1a033797e6e3,1
0x7b307c1f0039f5d38770e15f8043b3dd26da5e8f,1540203762,6563933.0,OUT,0.0,0x41dfd77a62484b75580debfc67655225592d27658f7ee58effd1d877d3fdb8a6,internal,call,0.482404881355932 Ether,1,0xe1f3294e25bb72a2fb53addb82aa1a033797e6e3,1
0x7b307c1f0039f5d38770e15f8043b3dd26da5e8f,1540253608,0.0,OUT,0.0,0x61a40a05533e261c18d7cc08f2c38b75c64fd69d65e5082f56abe4e273fd51fe,internal,call,0.246703728813559 Ether,1,0xe1f3294e25bb72a2fb53addb82aa1a033797e6e3,1
0x7b307c1f0039f5d38770e15f8043b3dd26da5e8f,1540103648,6556874.0,OUT,0.0,0x9cc068616135007fe755ce25c89c191bc778ef750de9f2b4cbf89288a8cf3da7,internal,call,1.450153220338983 Ether,1,0xe1f3294e25bb72a2fb53addb82aa1a033797e6e3,1
0x7b307c1f0039f5d38770e15f8043b3dd26da5e8f,1538365333,6433224.0,OUT,0.0,0x1c6acb0282780132bb3e2423705eee974acef3a61824da763fec726eaec74aa9,internal,call,0.310600677966101 Ether,1,0xe1f3294e25bb72a2fb53addb82aa1a033797e6e3,1
0x7b307c1f0039f5d38770e15f8043b3dd26da5e8f,1538300999,0.0,OUT,0.0,0xd0366cb2f98878109644fcaba775bcda13e1f33b8b04143afeb1afce940ecc3b,internal,call,0.000745762711864 Ether,1,0xe1f3294e25bb72a2fb53addb82aa1a033797e6e3,2
0x7b307c1f0039f5d38770e15f8043b3dd26da5e8f,1538300736,6428657.0,OUT,0.0,0x5afa279548bfb12599d37a5e6732670d3df1647560f045ea8acf7843b5a0dc1c,internal,call,0.084847457627118 Ether,1,0xe1f3294e25bb72a2fb53addb82aa1a033797e6e3,1
0x7b307c1f0039f5d38770e15f8043b3dd26da5e8f,1539032467,6480815.0,OUT,0.0,0xda2686b5f7aa012f528d4f428db6229808a2e3173184c08135d80c58fb5effd5,internal,call,3.252320542372881 Ether,1,0xe1f3294e25bb72a2fb53addb82aa1a033797e6e3,2
