address,age,block,direction,txFee,txhash,txn_type,type,value,Class,creator,inter_direction
0x8a883a20940870dc055f2070ac8ec847ed2d9918,1533123205,6070682.0,OUT,0.0,0xb3e882f2df9eb49e851a2f131f83b7a7c1d424ff0ec4248f53babd44c73f6b6b,internal,call,0.000871592591848 Ether,1,0xc14f8469d4bb31c8e69fae9c16e262f45edc3635,2
0x8a883a20940870dc055f2070ac8ec847ed2d9918,1532847002,0.0,OUT,0.0,0x004ec5d892363bd2b99d3036ec87939f3724f8d0745f7d16c398c6aef1d31343,internal,call,0.001760127982321 Ether,1,0xc14f8469d4bb31c8e69fae9c16e262f45edc3635,2
0x8a883a20940870dc055f2070ac8ec847ed2d9918,1532412422,6022018.0,OUT,0.0,0xb5784a97c291ce65e4124a75dda658cd02fa1f2bbce38d34aa57d05dd6b9852c,internal,call,0.000721289458428 Ether,1,0xc14f8469d4bb31c8e69fae9c16e262f45edc3635,2
0x8a883a20940870dc055f2070ac8ec847ed2d9918,1532412363,6022014.0,OUT,0.0,0xf422e5b4b3e9003e0d32dc84436ac9551709a014b4b15d7b5c1e6571870c8520,internal,call,1.942443875303532 Ether,1,0xc14f8469d4bb31c8e69fae9c16e262f45edc3635,2
0x8a883a20940870dc055f2070ac8ec847ed2d9918,1532938591,6058135.0,OUT,0.0,0xf6063327cffe006748b40741964a55cf56e85caa2745a68c56cee7a7732039e0,internal,call,0.00075340379255 Ether,1,0xc14f8469d4bb31c8e69fae9c16e262f45edc3635,2
0x8a883a20940870dc055f2070ac8ec847ed2d9918,1532781481,6047202.0,OUT,0.0,0xe2e115a975c4a91aecafee0b6ec6074e93153aed6fea1f2f831da0422d1b934f,internal,call,0.007167897844273 Ether,1,0xc14f8469d4bb31c8e69fae9c16e262f45edc3635,2
0x8a883a20940870dc055f2070ac8ec847ed2d9918,1533188670,6075170.0,OUT,0.0,0x4db318b59d83ea917d4b7bcf4abcd61e376b43825c7dc7b7d7d611680abcb9c2,internal,call,0.258478854640323 Ether,1,0xc14f8469d4bb31c8e69fae9c16e262f45edc3635,2
0x8a883a20940870dc055f2070ac8ec847ed2d9918,1532508961,6028561.0,OUT,0.0,0x471d36a1c0cdbf667a8390ae126220459ec65a71106b951c5e31dad64d1ebab5,internal,call,0.010043658986548 Ether,1,0xc14f8469d4bb31c8e69fae9c16e262f45edc3635,2
