address,age,block,direction,txFee,txhash,txn_type,type,value,Class,creator,inter_direction
0x5101067e64f9e564bed7dd9c7378d7cc9dd5f550,1535267882,6217648.0,OUT,0.0,0x892591f93e9a73df278eb256594541b49dc630ded264c265475270be70076cfd,internal,call,0.001207676403653 Ether,1,0xd1f3d2855a36657df21418286d3b5ab592cd0cb9,2
0x5101067e64f9e564bed7dd9c7378d7cc9dd5f550,1535098606,6206009.0,OUT,0.0,0xf4a88ca2bf1636ef01699003cdd3134c6f7e543894c4612debfcf2eddb637a82,internal,call,0.429159732428764 Ether,1,0xd1f3d2855a36657df21418286d3b5ab592cd0cb9,2
