address,age,block,direction,txFee,txhash,txn_type,type,value,Class,creator,inter_direction
0x9a9de4897646951fb7150cd41d8ed30ba3080237,1538110606,6412215.0,OUT,0.0,0x975f22e089b133930cf32a7e7ad4511622bfc4c4e6fcde4df980bc7f3698d783,internal,call,0.020659722222222 Ether,1,0xbfb297616ffa0124a288e212d1e6df5299c9f8d0,2
0x9a9de4897646951fb7150cd41d8ed30ba3080237,1538139471,6417260.0,OUT,0.0,0x1f1c884b0322e9ec1528dd1789a0e6fb60f72a85c447c07bd387628624bc12e6,internal,call,0.009895833333333 Ether,1,0xbfb297616ffa0124a288e212d1e6df5299c9f8d0,2
0x9a9de4897646951fb7150cd41d8ed30ba3080237,1538136039,6416993.0,OUT,0.0,0x68c3bf241d7d91ee52417d002eb767211380b760f2a2f8b526018a716d30cd42,internal,call,0.015277777777777 Ether,1,0xbfb297616ffa0124a288e212d1e6df5299c9f8d0,2
0x9a9de4897646951fb7150cd41d8ed30ba3080237,1538130780,6416627.0,OUT,0.0,0xbdd6143bd0238a0114b41ae8a5d30eebeb89e47c70604d46c12d2850a5463bc5,internal,call,0.016319444444444 Ether,1,0xbfb297616ffa0124a288e212d1e6df5299c9f8d0,2
0x9a9de4897646951fb7150cd41d8ed30ba3080237,1538125117,6416277.0,OUT,0.0,0xf45cc32dd9bbea33eb8f6e3692d3b9c732f15462b83c749840fc9a5ee87095a2,internal,call,0.167013888888888 Ether,1,0xbfb297616ffa0124a288e212d1e6df5299c9f8d0,2
