address,age,block,direction,txFee,txhash,txn_type,type,value,Class,creator,inter_direction
0x4e8ecf79ade5e2c49b9e30d795517a81e0bf00b8,1533422596,0.0,OUT,0.0,0x1764f9bba40718e0d6ef7f85c9a10016460300e59ee64c333a2c3f795150ca47,internal,call,0.005958797373092 Ether,1,0xf39e044e1ab204460e06e87c6dca2c6319fc69e3,1
0x4e8ecf79ade5e2c49b9e30d795517a81e0bf00b8,1533426137,6091494.0,OUT,0.0,0x55e944debdb89a933bb7caf9d751ec8b175f6af40a6b308b3fda7a5042a9e0c6,internal,call,0.001128482081024 Ether,1,0xf39e044e1ab204460e06e87c6dca2c6319fc69e3,1
