address,age,block,direction,txFee,txhash,txn_type,type,value,Class,creator,inter_direction
0x0777f76d195795268388789343068e4fcd286919,1532553573,0.0,OUT,0.0,0x791fe5b943c6a6758f20f6c03a661a3ae2c5ac1bee7ba572e370f33dfc1a246a,internal,call,0.00114 Ether,0,0xbea8c2f97fa34dc1cfdd7acbdc8226fb1c8c7473,2
0x0777f76d195795268388789343068e4fcd286919,1532553506,0.0,OUT,0.0,0x7aaf271be69c836f946722634398b3e2d1bdcfd64e6aa8abda03d2ffcc78ca3f,internal,call,0.00114 Ether,0,0xbea8c2f97fa34dc1cfdd7acbdc8226fb1c8c7473,2
0x0777f76d195795268388789343068e4fcd286919,1532553426,0.0,OUT,0.0,0xddef589e3df277e8ad68549d172e9db7c954a5235ac7798f058d83523af6a3ec,internal,call,0.00114 Ether,0,0xbea8c2f97fa34dc1cfdd7acbdc8226fb1c8c7473,2
0x0777f76d195795268388789343068e4fcd286919,1532553418,0.0,OUT,0.0,0x8806c6d469b89cd27451f2836e07197420e599de7f5c529566e9a26055015c95,internal,call,0.00114 Ether,0,0xbea8c2f97fa34dc1cfdd7acbdc8226fb1c8c7473,2
