address,age,block,direction,txFee,txhash,txn_type,type,value,Class,creator,inter_direction
0xb2816223fddc21aca553ba208c7b7a13b27c207c,1542989544,6757713.0,OUT,0.0,0xefb5dbe1fef3fa00904f04f4f20e2a636c0264b488fa4fcfaa01174ab590d7f2,internal,call,0.001389644556166 Ether,1,0x50b69eb0234c84e44a6951ba0ad2e316a81d0900,2
0xb2816223fddc21aca553ba208c7b7a13b27c207c,1542816689,6745495.0,OUT,0.0,0xe0d8ac637e06db28935844d2a0bc45f92251204cf12c41b5a247ac34cbecf8cb,internal,call,0.001389845540308 Ether,1,0x50b69eb0234c84e44a6951ba0ad2e316a81d0900,2
0xb2816223fddc21aca553ba208c7b7a13b27c207c,1543335356,6782092.0,OUT,0.0,0xf4f56af4e5efda34a85096d63436a353c3efa14e23a22ae625c0e537f87d34f5,internal,call,0.001390134957473 Ether,1,0x50b69eb0234c84e44a6951ba0ad2e316a81d0900,2
0xb2816223fddc21aca553ba208c7b7a13b27c207c,1542470919,6721173.0,OUT,0.0,0x0bed81a7078deeb7cff788b23915e4d5f3ae75e947058994b6ef7117043be836,internal,call,0.001391172035647 Ether,1,0x50b69eb0234c84e44a6951ba0ad2e316a81d0900,2
0xb2816223fddc21aca553ba208c7b7a13b27c207c,1541908492,6684423.0,OUT,0.0,0x094691fa8558601fdd3d07e4019bcdd8f4143d0d4612a0d76af96a77a181f421,internal,call,0.001859730386097 Ether,1,0x50b69eb0234c84e44a6951ba0ad2e316a81d0900,2
0xb2816223fddc21aca553ba208c7b7a13b27c207c,1542124985,6696744.0,OUT,0.0,0x7e26583557ea2383ea1cb3971913794336c3795a85fa89bdd887540ab245b700,internal,call,0.001393165798338 Ether,1,0x50b69eb0234c84e44a6951ba0ad2e316a81d0900,2
0xb2816223fddc21aca553ba208c7b7a13b27c207c,1543162440,6769953.0,OUT,0.0,0xd7a651c3ea1d179233791c4dd00c384942e1e5ad8d9813ca31ba2d99d99af943,internal,call,0.001389974170159 Ether,1,0x50b69eb0234c84e44a6951ba0ad2e316a81d0900,2
0xb2816223fddc21aca553ba208c7b7a13b27c207c,1542643809,6733411.0,OUT,0.0,0xe7d1c354ac709aec8120bfa48571993ba722a091eaf5296461a017bb3c8b829b,internal,call,0.001389925933965 Ether,1,0x50b69eb0234c84e44a6951ba0ad2e316a81d0900,2
0xb2816223fddc21aca553ba208c7b7a13b27c207c,1542297874,6708916.0,OUT,0.0,0x17fd622ba3126722d30a9a79707c68c0e5214228e181fb22461afab56f77f0a6,internal,call,0.0013899178946 Ether,1,0x50b69eb0234c84e44a6951ba0ad2e316a81d0900,2
