address,age,block,direction,txFee,txhash,txn_type,type,value,Class,creator,inter_direction
0x1ce7986760ade2bf0f322f5ef39ce0de3bd0c82b,1497086145,3851401.0,OUT,0.0,0x5c7a1aec9d6003546e12329ccdbde16cb0c2a242a3f284166531b783be21105f,internal,call,0.126875386277782 Ether,1,0x7df1702da741da556d57646bbb8bb8026d0082c2,1
0x1ce7986760ade2bf0f322f5ef39ce0de3bd0c82b,1495143263,3730978.0,OUT,0.0,0xabc6d0ce2586143659b50d2588f2bcdd6e15f9a790366a35bf0fe409c9e3659f,internal,call,2.414059171526873 Ether,1,0x7df1702da741da556d57646bbb8bb8026d0082c2,1
