address,age,block,direction,txFee,txhash,txn_type,type,value,Class,creator,inter_direction
0x4e8ecf79ade5e2c49b9e30d795517a81e0bf00b8,1534478544,6160675.0,OUT,0.0,0x0fe8e2ab01858fedc6c14b345576c30398eaa7265b75f342c8acc4d46516dbe1,internal,call,0.035224709987251 Ether,1,0xf39e044e1ab204460e06e87c6dca2c6319fc69e3,1
0x4e8ecf79ade5e2c49b9e30d795517a81e0bf00b8,1538514507,6443832.0,OUT,0.0,0x8ac88c1186a116b3788f9131bdc9f1259f9a8607eecec7cda35c79f81f1a20a2,internal,call,0.009500941741104 Ether,1,0xf39e044e1ab204460e06e87c6dca2c6319fc69e3,1
