address,age,block,direction,txFee,txhash,txn_type,type,value,Class,creator,inter_direction
0x4e8ecf79ade5e2c49b9e30d795517a81e0bf00b8,1532955727,6059341.0,OUT,0.0,0x7cc1bbe93aa678f88ad34d9df89a14d7af0f0d5031797313a2f4c7ba30c8ffb1,internal,call,0.033534923645611 Ether,1,0xf39e044e1ab204460e06e87c6dca2c6319fc69e3,1
0x4e8ecf79ade5e2c49b9e30d795517a81e0bf00b8,1533147208,6072419.0,OUT,0.0,0xd2d4eb277bd05209e9585a7da53f5593ee3c4613ea04f19598079aa22c680d9d,internal,call,0.012216633849561 Ether,1,0xf39e044e1ab204460e06e87c6dca2c6319fc69e3,2
0x4e8ecf79ade5e2c49b9e30d795517a81e0bf00b8,1532958000,0.0,OUT,0.0,0x257cb41dc48f5e69df242bf07ac24583a5632dc78ed0b9ea1add5072cc2dcf10,internal,call,0.052794816383161 Ether,1,0xf39e044e1ab204460e06e87c6dca2c6319fc69e3,1
0x4e8ecf79ade5e2c49b9e30d795517a81e0bf00b8,1532949664,6058930.0,OUT,0.0,0x6c0bf88007aed347e8910c4af5cd574cd6edbeb763afb62597a51b043564c81c,internal,call,0.019123051439779 Ether,1,0xf39e044e1ab204460e06e87c6dca2c6319fc69e3,1
