address,age,block,direction,txFee,txhash,txn_type,type,value,Class,creator,inter_direction
0xb10ea0d397db942a1083a4af9c6074ab63bc8c8b,1539812697,0.0,OUT,0.0,0xd23f837c91419edefaa1df3679c1bdbfcb08479292244c91b305f5bb4d1ddedf,internal,call,1.02328813559322 Ether,1,0x65b041db3135ed5f76d9486aa56f8ca5dc9a3f5e,2
0xb10ea0d397db942a1083a4af9c6074ab63bc8c8b,1540243495,6566799.0,OUT,0.0,0x1aca4f14813f4a7f608fff31fd760397c455418b7fb388c68ae5e42222727103,internal,call,1.033491525423728 Ether,1,0x65b041db3135ed5f76d9486aa56f8ca5dc9a3f5e,1
0xb10ea0d397db942a1083a4af9c6074ab63bc8c8b,1540679005,6597654.0,OUT,0.0,0x05eef12f9d6e70e020c843cc2103dabe3b80ecdd1e2c0fbb4197f2a1487e2d8a,internal,call,1.04593220338983 Ether,1,0x65b041db3135ed5f76d9486aa56f8ca5dc9a3f5e,1
