address,age,block,direction,txFee,txhash,txn_type,type,value,Class,creator,inter_direction
0x861ab771d6787ac7eecc2d33b6fed63a06ae7d1c,1532839507,6048280.0,OUT,0.0,0x0d49c65d7cadee2c770fe59224d451784bc10fe0e0d2beaf91c756e7e908b9dd,internal,call,0.037764210186056 Ether,1,0xad6d6c25fcdab2e737e8de31795df4c6bb6d9bae,2
0x861ab771d6787ac7eecc2d33b6fed63a06ae7d1c,1532584096,6033663.0,OUT,0.0,0x256b18c88db6093b471f62b5ef8c2a416f6cd794b0dbec6405a2956390f4e6c9,internal,call,0.009832427087139 Ether,1,0xad6d6c25fcdab2e737e8de31795df4c6bb6d9bae,2
0x861ab771d6787ac7eecc2d33b6fed63a06ae7d1c,1532524702,6029651.0,OUT,0.0,0x97e2b0286794a45404db817b441f206c3702b185bb16107ee68af5b64fab2ae6,internal,call,0.03145770516582 Ether,1,0xad6d6c25fcdab2e737e8de31795df4c6bb6d9bae,2
