address,age,block,direction,txFee,txhash,txn_type,type,value,Class,creator,inter_direction
0x7b307c1f0039f5d38770e15f8043b3dd26da5e8f,1539584994,6520159.0,OUT,0.0,0x53e5548e7cc9212b9b3db8e7ce8b9ddedbfaf13f71d4a37ccd0bcff7d8779676,internal,call,0.016423054535593 Ether,1,0xe1f3294e25bb72a2fb53addb82aa1a033797e6e3,1
0x7b307c1f0039f5d38770e15f8043b3dd26da5e8f,1539494084,6513727.0,OUT,0.0,0x0a34fd3f484c3aab6f6e036dafabc38ad785995007fbd2d3eaebb4182a371042,internal,call,0.031972868298305 Ether,1,0xe1f3294e25bb72a2fb53addb82aa1a033797e6e3,1
0x7b307c1f0039f5d38770e15f8043b3dd26da5e8f,1539931516,6544702.0,OUT,0.0,0x13e5935af469d9f77f40a6a2a54e34887d8fa618801036d4442271dc2fff6524,internal,call,0.015531940413559 Ether,1,0xe1f3294e25bb72a2fb53addb82aa1a033797e6e3,1
0x7b307c1f0039f5d38770e15f8043b3dd26da5e8f,1539844873,6538619.0,OUT,0.0,0x982a3aa13831d9a3eed771db52c5545c40074d3c14a6999caa2d8e9f2333016b,internal,call,0.015789827308474 Ether,1,0xe1f3294e25bb72a2fb53addb82aa1a033797e6e3,1
0x7b307c1f0039f5d38770e15f8043b3dd26da5e8f,1539758350,6532435.0,OUT,0.0,0x3d8cc07bebc6db285bf54ddb0c0235141a183de722cfcffdc2483e608657b3c8,internal,call,0.01565960719322 Ether,1,0xe1f3294e25bb72a2fb53addb82aa1a033797e6e3,1
0x7b307c1f0039f5d38770e15f8043b3dd26da5e8f,1539671681,6526302.0,OUT,0.0,0x8970392fefddcd58e1bce0170ac9dedd1f1b16f77ae85eff174a8fc5801a8d2c,internal,call,0.015685140549152 Ether,1,0xe1f3294e25bb72a2fb53addb82aa1a033797e6e3,1
0x7b307c1f0039f5d38770e15f8043b3dd26da5e8f,1540018170,6550828.0,OUT,0.0,0x13958f1a8cc54ca620880e081c4735001b9aa7758bee7994c1b7ee8f47632185,internal,call,0.015641733844067 Ether,1,0xe1f3294e25bb72a2fb53addb82aa1a033797e6e3,1
0x7b307c1f0039f5d38770e15f8043b3dd26da5e8f,1540104851,6556956.0,OUT,0.0,0xb148e0089cb26b3c4825c8b68b1950c66fffbf65dabf2983657ad778dbec2245,internal,call,0.015646840515254 Ether,1,0xe1f3294e25bb72a2fb53addb82aa1a033797e6e3,1
0x7b307c1f0039f5d38770e15f8043b3dd26da5e8f,1540192372,0.0,OUT,0.0,0xf77f2690b209d0b146ae8c485f2760b7d6c1bcf4a7b1abc1d0d84a6d5542ce70,internal,call,0.000020426684745 Ether,1,0xe1f3294e25bb72a2fb53addb82aa1a033797e6e3,2
0x7b307c1f0039f5d38770e15f8043b3dd26da5e8f,1540192223,6563146.0,OUT,0.0,0x5a024360bb2c04aac065f16ab24a6a8ba69e8a3522b8d3c98ca91773ced9384f,internal,call,0.015805147322033 Ether,1,0xe1f3294e25bb72a2fb53addb82aa1a033797e6e3,1
