address,age,block,direction,txFee,txhash,txn_type,type,value,Class,creator,inter_direction
0xd5524179cb7ae012f5b642c1d6d700bbaa76b96b,1533799072,6117029.0,OUT,0.0,0xf4fcb22dad64e2183bfff3f5a72dff16aa64d958be1e48e3d5e197160083bb0e,internal,call,9.3954984944 Ether,0,0xd82369aaec27c7a749afdb4eb71add9e64154cd6,2
0xd5524179cb7ae012f5b642c1d6d700bbaa76b96b,1532834170,6050935.0,OUT,0.0,0x773af2a52906610b662da0519895486035625398d2e776ffbd75a4038b9602bb,internal,call,5.61444 Ether,0,0xd82369aaec27c7a749afdb4eb71add9e64154cd6,2
0xd5524179cb7ae012f5b642c1d6d700bbaa76b96b,1532834546,6050961.0,OUT,0.0,0x730ffb01c05ecaa5fa6e85ba6fbc7bfae82843f8615138772fe66b4f6078feff,internal,call,0.3575 Ether,0,0xd82369aaec27c7a749afdb4eb71add9e64154cd6,2
0xd5524179cb7ae012f5b642c1d6d700bbaa76b96b,1532834537,6050960.0,OUT,0.0,0xa0a5d0c2dfffc3050b9ed3f8997dfa308a76433212e68cc0b1e18ba932bc8c33,internal,call,0.71242 Ether,0,0xd82369aaec27c7a749afdb4eb71add9e64154cd6,2
0xd5524179cb7ae012f5b642c1d6d700bbaa76b96b,1532834306,6050945.0,OUT,0.0,0x64227d330c31bbbcbfb6704e37f96ec60bce117579a70f0cf526440694b2e2cd,internal,call,0.360639 Ether,0,0xd82369aaec27c7a749afdb4eb71add9e64154cd6,2
0xd5524179cb7ae012f5b642c1d6d700bbaa76b96b,1532834263,6050942.0,OUT,0.0,0xcf82aaedb2121fbb590d18e190c8eba147446201709baa9b925b5906e2924017,internal,call,0.71242 Ether,0,0xd82369aaec27c7a749afdb4eb71add9e64154cd6,2
0xd5524179cb7ae012f5b642c1d6d700bbaa76b96b,1532834260,6050941.0,OUT,0.0,0x05d95791ed014dc83b14d06b9748cf36d8ea68344f0c038a92f2777094243b01,internal,call,0.357501 Ether,0,0xd82369aaec27c7a749afdb4eb71add9e64154cd6,2
