address,age,block,direction,txFee,txhash,txn_type,type,value,Class,creator,inter_direction
0x7b307c1f0039f5d38770e15f8043b3dd26da5e8f,1539657614,6525288.0,OUT,0.0,0x89c15d5788283b1a1ac49eb0999820fb04c4e21c4239ccee449f92510a5202ef,internal,call,0.268586440677966 Ether,1,0xe1f3294e25bb72a2fb53addb82aa1a033797e6e3,1
0x7b307c1f0039f5d38770e15f8043b3dd26da5e8f,1540260570,0.0,OUT,0.0,0x13769509fb70bcb347aba3966df1274b0ca16e69356f74e652573ea25e11a11a,internal,call,0.012108474576271 Ether,1,0xe1f3294e25bb72a2fb53addb82aa1a033797e6e3,1
0x7b307c1f0039f5d38770e15f8043b3dd26da5e8f,1538546097,6446055.0,OUT,0.0,0x9c763ad2ebc30bed668a7263bc391aac6c1f2c95048fcf755334316a41a8c4f0,internal,call,0.062606779661016 Ether,1,0xe1f3294e25bb72a2fb53addb82aa1a033797e6e3,1
0x7b307c1f0039f5d38770e15f8043b3dd26da5e8f,1538285516,6427586.0,OUT,0.0,0x670e1ac9111497c5bc333090a6bf436cbe5dc95088f6ecd2870b747fb96006fe,internal,call,0.017766101694915 Ether,1,0xe1f3294e25bb72a2fb53addb82aa1a033797e6e3,1
0x7b307c1f0039f5d38770e15f8043b3dd26da5e8f,1540363679,6575320.0,OUT,0.0,0x56331556c509f0dcfb63d9dd4586c28bfc22204111f324e89d1f5252439577e1,internal,call,0.024766101694915 Ether,1,0xe1f3294e25bb72a2fb53addb82aa1a033797e6e3,1
0x7b307c1f0039f5d38770e15f8043b3dd26da5e8f,1538025337,6409238.0,OUT,0.0,0x72b9b99c4b0471e170f51e6baee7170e9ad9158062f935687fcb5776f39d760a,internal,call,0.041823728813559 Ether,1,0xe1f3294e25bb72a2fb53addb82aa1a033797e6e3,1
0x7b307c1f0039f5d38770e15f8043b3dd26da5e8f,1540210543,6564442.0,OUT,0.0,0xb436103d1e11fd5b706c4384bd89241959e867a89e9dd88d9072d10f9a4f9b36,internal,call,0.132725423728813 Ether,1,0xe1f3294e25bb72a2fb53addb82aa1a033797e6e3,2
0x7b307c1f0039f5d38770e15f8043b3dd26da5e8f,1538210732,6422345.0,OUT,0.0,0x6e4f9845877ef5f75ab1052681e5f18beb5d172370ad02c5616ff3f2d6f0f76d,internal,call,0.044430508474576 Ether,1,0xe1f3294e25bb72a2fb53addb82aa1a033797e6e3,1
