address,age,block,direction,txFee,txhash,txn_type,type,value,Class,creator,inter_direction
0xd2e16a20dd7b1ae54fb0312209784478d069c7b0,1464418704,1600703.0,OUT,0.0,0x5ac5543541cc54c6ac6fcb0e6c81058254f78a234142887f4f2f21acc08eae6d,internal,call,0.000000000085152 Ether,0,0xbb9bc244d798123fde783fcc1c72d3bb8c189413,1
0xd2e16a20dd7b1ae54fb0312209784478d069c7b0,1464418377,1600685.0,OUT,0.0,0xc06a37bf4a6f5f27cdd3d7051e636f5998943d9f99a03f7bb00e631829db6780,internal,call,0.000000000085152 Ether,0,0xbb9bc244d798123fde783fcc1c72d3bb8c189413,2
0xd2e16a20dd7b1ae54fb0312209784478d069c7b0,1464417107,1600585.0,OUT,0.0,0x2dea638109ba025e28de9c675444f24c43f1ea656462eadc571fa7246c6bfc17,internal,call,0.000000000085152 Ether,0,0xbb9bc244d798123fde783fcc1c72d3bb8c189413,1
0xd2e16a20dd7b1ae54fb0312209784478d069c7b0,1464416726,1600557.0,OUT,0.0,0x633fcb4b75d0ad076052bfadc1b51af88ad6561f227e2d3d9b1fb846c4a0d17b,internal,call,0.000000000085152 Ether,0,0xbb9bc244d798123fde783fcc1c72d3bb8c189413,1
