address,age,block,direction,txFee,txhash,txn_type,type,value,Class,creator,inter_direction
0x51e9244bae3fca7473fe48651dfd7db53aa55856,1535744438,6250324.0,OUT,0.0,0xfcdef9c57c2db76ecacdec99c22d7cc30a679be52d345e50e00139a8728c0bb5,internal,call,0.30077664 Ether,1,0xe67e6e677d272a087a3828209e21fe62fe8d4881,2
0x51e9244bae3fca7473fe48651dfd7db53aa55856,1537501108,6372252.0,OUT,0.0,0xb833127f9d8e47a80f6e1853921896c366403f2b23bf0aa617ba7682c995e066,internal,call,0.241149939679632 Ether,1,0xe67e6e677d272a087a3828209e21fe62fe8d4881,2
