address,age,block,direction,txFee,txhash,txn_type,type,value,Class,creator,inter_direction
0xbeefd8fb3b5778f99e021afa2e41e0614af6af11,1540507133,6585507.0,OUT,0.0,0xb9f65da50a6169742b951561c7b05f08aae7ded9502e514141d85dddfb91971a,internal,call,0.011972514993993 Ether,1,0x300758881bf3756b6cb5b2e96f545d7b3566ce3a,2
0xbeefd8fb3b5778f99e021afa2e41e0614af6af11,1541637565,6665275.0,OUT,0.0,0xc5392387f30ca64de3753debc4b999987c582a80a8ced77d4aff12d657ae42b2,internal,call,0.007938861296147 Ether,1,0x300758881bf3756b6cb5b2e96f545d7b3566ce3a,2
0xbeefd8fb3b5778f99e021afa2e41e0614af6af11,1541375314,6646770.0,OUT,0.0,0x7adc111d941e0820f6935d876bedd486306965406f41a455a2400b2bedb05e8a,internal,call,0.013866155426673 Ether,1,0x300758881bf3756b6cb5b2e96f545d7b3566ce3a,1
0xbeefd8fb3b5778f99e021afa2e41e0614af6af11,1540179200,6562251.0,OUT,0.0,0xa1017ce68cb6d5ba46f8dbced37305f125ca11fb1c3344487d3a3246913d9cc3,internal,call,0.012111514781075 Ether,1,0x300758881bf3756b6cb5b2e96f545d7b3566ce3a,1
0xbeefd8fb3b5778f99e021afa2e41e0614af6af11,1540949885,6616843.0,OUT,0.0,0x246e7ec07ba3cacd423e42672da2dee5de96acf99bb2d0c63b28a973e875c6d9,internal,call,0.016132212325927 Ether,1,0x300758881bf3756b6cb5b2e96f545d7b3566ce3a,1
