address,age,block,direction,txFee,txhash,txn_type,type,value,Class,creator,inter_direction
0xb10ea0d397db942a1083a4af9c6074ab63bc8c8b,1540938389,6616006.0,OUT,0.0,0x528c43305d1c777c56ed21e4c73dc1ad0fbeb92ee30721a9bcc4a053b1de33f8,internal,call,0.004155254237288 Ether,1,0x65b041db3135ed5f76d9486aa56f8ca5dc9a3f5e,1
0xb10ea0d397db942a1083a4af9c6074ab63bc8c8b,1541023471,0.0,OUT,0.0,0x2868ab9ec8e3af7789d7985ca9f60bf704a2745b55330e9b7b619af8be631ee0,internal,call,0.004053559322033 Ether,1,0x65b041db3135ed5f76d9486aa56f8ca5dc9a3f5e,1
0xb10ea0d397db942a1083a4af9c6074ab63bc8c8b,1540851987,6609877.0,OUT,0.0,0x15ddb1fa0f6061a8add38179f640a179f65fd85a29cc92a4e6daae6f38b2f300,internal,call,0.00358033898305 Ether,1,0x65b041db3135ed5f76d9486aa56f8ca5dc9a3f5e,1
