address,age,block,direction,txFee,txhash,txn_type,type,value,Class,creator,inter_direction
0x4e8ecf79ade5e2c49b9e30d795517a81e0bf00b8,1535128022,6205060.0,OUT,0.0,0x7a72f1442cd514fd7649abff29235d1bf394cc9175f38e5c74d1ba678d5e23f2,internal,call,0.000054639405383 Ether,1,0xf39e044e1ab204460e06e87c6dca2c6319fc69e3,1
0x4e8ecf79ade5e2c49b9e30d795517a81e0bf00b8,1535127742,6205040.0,OUT,0.0,0xcd7cb5af085704a5ae6678b28c0ed511d74ca77652e716453b13432b04597a8f,internal,call,0.003341565494741 Ether,1,0xf39e044e1ab204460e06e87c6dca2c6319fc69e3,2
0x4e8ecf79ade5e2c49b9e30d795517a81e0bf00b8,1535283199,6218725.0,OUT,0.0,0x81a52e004603032a97f79cb437513a27c640b66a068213880998ad55e5932021,internal,call,0.001176 Ether,1,0xf39e044e1ab204460e06e87c6dca2c6319fc69e3,1
0x4e8ecf79ade5e2c49b9e30d795517a81e0bf00b8,1535283085,6218715.0,OUT,0.0,0xc8c153a93bc22dae161461bdefeb6a40d3481d1c5554d943e0929e4067106881,internal,call,0.015267644099023 Ether,1,0xf39e044e1ab204460e06e87c6dca2c6319fc69e3,2
