address,age,block,direction,txFee,txhash,txn_type,type,value,Class,creator,inter_direction
0xb547027a4ccd46ec98199fa88aaedf5aa981db26,1538009497,6408126.0,OUT,0.0,0x7af0c3f797d13e4afab9f8a3b1e67c1ff58362ba0ac14f6256eccf2fb35e394d,internal,call,0.026115833333333 Ether,1,0xaf9c025ce6322a23ac00301c714f4f42895c9818,1
0xb547027a4ccd46ec98199fa88aaedf5aa981db26,1537947359,6403767.0,OUT,0.0,0x5ca711cfcefeaea0645c596ccd2ab1496d1f3194aecce5aaac0d25631933d9c3,internal,call,0.028308958333333 Ether,1,0xaf9c025ce6322a23ac00301c714f4f42895c9818,1
