address,age,block,direction,txFee,txhash,txn_type,type,value,Class,creator,inter_direction
0x4e8ecf79ade5e2c49b9e30d795517a81e0bf00b8,1532719878,6042986.0,OUT,0.0,0x358b2872a706406e42e0e5e0212bb2877c309264051406af1c60393221c56672,internal,call,0.005620502871286 Ether,1,0xf39e044e1ab204460e06e87c6dca2c6319fc69e3,1
0x4e8ecf79ade5e2c49b9e30d795517a81e0bf00b8,1532724883,0.0,OUT,0.0,0xa280326083f2ea1da2596035d6a0b00404eb90d1827461c3656bb0a741cb580c,internal,call,0.004004554429012 Ether,1,0xf39e044e1ab204460e06e87c6dca2c6319fc69e3,1
