address,age,block,direction,txFee,txhash,txn_type,type,value,Class,creator,inter_direction
0x8a883a20940870dc055f2070ac8ec847ed2d9918,1533122967,6070660.0,OUT,0.0,0x95ad781de9426ae08e74eb39af0fe23bbf01addd01695e19a289b691ab5c696e,internal,call,0.00001315475497 Ether,1,0xc14f8469d4bb31c8e69fae9c16e262f45edc3635,2
0x8a883a20940870dc055f2070ac8ec847ed2d9918,1533457982,6093686.0,OUT,0.0,0x6c5efbfa94cc97a4fd4f8a451d6cb6d280312800fd9f46492c20e91233d13f20,internal,call,0.000138159756565 Ether,1,0xc14f8469d4bb31c8e69fae9c16e262f45edc3635,2
