address,age,block,direction,txFee,txhash,txn_type,type,value,Class,creator,inter_direction
0xb547027a4ccd46ec98199fa88aaedf5aa981db26,1538019480,0.0,OUT,0.0,0xa8a9d592f103338e7d5005bea87124661ebdc641e6f251c57284d2c8edbb0dc5,internal,call,0.011460625 Ether,1,0xaf9c025ce6322a23ac00301c714f4f42895c9818,1
0xb547027a4ccd46ec98199fa88aaedf5aa981db26,1537919473,6401792.0,OUT,0.0,0x7be78b9b4e48fa94d8dce24cfa6ece941c419a7eb97cd79980afe8ac5c6b0785,internal,call,0.01342 Ether,1,0xaf9c025ce6322a23ac00301c714f4f42895c9818,1
