address,age,block,direction,txFee,txhash,txn_type,type,value,Class,creator,inter_direction
0xb10ea0d397db942a1083a4af9c6074ab63bc8c8b,1539893959,0.0,OUT,0.0,0xd17795d470c26a7a542534122c07c19c879cda54b61cc65f3cd072164317a441,internal,call,0.000299571944474 Ether,1,0x65b041db3135ed5f76d9486aa56f8ca5dc9a3f5e,2
0xb10ea0d397db942a1083a4af9c6074ab63bc8c8b,1540830014,6605250.0,OUT,0.0,0x53b78aa761f0f0f47676ecd8c9d40e7f5bef382e1549bf8b2dcca03f9183027e,internal,call,0.019945713819125 Ether,1,0x65b041db3135ed5f76d9486aa56f8ca5dc9a3f5e,1
0xb10ea0d397db942a1083a4af9c6074ab63bc8c8b,1540323212,6572463.0,OUT,0.0,0x51d4046c8fff8d1594122def06c11e85566aa1ff5e39f1c5d86c63351056ae5c,internal,call,0.005878232579461 Ether,1,0x65b041db3135ed5f76d9486aa56f8ca5dc9a3f5e,1
0xb10ea0d397db942a1083a4af9c6074ab63bc8c8b,1540498161,6584888.0,OUT,0.0,0xc24f9720a1fbe9aa9f5998bcc7ea9d3cd61b34857c949906b81a8ae4f6ace654,internal,call,0.012170895735338 Ether,1,0x65b041db3135ed5f76d9486aa56f8ca5dc9a3f5e,2
0xb10ea0d397db942a1083a4af9c6074ab63bc8c8b,1539992806,6549017.0,OUT,0.0,0x99282a47f38f5a2d76dda64e1824ad4349bf0a15c03858a0527dd24ecc1f30d3,internal,call,0.003986905458647 Ether,1,0x65b041db3135ed5f76d9486aa56f8ca5dc9a3f5e,1
0xb10ea0d397db942a1083a4af9c6074ab63bc8c8b,1540238597,0.0,OUT,0.0,0xcd9b60a7d3c016fef7ebc6b4155da175f80884faa2757c81bba40a5eea8c73ff,internal,call,0.003070007063593 Ether,1,0x65b041db3135ed5f76d9486aa56f8ca5dc9a3f5e,2
0xb10ea0d397db942a1083a4af9c6074ab63bc8c8b,1540162859,6561102.0,OUT,0.0,0xd840a58b4e4b09361e1a7ea918db37b869e1a4ecc20ea89740be921a828ac280,internal,call,0.006921753023677 Ether,1,0x65b041db3135ed5f76d9486aa56f8ca5dc9a3f5e,2
