address,age,block,direction,txFee,txhash,txn_type,type,value,Class,creator,inter_direction
0x459f7854776ed005b6ec63a88f834fdab0b6993e,1505179139,0.0,OUT,0.0,0xa7d14ad27fa03a6f40e6945d4586b5793190e28b93cf88d8dc32e76f6e54a120,internal,call,0.00000086 Ether,0,0xa7b0883a9e885177f30fcdc42b6e4a015f20e53b,2
0x459f7854776ed005b6ec63a88f834fdab0b6993e,1505075491,0.0,OUT,0.0,0xaf1c90db23ac30f88ef3faf49d1cfa7f2bcd14852efec62d077b45aaf7ac2497,internal,call,0.000002 Ether,0,0xa7b0883a9e885177f30fcdc42b6e4a015f20e53b,2
