address,age,block,direction,txFee,txhash,txn_type,type,value,Class,creator,inter_direction
0xb1690c08e213a35ed9bab7b318de14420fb57d8c,1547209111,0.0,OUT,0.0,0x1cd77d64666d499a0d3b0f69db42bc6bb5e2f9251399ba43f92d3ffd8a053bcb,internal,call,0.000000151978927 Ether,0,0xba52c75764d6f594735dc735be7f1830cdf58ddf,2
0xb1690c08e213a35ed9bab7b318de14420fb57d8c,1547208065,7049741.0,OUT,0.0,0x5f11f2236cc0e4e4ecdfc5ddc067a1acd56fabb21b13be304ca70d62a86b8694,internal,call,0.000000216423259 Ether,0,0xba52c75764d6f594735dc735be7f1830cdf58ddf,2
0xb1690c08e213a35ed9bab7b318de14420fb57d8c,1547206490,7049638.0,OUT,0.0,0x23c5b2a29a9a3445dfb0772db85faf16368c81dac82309569bd027ee004dfda2,internal,call,0.0000000128349 Ether,0,0xba52c75764d6f594735dc735be7f1830cdf58ddf,2
