address,age,block,direction,txFee,txhash,txn_type,type,value,Class,creator,inter_direction
0xaf6de38ffc92e0d52857f864048d7af2f345a3cf,1525845798,5583927.0,OUT,0.0,0xcb2945c301ee74400263726f2b9e22527fdd7cf4232b5119132f3d8b7e258602,internal,call,0.020354592718774 Ether,1,0x7e474fe5cfb720804860215f407111183cbc2f85,2
0xaf6de38ffc92e0d52857f864048d7af2f345a3cf,1525511509,5561592.0,OUT,0.0,0x6dcba5ff23e3414fe00eccaef523bd2cd9581abbaf2c6d2a523541a0b1c45319,internal,call,0.001748403228808 Ether,1,0x7e474fe5cfb720804860215f407111183cbc2f85,2
