address,age,block,direction,txFee,txhash,txn_type,type,value,Class,creator,inter_direction
0x9d68a447a8718ef30645d23d423be1ea6b7d370f,1538002313,6407640.0,OUT,0.0,0xfc53342a4d6df4fb6061a81b741610d4730386ac7dc3565162b9b0c145075b5a,internal,call,0.098069444444444 Ether,1,0xbfb297616ffa0124a288e212d1e6df5299c9f8d0,2
0x9d68a447a8718ef30645d23d423be1ea6b7d370f,1538042784,6410440.0,OUT,0.0,0xabea61f87cdd4f62a24c6aa127f9d87369e67a469be5eb0eebf93fbec8d8a63c,internal,call,0.107652777777777 Ether,1,0xbfb297616ffa0124a288e212d1e6df5299c9f8d0,2
0x9d68a447a8718ef30645d23d423be1ea6b7d370f,1538057904,0.0,OUT,0.0,0x7d48d757e627fbf40fed1a575e1b57f2c12203350d5da5c7a372d81310cd3d08,internal,call,0.04025 Ether,1,0xbfb297616ffa0124a288e212d1e6df5299c9f8d0,2
