address,age,block,direction,txFee,txhash,txn_type,type,value,Class,creator,inter_direction
0xf00e5a59fde1cb2ead96a8be7711abc3f981e0f1,1537928489,0.0,OUT,0.0,0x1675432d7102c2ed8dacc33b70446b3703221e79a441612801ec1eb692400188,internal,call,0.0375 Ether,1,0x96bb98183e5562913e72613c1979d0a13f8ec76b,2
0xf00e5a59fde1cb2ead96a8be7711abc3f981e0f1,1538011974,6408299.0,OUT,0.0,0xf885861cfbcba07a516d2ebc5155e8ddbc53df3fa68cf8cf080db569d7d17b7b,internal,call,0.000069444444444 Ether,1,0x96bb98183e5562913e72613c1979d0a13f8ec76b,2
0xf00e5a59fde1cb2ead96a8be7711abc3f981e0f1,1538011929,6408297.0,OUT,0.0,0x5e9ce67c21c5168982cdbd8482d968cddb48708d9fa9eb0684c0561ad15dc3ce,internal,call,0.096597222222222 Ether,1,0x96bb98183e5562913e72613c1979d0a13f8ec76b,2
