address,age,block,direction,txFee,txhash,txn_type,type,value,Class,creator,inter_direction
0x9b5bbb16a7a68660f6503eff6c8e3159820d6396,1539437424,6509696.0,OUT,0.0,0xae290bbd38f51ed87a2914143135100b776db34464d40598f1ae2105e8ed1dc5,internal,call,0.0018275 Ether,1,0xdacca760db181e54d96b9a061acc0d2d48a05593,2
0x9b5bbb16a7a68660f6503eff6c8e3159820d6396,1540516502,6586164.0,OUT,0.0,0x38595b39ed7e8693b1b35e2775e20e395e8a15e12c2aa2fd0aeac43735ad9e3b,internal,call,0.00456875 Ether,1,0xdacca760db181e54d96b9a061acc0d2d48a05593,2
0x9b5bbb16a7a68660f6503eff6c8e3159820d6396,1540046157,6552851.0,OUT,0.0,0x5affb3063515cd75ff6a409ffa527819548adf765cdd58e72b6924a67eb75525,internal,call,0.00639625 Ether,1,0xdacca760db181e54d96b9a061acc0d2d48a05593,2
0x9b5bbb16a7a68660f6503eff6c8e3159820d6396,1539260330,6497011.0,OUT,0.0,0x7cde9eb9510585cf978c3bd150336d92c8307305acd1dd9d1b229ace77b3004a,internal,call,0.003655 Ether,1,0xdacca760db181e54d96b9a061acc0d2d48a05593,2
