address,age,block,direction,txFee,txhash,txn_type,type,value,Class,creator,inter_direction
0x8a883a20940870dc055f2070ac8ec847ed2d9918,1532293487,6014013.0,OUT,0.0,0x0d4b9e9863b8bb33dec30678c52acf21e17ed86a9ecfac3846215f80d9b9fa94,internal,call,1.832974772395069 Ether,1,0xc14f8469d4bb31c8e69fae9c16e262f45edc3635,2
0x8a883a20940870dc055f2070ac8ec847ed2d9918,1532418071,6022433.0,OUT,0.0,0x3a4b956c8bc77602a4ccb1ba0dd3ec92db741dd032e4080f01f93e881788f33a,internal,call,0.630835081827654 Ether,1,0xc14f8469d4bb31c8e69fae9c16e262f45edc3635,2
0x8a883a20940870dc055f2070ac8ec847ed2d9918,1533190376,6075276.0,OUT,0.0,0x83ebde275019d56b9ddd074e10fc9d7617bfd6b9ec63d1d94a38a77030a2dd8a,internal,call,0.202089872557243 Ether,1,0xc14f8469d4bb31c8e69fae9c16e262f45edc3635,2
0x8a883a20940870dc055f2070ac8ec847ed2d9918,1532716924,6042785.0,OUT,0.0,0xd31d101f997e508a8e46221930acc1d53673e163dab968db2641bb68d73bbfea,internal,call,0.012698027538813 Ether,1,0xc14f8469d4bb31c8e69fae9c16e262f45edc3635,2
