address,age,block,direction,txFee,txhash,txn_type,type,value,Class,creator,inter_direction
0x230cacd4242bdb5b9f7178eb1db0ad109ec76ca0,1504123623,0.0,OUT,0.0,0xaee318ad33bcbcc5bbcce1326b136dbea7c53536d011af779fa4cc1e33bebf63,internal,call,0.00082352 Ether,0,0xac4a5d98736fb12a3423edb7a8719dace80e6d1a,2
0x230cacd4242bdb5b9f7178eb1db0ad109ec76ca0,1504036161,0.0,OUT,0.0,0x55372131e3ec689e741dc78f6cb90efa0e8b4027f3bc4644f5683fedeb040c38,internal,call,0.0005283 Ether,0,0xac4a5d98736fb12a3423edb7a8719dace80e6d1a,2
