address,age,block,direction,txFee,txhash,txn_type,type,value,Class,creator,inter_direction
0x964f35fae36d75b1e72770e244f6595b68508cf5,1526537116,5629608.0,OUT,0.0,0xe54d7a4cba57af7cae3d5415a1b82413317d30601deac75a2607d501c2eeb5d6,internal,call,0.4000194393 Ether,0,0x8007ce15acda724689760b4ba493d4766f973649,2
0x964f35fae36d75b1e72770e244f6595b68508cf5,1524218964,5475505.0,OUT,0.0,0x41c9a799f31e8fdf5ff30840cda302f2dc9d9e223afdd546d30ea091d2da44ab,internal,call,0.16867868851 Ether,0,0x8007ce15acda724689760b4ba493d4766f973649,2
0x964f35fae36d75b1e72770e244f6595b68508cf5,1525187815,0.0,OUT,0.0,0x8c0a3baae0e6bd4642e1eac3771b01f9504a7db34c5a3b6672666af37e814816,internal,call,0.66570053634 Ether,0,0x8007ce15acda724689760b4ba493d4766f973649,2
0x964f35fae36d75b1e72770e244f6595b68508cf5,1523866500,5451826.0,OUT,0.0,0x31a826a4c7db5a10a21056fa3dea49f75c91a12c91093053fc17e24684dfa4f5,internal,call,0.24705755325 Ether,0,0x8007ce15acda724689760b4ba493d4766f973649,2
