address,age,block,direction,txFee,txhash,txn_type,type,value,Class,creator,inter_direction
0x4e8ecf79ade5e2c49b9e30d795517a81e0bf00b8,1532723591,0.0,OUT,0.0,0x3c8d249d7222927a0d1c9d1773ada2d0ed1bbf4dd97053da3b765048b657d9f5,internal,call,0.416655720243579 Ether,1,0xf39e044e1ab204460e06e87c6dca2c6319fc69e3,1
0x4e8ecf79ade5e2c49b9e30d795517a81e0bf00b8,1532720703,0.0,OUT,0.0,0xe0c7e5fd05affba1f79b8395edac12e8c2dc68b949e3906a40b9e12ddf4b32da,internal,call,0.17803394489815 Ether,1,0xf39e044e1ab204460e06e87c6dca2c6319fc69e3,2
0x4e8ecf79ade5e2c49b9e30d795517a81e0bf00b8,1532715588,6042678.0,OUT,0.0,0xe9877da438d6312f25e7eb5e3f72bbe48b4d61337422b0628bdc2a5c855fd71f,internal,call,4.086071257656608 Ether,1,0xf39e044e1ab204460e06e87c6dca2c6319fc69e3,2
