address,age,block,direction,txFee,txhash,txn_type,type,value,Class,creator,inter_direction
0xb2816223fddc21aca553ba208c7b7a13b27c207c,1542791889,6746791.0,OUT,0.0,0xd7925847429fe10a88753047d3962aa927cce4c51c9df758909f878504d90614,internal,call,0.028834271591377 Ether,1,0x50b69eb0234c84e44a6951ba0ad2e316a81d0900,2
0xb2816223fddc21aca553ba208c7b7a13b27c207c,1541835955,6679273.0,OUT,0.0,0x59c135a29c968e28184f47e7932b01fd5384f1ab8c74f3dc5a44c1ae10567d60,internal,call,0.028834271591377 Ether,1,0x50b69eb0234c84e44a6951ba0ad2e316a81d0900,2
0xb2816223fddc21aca553ba208c7b7a13b27c207c,1542448542,6722627.0,OUT,0.0,0xbd9d430c2bc046b3f7feb9fd8792d8db064919c1d81048aea7b386472548521c,internal,call,0.028834271591377 Ether,1,0x50b69eb0234c84e44a6951ba0ad2e316a81d0900,2
