address,age,block,direction,txFee,txhash,txn_type,type,value,Class,creator,inter_direction
0x8d12a197cb00d4747a1fe03395095ce2a5cc6819,1539588652,6520429.0,OUT,0.0,0x59abbfe4d89748dc5c8662dcd9b94e5044a63d06ad199d51310f88e3317b4694,internal,call,3.981599999999999 Ether,0,0x1ed014aec47fae44c9e55bac7662c0b78ae61798,2
0x8d12a197cb00d4747a1fe03395095ce2a5cc6819,1536879220,6328774.0,OUT,0.0,0x071cf583a58c32f02e8fefc038e3d8a29da0b9f5e7c04af002423fccee5135a9,internal,call,1.894 Ether,0,0x1ed014aec47fae44c9e55bac7662c0b78ae61798,2
0x8d12a197cb00d4747a1fe03395095ce2a5cc6819,1535408149,6227280.0,OUT,0.0,0x2e96880b33a49c9c86a3cccb6041c162212e8f0d348862069bbf857bd6015037,internal,call,1.979 Ether,0,0x1ed014aec47fae44c9e55bac7662c0b78ae61798,2
0x8d12a197cb00d4747a1fe03395095ce2a5cc6819,1535757038,6251157.0,OUT,0.0,0xf1bfa67e9bf96d55d959221fdb299fef6b43a9fd6cf143d9c04ada055f64fdbc,internal,call,2.365 Ether,0,0x1ed014aec47fae44c9e55bac7662c0b78ae61798,2
0x8d12a197cb00d4747a1fe03395095ce2a5cc6819,1539593862,6520784.0,OUT,0.0,0x5fcf5b07cb86c423c37536280cdef905d230e2b89e2d0624ca9e5d6bda1be44d,internal,call,5.4 Ether,0,0x1ed014aec47fae44c9e55bac7662c0b78ae61798,2
0x8d12a197cb00d4747a1fe03395095ce2a5cc6819,1535401156,6226787.0,OUT,0.0,0x2725c358f4e74b42aaa67ecf2f1781872572c520720d80d9c0596991a806be85,internal,call,0.400757651281028 Ether,0,0x1ed014aec47fae44c9e55bac7662c0b78ae61798,2
0x8d12a197cb00d4747a1fe03395095ce2a5cc6819,1536733214,6318551.0,OUT,0.0,0xd6faab9702f75dee866cb57fc4e2181af02f81a63f83dc761949aa5f1b721b04,internal,call,4.495701696841223 Ether,0,0x1ed014aec47fae44c9e55bac7662c0b78ae61798,2
0x8d12a197cb00d4747a1fe03395095ce2a5cc6819,1539500118,6514143.0,OUT,0.0,0xc9ba5f090f74ed93ea8478bd6dd40767286c0c540c2ce1a19a416846c8457cfa,internal,call,1.11694 Ether,0,0x1ed014aec47fae44c9e55bac7662c0b78ae61798,2
0x8d12a197cb00d4747a1fe03395095ce2a5cc6819,1535921365,6262464.0,OUT,0.0,0xc242e0be8a74766b543496af3700b0fab7ec786d568dd88b1560d1b49503e707,internal,call,3.098 Ether,0,0x1ed014aec47fae44c9e55bac7662c0b78ae61798,2
