address,age,block,direction,txFee,txhash,txn_type,type,value,Class,creator,inter_direction
0xbeefd8fb3b5778f99e021afa2e41e0614af6af11,1540954013,6617132.0,OUT,0.0,0x3cda1d0cf9d8ae9b58e96d7c22effa54d3933dd1cfdb20979a08c00591c7890b,internal,call,0.013477305092065 Ether,1,0x300758881bf3756b6cb5b2e96f545d7b3566ce3a,1
0xbeefd8fb3b5778f99e021afa2e41e0614af6af11,1539854026,6539253.0,OUT,0.0,0xd8082f52192720692b11621b6c52f679270e00c94c3ba5fd2beacb71d76578f9,internal,call,0.003201287393114 Ether,1,0x300758881bf3756b6cb5b2e96f545d7b3566ce3a,2
0xbeefd8fb3b5778f99e021afa2e41e0614af6af11,1539521184,0.0,OUT,0.0,0x61b565d8687d3a9680e4e99c511bacc0ab5fd14c0431be78e7afcb576d47aa23,internal,call,0.0010377496 Ether,1,0x300758881bf3756b6cb5b2e96f545d7b3566ce3a,1
0xbeefd8fb3b5778f99e021afa2e41e0614af6af11,1540208947,6564318.0,OUT,0.0,0xe98e88f459137d1fe19f7a5eed044c30f903e92436b4696b9baf587189a1f9db,internal,call,0.006396195178032 Ether,1,0x300758881bf3756b6cb5b2e96f545d7b3566ce3a,2
0xbeefd8fb3b5778f99e021afa2e41e0614af6af11,1541507509,6656085.0,OUT,0.0,0xfc1367f1176360f77a530a5276ccb7b59a7d66ff68dbd3789a5c398903b561bc,internal,call,0.008946175611127 Ether,1,0x300758881bf3756b6cb5b2e96f545d7b3566ce3a,2
0xbeefd8fb3b5778f99e021afa2e41e0614af6af11,1541834235,6679143.0,OUT,0.0,0x3561b2348325b34c02e7e16fb3e7c0b093424684dc99541cac796651a7662d56,internal,call,0.013186862796229 Ether,1,0x300758881bf3756b6cb5b2e96f545d7b3566ce3a,1
0xbeefd8fb3b5778f99e021afa2e41e0614af6af11,1539677742,6526708.0,OUT,0.0,0x3f2263f5092707f9274ac0e52b42ba8f31f9a88b7721b16aa4778c845e8a7813,internal,call,0.002818510901311 Ether,1,0x300758881bf3756b6cb5b2e96f545d7b3566ce3a,1
