address,age,block,direction,txFee,txhash,txn_type,type,value,Class,creator,inter_direction
0x51e9244bae3fca7473fe48651dfd7db53aa55856,1537859933,6397564.0,OUT,0.0,0x6053b9a4a078ce0307e625249d4372a7dcebb462726d43340aeedad37085fb7c,internal,call,0.116431353774811 Ether,1,0xe67e6e677d272a087a3828209e21fe62fe8d4881,2
0x51e9244bae3fca7473fe48651dfd7db53aa55856,1535660762,6244576.0,OUT,0.0,0xdede45862557e4d33656516236a5b5f37d706c36d9640f6b99a61ff243d02b8b,internal,call,0.163307284850075 Ether,1,0xe67e6e677d272a087a3828209e21fe62fe8d4881,2
0x51e9244bae3fca7473fe48651dfd7db53aa55856,1535746915,6250485.0,OUT,0.0,0xfeca3bc18c73ff07fec4336a8cefd61a68631b5c6aa3874fcb8696f1a393571b,internal,call,0.026798156016994 Ether,1,0xe67e6e677d272a087a3828209e21fe62fe8d4881,2
0x51e9244bae3fca7473fe48651dfd7db53aa55856,1535659487,6244477.0,OUT,0.0,0x4b00e40049e4630d0cb163ad278d2ce3595a58b2569883fce3a0ff8f5eb83f4a,internal,call,0.450996503538891 Ether,1,0xe67e6e677d272a087a3828209e21fe62fe8d4881,2
0x51e9244bae3fca7473fe48651dfd7db53aa55856,1537277473,6356640.0,OUT,0.0,0x845c0254b7220d48af1a6afa16e078df74b78e6ca24bf07998d8282bf2ef1d75,internal,call,0.033313005461987 Ether,1,0xe67e6e677d272a087a3828209e21fe62fe8d4881,2
0x51e9244bae3fca7473fe48651dfd7db53aa55856,1536347249,6291847.0,OUT,0.0,0xc149a28cc63ff6fb2126af1e30555bf133d6d940071ef1dcc1daa08cd2b7dfd0,internal,call,0.030571986163243 Ether,1,0xe67e6e677d272a087a3828209e21fe62fe8d4881,2
0x51e9244bae3fca7473fe48651dfd7db53aa55856,1537623968,6380952.0,OUT,0.0,0x0b3aba244a87208d65e6a9d07502754d59b34f96669e034864bf98c70a8cfbc4,internal,call,0.061883066982922 Ether,1,0xe67e6e677d272a087a3828209e21fe62fe8d4881,2
0x51e9244bae3fca7473fe48651dfd7db53aa55856,1536973360,6335338.0,OUT,0.0,0x5fa8a71db6e2819b69078eafb7a840ab19db19e0237b0a7f68ca123af968ce35,internal,call,0.039425092141057 Ether,1,0xe67e6e677d272a087a3828209e21fe62fe8d4881,2
0x51e9244bae3fca7473fe48651dfd7db53aa55856,1537481718,6370916.0,OUT,0.0,0xb5a54eff54deea5a8e0cd215513d1dd03129df6d94c65577b4762ac9608b40cf,internal,call,0.070631767064977 Ether,1,0xe67e6e677d272a087a3828209e21fe62fe8d4881,2
