address,age,block,direction,txFee,txhash,txn_type,type,value,Class,creator,inter_direction
0x4e8ecf79ade5e2c49b9e30d795517a81e0bf00b8,1533974430,6129126.0,OUT,0.0,0x22205be9d95e9182700f44349cc35eb1bcb95dcbca6f41586845627e2b2c7402,internal,call,0.041539494976833 Ether,1,0xf39e044e1ab204460e06e87c6dca2c6319fc69e3,1
0x4e8ecf79ade5e2c49b9e30d795517a81e0bf00b8,1533970913,6128885.0,OUT,0.0,0xb85e356dfe3e6b8c65f890c28cfa5f1cb918ab016c0840d4cafec126f7709e11,internal,call,0.04808889193533 Ether,1,0xf39e044e1ab204460e06e87c6dca2c6319fc69e3,2
0x4e8ecf79ade5e2c49b9e30d795517a81e0bf00b8,1533975337,6129189.0,OUT,0.0,0xd48c9f40a71faa4420f21e51b8b95836b23d2bfc2ad1622e188d09f6faa3e65c,internal,call,0.010719237085526 Ether,1,0xf39e044e1ab204460e06e87c6dca2c6319fc69e3,2
0x4e8ecf79ade5e2c49b9e30d795517a81e0bf00b8,1533964832,6128428.0,OUT,0.0,0x779a4a4f37870a8da5dc6e95f437bddcc9f77e9c3ab819767d2d5a1046190f02,internal,call,0.037536531260233 Ether,1,0xf39e044e1ab204460e06e87c6dca2c6319fc69e3,1
0x4e8ecf79ade5e2c49b9e30d795517a81e0bf00b8,1533967803,6128648.0,OUT,0.0,0x8c797f0465dd617dbd319c55345bd1c1ec3366ce7f21f691d07fe7cd10ff3cd7,internal,call,0.046101259994187 Ether,1,0xf39e044e1ab204460e06e87c6dca2c6319fc69e3,1
0x4e8ecf79ade5e2c49b9e30d795517a81e0bf00b8,1533947300,6127219.0,OUT,0.0,0x4bba735d62bf4d5ba8f208c31303dc6b8632f21c128d58ff9a271e781311c04a,internal,call,0.204160419589892 Ether,1,0xf39e044e1ab204460e06e87c6dca2c6319fc69e3,1
0x4e8ecf79ade5e2c49b9e30d795517a81e0bf00b8,1533956992,6127918.0,OUT,0.0,0xed1ba6755ad5145e1e90d01ae4337e2bfe25a6c553b859e003ae4da282b7ac76,internal,call,0.067293567110874 Ether,1,0xf39e044e1ab204460e06e87c6dca2c6319fc69e3,2
0x4e8ecf79ade5e2c49b9e30d795517a81e0bf00b8,1534003978,0.0,OUT,0.0,0x3036dbf3099858f04de27a71f2b8c63cd75004a6ca68824064cb87d7d50c780e,internal,call,0.059298293613396 Ether,1,0xf39e044e1ab204460e06e87c6dca2c6319fc69e3,1
0x4e8ecf79ade5e2c49b9e30d795517a81e0bf00b8,1533950965,0.0,OUT,0.0,0x18f17e1e49d39963716ecaaad25b704c6c0cad75529ddccbc9e4694abbe55445,internal,call,0.056736964157449 Ether,1,0xf39e044e1ab204460e06e87c6dca2c6319fc69e3,1
