address,age,block,direction,txFee,txhash,txn_type,type,value,Class,creator,inter_direction
0x4e8ecf79ade5e2c49b9e30d795517a81e0bf00b8,1532738477,6044276.0,OUT,0.0,0x6b873078520cdfd65e8e443ce82112b7561da03ccae5341502d47f69b390dd25,internal,call,0.199133960348936 Ether,1,0xf39e044e1ab204460e06e87c6dca2c6319fc69e3,1
0x4e8ecf79ade5e2c49b9e30d795517a81e0bf00b8,1532714594,0.0,OUT,0.0,0xa418dbe2ba106b343a393e688daf91d46b79fcf8a8bb5e3c62b167bbb9c1f80d,internal,call,1.258712068416959 Ether,1,0xf39e044e1ab204460e06e87c6dca2c6319fc69e3,2
