address,age,block,direction,txFee,txhash,txn_type,type,value,Class,creator,inter_direction
0x4e8ecf79ade5e2c49b9e30d795517a81e0bf00b8,1532716255,0.0,OUT,0.0,0xca281948b1a127d6fd3881551a2cb513d2efc7b5d33f0cb16770dc4f6f335a67,internal,call,0.126676679357281 Ether,1,0xf39e044e1ab204460e06e87c6dca2c6319fc69e3,2
0x4e8ecf79ade5e2c49b9e30d795517a81e0bf00b8,1532907047,6055960.0,OUT,0.0,0x6352472d69f508639e16a401242db597140064ec235cdfb5915f96e0aebfc34b,internal,call,0.103163887606654 Ether,1,0xf39e044e1ab204460e06e87c6dca2c6319fc69e3,1
