address,age,block,direction,txFee,txhash,txn_type,type,value,Class,creator,inter_direction
0xdf93cdb6dd65c6c28c78dcdc1762aa34caf81678,1539512973,6515051.0,OUT,0.0,0x942f141dda63fd80eb531a2dc2ccc33cf311f5967b65e1ee53e96bb11ea50e84,internal,call,0.032902777777777 Ether,1,0xcc1ceb36cab5ada7fd0376b55602dd0d4b429c30,2
0xdf93cdb6dd65c6c28c78dcdc1762aa34caf81678,1540296674,6570575.0,OUT,0.0,0x96e12c7b4a0269f3287e6dd3129c65fd9b0c0250bedb6521558c708723117606,internal,call,0.058529166666666 Ether,1,0xcc1ceb36cab5ada7fd0376b55602dd0d4b429c30,2
0xdf93cdb6dd65c6c28c78dcdc1762aa34caf81678,1541080417,6626022.0,OUT,0.0,0x35a13fe3d76b7302e708d5547e32e36c0dcbd925dad107a627ee4837fd1522b4,internal,call,0.042596759259259 Ether,1,0xcc1ceb36cab5ada7fd0376b55602dd0d4b429c30,2
0xdf93cdb6dd65c6c28c78dcdc1762aa34caf81678,1540896399,6613007.0,OUT,0.0,0x1afa74065bba68569abfce9ec04b17f79a6823b64e9489982e10344c93ce67cd,internal,call,0.138825231481481 Ether,1,0xcc1ceb36cab5ada7fd0376b55602dd0d4b429c30,2
0xdf93cdb6dd65c6c28c78dcdc1762aa34caf81678,1540043828,6552689.0,OUT,0.0,0x75379fb35dac3369f704eab084a9be99188359416eb387c60a0acd077b8d2245,internal,call,0.122883101851851 Ether,1,0xcc1ceb36cab5ada7fd0376b55602dd0d4b429c30,2
