address,age,block,direction,txFee,txhash,txn_type,type,value,Class,creator,inter_direction
0x7b307c1f0039f5d38770e15f8043b3dd26da5e8f,1540255117,6567643.0,OUT,0.0,0x4fa474d02a2ef04af319ae5789c15a4b1f9a74118644ec44f5362e37700cc0fd,internal,call,0.001955932203389 Ether,1,0xe1f3294e25bb72a2fb53addb82aa1a033797e6e3,1
0x7b307c1f0039f5d38770e15f8043b3dd26da5e8f,1540215029,6564758.0,OUT,0.0,0xf3929b3e12b29865f63a62979aec625449e71ad179cb9f1d488740a50edae8a4,internal,call,0.004791864406779 Ether,1,0xe1f3294e25bb72a2fb53addb82aa1a033797e6e3,2
0x7b307c1f0039f5d38770e15f8043b3dd26da5e8f,1539227886,6494715.0,OUT,0.0,0x7e59ebb15791170aebfdf4d35503516f3ee56289a9d1723cb2b34b669c91a4dd,internal,call,0.006151186440677 Ether,1,0xe1f3294e25bb72a2fb53addb82aa1a033797e6e3,1
0x7b307c1f0039f5d38770e15f8043b3dd26da5e8f,1538619453,6451240.0,OUT,0.0,0xa49ab2958050af6f44d9cea67ccb1578e8891e460453efc38b8000d5fbe51eaa,internal,call,0.011421694915254 Ether,1,0xe1f3294e25bb72a2fb53addb82aa1a033797e6e3,2
0x7b307c1f0039f5d38770e15f8043b3dd26da5e8f,1540114989,6557690.0,OUT,0.0,0x77ecd4f3e9668c96960b27873c92556e5a320e0efd16e5ffa242849a269f40da,internal,call,0.004818983050847 Ether,1,0xe1f3294e25bb72a2fb53addb82aa1a033797e6e3,1
0x7b307c1f0039f5d38770e15f8043b3dd26da5e8f,1539534400,6513508.0,OUT,0.0,0x26c92dd9b4cc60abf7e666a9ecd4168f3a3796dcbd86b94b703ad356c8edfdd0,internal,call,0.012741016949152 Ether,1,0xe1f3294e25bb72a2fb53addb82aa1a033797e6e3,1
0x7b307c1f0039f5d38770e15f8043b3dd26da5e8f,1539773077,6533493.0,OUT,0.0,0x7bb78803215468a5151302939f674c57a4ed0e693dce201198b0e307e9e42bf3,internal,call,0.013549152542372 Ether,1,0xe1f3294e25bb72a2fb53addb82aa1a033797e6e3,1
0x7b307c1f0039f5d38770e15f8043b3dd26da5e8f,1538858986,6468323.0,OUT,0.0,0x9ec6f5813002682ce47f25292e2970f29e29d0d9646cb0dc55b425e7553617f0,internal,call,0.011581694915254 Ether,1,0xe1f3294e25bb72a2fb53addb82aa1a033797e6e3,1
0x7b307c1f0039f5d38770e15f8043b3dd26da5e8f,1539100592,6485642.0,OUT,0.0,0x732ab6b9428c07395d59e8ae2b35bc37e868c42f19433372726bd99acfa2be4d,internal,call,0.011741694915254 Ether,1,0xe1f3294e25bb72a2fb53addb82aa1a033797e6e3,1
0x7b307c1f0039f5d38770e15f8043b3dd26da5e8f,1540014638,6550582.0,OUT,0.0,0x2ff42af8dc9108981289b08a4a168ab6f20d6a3cef4afa641356c5191fe1b217,internal,call,0.011585762711864 Ether,1,0xe1f3294e25bb72a2fb53addb82aa1a033797e6e3,1
