address,age,block,direction,txFee,txhash,txn_type,type,value,Class,creator,inter_direction
0x4e8ecf79ade5e2c49b9e30d795517a81e0bf00b8,1533569219,6101336.0,OUT,0.0,0xde35e8d4885150ceeb85eac422fd5eb4f292d83a6edd14d1775a30e6e4b555c9,internal,call,0.067615257118375 Ether,1,0xf39e044e1ab204460e06e87c6dca2c6319fc69e3,2
0x4e8ecf79ade5e2c49b9e30d795517a81e0bf00b8,1532728585,0.0,OUT,0.0,0x38579d18429961c8d3bf0d8e1e0f41e46e454ea686120917ac93c071b2ff52e1,internal,call,0.082209119509753 Ether,1,0xf39e044e1ab204460e06e87c6dca2c6319fc69e3,1
