address,age,block,direction,txFee,txhash,txn_type,type,value,Class,creator,inter_direction
0xdf93cdb6dd65c6c28c78dcdc1762aa34caf81678,1541340668,6644412.0,OUT,0.0,0xb83f9f10a7a866b0bdb5ccd0f7c0c886884c2a6a5b8f8d17e7d3d54eaa4e4c1c,internal,call,0.05945787037037 Ether,1,0xcc1ceb36cab5ada7fd0376b55602dd0d4b429c30,2
0xdf93cdb6dd65c6c28c78dcdc1762aa34caf81678,1541371528,6646493.0,OUT,0.0,0x57ea4c7af5fca385e7a00110d41290daca949a9227207b36dd7b621682e585ee,internal,call,0.007143518518518 Ether,1,0xcc1ceb36cab5ada7fd0376b55602dd0d4b429c30,2
0xdf93cdb6dd65c6c28c78dcdc1762aa34caf81678,1540556171,6588950.0,OUT,0.0,0x1cb85b1d4cf3b256004b9550cfbce96f69ee50b5d84455850d072535554d850b,internal,call,0.202312268518518 Ether,1,0xcc1ceb36cab5ada7fd0376b55602dd0d4b429c30,2
0xdf93cdb6dd65c6c28c78dcdc1762aa34caf81678,1541083810,6626254.0,OUT,0.0,0x479ded4c884497bde2d36bffd942dabc362f2ce68ce333035f76b4e2687e41fe,internal,call,0.122138657407407 Ether,1,0xcc1ceb36cab5ada7fd0376b55602dd0d4b429c30,2
