address,age,block,direction,txFee,txhash,txn_type,type,value,Class,creator,inter_direction
0x7e0529eb456a7c806b5fe7b3d69a805339a06180,1537973695,6405617.0,OUT,0.0,0x4ba5765b7cbbc333da8322eeb15b83867d4e8e42557fc95647f3cbdd8532b959,internal,call,0.018722773892475 Ether,1,0x8c691931c6c4ecd92ecc26f9706faaf4aebe137d,2
0x7e0529eb456a7c806b5fe7b3d69a805339a06180,1538305324,6428998.0,OUT,0.0,0xe4b9c5aa596a67317ef2f029423858f746ba1bd768a6265bc7d94a74ea0d6bf9,internal,call,0.180913164878783 Ether,1,0x8c691931c6c4ecd92ecc26f9706faaf4aebe137d,2
0x7e0529eb456a7c806b5fe7b3d69a805339a06180,1538305005,6428980.0,OUT,0.0,0xd0dbd4e4d588244011862c1c079e4a2bc98b3b18b30662fbeba4becb08c2a76c,internal,call,0.00350796712387 Ether,1,0x8c691931c6c4ecd92ecc26f9706faaf4aebe137d,2
