address,age,block,direction,txFee,txhash,txn_type,type,value,Class,creator,inter_direction
0x4f3db6d4c97b8248ad5e244e4f619086084f6848,1540598011,0.0,OUT,0.0,0x315d5b1239152a1a35d0a8b17cf227b040b9c3d1e421d6973031739432f0900d,internal,call,0.000236111111111 Ether,1,0xac560ed699346e4e3a3c2106ac90136883f7f624,2
0x4f3db6d4c97b8248ad5e244e4f619086084f6848,1543810090,6815409.0,OUT,0.0,0x26dafe55378abcf51578129434a2f758d00599c1471fb71346bb6bedfbb58924,internal,call,0.013013900625 Ether,1,0xac560ed699346e4e3a3c2106ac90136883f7f624,2
0x4f3db6d4c97b8248ad5e244e4f619086084f6848,1542362181,6716545.0,OUT,0.0,0xa043f02b6d30d753415a58d64672a65a5198b9af925f8c35400875005ae0e200,internal,call,0.08981424375 Ether,1,0xac560ed699346e4e3a3c2106ac90136883f7f624,2
0x4f3db6d4c97b8248ad5e244e4f619086084f6848,1543682137,6806451.0,OUT,0.0,0x77ce634436786d59db0902cbec94b16adade77a221ad9de7c3bc576978ccc823,internal,call,0.06499313046875 Ether,1,0xac560ed699346e4e3a3c2106ac90136883f7f624,2
