address,age,block,direction,txFee,txhash,txn_type,type,value,Class,creator,inter_direction
0x80e4f014c98320eab524ae16b0aaf1603f4dc01d,1538102581,6414686.0,OUT,0.0,0x5b229aa300c786fb6b3bbf8962c26f01c92d9e16ce48290382043dc71893685c,internal,call,0.016996113991556 Ether,1,0x96bb98183e5562913e72613c1979d0a13f8ec76b,1
0x80e4f014c98320eab524ae16b0aaf1603f4dc01d,1538050115,0.0,OUT,0.0,0xa609c1ea053c95fe9d0fe058940b607ed87c2a1827f9f4fddc2b965776f101d1,internal,call,0.102222222222222 Ether,1,0x96bb98183e5562913e72613c1979d0a13f8ec76b,1
