address,age,block,direction,txFee,txhash,txn_type,type,value,Class,creator,inter_direction
0x9d68a447a8718ef30645d23d423be1ea6b7d370f,1538027728,6409411.0,OUT,0.0,0x97ba07fa8fc790b243b7d405bb664681b087ae0f6d3ba7959399cb90616a0a13,internal,call,0.904027777777777 Ether,1,0xbfb297616ffa0124a288e212d1e6df5299c9f8d0,2
0x9d68a447a8718ef30645d23d423be1ea6b7d370f,1538050747,6410992.0,OUT,0.0,0xc18ad4b19b0e43c3d06f73cf900d0cfa8480416548dde7d374a6cce8937cbc8b,internal,call,0.170902777777777 Ether,1,0xbfb297616ffa0124a288e212d1e6df5299c9f8d0,2
0x9d68a447a8718ef30645d23d423be1ea6b7d370f,1538044341,6410562.0,OUT,0.0,0xe9bb3fdc58703f76ef37ef287ad35205920961b3e8b496cee3c28858019efb50,internal,call,0.442430555555555 Ether,1,0xbfb297616ffa0124a288e212d1e6df5299c9f8d0,2
0x9d68a447a8718ef30645d23d423be1ea6b7d370f,1538058530,0.0,OUT,0.0,0xa7ee2c89370c74c52c92a6fd32cf1d6949c23f89467f2a79f7e17d6f0f58ec79,internal,call,0.207638888888888 Ether,1,0xbfb297616ffa0124a288e212d1e6df5299c9f8d0,2
0x9d68a447a8718ef30645d23d423be1ea6b7d370f,1537993742,6407041.0,OUT,0.0,0x7e0e6997ca742601488a025afe8a6eaf4de845007436c71c7ff325e1c0e0b023,internal,call,0.469583333333333 Ether,1,0xbfb297616ffa0124a288e212d1e6df5299c9f8d0,2
