address,age,block,direction,txFee,txhash,txn_type,type,value,Class,creator,inter_direction
0xb9dad061b4ada5825abc2c9914e89181c0cdc56c,1537644928,6382396.0,OUT,0.0,0x6cbe300fbe7fdbbcb1fe225a85f5a9e6c67250a2484a699db04c3dfbd1d6ef5b,internal,call,0.475991911296 Ether,1,0xe67e6e677d272a087a3828209e21fe62fe8d4881,2
0xb9dad061b4ada5825abc2c9914e89181c0cdc56c,1539809220,6536070.0,OUT,0.0,0x64d140e7baa077b55439a35e1a56dd00475e93ae32d4219a561fc991d7bcaded,internal,call,0.1280977155936 Ether,1,0xe67e6e677d272a087a3828209e21fe62fe8d4881,2
0xb9dad061b4ada5825abc2c9914e89181c0cdc56c,1537129097,6346272.0,OUT,0.0,0xb86cf85f7b71b083232c171781b3c3f5f6d6935c8751ca9f6a6bc10aa0415ce8,internal,call,0.30884210388 Ether,1,0xe67e6e677d272a087a3828209e21fe62fe8d4881,2
