address,age,block,direction,txFee,txhash,txn_type,type,value,Class,creator,inter_direction
0x4e8ecf79ade5e2c49b9e30d795517a81e0bf00b8,1533627432,6105278.0,OUT,0.0,0xaf2389e195fa467a6cee07298bcc66853905179e3f11ef4773b719846d67716d,internal,call,0.003879401576196 Ether,1,0xf39e044e1ab204460e06e87c6dca2c6319fc69e3,1
0x4e8ecf79ade5e2c49b9e30d795517a81e0bf00b8,1533120403,6070504.0,OUT,0.0,0xdb894a60277044c1807baa41b688a479cde11d048cba01bc0005bf1e48cdc796,internal,call,0.057757139167807 Ether,1,0xf39e044e1ab204460e06e87c6dca2c6319fc69e3,2
0x4e8ecf79ade5e2c49b9e30d795517a81e0bf00b8,1532896360,6055231.0,OUT,0.0,0xbcb1f61edfdfe8d2c04f1cfa5d87660a579b704b54dcdfeb464f40cf3f1cce57,internal,call,0.127790202837687 Ether,1,0xf39e044e1ab204460e06e87c6dca2c6319fc69e3,2
