address,age,block,direction,txFee,txhash,txn_type,type,value,Class,creator,inter_direction
0x4e8ecf79ade5e2c49b9e30d795517a81e0bf00b8,1533614726,6101488.0,OUT,0.0,0x43136378c0b04d0f87212a428cd2ae4cafc37d9602d3c67eca00f5392330e827,internal,call,0.01417851997183 Ether,1,0xf39e044e1ab204460e06e87c6dca2c6319fc69e3,1
0x4e8ecf79ade5e2c49b9e30d795517a81e0bf00b8,1533282951,6081595.0,OUT,0.0,0x4915af4f1e471ad086649c2413f916f9c184bdc168af7ec2dee3d8aefa468cd2,internal,call,0.012480508856344 Ether,1,0xf39e044e1ab204460e06e87c6dca2c6319fc69e3,1
0x4e8ecf79ade5e2c49b9e30d795517a81e0bf00b8,1532928373,6057445.0,OUT,0.0,0xa0a4c492f672cadbf7ae989f82d8f112e5532dc4856d4a546d7299bed6c01ba5,internal,call,0.120475725811126 Ether,1,0xf39e044e1ab204460e06e87c6dca2c6319fc69e3,1
0x4e8ecf79ade5e2c49b9e30d795517a81e0bf00b8,1532742490,6044550.0,OUT,0.0,0x6649f0dde4cf12f325eae27854b6cc4d45db8bc4f667d7a6a39edffe0e376350,internal,call,0.038611696656683 Ether,1,0xf39e044e1ab204460e06e87c6dca2c6319fc69e3,1
