address,age,block,direction,txFee,txhash,txn_type,type,value,Class,creator,inter_direction
0x4e8ecf79ade5e2c49b9e30d795517a81e0bf00b8,1533628486,6105361.0,OUT,0.0,0xa9742e6666de3ffd3e346c8b608e4b49d27a41504a736144313d35ffd11f3b40,internal,call,0.000203801931776 Ether,1,0xf39e044e1ab204460e06e87c6dca2c6319fc69e3,1
0x4e8ecf79ade5e2c49b9e30d795517a81e0bf00b8,1533628422,0.0,OUT,0.0,0x78cf0738522ca543d9bfc498622aae173de63fcdf80b2a33f7996e919582aff7,internal,call,0.000797935443059 Ether,1,0xf39e044e1ab204460e06e87c6dca2c6319fc69e3,1
0x4e8ecf79ade5e2c49b9e30d795517a81e0bf00b8,1533628150,6105338.0,OUT,0.0,0xacdc7364667d74d90ba6bb4aeae3f1c7148c9806af7d9c2bab09ca17cfe669f0,internal,call,0.013590883128713 Ether,1,0xf39e044e1ab204460e06e87c6dca2c6319fc69e3,1
0x4e8ecf79ade5e2c49b9e30d795517a81e0bf00b8,1532777162,6046898.0,OUT,0.0,0xfdb5447f45dcc9bba9afae0e59318365279bf673ee4ed9bbac4b6046d7ed4ade,internal,call,0.12936099449693 Ether,1,0xf39e044e1ab204460e06e87c6dca2c6319fc69e3,2
0x4e8ecf79ade5e2c49b9e30d795517a81e0bf00b8,1532727691,6043500.0,OUT,0.0,0xe2ad86ab897affd8fe73e7418b445386e256e4bfaedfad4e6cb8f35236decf06,internal,call,0.20461512112549 Ether,1,0xf39e044e1ab204460e06e87c6dca2c6319fc69e3,2
