address,age,block,direction,txFee,txhash,txn_type,type,value,Class,creator,inter_direction
0x8a883a20940870dc055f2070ac8ec847ed2d9918,1533163351,6073506.0,OUT,0.0,0x4293d7433eee3483275eef3b6b522f538cb07d0caff8d706fef489c2946970e4,internal,call,0.044986963003423 Ether,1,0xc14f8469d4bb31c8e69fae9c16e262f45edc3635,2
0x8a883a20940870dc055f2070ac8ec847ed2d9918,1533657834,6104415.0,OUT,0.0,0xa7c6c68dbaeae569a4801538127f324d6619174c1c4c03f6d3f5531129b4fa85,internal,call,0.014368199034776 Ether,1,0xc14f8469d4bb31c8e69fae9c16e262f45edc3635,2
