address,age,block,direction,txFee,txhash,txn_type,type,value,Class,creator,inter_direction
0x702392282255f8c0993dbbbb148d80d2ef6795b1,1524930041,5523229.0,OUT,0.0,0xe90ae0de7eb9ee15da1febec5b88c5ab1cf88187f3bb76f62269f2f2346564e9,internal,call,0.002653422882463 Ether,1,0xfea0904acc8df0f3288b6583f60b86c36ea52acd,2
0x702392282255f8c0993dbbbb148d80d2ef6795b1,1524049527,5464174.0,OUT,0.0,0xfb64cbec7ffdbbbb88f4385a087602591035cbdbbe85ac920f6f2b738df0a259,internal,call,0.001725926686641 Ether,1,0xfea0904acc8df0f3288b6583f60b86c36ea52acd,2
0x702392282255f8c0993dbbbb148d80d2ef6795b1,1523773126,5445419.0,OUT,0.0,0x9eb3049a251d58dc4208a5af130f2234a4625027589e28c72694ae811b80e59c,internal,call,0.014972050874969 Ether,1,0xfea0904acc8df0f3288b6583f60b86c36ea52acd,2
0x702392282255f8c0993dbbbb148d80d2ef6795b1,1524255646,5477993.0,OUT,0.0,0xe1ed72574fba999fbafbdd2b7069056b382ef6d5d70ee76ad55a2253254aba6c,internal,call,0.007086378970814 Ether,1,0xfea0904acc8df0f3288b6583f60b86c36ea52acd,2
0x702392282255f8c0993dbbbb148d80d2ef6795b1,1525561677,5564924.0,OUT,0.0,0x688861e16651816420f75b898eea55dc881f7188692dfc9995239641561eacd1,internal,call,0.004268277909506 Ether,1,0xfea0904acc8df0f3288b6583f60b86c36ea52acd,2
0x702392282255f8c0993dbbbb148d80d2ef6795b1,1529443069,5820797.0,OUT,0.0,0xa8c6382fd50fc98ab5ecc97903da0acb2cbee693da470e8f0f44ea04559a69f0,internal,call,0.005605755273233 Ether,1,0xfea0904acc8df0f3288b6583f60b86c36ea52acd,2
0x702392282255f8c0993dbbbb148d80d2ef6795b1,1523477812,5425222.0,OUT,0.0,0x1b7894757f15b66f0043b9a49aa718a45bd90c3cb46a77489e0b1c762adef888,internal,call,0.015900398467482 Ether,1,0xfea0904acc8df0f3288b6583f60b86c36ea52acd,2
0x702392282255f8c0993dbbbb148d80d2ef6795b1,1524380179,5486450.0,OUT,0.0,0xa014bdf88f9256925a052b6a247b927c30b52084beeab096d96866303285382a,internal,call,0.001387829066196 Ether,1,0xfea0904acc8df0f3288b6583f60b86c36ea52acd,2
0x702392282255f8c0993dbbbb148d80d2ef6795b1,1525074535,5532887.0,OUT,0.0,0x1c57f39a2054975a652b3525b792946228939d43dee461219240f2c5d3306607,internal,call,0.014756068265785 Ether,1,0xfea0904acc8df0f3288b6583f60b86c36ea52acd,2
