address,age,block,direction,txFee,txhash,txn_type,type,value,Class,creator,inter_direction
0x4e8ecf79ade5e2c49b9e30d795517a81e0bf00b8,1532714522,0.0,OUT,0.0,0xb4e4585f75c44c6480ef46f4fc989e7c3f9eeb35014c2e21e2614cd0a9f08332,internal,call,0.161141517273514 Ether,1,0xf39e044e1ab204460e06e87c6dca2c6319fc69e3,2
0x4e8ecf79ade5e2c49b9e30d795517a81e0bf00b8,1532745354,0.0,OUT,0.0,0x478d88c1322820fff01990315a830a7a24cffa321e99dc34740b274db4816175,internal,call,0.876287159103529 Ether,1,0xf39e044e1ab204460e06e87c6dca2c6319fc69e3,1
