address,age,block,direction,txFee,txhash,txn_type,type,value,Class,creator,inter_direction
0x536a6ba0d913d5d6a4ce2c6eb7ed0de3c0f0b89e,1537625787,6381078.0,OUT,0.0,0xb512e8f0393e6360e63d54a109269bffdf1b30d4512bb588c1623e5013a17721,internal,call,0.04865 Ether,1,0xb648cc3367571c9166e966d1eb97de3f9ebfb8fd,2
0x536a6ba0d913d5d6a4ce2c6eb7ed0de3c0f0b89e,1537886777,6399451.0,OUT,0.0,0x8eeeeb990dbc63b65c215b656920cc8250838b207f0ae0b211cfa7653d767029,internal,call,0.04865 Ether,1,0xb648cc3367571c9166e966d1eb97de3f9ebfb8fd,1
0x536a6ba0d913d5d6a4ce2c6eb7ed0de3c0f0b89e,1537364633,0.0,OUT,0.0,0x9954bdf09b510ef52999ee386cb2dde66969f9016601d825d5e3fff790cd1f7a,internal,call,0.00175 Ether,1,0xb648cc3367571c9166e966d1eb97de3f9ebfb8fd,1
0x536a6ba0d913d5d6a4ce2c6eb7ed0de3c0f0b89e,1537713592,6387242.0,OUT,0.0,0x007f19685db160b11fb526707b788b2d4fec212b2d8bdfac22b8dca8bde8ab04,internal,call,0.024325 Ether,1,0xb648cc3367571c9166e966d1eb97de3f9ebfb8fd,1
0x536a6ba0d913d5d6a4ce2c6eb7ed0de3c0f0b89e,1537451202,6368844.0,OUT,0.0,0x027f8f3a918de22010621feb73db172043d1a056c7f1afd67f4a68fc7c4b0f2c,internal,call,0.00595 Ether,1,0xb648cc3367571c9166e966d1eb97de3f9ebfb8fd,1
