address,age,block,direction,txFee,txhash,txn_type,type,value,Class,creator,inter_direction
0x8a883a20940870dc055f2070ac8ec847ed2d9918,1533174036,6074236.0,OUT,0.0,0x4a6ddadcd52038137dfda0fb5fec2a9db25ddb0826c35116fc6b0b68d08978a2,internal,call,0.192765141790773 Ether,1,0xc14f8469d4bb31c8e69fae9c16e262f45edc3635,2
0x8a883a20940870dc055f2070ac8ec847ed2d9918,1532290133,6013774.0,OUT,0.0,0x7e8d2b51b10cd2dd3d2ab2aa829e21797126594b8084324c7d1342c1bb1024ec,internal,call,1.382497625091685 Ether,1,0xc14f8469d4bb31c8e69fae9c16e262f45edc3635,2
0x8a883a20940870dc055f2070ac8ec847ed2d9918,1532415433,6022225.0,OUT,0.0,0x42f77413130b57eed2f3c97c6a9e14257d9161c1ef050d4540aad34789ef85a5,internal,call,0.029957935098064 Ether,1,0xc14f8469d4bb31c8e69fae9c16e262f45edc3635,2
0x8a883a20940870dc055f2070ac8ec847ed2d9918,1532779649,6047078.0,OUT,0.0,0x2f19037bd849ad89978242c009415c5835e6fbe85075318af4e512f79013aa9a,internal,call,0.012244074376374 Ether,1,0xc14f8469d4bb31c8e69fae9c16e262f45edc3635,2
0x8a883a20940870dc055f2070ac8ec847ed2d9918,1532335118,0.0,OUT,0.0,0x3a13346b37e38aa69b4c88d2035803a86c21f06c424aae4e3f47cfb3faaf0453,internal,call,0.616454299493198 Ether,1,0xc14f8469d4bb31c8e69fae9c16e262f45edc3635,2
