address,age,block,direction,txFee,txhash,txn_type,type,value,Class,creator,inter_direction
0xbeefd8fb3b5778f99e021afa2e41e0614af6af11,1541476133,6653887.0,OUT,0.0,0xa7a6dd0a36d14eb4f94c85e2cbcbffe27fb1635160d246f86ac81531ecfd9e15,internal,call,0.015206357155719 Ether,1,0x300758881bf3756b6cb5b2e96f545d7b3566ce3a,1
0xbeefd8fb3b5778f99e021afa2e41e0614af6af11,1541618387,6663953.0,OUT,0.0,0xfe66fdaf40feb8faaa4bae3567f38aec460aff74a04c4e2fd8214f3ade37622b,internal,call,0.00620828247735 Ether,1,0x300758881bf3756b6cb5b2e96f545d7b3566ce3a,2
0xbeefd8fb3b5778f99e021afa2e41e0614af6af11,1540161222,6560994.0,OUT,0.0,0xef51afbe84db5069bc8428124371efbc4c9d740509b7be740e798fb531fa137f,internal,call,0.029900410739316 Ether,1,0x300758881bf3756b6cb5b2e96f545d7b3566ce3a,2
0xbeefd8fb3b5778f99e021afa2e41e0614af6af11,1540547362,6588353.0,OUT,0.0,0xabfacd478f2c401a985ff813a90cca07df5861f9c7f87873a73a3e855e18672b,internal,call,0.020248646965766 Ether,1,0x300758881bf3756b6cb5b2e96f545d7b3566ce3a,1
0xbeefd8fb3b5778f99e021afa2e41e0614af6af11,1541796162,6676477.0,OUT,0.0,0x36aacb65dc357be88b9e56b789ccb68ec07b78a8153372e0d4a62b4915a98961,internal,call,0.007724272774323 Ether,1,0x300758881bf3756b6cb5b2e96f545d7b3566ce3a,1
0xbeefd8fb3b5778f99e021afa2e41e0614af6af11,1541902705,6684017.0,OUT,0.0,0xe7bd32b59b6a8aa2047080db7049488ba22a696d329dacef3b002f0bd58f3ce7,internal,call,0.004650352660363 Ether,1,0x300758881bf3756b6cb5b2e96f545d7b3566ce3a,2
0xbeefd8fb3b5778f99e021afa2e41e0614af6af11,1541152892,6631058.0,OUT,0.0,0xd82fd2faabac50d388ead716a963a5499ecf41830889242cfc2c53c7a77000af,internal,call,0.028445726152481 Ether,1,0x300758881bf3756b6cb5b2e96f545d7b3566ce3a,2
