address,age,block,direction,txFee,txhash,txn_type,type,value,Class,creator,inter_direction
0x8a883a20940870dc055f2070ac8ec847ed2d9918,1532493917,6024628.0,OUT,0.0,0x025aaefb7ff1d39eab734d0225e7510d1b7a7bd6d9591d55172ee872a41a1aff,internal,call,0.000185697576012 Ether,1,0xc14f8469d4bb31c8e69fae9c16e262f45edc3635,2
0x8a883a20940870dc055f2070ac8ec847ed2d9918,1533301563,6082856.0,OUT,0.0,0x94d9ee74a230e5e3401183a70c694e5c2089c3fd104ab92f45e6fa95f2713450,internal,call,0.009 Ether,1,0xc14f8469d4bb31c8e69fae9c16e262f45edc3635,2
0x8a883a20940870dc055f2070ac8ec847ed2d9918,1533190765,6075306.0,OUT,0.0,0x3d9f8a6914c053b1f796d9210b9d98fdae7c907e5cf84a8f6589b0db71a48787,internal,call,0.000647077966965 Ether,1,0xc14f8469d4bb31c8e69fae9c16e262f45edc3635,2
