address,age,block,direction,txFee,txhash,txn_type,type,value,Class,creator,inter_direction
0x4e8ecf79ade5e2c49b9e30d795517a81e0bf00b8,1533585732,6102443.0,OUT,0.0,0x97f5785f2978d1c35d91a02897c73c2a378e2da4cab053b00ceff8e746f1ff73,internal,call,0.008703417797802 Ether,1,0xf39e044e1ab204460e06e87c6dca2c6319fc69e3,1
0x4e8ecf79ade5e2c49b9e30d795517a81e0bf00b8,1533560615,6100736.0,OUT,0.0,0xb65b3f2d4a9a0ffbcc73c2e169ed1e3af439f2e04444612e8a935daf263aaacc,internal,call,0.010553370069164 Ether,1,0xf39e044e1ab204460e06e87c6dca2c6319fc69e3,2
0x4e8ecf79ade5e2c49b9e30d795517a81e0bf00b8,1532741509,6044484.0,OUT,0.0,0x364e41a2f994c20bc3fb82f37f8950fe620c5fa3c9105330c9cf398a3ca0a7f7,internal,call,0.083650285556798 Ether,1,0xf39e044e1ab204460e06e87c6dca2c6319fc69e3,1
0x4e8ecf79ade5e2c49b9e30d795517a81e0bf00b8,1532724774,0.0,OUT,0.0,0x2e8882986ae1927e8a1da2eb47efb7a6d18d03ca7447d976374ec70b529c59a4,internal,call,0.055588728924924 Ether,1,0xf39e044e1ab204460e06e87c6dca2c6319fc69e3,1
