address,age,block,direction,txFee,txhash,txn_type,type,value,Class,creator,inter_direction
0x4e71b5e47a7e4f8eaccff4ade0e3292f80780cf0,1535064612,6203645.0,OUT,0.0,0x5dacd8e3f0e7455229a6f738a20f58d7a7ef283923a586e4426bdc02211c8682,internal,call,0.002447893338527 Ether,1,0x6c7dfe3c255a098ea031f334436dd50345cfc737,2
0x4e71b5e47a7e4f8eaccff4ade0e3292f80780cf0,1534890027,6191776.0,OUT,0.0,0x6eb8da8a13b0b3b92695666fdda2347a3f1ed6c038f4508e8715334cc15ddef9,internal,call,0.022689744995035 Ether,1,0x6c7dfe3c255a098ea031f334436dd50345cfc737,2
0x4e71b5e47a7e4f8eaccff4ade0e3292f80780cf0,1534790010,6184866.0,OUT,0.0,0xd53a73282ea4d7423e1a685e11e01120af88a0d3b1a9d950a0eeac4e01f33d4a,internal,call,0.066828351312841 Ether,1,0x6c7dfe3c255a098ea031f334436dd50345cfc737,2
0x4e71b5e47a7e4f8eaccff4ade0e3292f80780cf0,1534632129,6174028.0,OUT,0.0,0x43f41e08b0e7a3f9c0c3851b157ad9e4264561fc61fe9e6e8883251b5190eab7,internal,call,0.140834566572193 Ether,1,0x6c7dfe3c255a098ea031f334436dd50345cfc737,2
