address,age,block,direction,txFee,txhash,txn_type,type,value,Class,creator,inter_direction
0x8a883a20940870dc055f2070ac8ec847ed2d9918,1532331486,6016554.0,OUT,0.0,0x90cbd03e2da9509b70c7c5094c051b20ec0570d315c49ba0f5d91290678eb941,internal,call,0.002663686848278 Ether,1,0xc14f8469d4bb31c8e69fae9c16e262f45edc3635,2
0x8a883a20940870dc055f2070ac8ec847ed2d9918,1533162918,0.0,OUT,0.0,0x181251db3066ec0817eb490a69f1b2b527a8cd124a9011b6b8c225d22f73fa14,internal,call,0.015324008321079 Ether,1,0xc14f8469d4bb31c8e69fae9c16e262f45edc3635,2
0x8a883a20940870dc055f2070ac8ec847ed2d9918,1532606189,6035163.0,OUT,0.0,0x5881af3bde5c0b4d3164d013e9dea690d22c09b8db5037ae31c5abd0ba6bd831,internal,call,0.003282148996452 Ether,1,0xc14f8469d4bb31c8e69fae9c16e262f45edc3635,2
0x8a883a20940870dc055f2070ac8ec847ed2d9918,1532610503,6035443.0,OUT,0.0,0x25ee169c4e981756e8eb8f67233df00fc24dc865ecbb7c8ff9cf874aeec1409c,internal,call,0.000000312029341 Ether,1,0xc14f8469d4bb31c8e69fae9c16e262f45edc3635,2
