address,age,block,direction,txFee,txhash,txn_type,type,value,Class,creator,inter_direction
0x8a883a20940870dc055f2070ac8ec847ed2d9918,1533237272,6078520.0,OUT,0.0,0xd3e71529074772f7b215f7b76ca54c55a0db985c8e13d3b175a2d835699d546d,internal,call,0.246287557957092 Ether,1,0xc14f8469d4bb31c8e69fae9c16e262f45edc3635,2
0x8a883a20940870dc055f2070ac8ec847ed2d9918,1532455327,0.0,OUT,0.0,0x9813c86d97bc699b5aa79d9c15d2017a1e2722218e6d27571fffb95808e11720,internal,call,0.075120643761164 Ether,1,0xc14f8469d4bb31c8e69fae9c16e262f45edc3635,2
