address,age,block,direction,txFee,txhash,txn_type,type,value,Class,creator,inter_direction
0x4e8ecf79ade5e2c49b9e30d795517a81e0bf00b8,1533321328,6084277.0,OUT,0.0,0xf45f18190e274c918941681d234ba3dd379dd88573bf2dfaf490d92375e094b7,internal,call,0.148530373620844 Ether,1,0xf39e044e1ab204460e06e87c6dca2c6319fc69e3,2
0x4e8ecf79ade5e2c49b9e30d795517a81e0bf00b8,1533475054,0.0,OUT,0.0,0x19047012eb0bb2a599d82c099a6854204dda726b87bd842cc6e2216ab26c1c80,internal,call,0.366296745236994 Ether,1,0xf39e044e1ab204460e06e87c6dca2c6319fc69e3,1
