address,age,block,direction,txFee,txhash,txn_type,type,value,Class,creator,inter_direction
0x1ce7986760ade2bf0f322f5ef39ce0de3bd0c82b,1495085678,3727303.0,OUT,0.0,0xe757e51b70bfed3a1795280882680557c638a00f46c69a2ee482906144a152a8,internal,call,0.031759950835225 Ether,1,0x7df1702da741da556d57646bbb8bb8026d0082c2,2
0x1ce7986760ade2bf0f322f5ef39ce0de3bd0c82b,1495002298,3722064.0,OUT,0.0,0x17138576af57e7c59dce88a24b51c72609a317e3f65daca818117fa03654d344,internal,call,0.12387546929576 Ether,1,0x7df1702da741da556d57646bbb8bb8026d0082c2,1
0x1ce7986760ade2bf0f322f5ef39ce0de3bd0c82b,1494913020,3716498.0,OUT,0.0,0x916fc6a6cff7b94de578901515e70ece222428098d16965f152626133c9099e5,internal,call,1.076868019355531 Ether,1,0x7df1702da741da556d57646bbb8bb8026d0082c2,1
0x1ce7986760ade2bf0f322f5ef39ce0de3bd0c82b,1494854220,3712835.0,OUT,0.0,0x5062d1983ed63e76f8e0cb7553d26e03b6bfa6cbfb56832070b2b31c931b0c17,internal,call,0.023354779090944 Ether,1,0x7df1702da741da556d57646bbb8bb8026d0082c2,1
