address,age,block,direction,txFee,txhash,txn_type,type,value,Class,creator,inter_direction
0xe7232a9fd8bf427aa41918bc008d32290e22990e,1545382201,6927698.0,OUT,0.0,0x83ec14d2c8aafa070f00dc4da630754caddfa7237fc08a3ce0fec1ec6ef0089d,internal,call,0.0475 Ether,0,0xe44c4cbfdfb747dcde4f99c5462c0ff82d8c6903,2
0xe7232a9fd8bf427aa41918bc008d32290e22990e,1535264609,6217413.0,OUT,0.0,0xd2706c66af679884d325f67f0e08d411f5d7bdf9e212b63f911151f1cd0d0627,internal,call,0.001331018518518 Ether,0,0xe44c4cbfdfb747dcde4f99c5462c0ff82d8c6903,2
0xe7232a9fd8bf427aa41918bc008d32290e22990e,1535263897,6217373.0,OUT,0.0,0x5a121e5074a5bef7e34c160e0a96b577c54b96c5f367cb3a1941fcb26d32abbc,internal,call,0.001145833333333 Ether,0,0xe44c4cbfdfb747dcde4f99c5462c0ff82d8c6903,2
0xe7232a9fd8bf427aa41918bc008d32290e22990e,1535357075,6223760.0,OUT,0.0,0xe878d37328debd2c7c222c370d52214983ee32337665d2f20ee12a864c2cc7c2,internal,call,0.000821759259259 Ether,0,0xe44c4cbfdfb747dcde4f99c5462c0ff82d8c6903,2
0xe7232a9fd8bf427aa41918bc008d32290e22990e,1535320734,6221254.0,OUT,0.0,0x9391783fdb00399eb973aabcad55eab57d444796e805ed72839ea6a113956e26,internal,call,0.000810185185185 Ether,0,0xe44c4cbfdfb747dcde4f99c5462c0ff82d8c6903,2
0xe7232a9fd8bf427aa41918bc008d32290e22990e,1535569889,0.0,OUT,0.0,0x579df7839c599d6a08a6b2fee31f9f5bbaca57a696d9ef440f9f61b60e2745f5,internal,call,0.004131944444444 Ether,0,0xe44c4cbfdfb747dcde4f99c5462c0ff82d8c6903,2
