address,age,block,direction,txFee,txhash,txn_type,type,value,Class,creator,inter_direction
0xaf6de38ffc92e0d52857f864048d7af2f345a3cf,1525880996,5586277.0,OUT,0.0,0x1525ec84f4fc75f4df7df28e0cd7a6a039d3d024dc6457d2f507f782ee8fb942,internal,call,0.003473209008512 Ether,1,0x7e474fe5cfb720804860215f407111183cbc2f85,2
0xaf6de38ffc92e0d52857f864048d7af2f345a3cf,1525848514,5584118.0,OUT,0.0,0x2e62466a76d9f94a9fd90e90305208e11cbc923ba2e23ff9db565466bdf33d91,internal,call,0.000517522096982 Ether,1,0x7e474fe5cfb720804860215f407111183cbc2f85,2
0xaf6de38ffc92e0d52857f864048d7af2f345a3cf,1525824728,5582524.0,OUT,0.0,0xebdf85aadcbd6fe76bee4403b133f31377e0587228eabc1a40d92dbd4a9ac9aa,internal,call,0.000457740635994 Ether,1,0x7e474fe5cfb720804860215f407111183cbc2f85,2
