address,age,block,direction,txFee,txhash,txn_type,type,value,Class,creator,inter_direction
0x8a883a20940870dc055f2070ac8ec847ed2d9918,1532846320,6051776.0,OUT,0.0,0xbf4a0ce39faa3c70f70dfce52ee2318ae36d9cf4100161d2da5871965dbcd47a,internal,call,0.534481658125572 Ether,1,0xc14f8469d4bb31c8e69fae9c16e262f45edc3635,2
0x8a883a20940870dc055f2070ac8ec847ed2d9918,1533346064,6086024.0,OUT,0.0,0x9da19765f696a041532bbab16b8d35d439ef27373c834153ec78b82ed1f28468,internal,call,0.536857102422374 Ether,1,0xc14f8469d4bb31c8e69fae9c16e262f45edc3635,2
