address,age,block,direction,txFee,txhash,txn_type,type,value,Class,creator,inter_direction
0x4e8ecf79ade5e2c49b9e30d795517a81e0bf00b8,1532723664,0.0,OUT,0.0,0x58db22575369c5fe760285f465337c3f9fe49f1fb9a72d004671804ee3e47392,internal,call,0.250062399794408 Ether,1,0xf39e044e1ab204460e06e87c6dca2c6319fc69e3,1
0x4e8ecf79ade5e2c49b9e30d795517a81e0bf00b8,1532740171,0.0,OUT,0.0,0xc6d8151bed3d8dbde6a07d6241e59e39f6827b6f0e805cc831753eee4c47566c,internal,call,0.095187486503454 Ether,1,0xf39e044e1ab204460e06e87c6dca2c6319fc69e3,2
