address,age,block,direction,txFee,txhash,txn_type,type,value,Class,creator,inter_direction
0xdf93cdb6dd65c6c28c78dcdc1762aa34caf81678,1541181708,6633108.0,OUT,0.0,0xc0e3574d016f59722b712b806207db6c2141e006e80034e06a00954cd5044761,internal,call,0.013184629629629 Ether,1,0xcc1ceb36cab5ada7fd0376b55602dd0d4b429c30,2
0xdf93cdb6dd65c6c28c78dcdc1762aa34caf81678,1540978288,6618813.0,OUT,0.0,0x50f906d9387b3d73dffde236dddd5cff4b729513b9dd3656b44da80c64823b29,internal,call,0.029073981481481 Ether,1,0xcc1ceb36cab5ada7fd0376b55602dd0d4b429c30,2
0xdf93cdb6dd65c6c28c78dcdc1762aa34caf81678,1540006364,6549980.0,OUT,0.0,0xb0328e81110a44443f0bd53d0a793070393079f63186860bd4ff2f184cd8b6d0,internal,call,0.005610759259259 Ether,1,0xcc1ceb36cab5ada7fd0376b55602dd0d4b429c30,2
0xdf93cdb6dd65c6c28c78dcdc1762aa34caf81678,1540313480,6568719.0,OUT,0.0,0xc4606af3a17824a3e5d941d22b599572a24ff5b2109f7868f2ed05d98a77f885,internal,call,0.012405361111111 Ether,1,0xcc1ceb36cab5ada7fd0376b55602dd0d4b429c30,2
0xdf93cdb6dd65c6c28c78dcdc1762aa34caf81678,1540572918,6587079.0,OUT,0.0,0x4c827c6725516f61cfb126db8afe73be09336a7cd3e37dca21b4d2b9e0b3ef70,internal,call,0.016815425925925 Ether,1,0xcc1ceb36cab5ada7fd0376b55602dd0d4b429c30,2
0xdf93cdb6dd65c6c28c78dcdc1762aa34caf81678,1540078883,6555154.0,OUT,0.0,0x0cdf36d74cf08a8441ada36e64a31cba454c206d3f1e5cb386c102a9fa1bd10d,internal,call,0.004700305555555 Ether,1,0xcc1ceb36cab5ada7fd0376b55602dd0d4b429c30,2
