address,age,block,direction,txFee,txhash,txn_type,type,value,Class,creator,inter_direction
0x8a883a20940870dc055f2070ac8ec847ed2d9918,1533614568,6101475.0,OUT,0.0,0x9db3d8da527fc16613d63ce742a46be20621e27e04dd223d53c89022c0ee893b,internal,call,0.016390804210784 Ether,1,0xc14f8469d4bb31c8e69fae9c16e262f45edc3635,2
0x8a883a20940870dc055f2070ac8ec847ed2d9918,1532334044,6016743.0,OUT,0.0,0xded6f0b79a3094cf6aefa7b753c333b1483eaa315dd84f25e51af5396dd3cf7a,internal,call,0.105823035146883 Ether,1,0xc14f8469d4bb31c8e69fae9c16e262f45edc3635,2
