address,age,block,direction,txFee,txhash,txn_type,type,value,Class,creator,inter_direction
0x4e8ecf79ade5e2c49b9e30d795517a81e0bf00b8,1535067617,6203861.0,OUT,0.0,0x0328eedd0e3cf1627aa89c59c0372915c2bfbbc67f0eb3ebe47bf56a4562be69,internal,call,0.086279669938238 Ether,1,0xf39e044e1ab204460e06e87c6dca2c6319fc69e3,1
0x4e8ecf79ade5e2c49b9e30d795517a81e0bf00b8,1535080513,6204761.0,OUT,0.0,0xd4bc9160cc5cd825c7ae9f3926ad4f237a1840bd9d14ef395b9699cbbf091f73,internal,call,0.008736479457724 Ether,1,0xf39e044e1ab204460e06e87c6dca2c6319fc69e3,2
0x4e8ecf79ade5e2c49b9e30d795517a81e0bf00b8,1535006612,6199704.0,OUT,0.0,0x3174f08404e98e19fabcfc091b11afa272fd09218c7af7aeaeeb6a34a447d56d,internal,call,0.004007961385612 Ether,1,0xf39e044e1ab204460e06e87c6dca2c6319fc69e3,1
0x4e8ecf79ade5e2c49b9e30d795517a81e0bf00b8,1532789214,6047748.0,OUT,0.0,0x79d2e5968010f6bd1b89657f47549a3e315b217009609a2674f9527f8a031f5f,internal,call,0.003030304278029 Ether,1,0xf39e044e1ab204460e06e87c6dca2c6319fc69e3,1
0x4e8ecf79ade5e2c49b9e30d795517a81e0bf00b8,1532774191,6046700.0,OUT,0.0,0xa864e4c8ed42895207a27668600626dad3d0b742034c9a30d85ff8ea4e248467,internal,call,0.000572356939454 Ether,1,0xf39e044e1ab204460e06e87c6dca2c6319fc69e3,1
