address,age,block,direction,txFee,txhash,txn_type,type,value,Class,creator,inter_direction
0xf00e5a59fde1cb2ead96a8be7711abc3f981e0f1,1537898987,0.0,OUT,0.0,0x0988fa62ede94462db05261472e36b73d2296898e04e65bb84e97620d8261a1e,internal,call,0.363888888888888 Ether,1,0x96bb98183e5562913e72613c1979d0a13f8ec76b,2
0xf00e5a59fde1cb2ead96a8be7711abc3f981e0f1,1537922457,0.0,OUT,0.0,0xc6c666bb745bc274fb4a39af413686c097c346dfdc59dbabf69f5243caafa7fc,internal,call,0.543055555555555 Ether,1,0x96bb98183e5562913e72613c1979d0a13f8ec76b,2
