address,age,block,direction,txFee,txhash,txn_type,type,value,Class,creator,inter_direction
0x4e8ecf79ade5e2c49b9e30d795517a81e0bf00b8,1532727272,0.0,OUT,0.0,0xeab158e3f10d21c6dee563215772fa3eb97d5a6f15b4e39e8ea89a4467e16fdb,internal,call,0.838474966135278 Ether,1,0xf39e044e1ab204460e06e87c6dca2c6319fc69e3,2
0x4e8ecf79ade5e2c49b9e30d795517a81e0bf00b8,1532714411,0.0,OUT,0.0,0xbb88b489cfeadec90e4b4f29b77e5b0ced47c4c908c3299afb34469e3718d08b,internal,call,2.155481008315965 Ether,1,0xf39e044e1ab204460e06e87c6dca2c6319fc69e3,2
