address,age,block,direction,txFee,txhash,txn_type,type,value,Class,creator,inter_direction
0x4e8ecf79ade5e2c49b9e30d795517a81e0bf00b8,1533397886,6089580.0,OUT,0.0,0x3ece8fd1a3e178ebc64a2a13e4af3f2ff82fab738caa5403190c69682afad311,internal,call,0.110631354696188 Ether,1,0xf39e044e1ab204460e06e87c6dca2c6319fc69e3,1
0x4e8ecf79ade5e2c49b9e30d795517a81e0bf00b8,1533560076,6100698.0,OUT,0.0,0xa113ec062e7481447f8c57213590495d8ba2628aed3ae6bbc38fe87662603948,internal,call,0.017507171731236 Ether,1,0xf39e044e1ab204460e06e87c6dca2c6319fc69e3,1
