address,age,block,direction,txFee,txhash,txn_type,type,value,Class,creator,inter_direction
0x8036165ccabee251c886d6121b047c16b5e798b5,1533150991,6072673.0,OUT,0.0,0x74357c435410f11b2367f429cfaad5826d9be1a94c355c51d47889007019a4ac,internal,call,1.2650740836262 Ether,1,0x4be640dcce08e68ede454202fbc59cf5f9e8ea1f,2
0x8036165ccabee251c886d6121b047c16b5e798b5,1532975962,6060710.0,OUT,0.0,0xd19f740e34b0b9530fbcfc6908e47e3b3a7157f027c487a74a29f2916bf6ef4f,internal,call,0.357409787977792 Ether,1,0x4be640dcce08e68ede454202fbc59cf5f9e8ea1f,2
0x8036165ccabee251c886d6121b047c16b5e798b5,1532894624,6055103.0,OUT,0.0,0x4d14527634b56ad52700edd2678414466f7cbc50c89a2031c515374e1dae4de8,internal,call,0.331676915242937 Ether,1,0x4be640dcce08e68ede454202fbc59cf5f9e8ea1f,2
