address,age,block,direction,txFee,txhash,txn_type,type,value,Class,creator,inter_direction
0x8a883a20940870dc055f2070ac8ec847ed2d9918,1532332740,6016643.0,OUT,0.0,0xdebb2f937f41d8cd5bd36a7448c46692f37d55bada0aa50adc17d3a7227577cc,internal,call,1.707794172303667 Ether,1,0xc14f8469d4bb31c8e69fae9c16e262f45edc3635,2
0x8a883a20940870dc055f2070ac8ec847ed2d9918,1533163230,0.0,OUT,0.0,0x6bb2a93427c1c2c2c63334ada88f9ac2045d2a821df50abdb986c73bcca4fe30,internal,call,1.796898500246025 Ether,1,0xc14f8469d4bb31c8e69fae9c16e262f45edc3635,2
0x8a883a20940870dc055f2070ac8ec847ed2d9918,1532561946,6032209.0,OUT,0.0,0x5db966b07fb8713e2d1c2eb2c953ed40e9f8f40b7f56edf0d985997e6dd77fd8,internal,call,0.36989452250506 Ether,1,0xc14f8469d4bb31c8e69fae9c16e262f45edc3635,2
