address,age,block,direction,txFee,txhash,txn_type,type,value,Class,creator,inter_direction
0x7b307c1f0039f5d38770e15f8043b3dd26da5e8f,1539805917,6535845.0,OUT,0.0,0xb39b3d9fa11396277adb0b68ec8beddc36b322c2a053de28203385d9c65356cd,internal,call,1.039067796610169 Ether,1,0xe1f3294e25bb72a2fb53addb82aa1a033797e6e3,2
0x7b307c1f0039f5d38770e15f8043b3dd26da5e8f,1540234335,0.0,OUT,0.0,0xdcbed0c563313c29574868c87c2abd93e80d58c78a080ddf3a08a03df6bc634f,internal,call,0.234915254237288 Ether,1,0xe1f3294e25bb72a2fb53addb82aa1a033797e6e3,2
0x7b307c1f0039f5d38770e15f8043b3dd26da5e8f,1539460860,6511323.0,OUT,0.0,0xfa5b0ee0f7b4ee917340f5e1ac7c2fdacb3f29c259b06a5421240774a77bb3c7,internal,call,1.057542372881355 Ether,1,0xe1f3294e25bb72a2fb53addb82aa1a033797e6e3,2
0x7b307c1f0039f5d38770e15f8043b3dd26da5e8f,1540264949,0.0,OUT,0.0,0xbd83ddab5d5d7c447346a79abeba329375fbae1406fbc4abe7220288364d2522,internal,call,0.05593220338983 Ether,1,0xe1f3294e25bb72a2fb53addb82aa1a033797e6e3,2
0x7b307c1f0039f5d38770e15f8043b3dd26da5e8f,1538778764,6462590.0,OUT,0.0,0xb80653342ae56ab653eba0fd1114dada7c02e51a4e5c7fbb5382ba6c0359dbee,internal,call,1.077161016949152 Ether,1,0xe1f3294e25bb72a2fb53addb82aa1a033797e6e3,2
0x7b307c1f0039f5d38770e15f8043b3dd26da5e8f,1540246618,6567035.0,OUT,0.0,0x99b59281874db57277d4e94b13608267b6ff24963c7ab4e6f48c7aa602c2bb74,internal,call,0.037161016949152 Ether,1,0xe1f3294e25bb72a2fb53addb82aa1a033797e6e3,1
0x7b307c1f0039f5d38770e15f8043b3dd26da5e8f,1540062707,6554005.0,OUT,0.0,0x9123358d42ec7b585f7f697e9e4009288e7760d05ffdf5e28d412b3084accad0,internal,call,0.769491525423728 Ether,1,0xe1f3294e25bb72a2fb53addb82aa1a033797e6e3,1
0x7b307c1f0039f5d38770e15f8043b3dd26da5e8f,1540155769,6560614.0,OUT,0.0,0xabb2b42b4db168cced648f4a8c0e823480afe952d6ad44a61d26959b9934754b,internal,call,0.280042372881355 Ether,1,0xe1f3294e25bb72a2fb53addb82aa1a033797e6e3,1
0x7b307c1f0039f5d38770e15f8043b3dd26da5e8f,1539110769,0.0,OUT,0.0,0xd96cbf8f961cb2e773fe16f4bfdea9f2e0917c55ad569fb5d1e55e9c508e05eb,internal,call,1.007415254237288 Ether,1,0xe1f3294e25bb72a2fb53addb82aa1a033797e6e3,2
