address,age,block,direction,txFee,txhash,txn_type,type,value,Class,creator,inter_direction
0xf8f04b23dace12841343ecf0e06124354515cc42,1540719785,0.0,OUT,0.0,0xdf5cd83d25befb16bbc9434fbbdf11f7d8333e75c943525dca048c9fc7e646f0,internal,call,0.010908832542965 Ether,1,0xd06eda1e2c651d8968a3ff8acfe263785445b1ad,2
0xf8f04b23dace12841343ecf0e06124354515cc42,1540719785,0.0,OUT,0.0,0xc8fe26da93ca65b61f4a4278ce809614e042999096d12cb338139d6f802df771,internal,call,0.001191167457034 Ether,1,0xd06eda1e2c651d8968a3ff8acfe263785445b1ad,2
