address,age,block,direction,txFee,txhash,txn_type,type,value,Class,creator,inter_direction
0xe1c9a03cf690256ff7738cbd508c88cf5238a535,1523007517,5392374.0,OUT,0.0,0x8dd3cd369f052b7f3b903c13b6e2d7cebcc59400e47e8021c0e6b551b328d792,internal,call,0.143763813486751 Ether,1,0xc84c18a88789dba5b0ca9c13973435bbce7e961d,2
0xe1c9a03cf690256ff7738cbd508c88cf5238a535,1523203426,5403112.0,OUT,0.0,0x641c79b4266144168a5fa829e1a56fb5ce541ad6ec2f64207f5edda62810a376,internal,call,0.01291049936028 Ether,1,0xc84c18a88789dba5b0ca9c13973435bbce7e961d,2
0xe1c9a03cf690256ff7738cbd508c88cf5238a535,1523106217,5399307.0,OUT,0.0,0x98c808e528d6fbdcf599696345622cf9d0fe5df86bd91f70956253a8fcc61271,internal,call,0.031146885455077 Ether,1,0xc84c18a88789dba5b0ca9c13973435bbce7e961d,2
0xe1c9a03cf690256ff7738cbd508c88cf5238a535,1523273261,5410961.0,OUT,0.0,0x54758ffa6fdc908626269bc9b790afde4f4d0530824e6ba8edd7e5e3020e7f86,internal,call,0.101271540469572 Ether,1,0xc84c18a88789dba5b0ca9c13973435bbce7e961d,2
