address,age,block,direction,txFee,txhash,txn_type,type,value,Class,creator,inter_direction
0xaf6de38ffc92e0d52857f864048d7af2f345a3cf,1532358325,6018404.0,OUT,0.0,0x5edf34afef632142c04e53ba9205f5f7fb7859545d406df8b50985c527f491ea,internal,call,0.000933364669857 Ether,1,0x7e474fe5cfb720804860215f407111183cbc2f85,2
0xaf6de38ffc92e0d52857f864048d7af2f345a3cf,1525844951,5583866.0,OUT,0.0,0x662114aecfcc787fcd96f88b4373fbffa4ba4f1036d5a049714ea2f3d1c41b04,internal,call,0.779769625490709 Ether,1,0x7e474fe5cfb720804860215f407111183cbc2f85,2
0xaf6de38ffc92e0d52857f864048d7af2f345a3cf,1525833518,5583092.0,OUT,0.0,0x19b1854562b8fe67e56c297c501a22614065faf4c1b9fa2475d216d05a8ac3f6,internal,call,0.024337041640939 Ether,1,0x7e474fe5cfb720804860215f407111183cbc2f85,2
0xaf6de38ffc92e0d52857f864048d7af2f345a3cf,1525816316,5581994.0,OUT,0.0,0x06e22c04097b903a72b7190fbe440974141ea14ce1509262821c7adca3350326,internal,call,0.031320896790249 Ether,1,0x7e474fe5cfb720804860215f407111183cbc2f85,2
0xaf6de38ffc92e0d52857f864048d7af2f345a3cf,1525807174,5581372.0,OUT,0.0,0xe1c20c127b46ba007840f28c95eb7ba9985e97e3b8e39a5532e43e7ca3b778c0,internal,call,0.03311618283489 Ether,1,0x7e474fe5cfb720804860215f407111183cbc2f85,2
0xaf6de38ffc92e0d52857f864048d7af2f345a3cf,1525612376,5568365.0,OUT,0.0,0x1a5826bc39677907e376f3af0693315defe3dccc379215d89bbb7e675eabf9ff,internal,call,0.013503596280623 Ether,1,0x7e474fe5cfb720804860215f407111183cbc2f85,2
0xaf6de38ffc92e0d52857f864048d7af2f345a3cf,1525539680,5563488.0,OUT,0.0,0x3b663c227741ce25a46ac13f7a63154b3fcaa7d4f75218865ca90e516527d155,internal,call,0.080685023777111 Ether,1,0x7e474fe5cfb720804860215f407111183cbc2f85,2
0xaf6de38ffc92e0d52857f864048d7af2f345a3cf,1525634277,5569829.0,OUT,0.0,0x48b8e6b07425a8b841ae4703774b1fd3340b5ac4391181705c4dd8b5b85102eb,internal,call,0.011510806208491 Ether,1,0x7e474fe5cfb720804860215f407111183cbc2f85,2
0xaf6de38ffc92e0d52857f864048d7af2f345a3cf,1525629209,5569499.0,OUT,0.0,0xa5f06ba1b07a186df215dd3b43391ac336edd8cdbbcfb0a6eef31fe55401be53,internal,call,0.028244979323103 Ether,1,0x7e474fe5cfb720804860215f407111183cbc2f85,2
