address,age,block,direction,txFee,txhash,txn_type,type,value,Class,creator,inter_direction
0xb547027a4ccd46ec98199fa88aaedf5aa981db26,1537978526,6402913.0,OUT,0.0,0x2b46e7e12a881cab6d656610710cd5966338f24d81463aee5194da8efada73c8,internal,call,0.0229865625 Ether,1,0xaf9c025ce6322a23ac00301c714f4f42895c9818,1
0xb547027a4ccd46ec98199fa88aaedf5aa981db26,1537943692,0.0,OUT,0.0,0x210a50444376648f1d528ee90ec763f8c76c6e6b62f4d9bea92c5fbdeef7a9f4,internal,call,0.0000515625 Ether,1,0xaf9c025ce6322a23ac00301c714f4f42895c9818,1
0xb547027a4ccd46ec98199fa88aaedf5aa981db26,1537943392,6403476.0,OUT,0.0,0x13fe3c0600b6fca86aef29b0f5a064fa498b146afdb6ed95f076b8907d965e22,internal,call,0.001381875 Ether,1,0xaf9c025ce6322a23ac00301c714f4f42895c9818,1
