address,age,block,direction,txFee,txhash,txn_type,type,value,Class,creator,inter_direction
0xb10ea0d397db942a1083a4af9c6074ab63bc8c8b,1540186968,0.0,OUT,0.0,0x279faeea22d3d9dde447dfb7d07a7b0f4c154a0fe262640847eaff44cd448f8f,internal,call,0.001657762711864 Ether,1,0x65b041db3135ed5f76d9486aa56f8ca5dc9a3f5e,1
0xb10ea0d397db942a1083a4af9c6074ab63bc8c8b,1540963407,6617760.0,OUT,0.0,0x55732537547fc774f3635b80129f539c732ccabffe7127a99d9884417e4b088f,internal,call,0.005266711864406 Ether,1,0x65b041db3135ed5f76d9486aa56f8ca5dc9a3f5e,1
0xb10ea0d397db942a1083a4af9c6074ab63bc8c8b,1541263270,6635829.0,OUT,0.0,0xe4c44466e0567bb1deead69c0de1789749d72e331035547264f4aa60ca60f0ae,internal,call,0.003973423728813 Ether,1,0x65b041db3135ed5f76d9486aa56f8ca5dc9a3f5e,2
0xb10ea0d397db942a1083a4af9c6074ab63bc8c8b,1541012360,6621177.0,OUT,0.0,0x05146c9a3e8588304c8401d27336fd84ae227d586f76a184244f2166c6cdbe4b,internal,call,0.000926644067796 Ether,1,0x65b041db3135ed5f76d9486aa56f8ca5dc9a3f5e,1
0xb10ea0d397db942a1083a4af9c6074ab63bc8c8b,1540361793,6575183.0,OUT,0.0,0xeaeb59823b5be0e4ee14b478af48c7d9eb82d4c2e6fe98f38c4a664ce5d09e43,internal,call,0.001729627118644 Ether,1,0x65b041db3135ed5f76d9486aa56f8ca5dc9a3f5e,2
0xb10ea0d397db942a1083a4af9c6074ab63bc8c8b,1540688769,6598339.0,OUT,0.0,0x2a7d48c711e031bf51a8105fc7ce03c796d7153eba379ca6c90aeb2ae02a6268,internal,call,0.006279593220338 Ether,1,0x65b041db3135ed5f76d9486aa56f8ca5dc9a3f5e,1
0xb10ea0d397db942a1083a4af9c6074ab63bc8c8b,1540271671,6568805.0,OUT,0.0,0x40da888da63e6b0eb3032e808dfb41e57812ac83829be79c5397878ed421711d,internal,call,0.001629830508474 Ether,1,0x65b041db3135ed5f76d9486aa56f8ca5dc9a3f5e,1
