address,age,block,direction,txFee,txhash,txn_type,type,value,Class,creator,inter_direction
0x8a883a20940870dc055f2070ac8ec847ed2d9918,1532329008,6016390.0,OUT,0.0,0xadf53f22444fbc1894acad1f312efa9871fe6c6f55ede3d3d7d7d66e503fc948,internal,call,2.107303230389976 Ether,1,0xc14f8469d4bb31c8e69fae9c16e262f45edc3635,2
0x8a883a20940870dc055f2070ac8ec847ed2d9918,1532299446,0.0,OUT,0.0,0x533dc3ab9cd0051de86ed34fe7e5da789908e875e4113158b58881905b920ca4,internal,call,4.72627669162095 Ether,1,0xc14f8469d4bb31c8e69fae9c16e262f45edc3635,2
0x8a883a20940870dc055f2070ac8ec847ed2d9918,1532413368,6022079.0,OUT,0.0,0x7d1f4b908e42d2a868b1807dc3d2bf397fbbf00e9b7c5f49e788f9e79c6da790,internal,call,0.569986214133157 Ether,1,0xc14f8469d4bb31c8e69fae9c16e262f45edc3635,2
0x8a883a20940870dc055f2070ac8ec847ed2d9918,1533163622,6073527.0,OUT,0.0,0x21d1d3a2eb42dd8ee9082c12e4b816a83dbd4106a2f1953ebbc376bb1354d4f8,internal,call,3.066791522407104 Ether,1,0xc14f8469d4bb31c8e69fae9c16e262f45edc3635,2
0x8a883a20940870dc055f2070ac8ec847ed2d9918,1532546848,6031174.0,OUT,0.0,0x07d71fdf51a8ffd60bfe25951f2ba651b444ae93e199a0fac12a2e5ab333dfcf,internal,call,0.121856952119045 Ether,1,0xc14f8469d4bb31c8e69fae9c16e262f45edc3635,2
0x8a883a20940870dc055f2070ac8ec847ed2d9918,1532294093,6014060.0,OUT,0.0,0xf83430ebfe15a7ca939a68a7732ff4ae73548dd528b20288b605dbbd405f626d,internal,call,15.88622086606516 Ether,1,0xc14f8469d4bb31c8e69fae9c16e262f45edc3635,2
0x8a883a20940870dc055f2070ac8ec847ed2d9918,1532751155,6042156.0,OUT,0.0,0x62011bc9f4402e50d1aa45d58597a0f2892a21c3121fd1d2213490911bd16d8e,internal,call,0.042759299792777 Ether,1,0xc14f8469d4bb31c8e69fae9c16e262f45edc3635,2
