address,age,block,direction,txFee,txhash,txn_type,type,value,Class,creator,inter_direction
0xaf6de38ffc92e0d52857f864048d7af2f345a3cf,1525542559,5563683.0,OUT,0.0,0xd99101373ed331a6550c3d5f60f5ccaaa9e66cf73e72c47f774166b383362691,internal,call,0.109634843194138 Ether,1,0x7e474fe5cfb720804860215f407111183cbc2f85,2
0xaf6de38ffc92e0d52857f864048d7af2f345a3cf,1525580142,5563312.0,OUT,0.0,0x2203d95981d0003817a6dc5fd2b9527dde764487c3374284d87f0f531c82a572,internal,call,0.003826757672548 Ether,1,0x7e474fe5cfb720804860215f407111183cbc2f85,2
