address,age,block,direction,txFee,txhash,txn_type,type,value,Class,creator,inter_direction
0x9b5bbb16a7a68660f6503eff6c8e3159820d6396,1540153596,6560471.0,OUT,0.0,0x6f1c9d12ac8eb859c7f2db18c7ed274246980370422f85b5a6e6b172e9a28ec6,internal,call,0.31875 Ether,1,0xdacca760db181e54d96b9a061acc0d2d48a05593,2
0x9b5bbb16a7a68660f6503eff6c8e3159820d6396,1540511300,6585801.0,OUT,0.0,0xd3771cb1ac7a933595ee8c8eb8ed4eb9acf2252bc6e4ad5fad0b3baf71a9d0de,internal,call,0.255 Ether,1,0xdacca760db181e54d96b9a061acc0d2d48a05593,2
0x9b5bbb16a7a68660f6503eff6c8e3159820d6396,1539261065,6497063.0,OUT,0.0,0x6dcd3377b683b39579f74a2f3ea3757c09055744686cdec7975943408e292e69,internal,call,0.255 Ether,1,0xdacca760db181e54d96b9a061acc0d2d48a05593,2
0x9b5bbb16a7a68660f6503eff6c8e3159820d6396,1539721368,6529831.0,OUT,0.0,0x2dd9b161f06757389ceb6f328740fa56e26a9cb34f4d33e1e2471d3936fb5fa4,internal,call,0.31875 Ether,1,0xdacca760db181e54d96b9a061acc0d2d48a05593,2
0x9b5bbb16a7a68660f6503eff6c8e3159820d6396,1540598144,6591952.0,OUT,0.0,0x626d24dfc4a95f885172ae20079836f37f756b6c066fecfa904eb5f2890bedf3,internal,call,0.06375 Ether,1,0xdacca760db181e54d96b9a061acc0d2d48a05593,2
