address,age,block,direction,txFee,txhash,txn_type,type,value,Class,creator,inter_direction
0x4e8ecf79ade5e2c49b9e30d795517a81e0bf00b8,1533227350,0.0,OUT,0.0,0x042ca049e2a60a4daa5d1c197763d32df6f64b364dfb7bf2709048b5035baf79,internal,call,0.619637895969035 Ether,1,0xf39e044e1ab204460e06e87c6dca2c6319fc69e3,1
0x4e8ecf79ade5e2c49b9e30d795517a81e0bf00b8,1533114276,6070126.0,OUT,0.0,0xe62d93267327b9e480a6fed6d4ced0c6a126fbdee6a6f8818a4bfe7ff6e4b582,internal,call,0.669747195954595 Ether,1,0xf39e044e1ab204460e06e87c6dca2c6319fc69e3,2
0x4e8ecf79ade5e2c49b9e30d795517a81e0bf00b8,1533066639,6066928.0,OUT,0.0,0xb5b861dec2d92b8132ea25342728b1bd06a9f2f058fe0180bc896ac9756cac9d,internal,call,0.914468596447827 Ether,1,0xf39e044e1ab204460e06e87c6dca2c6319fc69e3,2
0x4e8ecf79ade5e2c49b9e30d795517a81e0bf00b8,1533092244,6068597.0,OUT,0.0,0x7e1c4f28861e50433197b75c3e575c4b12a606f1f90f2de20f58eeb33d179d3e,internal,call,0.201282293712725 Ether,1,0xf39e044e1ab204460e06e87c6dca2c6319fc69e3,1
0x4e8ecf79ade5e2c49b9e30d795517a81e0bf00b8,1533137685,0.0,OUT,0.0,0x4eb348f9bcf0bc7069a45b8bb17e3e2e9c2e4be236fc1bde1700321828e30043,internal,call,0.752181307702978 Ether,1,0xf39e044e1ab204460e06e87c6dca2c6319fc69e3,1
0x4e8ecf79ade5e2c49b9e30d795517a81e0bf00b8,1533129436,6071141.0,OUT,0.0,0xce6557470cacb6face283e877c990cb6296651e315053dc0507deca54eaa71da,internal,call,0.951449821614287 Ether,1,0xf39e044e1ab204460e06e87c6dca2c6319fc69e3,2
