address,age,block,direction,txFee,txhash,txn_type,type,value,Class,creator,inter_direction
0x8036165ccabee251c886d6121b047c16b5e798b5,1523009186,0.0,OUT,0.0,0xc0147b77de0b6227f45f5aab53d586fd862f4f48005377c36e67ae9d407cef8f,internal,call,0.038579504017492 Ether,1,0x4be640dcce08e68ede454202fbc59cf5f9e8ea1f,2
0x8036165ccabee251c886d6121b047c16b5e798b5,1523009281,5392507.0,OUT,0.0,0x16c69ca656cc632a132983f2c376ccf93d35acf5563f1186a93dcafe624fc303,internal,call,1.497528309461769 Ether,1,0x4be640dcce08e68ede454202fbc59cf5f9e8ea1f,2
