address,age,block,direction,txFee,txhash,txn_type,type,value,Class,creator,inter_direction
0x8a883a20940870dc055f2070ac8ec847ed2d9918,1533353877,6086573.0,OUT,0.0,0xf62b681c94dfa3dbe70f9a3a91bc232fe846605d5483511e85922e20ef02ab5e,internal,call,0.052937327032764 Ether,1,0xc14f8469d4bb31c8e69fae9c16e262f45edc3635,2
0x8a883a20940870dc055f2070ac8ec847ed2d9918,1532609910,6035407.0,OUT,0.0,0x33148d3763d62b4ce2af3697b5b993fa67f21197b09baa55ba44c401d8ceffa0,internal,call,0.023827768295809 Ether,1,0xc14f8469d4bb31c8e69fae9c16e262f45edc3635,2
