address,age,block,direction,txFee,txhash,txn_type,type,value,Class,creator,inter_direction
0x7b307c1f0039f5d38770e15f8043b3dd26da5e8f,1539807073,6535925.0,OUT,0.0,0x8c61b2de69c2de6bf86690132a2e753810cd0338bbd5cb8f0864ebd7e7321626,internal,call,0.029347796610169 Ether,1,0xe1f3294e25bb72a2fb53addb82aa1a033797e6e3,1
0x7b307c1f0039f5d38770e15f8043b3dd26da5e8f,1540234978,6566192.0,OUT,0.0,0xe2a781674b11378ba39db56f8c9ac87b2d4f4fd6eff8714cf1b725b4aa4a3758,internal,call,0.025688813559322 Ether,1,0xe1f3294e25bb72a2fb53addb82aa1a033797e6e3,2
0x7b307c1f0039f5d38770e15f8043b3dd26da5e8f,1539633393,6523608.0,OUT,0.0,0x4d911538b518f2496521101d0d6042687e59b9c5d331ea782da8dcb618e0698f,internal,call,0.116902372881355 Ether,1,0xe1f3294e25bb72a2fb53addb82aa1a033797e6e3,1
0x7b307c1f0039f5d38770e15f8043b3dd26da5e8f,1539287574,6498975.0,OUT,0.0,0xf401b97d02120f11350a77a3434d12cc62fbdd1f550503215d9940170a1c585f,internal,call,0.029276610169491 Ether,1,0xe1f3294e25bb72a2fb53addb82aa1a033797e6e3,2
0x7b307c1f0039f5d38770e15f8043b3dd26da5e8f,1539200901,6492806.0,OUT,0.0,0xf17b68d17649a37442a7dde2bfb31e6bfea0ad6c1d3285b90701bf2a2862bd7f,internal,call,0.000023728813559 Ether,1,0xe1f3294e25bb72a2fb53addb82aa1a033797e6e3,2
0x7b307c1f0039f5d38770e15f8043b3dd26da5e8f,1539200871,6492801.0,OUT,0.0,0x3651c2d16bea819b6c6a5c0ad419eadac2e11c883e127395b14261ca287ab887,internal,call,0.029271864406779 Ether,1,0xe1f3294e25bb72a2fb53addb82aa1a033797e6e3,1
0x7b307c1f0039f5d38770e15f8043b3dd26da5e8f,1539114234,6486633.0,OUT,0.0,0xf2a3dcc8b8e2e51dce3e6c85fbd34e3a94e1c4b4b4298c11f8df3b6f5fc5a29b,internal,call,0.029262372881355 Ether,1,0xe1f3294e25bb72a2fb53addb82aa1a033797e6e3,2
0x7b307c1f0039f5d38770e15f8043b3dd26da5e8f,1539719924,6529741.0,OUT,0.0,0x788d18f6119e6b6507dd1e0c7463d2f52141eeacd1b58350fdc222344c0ff3f0,internal,call,0.029105762711864 Ether,1,0xe1f3294e25bb72a2fb53addb82aa1a033797e6e3,1
0x7b307c1f0039f5d38770e15f8043b3dd26da5e8f,1540158079,6560779.0,OUT,0.0,0x7d6f2288fb4cde8f14214c925377b696b4b87e9d6f3d49c6d25405bd41b87945,internal,call,0.117951186440677 Ether,1,0xe1f3294e25bb72a2fb53addb82aa1a033797e6e3,1
