address,age,block,direction,txFee,txhash,txn_type,type,value,Class,creator,inter_direction
0x964f35fae36d75b1e72770e244f6595b68508cf5,1524910386,5521896.0,OUT,0.0,0x368274f94e15691de0435ac029b3c66726b5a65bdd01896f7b8bff0049f389b2,internal,call,3.842943025367977 Ether,0,0x8007ce15acda724689760b4ba493d4766f973649,2
0x964f35fae36d75b1e72770e244f6595b68508cf5,1524698942,5507872.0,OUT,0.0,0x2af3698e6cf959d5ce0c141e6eebbc8c5fbbdaea4643e1b4baa03fdd352ad9b1,internal,call,5.1533885616966 Ether,0,0x8007ce15acda724689760b4ba493d4766f973649,2
0x964f35fae36d75b1e72770e244f6595b68508cf5,1524698767,5507861.0,OUT,0.0,0xd8dcdd93b5689ae9d81e661480e9d35ba4cef82c5df361bc739bf948de7deb79,internal,call,5.2337532956022 Ether,0,0x8007ce15acda724689760b4ba493d4766f973649,2
0x964f35fae36d75b1e72770e244f6595b68508cf5,1519700797,5165027.0,OUT,0.0,0x2552cdf1f1194beef6973b044a51b7092e54ef9af7abd624527613ff58bd6ea5,internal,call,0.115823687305257 Ether,0,0x8007ce15acda724689760b4ba493d4766f973649,2
