address,age,block,direction,txFee,txhash,txn_type,type,value,Class,creator,inter_direction
0x4e8ecf79ade5e2c49b9e30d795517a81e0bf00b8,1532845820,0.0,OUT,0.0,0xc1bb3815d56c36aebcf6dac725cbe64ff3b998b391594a7f81a713291e416b71,internal,call,1.036943266649078 Ether,1,0xf39e044e1ab204460e06e87c6dca2c6319fc69e3,2
0x4e8ecf79ade5e2c49b9e30d795517a81e0bf00b8,1532721702,0.0,OUT,0.0,0x9939f5d75de045bfc4f9b44e11fb487c7f933993793e3c29536f922666c86a07,internal,call,18.65776090628628 Ether,1,0xf39e044e1ab204460e06e87c6dca2c6319fc69e3,1
