address,age,block,direction,txFee,txhash,txn_type,type,value,Class,creator,inter_direction
0xb547027a4ccd46ec98199fa88aaedf5aa981db26,1538015196,6408539.0,OUT,0.0,0x99ba56c5f33b885aa589fa201f4fa847de111e7dafcf878ea1073a1855f8441d,internal,call,0.003028410142513 Ether,1,0xaf9c025ce6322a23ac00301c714f4f42895c9818,1
0xb547027a4ccd46ec98199fa88aaedf5aa981db26,1538001953,6407619.0,OUT,0.0,0xb02dc8e589e4daba5a44669d128f403563232fc500a2b907be4b2e3d83c7e70b,internal,call,0.053346609433505 Ether,1,0xaf9c025ce6322a23ac00301c714f4f42895c9818,1
