address,age,block,direction,txFee,txhash,txn_type,type,value,Class,creator,inter_direction
0x964f35fae36d75b1e72770e244f6595b68508cf5,1530526665,5893843.0,OUT,0.0,0x61e3c8f064b3fc723b2ecbd727cd7dc1ef6bedbd4e2621eca39da7f0ea7d4bf1,internal,call,0.278883274322564 Ether,0,0x8007ce15acda724689760b4ba493d4766f973649,2
0x964f35fae36d75b1e72770e244f6595b68508cf5,1530025616,5859999.0,OUT,0.0,0x3fdeec1766b042f806f52b8c060939fac5806ad788a45c852efc70fa3a14320e,internal,call,0.11243215007 Ether,0,0x8007ce15acda724689760b4ba493d4766f973649,2
0x964f35fae36d75b1e72770e244f6595b68508cf5,1530350470,5881841.0,OUT,0.0,0x19be4fb15641909ee16a1429811df67336ea2ba213bf814def9712ac4f399cd5,internal,call,0.66448688108 Ether,0,0x8007ce15acda724689760b4ba493d4766f973649,2
0x964f35fae36d75b1e72770e244f6595b68508cf5,1529831015,5847107.0,OUT,0.0,0xf3baf593ac405e72f62712171669a5d07321a4a8d20c7ac2ad84deeebc0dcc34,internal,call,0.877086859667035 Ether,0,0x8007ce15acda724689760b4ba493d4766f973649,2
