address,age,block,direction,txFee,txhash,txn_type,type,value,Class,creator,inter_direction
0x4e8ecf79ade5e2c49b9e30d795517a81e0bf00b8,1535047242,0.0,OUT,0.0,0x57d1c724075ff9b9cc523cf2353b3d274529097459ca7400adedc07680780bfc,internal,call,0.011200540282133 Ether,1,0xf39e044e1ab204460e06e87c6dca2c6319fc69e3,1
0x4e8ecf79ade5e2c49b9e30d795517a81e0bf00b8,1535052482,6202821.0,OUT,0.0,0x3e92145dc600102bbf18cccea6ef19f7ad849eee075be3d28b4abf591a7d7f9c,internal,call,0.007554844227786 Ether,1,0xf39e044e1ab204460e06e87c6dca2c6319fc69e3,1
0x4e8ecf79ade5e2c49b9e30d795517a81e0bf00b8,1532722879,0.0,OUT,0.0,0xf28b3a0eebd9fe166bf782ab78731f82e886fccd3e63d8b8d7dadbeb2d7d9110,internal,call,0.727073736645399 Ether,1,0xf39e044e1ab204460e06e87c6dca2c6319fc69e3,2
