address,age,block,direction,txFee,txhash,txn_type,type,value,Class,creator,inter_direction
0xe1c9a03cf690256ff7738cbd508c88cf5238a535,1523020670,5393290.0,OUT,0.0,0x94504275a95b7516688678fec1575acff232502a0d29e98bf7ca498ca43627b8,internal,call,0.000447786671427 Ether,1,0xc84c18a88789dba5b0ca9c13973435bbce7e961d,2
0xe1c9a03cf690256ff7738cbd508c88cf5238a535,1523020629,5393282.0,OUT,0.0,0x0258f20fe76779b8fc12eae1ca11bdb2d34dc8bc7131968bc6602a005ad12786,internal,call,0.045243969393024 Ether,1,0xc84c18a88789dba5b0ca9c13973435bbce7e961d,2
0xe1c9a03cf690256ff7738cbd508c88cf5238a535,1523018130,5393123.0,OUT,0.0,0x0ec6aedaf7edc8d5b71fc9bbee2f97b3500d625e48ef5727715b4a81a92cc4f5,internal,call,0.009909627170863 Ether,1,0xc84c18a88789dba5b0ca9c13973435bbce7e961d,2
0xe1c9a03cf690256ff7738cbd508c88cf5238a535,1522935210,5387293.0,OUT,0.0,0xf5cf9cd67728740e4cf6f22ca1f6b3eebb1e4db804cfa1774d0e957554788708,internal,call,0.020231663794645 Ether,1,0xc84c18a88789dba5b0ca9c13973435bbce7e961d,2
0xe1c9a03cf690256ff7738cbd508c88cf5238a535,1522966534,5389563.0,OUT,0.0,0x6cb96b9191615670844cc78de47cc909cca1104a25c6b45306ab71b893dc9a70,internal,call,0.020035879441374 Ether,1,0xc84c18a88789dba5b0ca9c13973435bbce7e961d,2
0xe1c9a03cf690256ff7738cbd508c88cf5238a535,1522986017,5390876.0,OUT,0.0,0xbabe291b1197c2bed1a5157eed6bd67165916048790deaa2a464e86201906143,internal,call,0.005330807536582 Ether,1,0xc84c18a88789dba5b0ca9c13973435bbce7e961d,2
