address,age,block,direction,txFee,txhash,txn_type,type,value,Class,creator,inter_direction
0xbeefd8fb3b5778f99e021afa2e41e0614af6af11,1540979575,6618902.0,OUT,0.0,0x1aa19b5783d756dec083f421c151f07506fb4d08ad2d72c9de4738cd6c3ec2a3,internal,call,0.031484557377049 Ether,1,0x300758881bf3756b6cb5b2e96f545d7b3566ce3a,1
0xbeefd8fb3b5778f99e021afa2e41e0614af6af11,1540502600,6585208.0,OUT,0.0,0xb690729b8a55605e38c1d36b0440fce1b0f4a22f6b86a05cd288803e30cdf9b7,internal,call,0.00815006557377 Ether,1,0x300758881bf3756b6cb5b2e96f545d7b3566ce3a,2
0xbeefd8fb3b5778f99e021afa2e41e0614af6af11,1541575592,6660888.0,OUT,0.0,0x5f15b2d9cc605934eb3f63b090799dcc0657d2795928dfc71768cbe87c0efa72,internal,call,0.032694016393442 Ether,1,0x300758881bf3756b6cb5b2e96f545d7b3566ce3a,1
0xbeefd8fb3b5778f99e021afa2e41e0614af6af11,1540379706,6576486.0,OUT,0.0,0x9d7040295900f64d7ce804a405005ed1cdeeaf5fd1e506f78b188a5c02e99e01,internal,call,0.005648606557377 Ether,1,0x300758881bf3756b6cb5b2e96f545d7b3566ce3a,1
0xbeefd8fb3b5778f99e021afa2e41e0614af6af11,1541908773,6684442.0,OUT,0.0,0xd1409c59835c45986cf2298849e4d36d90f0d3b1e87eb2f43b694ddf331c74e0,internal,call,0.018341229508196 Ether,1,0x300758881bf3756b6cb5b2e96f545d7b3566ce3a,2
