address,age,block,direction,txFee,txhash,txn_type,type,value,Class,creator,inter_direction
0x8a883a20940870dc055f2070ac8ec847ed2d9918,1532333753,0.0,OUT,0.0,0x422957ec21fa0be8022d1f50e8739c13b0bf20f9aefa21fd2936406743fbb14a,internal,call,0.107889342913049 Ether,1,0xc14f8469d4bb31c8e69fae9c16e262f45edc3635,2
0x8a883a20940870dc055f2070ac8ec847ed2d9918,1533181106,6074702.0,OUT,0.0,0x9d2e8cf3ba15d3eef65d6bf752202425968326358927a26f4392943347f37f49,internal,call,0.041650081831077 Ether,1,0xc14f8469d4bb31c8e69fae9c16e262f45edc3635,2
