address,age,block,direction,txFee,txhash,txn_type,type,value,Class,creator,inter_direction
0xf00e5a59fde1cb2ead96a8be7711abc3f981e0f1,1537944973,6403601.0,OUT,0.0,0xe13abc14cfcfd6e53e593e7900d665c6d0057152239dc838f7af5617bed21b47,internal,call,0.053472222222222 Ether,1,0x96bb98183e5562913e72613c1979d0a13f8ec76b,2
0xf00e5a59fde1cb2ead96a8be7711abc3f981e0f1,1537978905,0.0,OUT,0.0,0x8a7c7ba7cf61dc9def7db910ba675e64371fe4e89bdbbe8d32cd63ab3ec67d1b,internal,call,0.009236111111111 Ether,1,0x96bb98183e5562913e72613c1979d0a13f8ec76b,2
0xf00e5a59fde1cb2ead96a8be7711abc3f981e0f1,1537927728,0.0,OUT,0.0,0x4b41ece7af404b0d7fec4218e29cf1b3b9aece3a0cd65997905e98abcdb1b1ed,internal,call,0.085833333333333 Ether,1,0x96bb98183e5562913e72613c1979d0a13f8ec76b,2
