address,age,block,direction,txFee,txhash,txn_type,type,value,Class,creator,inter_direction
0x9a9de4897646951fb7150cd41d8ed30ba3080237,1538187852,6420701.0,OUT,0.0,0x3fd6857e5824660d5d791fe353e292587b90a1eff89c3bb9e8cf14e24f3f5690,internal,call,0.078038194444444 Ether,1,0xbfb297616ffa0124a288e212d1e6df5299c9f8d0,2
0x9a9de4897646951fb7150cd41d8ed30ba3080237,1538133969,6416837.0,OUT,0.0,0x7fa9266279770d0f55a6c1cbaf2cd3db00cb74ef134037fee02fe93bac3679dc,internal,call,0.103385416666666 Ether,1,0xbfb297616ffa0124a288e212d1e6df5299c9f8d0,2
