address,age,block,direction,txFee,txhash,txn_type,type,value,Class,creator,inter_direction
0x7b307c1f0039f5d38770e15f8043b3dd26da5e8f,1539984808,6548471.0,OUT,0.0,0xd0ff90e4c62935a848dfd839d0059bda2ad69c44b4eaadc86f75f7ae3e31309b,internal,call,0.005576651797423 Ether,1,0xe1f3294e25bb72a2fb53addb82aa1a033797e6e3,2
0x7b307c1f0039f5d38770e15f8043b3dd26da5e8f,1540160618,6560949.0,OUT,0.0,0x7bd5f6c3abe401b728140fdef039b3787712aa330e188ba52ff9d51e071c1c78,internal,call,0.007052342264949 Ether,1,0xe1f3294e25bb72a2fb53addb82aa1a033797e6e3,1
