address,age,block,direction,txFee,txhash,txn_type,type,value,Class,creator,inter_direction
0x67a5de922c1f4d1a4dbd848466b86b5455fb6a3b,1533009392,6062958.0,OUT,0.0,0x7d2d5fc4c0202d551870e4f7f43c86b5a50b2c41b82caa9ae391cc6ce9e0e4e8,internal,call,0.000162121183101 Ether,0,0x7ce6c6f1002e5ad54c3d8326fddcf2fc78b80277,1
0x67a5de922c1f4d1a4dbd848466b86b5455fb6a3b,1532821936,6050082.0,OUT,0.0,0x301de988df00305e6106d965f95f75d186d3b4888e20a756ba7a12eda3de00ea,internal,call,0.000246697255392 Ether,0,0x7ce6c6f1002e5ad54c3d8326fddcf2fc78b80277,1
0x67a5de922c1f4d1a4dbd848466b86b5455fb6a3b,1532922151,6057010.0,OUT,0.0,0xd56f8fc412b2e77dda340e0a5ef44feb7f4dd2b526c21392d55234f064c8b73a,internal,call,0.000177774825851 Ether,0,0x7ce6c6f1002e5ad54c3d8326fddcf2fc78b80277,2
