address,age,block,direction,txFee,txhash,txn_type,type,value,Class,creator,inter_direction
0x9b5bbb16a7a68660f6503eff6c8e3159820d6396,1539606112,6521651.0,OUT,0.0,0x40686f802a5d0bdea0c0f6299cb8875b573f4d975d7d6e4925e27a8c600ff4d1,internal,call,0.248625 Ether,1,0xdacca760db181e54d96b9a061acc0d2d48a05593,2
0x9b5bbb16a7a68660f6503eff6c8e3159820d6396,1540518664,6586322.0,OUT,0.0,0x371422e46235688946b40c92f75335894547b395d7ea1995e4f5c1895c036ca2,internal,call,0.05525 Ether,1,0xdacca760db181e54d96b9a061acc0d2d48a05593,2
0x9b5bbb16a7a68660f6503eff6c8e3159820d6396,1540298224,6570692.0,OUT,0.0,0x3ce99cf76ce5b92110377f52343c55ded2f9360d1c7d436a51957677309e5457,internal,call,0.221 Ether,1,0xdacca760db181e54d96b9a061acc0d2d48a05593,2
0x9b5bbb16a7a68660f6503eff6c8e3159820d6396,1538826514,6466031.0,OUT,0.0,0xe58c6bd27e985abeae548fc48e8887fca5a66dbdad347e61010d20604073ce6c,internal,call,0.117 Ether,1,0xdacca760db181e54d96b9a061acc0d2d48a05593,2
