address,age,block,direction,txFee,txhash,txn_type,type,value,Class,creator,inter_direction
0xe1c9a03cf690256ff7738cbd508c88cf5238a535,1525794627,5580546.0,OUT,0.0,0xb214a3fd9eb799e7f9f6d9ad4feaeaed6aea9df971c75ceb08e05f6438754e73,internal,call,0.022346261844338 Ether,1,0xc84c18a88789dba5b0ca9c13973435bbce7e961d,2
0xe1c9a03cf690256ff7738cbd508c88cf5238a535,1523232804,5408158.0,OUT,0.0,0xe4b1d4b31421a04e52c04ad5e16198dd81cde7920aaec01e6d776436b24f788d,internal,call,0.037917559492262 Ether,1,0xc84c18a88789dba5b0ca9c13973435bbce7e961d,2
