address,age,block,direction,txFee,txhash,txn_type,type,value,Class,creator,inter_direction
0x4e8ecf79ade5e2c49b9e30d795517a81e0bf00b8,1533569109,6101330.0,OUT,0.0,0x7a1a2077310d197a484a3a5866f5e9d1ce7730be994ca0386783e2b3a1cdf76c,internal,call,0.153737539303745 Ether,1,0xf39e044e1ab204460e06e87c6dca2c6319fc69e3,1
0x4e8ecf79ade5e2c49b9e30d795517a81e0bf00b8,1533209577,6076613.0,OUT,0.0,0x0047d275e5255bacc16c01ae71ca7009cb15c7c7337f869442d50e6f70793c51,internal,call,0.338680870761823 Ether,1,0xf39e044e1ab204460e06e87c6dca2c6319fc69e3,1
0x4e8ecf79ade5e2c49b9e30d795517a81e0bf00b8,1533115647,6070221.0,OUT,0.0,0xf649ebb7d2bb9db1922762843683a8f90a331db04272583b27489708fff5e5f0,internal,call,0.654156978599258 Ether,1,0xf39e044e1ab204460e06e87c6dca2c6319fc69e3,2
0x4e8ecf79ade5e2c49b9e30d795517a81e0bf00b8,1533010351,0.0,OUT,0.0,0x4d8efcb23266eff7069f00f5018c7364798fdcb69996c74e4e5cd6ffe6bab15d,internal,call,0.309485388534202 Ether,1,0xf39e044e1ab204460e06e87c6dca2c6319fc69e3,1
