address,age,block,direction,txFee,txhash,txn_type,type,value,Class,creator,inter_direction
0xb547027a4ccd46ec98199fa88aaedf5aa981db26,1538017934,6408724.0,OUT,0.0,0x697befdd7f1535d8ff7463e3dc43f5e4de3811f65d69167f0d770a8f4d912e9c,internal,call,0.027316666666666 Ether,1,0xaf9c025ce6322a23ac00301c714f4f42895c9818,1
0xb547027a4ccd46ec98199fa88aaedf5aa981db26,1537921731,6401952.0,OUT,0.0,0x83cc5a4cbc08bde6096189616a2408597082a57228110dff317e4abbfadc701d,internal,call,0.0198 Ether,1,0xaf9c025ce6322a23ac00301c714f4f42895c9818,1
0xb547027a4ccd46ec98199fa88aaedf5aa981db26,1537946403,6403708.0,OUT,0.0,0x65270ae563165af93b6f0cbd59ca805a402262eb6edfff81d133be3a55033a28,internal,call,0.00941875 Ether,1,0xaf9c025ce6322a23ac00301c714f4f42895c9818,1
