address,age,block,direction,txFee,txhash,txn_type,type,value,Class,creator,inter_direction
0xbeefd8fb3b5778f99e021afa2e41e0614af6af11,1540412740,6578806.0,OUT,0.0,0x712045fe7c906cd17645c7394f521ee5696f900e35a54f20b47a84a101e50d23,internal,call,0.587130973567289 Ether,1,0x300758881bf3756b6cb5b2e96f545d7b3566ce3a,1
0xbeefd8fb3b5778f99e021afa2e41e0614af6af11,1539379256,0.0,OUT,0.0,0xbc83ae1fdc1b9bdfcc6ed8ed5c58f7aa70e1e74b5758d6e1bcc8942dda060f63,internal,call,0.0242505776 Ether,1,0x300758881bf3756b6cb5b2e96f545d7b3566ce3a,2
0xbeefd8fb3b5778f99e021afa2e41e0614af6af11,1539598526,6521122.0,OUT,0.0,0x4558918ec9edd0d47b1404b1744d3c963dcf482f281fb57571f6df4035aa5954,internal,call,0.012880840483278 Ether,1,0x300758881bf3756b6cb5b2e96f545d7b3566ce3a,1
0xbeefd8fb3b5778f99e021afa2e41e0614af6af11,1539598971,0.0,OUT,0.0,0xddd8231ee65494b9d826b8af712a8a5f85223ffa7cf15fde1d357de65d676a01,internal,call,0.000276336370229 Ether,1,0x300758881bf3756b6cb5b2e96f545d7b3566ce3a,2
0xbeefd8fb3b5778f99e021afa2e41e0614af6af11,1539621321,0.0,OUT,0.0,0xd692ef423f2b9b13ec124c12e21d16ab5547f2773ec931ad6ffddd98e4f71c16,internal,call,0.035892842600262 Ether,1,0x300758881bf3756b6cb5b2e96f545d7b3566ce3a,2
0xbeefd8fb3b5778f99e021afa2e41e0614af6af11,1539536373,6513658.0,OUT,0.0,0x563dab699c2cd85393a9794aa98718e46565f2c8ea732e3f34af42a29b417138,internal,call,0.04876155074636 Ether,1,0x300758881bf3756b6cb5b2e96f545d7b3566ce3a,1
0xbeefd8fb3b5778f99e021afa2e41e0614af6af11,1541915684,6684956.0,OUT,0.0,0x75c5c7b588563c693e99672afc48ea6a22d3d8cf8ea8e8df2e3cd79debad92e3,internal,call,0.900848652631082 Ether,1,0x300758881bf3756b6cb5b2e96f545d7b3566ce3a,1
