address,age,block,direction,txFee,txhash,txn_type,type,value,Class,creator,inter_direction
0x4e8ecf79ade5e2c49b9e30d795517a81e0bf00b8,1533898879,6123938.0,OUT,0.0,0x73cde7194704dc140799843f3c65c26b4b8f615c1b9dc103a581d4e4721cb52c,internal,call,0.011882372092059 Ether,1,0xf39e044e1ab204460e06e87c6dca2c6319fc69e3,1
0x4e8ecf79ade5e2c49b9e30d795517a81e0bf00b8,1533113899,0.0,OUT,0.0,0x6bb7fcf520e48a470684ba38cdf7d0188ba9f8a81c91e808ef00bf82241fef08,internal,call,0.014124759016998 Ether,1,0xf39e044e1ab204460e06e87c6dca2c6319fc69e3,1
0x4e8ecf79ade5e2c49b9e30d795517a81e0bf00b8,1532745116,6044710.0,OUT,0.0,0x96f525d3f2ea777922c31c9e444ac4da146d76f2e36611bbbcd6c07e3b2fb82d,internal,call,0.54655614440168 Ether,1,0xf39e044e1ab204460e06e87c6dca2c6319fc69e3,1
0x4e8ecf79ade5e2c49b9e30d795517a81e0bf00b8,1532787827,6047632.0,OUT,0.0,0x874f445236b1a7eb9b89bc268d584ddc5be192464370c54172bb98c4e39d4efc,internal,call,0.056538077979158 Ether,1,0xf39e044e1ab204460e06e87c6dca2c6319fc69e3,1
