address,age,block,direction,txFee,txhash,txn_type,type,value,Class,creator,inter_direction
0x8da9ccf44fa08f651b71fa76f4ed41796b428f61,1531869514,5985130.0,OUT,0.0,0x261ff109479a22ff2207ed317a7d622a041eb2fb6cc259637e04f2ce93c24f70,internal,call,0.23171279098763 Ether,1,0x15fda64fcdbca27a60aa8c6ca882aa3e1de4ea41,2
0x8da9ccf44fa08f651b71fa76f4ed41796b428f61,1531296416,5945611.0,OUT,0.0,0xcbd9deb2747ecf1ae111abf3af22256517d884baf9bd5020fe3189099d6eda93,internal,call,0.003547716150247 Ether,1,0x15fda64fcdbca27a60aa8c6ca882aa3e1de4ea41,2
