address,age,block,direction,txFee,txhash,txn_type,type,value,Class,creator,inter_direction
0xdf93cdb6dd65c6c28c78dcdc1762aa34caf81678,1540978988,6618861.0,OUT,0.0,0x326cdabbd7e9fc1a840200c13c3920214c7372bcfb461f140a19e37231b4fe40,internal,call,0.036499537037037 Ether,1,0xcc1ceb36cab5ada7fd0376b55602dd0d4b429c30,2
0xdf93cdb6dd65c6c28c78dcdc1762aa34caf81678,1541370582,6646434.0,OUT,0.0,0x7af6dfa4448e53cca706088ca5d90605dc35696815a0f29ba16ace0e1aecc7b8,internal,call,0.00808824074074 Ether,1,0xcc1ceb36cab5ada7fd0376b55602dd0d4b429c30,2
0xdf93cdb6dd65c6c28c78dcdc1762aa34caf81678,1540584793,6591019.0,OUT,0.0,0x70c38a2770db2978b36907b06149b460ba98e8750930e7de8f5dfc8aa06bb78c,internal,call,0.043292685185185 Ether,1,0xcc1ceb36cab5ada7fd0376b55602dd0d4b429c30,2
0xdf93cdb6dd65c6c28c78dcdc1762aa34caf81678,1541283229,6640377.0,OUT,0.0,0xb456ce70c15b2ab2f6d0798f9889ec12cc2b1dc5f5dffa293dd315141b8d0084,internal,call,0.028170462962962 Ether,1,0xcc1ceb36cab5ada7fd0376b55602dd0d4b429c30,2
