address,age,block,direction,txFee,txhash,txn_type,type,value,Class,creator,inter_direction
0x4e8ecf79ade5e2c49b9e30d795517a81e0bf00b8,1533346079,6086026.0,OUT,0.0,0xfa39bc1ca047f60a58c2a789d5e32b2609d3c038c782231c17cbad79ed0f219c,internal,call,0.000304326655501 Ether,1,0xf39e044e1ab204460e06e87c6dca2c6319fc69e3,2
0x4e8ecf79ade5e2c49b9e30d795517a81e0bf00b8,1533346064,6086024.0,OUT,0.0,0x9a6e1f16682bcf582a4433296a2dd16481a2aa2bb9fe26ff1a6229b60f80c94a,internal,call,0.001546287288815 Ether,1,0xf39e044e1ab204460e06e87c6dca2c6319fc69e3,1
0x4e8ecf79ade5e2c49b9e30d795517a81e0bf00b8,1533346915,6086079.0,OUT,0.0,0x1a86785b7e01db61fe1ec1b68aa2345d32aef4ad461170d5af83a1ccd2d80b91,internal,call,0.001644481930091 Ether,1,0xf39e044e1ab204460e06e87c6dca2c6319fc69e3,1
0x4e8ecf79ade5e2c49b9e30d795517a81e0bf00b8,1533344523,6085919.0,OUT,0.0,0xf665e7002876c0b214a6aa6e05fdbd241448875179fc81786c36a04f7c2dd11e,internal,call,0.033069016828474 Ether,1,0xf39e044e1ab204460e06e87c6dca2c6319fc69e3,2
