address,age,block,direction,txFee,txhash,txn_type,type,value,Class,creator,inter_direction
0x964f35fae36d75b1e72770e244f6595b68508cf5,1524469178,5492492.0,OUT,0.0,0x5201091a87e4343948d6fef63ce539db75482d0a2ca91d491da033f78e349f6c,internal,call,1.80469126032384 Ether,0,0x8007ce15acda724689760b4ba493d4766f973649,2
0x964f35fae36d75b1e72770e244f6595b68508cf5,1522913728,5385779.0,OUT,0.0,0xc93f16b42117af8ac3f6b9a2eb1032b05757a6bb0d779e0c9d21e98f59337adb,internal,call,0.00982181508794 Ether,0,0x8007ce15acda724689760b4ba493d4766f973649,2
