address,age,block,direction,txFee,txhash,txn_type,type,value,Class,creator,inter_direction
0x7e0529eb456a7c806b5fe7b3d69a805339a06180,1538287157,6427708.0,OUT,0.0,0xd3be47bcf7ece145d25dc9b78e06a8029fc7fe364ddb6be5ff53c08acd2e57b0,internal,call,0.170971519559976 Ether,1,0x8c691931c6c4ecd92ecc26f9706faaf4aebe137d,2
0x7e0529eb456a7c806b5fe7b3d69a805339a06180,1538286999,6427698.0,OUT,0.0,0x660d31df538fa15a9bf1dfd29d91bdad2e7d28c542046c7c12de871201d5b37b,internal,call,0.048433842473241 Ether,1,0x8c691931c6c4ecd92ecc26f9706faaf4aebe137d,2
