address,age,block,direction,txFee,txhash,txn_type,type,value,Class,creator,inter_direction
0xf8f04b23dace12841343ecf0e06124354515cc42,1540634134,0.0,OUT,0.0,0xdc56628156f7e31cf0bb09998c03032fff2b17917faf54d9c7e57984679a26e6,internal,call,0.04256625344361 Ether,1,0xd06eda1e2c651d8968a3ff8acfe263785445b1ad,2
0xf8f04b23dace12841343ecf0e06124354515cc42,1540634134,0.0,OUT,0.0,0x865adce0b3907df84d1619ad1fe0a15652fc77c7f035354a4365c8dfeaba5ed0,internal,call,0.078433746556389 Ether,1,0xd06eda1e2c651d8968a3ff8acfe263785445b1ad,2
