address,age,block,direction,txFee,txhash,txn_type,type,value,Class,creator,inter_direction
0x4e8ecf79ade5e2c49b9e30d795517a81e0bf00b8,1532846388,0.0,OUT,0.0,0x09acdf9b1489dfd674c44bf3409f9c66bd7ed113e4e6be75f69a3481917f47a1,internal,call,0.019261815742486 Ether,1,0xf39e044e1ab204460e06e87c6dca2c6319fc69e3,1
0x4e8ecf79ade5e2c49b9e30d795517a81e0bf00b8,1532834537,6050960.0,OUT,0.0,0xb195e15eb20bd4c604dfde05dd3ae4867d79700ec541ef96ca74d490da598e0f,internal,call,0.10829903590517 Ether,1,0xf39e044e1ab204460e06e87c6dca2c6319fc69e3,1
0x4e8ecf79ade5e2c49b9e30d795517a81e0bf00b8,1532797027,6045299.0,OUT,0.0,0x4c2d96288b9b2f97902c31e01034b89cebc76ffb6fffb2dacc5ff990c62753e5,internal,call,0.085065633265008 Ether,1,0xf39e044e1ab204460e06e87c6dca2c6319fc69e3,1
