address,age,block,direction,txFee,txhash,txn_type,type,value,Class,creator,inter_direction
0x9b5bbb16a7a68660f6503eff6c8e3159820d6396,1540453052,0.0,OUT,0.0,0xb2bcb9e6070a1f9508b69a42eebfc4df39de2b99c87c5133d1632d1ec192577e,internal,call,0.002845368285 Ether,1,0xdacca760db181e54d96b9a061acc0d2d48a05593,2
0x9b5bbb16a7a68660f6503eff6c8e3159820d6396,1539756345,6532295.0,OUT,0.0,0x3c425b3ba5c254a7575dc8c6759ad8dc128b383d7a971b1504801f5ad550ede6,internal,call,0.00569073657 Ether,1,0xdacca760db181e54d96b9a061acc0d2d48a05593,2
0x9b5bbb16a7a68660f6503eff6c8e3159820d6396,1539410650,6507742.0,OUT,0.0,0x34ebd94dc466bd9a3de13f137f03d47dc93792ed15a5c5628d53c30038b38522,internal,call,0.008536104855 Ether,1,0xdacca760db181e54d96b9a061acc0d2d48a05593,2
0x9b5bbb16a7a68660f6503eff6c8e3159820d6396,1540551331,6588625.0,OUT,0.0,0xa9cf37300ce9725d9b4b6bc8b6dd4edcc2d4e4325220f2e77d28ac2596a4a570,internal,call,0.0014226841425 Ether,1,0xdacca760db181e54d96b9a061acc0d2d48a05593,2
0x9b5bbb16a7a68660f6503eff6c8e3159820d6396,1540192560,6563168.0,OUT,0.0,0x503461b551915abafd59755aadfaa9c269f2ad828e6e52c61556bf18d782fcb5,internal,call,0.002845368285 Ether,1,0xdacca760db181e54d96b9a061acc0d2d48a05593,2
0x9b5bbb16a7a68660f6503eff6c8e3159820d6396,1540279960,6569378.0,OUT,0.0,0x6e5afee517f6d69b6304f6593540a65df680fad81e673d16701b3e111a2394b6,internal,call,0.0014226841425 Ether,1,0xdacca760db181e54d96b9a061acc0d2d48a05593,2
0x9b5bbb16a7a68660f6503eff6c8e3159820d6396,1540019232,6550913.0,OUT,0.0,0xb32c619a8bc1a06938931f70f9aa64365feb5f4d59edc298fb64bf2a47c3d4b5,internal,call,0.0042680524275 Ether,1,0xdacca760db181e54d96b9a061acc0d2d48a05593,2
