address,age,block,direction,txFee,txhash,txn_type,type,value,Class,creator,inter_direction
0x8036165ccabee251c886d6121b047c16b5e798b5,1533123572,6070703.0,OUT,0.0,0x1d1bd1d3352e81f50ec50ccc6c78e70bd73d191b0639e7a469e935ce227bb1bf,internal,call,0.020800288561473 Ether,1,0x4be640dcce08e68ede454202fbc59cf5f9e8ea1f,2
0x8036165ccabee251c886d6121b047c16b5e798b5,1532937492,6058077.0,OUT,0.0,0x2dd0ffa5bd710fc7cf4470c657cb2ca1fc19af6cb62be6e0f0545395405955b0,internal,call,0.001435375715312 Ether,1,0x4be640dcce08e68ede454202fbc59cf5f9e8ea1f,2
0x8036165ccabee251c886d6121b047c16b5e798b5,1532853328,6052238.0,OUT,0.0,0x2671b239182a0034ba9b1656df3102cb44b6aef21c2880b1eb1fa0f7488551c2,internal,call,0.049225424390827 Ether,1,0x4be640dcce08e68ede454202fbc59cf5f9e8ea1f,2
