address,age,block,direction,txFee,txhash,txn_type,type,value,Class,creator,inter_direction
0x8d12a197cb00d4747a1fe03395095ce2a5cc6819,1546511602,7004760.0,OUT,0.0,0xbf659d97b0397097400790a945623ee48d09c11a716af7b4203f68e3914acd8f,internal,call,0.0145 Ether,0,0x1ed014aec47fae44c9e55bac7662c0b78ae61798,2
0x8d12a197cb00d4747a1fe03395095ce2a5cc6819,1532966480,6057099.0,OUT,0.0,0xc5df719de27a5d550a3022f828c3fed57a996a2bbaf2a43bde06f0d3a7d3b701,internal,call,0.009946363717967 Ether,0,0x1ed014aec47fae44c9e55bac7662c0b78ae61798,2
0x8d12a197cb00d4747a1fe03395095ce2a5cc6819,1532017650,5992174.0,OUT,0.0,0xc85b11ad151c78f10563b66009b6d856fba91ea5a32b304df6ea064792c5a1f4,internal,call,0.00168804589585 Ether,0,0x1ed014aec47fae44c9e55bac7662c0b78ae61798,2
