address,age,block,direction,txFee,txhash,txn_type,type,value,Class,creator,inter_direction
0x8a883a20940870dc055f2070ac8ec847ed2d9918,1533170546,6073997.0,OUT,0.0,0x17b9a1ff92a057cea09f7ab91c2052290f43aae4d823c61c56a98ad70f05df1d,internal,call,0.38063823131353 Ether,1,0xc14f8469d4bb31c8e69fae9c16e262f45edc3635,2
0x8a883a20940870dc055f2070ac8ec847ed2d9918,1532305596,0.0,OUT,0.0,0x7ba5560f7e18aba74371d551bc25d8eee29f46c28298611abffe3d8256cd30b2,internal,call,0.001754438743464 Ether,1,0xc14f8469d4bb31c8e69fae9c16e262f45edc3635,2
0x8a883a20940870dc055f2070ac8ec847ed2d9918,1532305563,0.0,OUT,0.0,0x502962739cae162881926f5b80d571f1e39fb1b0a24683d4df9ba267e99dd064,internal,call,0.349896581903578 Ether,1,0xc14f8469d4bb31c8e69fae9c16e262f45edc3635,2
0x8a883a20940870dc055f2070ac8ec847ed2d9918,1532462948,6025441.0,OUT,0.0,0x3f515df7160e687154cf2a129bdb5c65d425349a52c11e1ce9ba5632834c3da5,internal,call,0.133332041943952 Ether,1,0xc14f8469d4bb31c8e69fae9c16e262f45edc3635,2
