address,age,block,direction,txFee,txhash,txn_type,type,value,Class,creator,inter_direction
0x4e8ecf79ade5e2c49b9e30d795517a81e0bf00b8,1533559569,6100657.0,OUT,0.0,0xe9e3e2dfb49cfe2a3b0080d376a44db30db0da31cadecc26d765fff7e92bdd66,internal,call,0.026096166059145 Ether,1,0xf39e044e1ab204460e06e87c6dca2c6319fc69e3,2
0x4e8ecf79ade5e2c49b9e30d795517a81e0bf00b8,1533551030,6100086.0,OUT,0.0,0x1703b1dd5a15f33ba20c88c51e3fd411b2b3fdc94b827f8dd9d3125309e8c0fc,internal,call,0.0066806852951 Ether,1,0xf39e044e1ab204460e06e87c6dca2c6319fc69e3,1
0x4e8ecf79ade5e2c49b9e30d795517a81e0bf00b8,1533570485,6101416.0,OUT,0.0,0xd3fdf5dc8e3fbf55d6bb8d5ab696221dce0edbf2884a45a98bbcec0655047b67,internal,call,0.001891490162792 Ether,1,0xf39e044e1ab204460e06e87c6dca2c6319fc69e3,2
0x4e8ecf79ade5e2c49b9e30d795517a81e0bf00b8,1532875082,6053755.0,OUT,0.0,0xdb4c7e534419382f9c0583df352d6f7cd476a0c310cd624aef6903f3a29123e0,internal,call,0.168607623903651 Ether,1,0xf39e044e1ab204460e06e87c6dca2c6319fc69e3,2
