address,age,block,direction,txFee,txhash,txn_type,type,value,Class,creator,inter_direction
0x8a883a20940870dc055f2070ac8ec847ed2d9918,1533162331,6073439.0,OUT,0.0,0x8ee721b581f3a9b6e5794b6315d3f4e084e633892103aec8dbb06f763c7ab927,internal,call,0.089240203886113 Ether,1,0xc14f8469d4bb31c8e69fae9c16e262f45edc3635,2
0x8a883a20940870dc055f2070ac8ec847ed2d9918,1532351996,6017987.0,OUT,0.0,0x6606b349bccc5f764b3bb73b260d5e2e21fb5d5bad5b0a2b8927eb6cf0a09dad,internal,call,0.14595574608523 Ether,1,0xc14f8469d4bb31c8e69fae9c16e262f45edc3635,2
0x8a883a20940870dc055f2070ac8ec847ed2d9918,1533001657,6062423.0,OUT,0.0,0x639227fab99d6cdd63350ecc2c8fee8b7535dd3b1dd607f0e9d028a6ad26a16c,internal,call,0.003582874037123 Ether,1,0xc14f8469d4bb31c8e69fae9c16e262f45edc3635,2
0x8a883a20940870dc055f2070ac8ec847ed2d9918,1532301502,6014586.0,OUT,0.0,0xb61cd0cf7bfbafb273b78c6517047960c5660f3eff303c959cd080eb11942ac7,internal,call,0.187385283989866 Ether,1,0xc14f8469d4bb31c8e69fae9c16e262f45edc3635,2
0x8a883a20940870dc055f2070ac8ec847ed2d9918,1532625695,6036525.0,OUT,0.0,0x794398567cc480a851574977e4df029ef60bf5fff8e0ecb9c5988775db37f276,internal,call,0.009609050821773 Ether,1,0xc14f8469d4bb31c8e69fae9c16e262f45edc3635,2
0x8a883a20940870dc055f2070ac8ec847ed2d9918,1532282586,6013271.0,OUT,0.0,0x42fb988e10a7854d73f67c1b4ae778980bb765c830157d224dc177b6e5db7021,internal,call,0.005356426035413 Ether,1,0xc14f8469d4bb31c8e69fae9c16e262f45edc3635,2
0x8a883a20940870dc055f2070ac8ec847ed2d9918,1532293880,6014043.0,OUT,0.0,0x117388c64e1a0a37dedb1cec3df4aac8c0f8944e319c369eadf41385b1d0def4,internal,call,0.124007387437101 Ether,1,0xc14f8469d4bb31c8e69fae9c16e262f45edc3635,2
