address,age,block,direction,txFee,txhash,txn_type,type,value,Class,creator,inter_direction
0xcac337492149bdb66b088bf5914bedfbf78ccc18,1460613498,1335419.0,OUT,0.0,0xd6172c08e1cc9ce6fb40f2f00ef4255a215f18283b6c4fd4a158d883305fc3b3,internal,call,1.6000578 Ether,1,0xaece0d99d1ebc4d872eb7aeb203f2a4a70bca830,0
0xcac337492149bdb66b088bf5914bedfbf78ccc18,1460538862,1330277.0,OUT,0.0,0x4b6e2fb6cbf17ef6bce7aff950177107a5b93f81a196d256ee58acc09e89692e,internal,call,5.501089 Ether,1,0xaece0d99d1ebc4d872eb7aeb203f2a4a70bca830,0
0xcac337492149bdb66b088bf5914bedfbf78ccc18,1460469134,1325351.0,OUT,0.0,0x21f93f98732128a0dcfdce8b25c69fd740ee956e29483365b058c0857648ccf9,internal,call,15.598848 Ether,1,0xaece0d99d1ebc4d872eb7aeb203f2a4a70bca830,0
0xcac337492149bdb66b088bf5914bedfbf78ccc18,1460464812,1325073.0,OUT,0.0,0x9cc743ccfc04c1647af5ac23e1b796fcfc36b9b8ee39286f29011681b3f68d26,internal,call,6.82 Ether,1,0xaece0d99d1ebc4d872eb7aeb203f2a4a70bca830,0
0xcac337492149bdb66b088bf5914bedfbf78ccc18,1460464139,0.0,OUT,0.0,0xc13235aab1acab038bd5e8f06d786b78d9b28d830627e627d4a6573f1b38c1cd,internal,call,5.5 Ether,1,0xaece0d99d1ebc4d872eb7aeb203f2a4a70bca830,0
0xcac337492149bdb66b088bf5914bedfbf78ccc18,1460464021,1325023.0,OUT,0.0,0x106b2587b54713e118d936b72002d4aaac3e51a354900194e881fd182ae10409,internal,call,5.5 Ether,1,0xaece0d99d1ebc4d872eb7aeb203f2a4a70bca830,0
0xcac337492149bdb66b088bf5914bedfbf78ccc18,1460463797,0.0,OUT,0.0,0x4bf13be042eeebdc726db9092d8225d309e77ac0c67996c1b828a447f84f66b0,internal,call,4.4 Ether,1,0xaece0d99d1ebc4d872eb7aeb203f2a4a70bca830,0
0xcac337492149bdb66b088bf5914bedfbf78ccc18,1460463485,1324999.0,OUT,0.0,0xeadef11a19a0f63aec4437ffa358f8793e1858044a8f5869d0048dd8d770da32,internal,call,4.4 Ether,1,0xaece0d99d1ebc4d872eb7aeb203f2a4a70bca830,0
0xcac337492149bdb66b088bf5914bedfbf78ccc18,1460463129,1324975.0,OUT,0.0,0xe2c16f82e0af917105c67931d1602d2d0932a3552bbc6ff9834ace8492a09d93,internal,call,2.2 Ether,1,0xaece0d99d1ebc4d872eb7aeb203f2a4a70bca830,0
