address,age,block,direction,txFee,txhash,txn_type,type,value,Class,creator,inter_direction
0x72ee07223ad92dfd9e37ce03ad795b1aeddd28b4,1535934378,6263369.0,OUT,0.0,0x4241e2cbafaaa4592adf09e2439dc1b9ec7b919771a7bbc5bcdf4c44c2b09e01,internal,call,0.008000546296296 Ether,1,0xaf9c025ce6322a23ac00301c714f4f42895c9818,0
0x72ee07223ad92dfd9e37ce03ad795b1aeddd28b4,1535934288,6263361.0,OUT,0.0,0xcbce9f137bc480ad43baeb6a22c54afe7cbafdf8615b0e429fce87b2167a966d,internal,call,0.016 Ether,1,0xaf9c025ce6322a23ac00301c714f4f42895c9818,0
0x72ee07223ad92dfd9e37ce03ad795b1aeddd28b4,1535933929,6263344.0,OUT,0.0,0x4888d1da86e6c54451b2fb18eb965d012d6b9a83dbf7703238d89b7789a1cbcf,internal,call,0.187723212148985 Ether,1,0xaf9c025ce6322a23ac00301c714f4f42895c9818,0
0x72ee07223ad92dfd9e37ce03ad795b1aeddd28b4,1535933644,6263325.0,OUT,0.0,0x8a472ee7ce90fae33f347262b34e8006fec7bea39be048af6873cb4d7f791ec0,internal,call,0.002382736758391 Ether,1,0xaf9c025ce6322a23ac00301c714f4f42895c9818,0
0x72ee07223ad92dfd9e37ce03ad795b1aeddd28b4,1535889720,6260289.0,OUT,0.0,0x8ac919c636b6347aa8cfbac542b6618d349cd3dcf83073d85d7aaec4ca3b45d8,internal,call,0.082 Ether,1,0xaf9c025ce6322a23ac00301c714f4f42895c9818,0
0x72ee07223ad92dfd9e37ce03ad795b1aeddd28b4,1535163264,6210422.0,OUT,0.0,0x3bb276a5c499a0b972a9e569f0d4e25f420b8d2988870d32181cf6fc32fb3a0a,internal,call,0.02 Ether,1,0xaf9c025ce6322a23ac00301c714f4f42895c9818,0
0x72ee07223ad92dfd9e37ce03ad795b1aeddd28b4,1535163190,6210415.0,OUT,0.0,0xccdf2cc34ee7cfb98c5289c94697332e9550b8e27945eabcdf736401e7509bef,internal,call,0.000000416666666 Ether,1,0xaf9c025ce6322a23ac00301c714f4f42895c9818,0
