address,age,block,direction,txFee,txhash,txn_type,type,value,Class,creator,inter_direction
0x7b307c1f0039f5d38770e15f8043b3dd26da5e8f,1540253537,0.0,OUT,0.0,0xe556f875e85e2893cf644f400e7aa536afd2b2f679aaf7419b0e50c370b37480,internal,call,0.062457627118644 Ether,1,0xe1f3294e25bb72a2fb53addb82aa1a033797e6e3,2
0x7b307c1f0039f5d38770e15f8043b3dd26da5e8f,1539994084,6549112.0,OUT,0.0,0x5429a37c4bd2bfe93a505cba30fe92b04fa105e1c7d883cc96107e941d621767,internal,call,0.062410169491525 Ether,1,0xe1f3294e25bb72a2fb53addb82aa1a033797e6e3,1
0x7b307c1f0039f5d38770e15f8043b3dd26da5e8f,1539214774,6493795.0,OUT,0.0,0x830e931870b70d7ce7cdea9229c6ef895698ae5672e07178047bd98813da42cf,internal,call,0.105189830508474 Ether,1,0xe1f3294e25bb72a2fb53addb82aa1a033797e6e3,1
0x7b307c1f0039f5d38770e15f8043b3dd26da5e8f,1539474241,6512272.0,OUT,0.0,0x33a1e47cffcb47fe9f4341da188b088d547df8ac3bfa381db83c00e3e9a01cc4,internal,call,0.062633898305084 Ether,1,0xe1f3294e25bb72a2fb53addb82aa1a033797e6e3,1
0x7b307c1f0039f5d38770e15f8043b3dd26da5e8f,1538781317,6462764.0,OUT,0.0,0xd4614dbd6090ec1a91cb4a4bf91da9b253a3ad3cf08ab2504fe0c70542b49d35,internal,call,0.083315254237288 Ether,1,0xe1f3294e25bb72a2fb53addb82aa1a033797e6e3,2
0x7b307c1f0039f5d38770e15f8043b3dd26da5e8f,1539733687,6530701.0,OUT,0.0,0x7d96593df14c29718d0217f9b3f051f47f6609b4ed836f13ac91e41e85266bd7,internal,call,0.062471186440677 Ether,1,0xe1f3294e25bb72a2fb53addb82aa1a033797e6e3,1
0x7b307c1f0039f5d38770e15f8043b3dd26da5e8f,1538435572,6438186.0,OUT,0.0,0x2b882cb07cc49061d700ace62b4534f66f70e37518e8429a1dfc72478a108de7,internal,call,0.000055932203389 Ether,1,0xe1f3294e25bb72a2fb53addb82aa1a033797e6e3,1
0x7b307c1f0039f5d38770e15f8043b3dd26da5e8f,1538435086,6438153.0,OUT,0.0,0x26bb06fcbadd04f79d0e62545193a22715f3ced23bf84e2411f3f6efc4b027b4,internal,call,0.041318644067796 Ether,1,0xe1f3294e25bb72a2fb53addb82aa1a033797e6e3,1
