address,age,block,direction,txFee,txhash,txn_type,type,value,Class,creator,inter_direction
0xb1690c08e213a35ed9bab7b318de14420fb57d8c,1544711401,0.0,IN,0.0,0x4fa3563972b1396b837aef9b5e667e089e9fb37e72d40ec0c0c5a08b567a8777,internal,call,0.002560809116874 Ether,0,0xba52c75764d6f594735dc735be7f1830cdf58ddf,2
0xb1690c08e213a35ed9bab7b318de14420fb57d8c,1544710668,0.0,IN,0.0,0xbd8431cce239d7d67a8bd380540091fe685f5111f9a02be628c6718d55c102e0,internal,call,0.002095582067135 Ether,0,0xba52c75764d6f594735dc735be7f1830cdf58ddf,2
0xb1690c08e213a35ed9bab7b318de14420fb57d8c,1544611731,0.0,IN,0.0,0x2a130e5c4a833c4748ec1784b5975a3afa9309930e5c2ad12a24adbfde6369a6,internal,call,0.00206072931007 Ether,0,0xba52c75764d6f594735dc735be7f1830cdf58ddf,2
0xb1690c08e213a35ed9bab7b318de14420fb57d8c,1544611218,0.0,IN,0.0,0x78791ab62d58eada0ec258a57ec8e5cda62d9a9b0806c74c2410116330ed8a1e,internal,call,0.002 Ether,0,0xba52c75764d6f594735dc735be7f1830cdf58ddf,2
0xb1690c08e213a35ed9bab7b318de14420fb57d8c,1544675885,0.0,IN,0.0,0xdf3e31028db35e0ada640b778ab52885c4f54473f095a31a75bf494fb8d92774,internal,call,0.002002876013562 Ether,0,0xba52c75764d6f594735dc735be7f1830cdf58ddf,2
