address,age,block,direction,txFee,txhash,txn_type,type,value,Class,creator,inter_direction
0x8a883a20940870dc055f2070ac8ec847ed2d9918,1532356314,6018269.0,OUT,0.0,0x5a0088b3fcfb30da4db7548ee32ec0b839871a84e0d0d99b16c021194c9539c9,internal,call,0.269541581465798 Ether,1,0xc14f8469d4bb31c8e69fae9c16e262f45edc3635,2
0x8a883a20940870dc055f2070ac8ec847ed2d9918,1533188509,6075159.0,OUT,0.0,0x8385942dc67556ff7054659de9523a99ba3a382d9da80ca737e2d67b4f123eab,internal,call,0.03288937548037 Ether,1,0xc14f8469d4bb31c8e69fae9c16e262f45edc3635,2
0x8a883a20940870dc055f2070ac8ec847ed2d9918,1532630477,6036835.0,OUT,0.0,0xee456354d12cd40992224659a27e1db8eb8684421934f74bbff377cd450c9efd,internal,call,0.003234755038279 Ether,1,0xc14f8469d4bb31c8e69fae9c16e262f45edc3635,2
