address,age,block,direction,txFee,txhash,txn_type,type,value,Class,creator,inter_direction
0x459f7854776ed005b6ec63a88f834fdab0b6993e,1504693349,0.0,OUT,0.0,0x54bd022801c935a80debe29a7793d20359e0b93eba8ee5f48554cee4f7ef3b9f,internal,call,0.000002 Ether,0,0xa7b0883a9e885177f30fcdc42b6e4a015f20e53b,2
0x459f7854776ed005b6ec63a88f834fdab0b6993e,1504791502,0.0,OUT,0.0,0x0cd5977b1b960d85243d5f122d00bc978076873fa915da4992c1df6e5242d840,internal,call,0.000002 Ether,0,0xa7b0883a9e885177f30fcdc42b6e4a015f20e53b,2
