address,age,block,direction,txFee,txhash,txn_type,type,value,Class,creator,inter_direction
0x536a6ba0d913d5d6a4ce2c6eb7ed0de3c0f0b89e,1537910393,0.0,OUT,0.0,0xb88592cd4ca29c2d8d90b872e357dcf2802b617f0036ac6820ed90b2d9ecc881,internal,call,0.00875 Ether,1,0xb648cc3367571c9166e966d1eb97de3f9ebfb8fd,2
0x536a6ba0d913d5d6a4ce2c6eb7ed0de3c0f0b89e,1537643695,6382324.0,OUT,0.0,0x4e1cc0af163684fdf4b5e1dfba7dd23401b008130aa92498eac5511aeacc9afc,internal,call,0.00875 Ether,1,0xb648cc3367571c9166e966d1eb97de3f9ebfb8fd,1
0x536a6ba0d913d5d6a4ce2c6eb7ed0de3c0f0b89e,1537732452,6388577.0,OUT,0.0,0x106c10f179c34bd8413bdf51ed021f1773788af91e2cc28435b18983cd4097f4,internal,call,0.00875 Ether,1,0xb648cc3367571c9166e966d1eb97de3f9ebfb8fd,1
0x536a6ba0d913d5d6a4ce2c6eb7ed0de3c0f0b89e,1537491783,0.0,OUT,0.0,0x76a6a8e4ea9a3f626c54aa55845d6c7794c3e56d3e63adb016f3f7febddeeae2,internal,call,0.00875 Ether,1,0xb648cc3367571c9166e966d1eb97de3f9ebfb8fd,1
0x536a6ba0d913d5d6a4ce2c6eb7ed0de3c0f0b89e,1537820294,6394777.0,OUT,0.0,0x3b4316bd13f09bcee59b0fb0a99eb00ca93ed9d16e817e355b003f1f54d551a7,internal,call,0.00875 Ether,1,0xb648cc3367571c9166e966d1eb97de3f9ebfb8fd,1
