address,age,block,direction,txFee,txhash,txn_type,type,value,Class,creator,inter_direction
0x7b307c1f0039f5d38770e15f8043b3dd26da5e8f,1539897208,6542294.0,OUT,0.0,0xfb79afd684471e435c26513cac9a48bca5a1f96aa36b2da2665e8bc8234afe8d,internal,call,0.093898305084745 Ether,1,0xe1f3294e25bb72a2fb53addb82aa1a033797e6e3,2
0x7b307c1f0039f5d38770e15f8043b3dd26da5e8f,1539409605,6507669.0,OUT,0.0,0x5687435ea6ccdfdcba338c51ccc5a299558a4526cea69e9437ca50fd823df3ae,internal,call,0.107313898305084 Ether,1,0xe1f3294e25bb72a2fb53addb82aa1a033797e6e3,1
0x7b307c1f0039f5d38770e15f8043b3dd26da5e8f,1540227675,6565669.0,OUT,0.0,0x9cff3fccbfdbb63107fda06b00e673c0b4b0ab4121dd68fc5b2b973274595c5a,internal,call,0.063389830508474 Ether,1,0xe1f3294e25bb72a2fb53addb82aa1a033797e6e3,1
0x7b307c1f0039f5d38770e15f8043b3dd26da5e8f,1538855634,6468097.0,OUT,0.0,0x4d495fde884eef8dc48b79244679a5e48b2a31bebc1d486649d5d421c7224c3f,internal,call,0.128553220338983 Ether,1,0xe1f3294e25bb72a2fb53addb82aa1a033797e6e3,1
