address,age,block,direction,txFee,txhash,txn_type,type,value,Class,creator,inter_direction
0xbeefd8fb3b5778f99e021afa2e41e0614af6af11,1539544835,0.0,OUT,0.0,0xe2c377a8bab3e012645ab468615b7d3ac144ab0e2d1207816961e76ec9e67d04,internal,call,0.004260026 Ether,1,0x300758881bf3756b6cb5b2e96f545d7b3566ce3a,2
0xbeefd8fb3b5778f99e021afa2e41e0614af6af11,1541612031,6663509.0,OUT,0.0,0xac61ea7b907993a9a150afe042f1fcc27ae4b3136e7e1cbaea4e660d1b63f8a8,internal,call,0.127603491910655 Ether,1,0x300758881bf3756b6cb5b2e96f545d7b3566ce3a,1
0xbeefd8fb3b5778f99e021afa2e41e0614af6af11,1541899796,6683804.0,OUT,0.0,0xea4c07893495c47d07641a25e847bc193397b1b7f5148f20150de2654b74e08d,internal,call,0.017716645014344 Ether,1,0x300758881bf3756b6cb5b2e96f545d7b3566ce3a,2
