address,age,block,direction,txFee,txhash,txn_type,type,value,Class,creator,inter_direction
0xb10ea0d397db942a1083a4af9c6074ab63bc8c8b,1539393495,0.0,OUT,0.0,0x92db48262802de15d64e2207b950487a0dbba17d40930c9aa385048918ed5890,internal,call,0.076485423728813 Ether,1,0x65b041db3135ed5f76d9486aa56f8ca5dc9a3f5e,1
0xb10ea0d397db942a1083a4af9c6074ab63bc8c8b,1539810171,6536131.0,OUT,0.0,0x92a18283bbcc0304a9bb2da720e721e2c2a80da5067d6b509c403f81a99c2483,internal,call,0.196056949152542 Ether,1,0x65b041db3135ed5f76d9486aa56f8ca5dc9a3f5e,1
0xb10ea0d397db942a1083a4af9c6074ab63bc8c8b,1540768392,6603959.0,OUT,0.0,0xe03400a63e30ff71749a1b235bec905c809e44c14568456370c3583c7c374dac,internal,call,0.200634576271186 Ether,1,0x65b041db3135ed5f76d9486aa56f8ca5dc9a3f5e,2
0xb10ea0d397db942a1083a4af9c6074ab63bc8c8b,1540506574,6585463.0,OUT,0.0,0xe05f93d824e4f9b6c9bef9273e2bb388791645caf04bbf13aad68b9202b6244a,internal,call,0.262432542372881 Ether,1,0x65b041db3135ed5f76d9486aa56f8ca5dc9a3f5e,2
0xb10ea0d397db942a1083a4af9c6074ab63bc8c8b,1539554987,6518057.0,OUT,0.0,0xf1c39e26dfcfb839f01a84da6ff80ca24d1277ce2e19ffd19f0793257b549f78,internal,call,0.125298983050847 Ether,1,0x65b041db3135ed5f76d9486aa56f8ca5dc9a3f5e,2
0xb10ea0d397db942a1083a4af9c6074ab63bc8c8b,1540165280,6561270.0,OUT,0.0,0xb5a222c227d2a6b30028eb267bac5f75a63a0ad5ee4508c7b66623ad5fb18e81,internal,call,0.139953898305084 Ether,1,0x65b041db3135ed5f76d9486aa56f8ca5dc9a3f5e,2
0xb10ea0d397db942a1083a4af9c6074ab63bc8c8b,1539983345,6548368.0,OUT,0.0,0x27c0b7b2bc213e6c3246f1210ea0426fa433a5c80eb21769a51256a6ebb76c20,internal,call,0.13274033898305 Ether,1,0x65b041db3135ed5f76d9486aa56f8ca5dc9a3f5e,1
0xb10ea0d397db942a1083a4af9c6074ab63bc8c8b,1541017818,6621580.0,OUT,0.0,0x19f46850bcde43b4b53874230c0c12efb6ae3f86eac37a6c84b9a9cd0dd8781f,internal,call,0.191143050847457 Ether,1,0x65b041db3135ed5f76d9486aa56f8ca5dc9a3f5e,1
