address,age,block,direction,txFee,txhash,txn_type,type,value,Class,creator,inter_direction
0x702392282255f8c0993dbbbb148d80d2ef6795b1,1523601215,5433652.0,OUT,0.0,0x031001609790698e6f93e7b2e9a6bcd18a6a64f5567a7077eebaad20135e5e33,internal,call,0.015546095939728 Ether,1,0xfea0904acc8df0f3288b6583f60b86c36ea52acd,2
0x702392282255f8c0993dbbbb148d80d2ef6795b1,1523435796,5422304.0,OUT,0.0,0x0cfca64270b194db6d2a36842cd471e85cc05fc0d4fcc195e73baeb343c799dd,internal,call,0.008424474980518 Ether,1,0xfea0904acc8df0f3288b6583f60b86c36ea52acd,2
0x702392282255f8c0993dbbbb148d80d2ef6795b1,1523369727,5417721.0,OUT,0.0,0xaefd9e756d4b439e54994f18fb4bdfe6099070b49346421eec6b4ac9012b9360,internal,call,0.016765477587448 Ether,1,0xfea0904acc8df0f3288b6583f60b86c36ea52acd,2
0x702392282255f8c0993dbbbb148d80d2ef6795b1,1523623938,5435165.0,OUT,0.0,0x88ef6a5757dc1bce934f4f5d422ba1fe628d5a22691f8a7f533ab8d69988f39d,internal,call,0.217241006926833 Ether,1,0xfea0904acc8df0f3288b6583f60b86c36ea52acd,2
0x702392282255f8c0993dbbbb148d80d2ef6795b1,1523542803,5429661.0,OUT,0.0,0xc72529e42160fd585a0def3ee79042749dbe4045aae6135f35320c1d5027e3d3,internal,call,0.008115352121075 Ether,1,0xfea0904acc8df0f3288b6583f60b86c36ea52acd,2
