address,age,block,direction,txFee,txhash,txn_type,type,value,Class,creator,inter_direction
0xf00e5a59fde1cb2ead96a8be7711abc3f981e0f1,1537857997,6397419.0,OUT,0.0,0xc6630aca71a432c912dff8109614641b51115f6000f0b6400ee51113be7f609d,internal,call,0.399027777777777 Ether,1,0x96bb98183e5562913e72613c1979d0a13f8ec76b,2
0xf00e5a59fde1cb2ead96a8be7711abc3f981e0f1,1537922249,6401985.0,OUT,0.0,0xceac8c00df6dda195df5319961de2cb49817008ed49b3652d0804e69df32a40a,internal,call,1.045416666666666 Ether,1,0x96bb98183e5562913e72613c1979d0a13f8ec76b,2
0xf00e5a59fde1cb2ead96a8be7711abc3f981e0f1,1537883909,6399258.0,OUT,0.0,0xdce83dc1ad0a3dab715dae7b616fc3ebfb15feabb364adf3daaefa4fc2bddd73,internal,call,0.17875 Ether,1,0x96bb98183e5562913e72613c1979d0a13f8ec76b,2
0xf00e5a59fde1cb2ead96a8be7711abc3f981e0f1,1537887535,6399508.0,OUT,0.0,0x00f9e4b980c09876f28d14d6591959a00189d3c8a89f847c848c38b02a082eb8,internal,call,0.108333333333333 Ether,1,0x96bb98183e5562913e72613c1979d0a13f8ec76b,2
0xf00e5a59fde1cb2ead96a8be7711abc3f981e0f1,1537844740,6396511.0,OUT,0.0,0x77a94247ff57ff9dca8245a9d2ea8a2d23d71f9f34f1108b2a2a2d220ea8a30b,internal,call,0.334027777777777 Ether,1,0x96bb98183e5562913e72613c1979d0a13f8ec76b,2
0xf00e5a59fde1cb2ead96a8be7711abc3f981e0f1,1537877978,6398862.0,OUT,0.0,0x67d65e23329f3141d95b3b1e7bb5844ee2e3e63d1ad5fc5c56753bb13acdf8b0,internal,call,0.60125 Ether,1,0x96bb98183e5562913e72613c1979d0a13f8ec76b,2
