address,age,block,direction,txFee,txhash,txn_type,type,value,Class,creator,inter_direction
0x8a883a20940870dc055f2070ac8ec847ed2d9918,1533165356,6073653.0,OUT,0.0,0x392f0a91aeb6fb1ef1780643c48e557b4f3e60f86876e5e7ee9c84797b57b052,internal,call,1.268381223558966 Ether,1,0xc14f8469d4bb31c8e69fae9c16e262f45edc3635,2
0x8a883a20940870dc055f2070ac8ec847ed2d9918,1532393931,6020755.0,OUT,0.0,0x09e853110000add0d25ef17f6e8d2088fb62afced0eb870df66fe3966a9d94b8,internal,call,0.427218229488191 Ether,1,0xc14f8469d4bb31c8e69fae9c16e262f45edc3635,2
