address,age,block,direction,txFee,txhash,txn_type,type,value,Class,creator,inter_direction
0x8a883a20940870dc055f2070ac8ec847ed2d9918,1532382806,6020023.0,OUT,0.0,0x904f6555d48223ea3045cc7ff49bc2da1e7b692f5e8450fb17b7d781b2f532bc,internal,call,0.000002705239688 Ether,1,0xc14f8469d4bb31c8e69fae9c16e262f45edc3635,2
0x8a883a20940870dc055f2070ac8ec847ed2d9918,1532382164,6019986.0,OUT,0.0,0x73ba44bd41c4bbf2c99a8ddfd5ff494fc4830467e288a861b13bb3641f367135,internal,call,0.220171960420257 Ether,1,0xc14f8469d4bb31c8e69fae9c16e262f45edc3635,2
0x8a883a20940870dc055f2070ac8ec847ed2d9918,1532494353,6024657.0,OUT,0.0,0xde96f0c10bacc1f6f982b32d21fc03b47e69fd23efedf50fbd65846c6dc99492,internal,call,0.000005360355277 Ether,1,0xc14f8469d4bb31c8e69fae9c16e262f45edc3635,2
0x8a883a20940870dc055f2070ac8ec847ed2d9918,1532493313,6024586.0,OUT,0.0,0x17e3eda5a4a7bd96e420275c32ce5575fab299f38c6e564bad0f6fc7bcdb0797,internal,call,0.000001026037524 Ether,1,0xc14f8469d4bb31c8e69fae9c16e262f45edc3635,2
0x8a883a20940870dc055f2070ac8ec847ed2d9918,1532493248,6024582.0,OUT,0.0,0x13a7a66ea23a94d7ea86b1b9787e5753d2164522b0193bf39c0f1569539defc2,internal,call,0.016347146949746 Ether,1,0xc14f8469d4bb31c8e69fae9c16e262f45edc3635,2
0x8a883a20940870dc055f2070ac8ec847ed2d9918,1533256595,6079798.0,OUT,0.0,0x9af0f4ad0da985531463303af461ed08de9f2062962b650416e5a8477130ed5b,internal,call,0.666590992227597 Ether,1,0xc14f8469d4bb31c8e69fae9c16e262f45edc3635,2
0x8a883a20940870dc055f2070ac8ec847ed2d9918,1532305342,0.0,OUT,0.0,0xfda2fffc3b1b7bbea95786fdbc540c242c1d8ad3489fa3c899f7b23d731ceba0,internal,call,0.001632490931322 Ether,1,0xc14f8469d4bb31c8e69fae9c16e262f45edc3635,2
0x8a883a20940870dc055f2070ac8ec847ed2d9918,1532305205,6014823.0,OUT,0.0,0x4027e6cd871b0353da58066b572b47bde28eff113e863f4494da53ea05c600e0,internal,call,1.743636570142193 Ether,1,0xc14f8469d4bb31c8e69fae9c16e262f45edc3635,2
