address,age,block,direction,txFee,txhash,txn_type,type,value,Class,creator,inter_direction
0x4e8ecf79ade5e2c49b9e30d795517a81e0bf00b8,1532740691,0.0,OUT,0.0,0x7f83ae6a0906c6124667a433b7b8a696ca586703a8376a6725880b0134b10faa,internal,call,0.04538702149132 Ether,1,0xf39e044e1ab204460e06e87c6dca2c6319fc69e3,1
0x4e8ecf79ade5e2c49b9e30d795517a81e0bf00b8,1532734424,0.0,OUT,0.0,0x8862cea4bcd26f6bc812775dd81e6976782d5918d91a89856d61a3cf1cc01f78,internal,call,0.079255995774424 Ether,1,0xf39e044e1ab204460e06e87c6dca2c6319fc69e3,1
