address,age,block,direction,txFee,txhash,txn_type,type,value,Class,creator,inter_direction
0x55d34b686aa8c04921397c5807db9ecedba00a4c,1498004914,0.0,OUT,0.0,0x138e955534577ce6947eef779305ac73945dbea42a95dda22e4037ee410111fa,internal,call,8.988916710645955 Ether,0,0x6b9ef02657339310e28a7a9d4b5f25f7c1f68d61,1
0x55d34b686aa8c04921397c5807db9ecedba00a4c,1498007119,0.0,OUT,0.0,0x14a868eb5b0784a8c11d418e4c76e693811f417313db56370282a0bab2c1ee2d,internal,call,10.5 Ether,0,0x6b9ef02657339310e28a7a9d4b5f25f7c1f68d61,1
0x55d34b686aa8c04921397c5807db9ecedba00a4c,1498000146,3907067.0,OUT,0.0,0x1f706544177faf965a54a731ab6e8678d63c31fc25c1dbd8d49783df7befb5fc,internal,call,5.821223801023346 Ether,0,0x6b9ef02657339310e28a7a9d4b5f25f7c1f68d61,1
0x55d34b686aa8c04921397c5807db9ecedba00a4c,1498015126,0.0,OUT,0.0,0x51ac09fa73f69f6141b88ec0fc3028e13560cb2ed10b04971d4b97664664c729,internal,call,9.8 Ether,0,0x6b9ef02657339310e28a7a9d4b5f25f7c1f68d61,1
