address,age,block,direction,txFee,txhash,txn_type,type,value,Class,creator,inter_direction
0xb1690c08e213a35ed9bab7b318de14420fb57d8c,1543958138,0.0,OUT,0.0,0xd911a674e6905d65dec593581ad3eb01d0f8984849ca2fb553f6e54d7c14ecb6,internal,call,0.0048125 Ether,0,0xba52c75764d6f594735dc735be7f1830cdf58ddf,2
0xb1690c08e213a35ed9bab7b318de14420fb57d8c,1541968171,6688648.0,OUT,0.0,0xcb40bddbf76e40134dd5857dde05535ecb72e6f67ecf2ab219343ff1361126fa,internal,call,0.000002720094838 Ether,0,0xba52c75764d6f594735dc735be7f1830cdf58ddf,2
0xb1690c08e213a35ed9bab7b318de14420fb57d8c,1541966094,6688504.0,OUT,0.0,0xd831fe9349d2b6df5e6b75bb5dade4e72548f910aa61520b23da273b3c765b80,internal,call,0.000003001807393 Ether,0,0xba52c75764d6f594735dc735be7f1830cdf58ddf,2
0xb1690c08e213a35ed9bab7b318de14420fb57d8c,1541058716,6624483.0,OUT,0.0,0x0ca1dc4c01a5670c1f7e302aa3bd40bef4558afbe26cf0b8a1e8b1deaabbfd4a,internal,call,0.000000490774366 Ether,0,0xba52c75764d6f594735dc735be7f1830cdf58ddf,1
0xb1690c08e213a35ed9bab7b318de14420fb57d8c,1541058672,6624479.0,OUT,0.0,0x9479c1ec1c33053a96d39830a38973f30c1605cebb68f0447a684e70de030798,internal,call,0.000000372530553 Ether,0,0xba52c75764d6f594735dc735be7f1830cdf58ddf,1
0xb1690c08e213a35ed9bab7b318de14420fb57d8c,1540967276,6618030.0,OUT,0.0,0x0b30dc22128171a6f6fab8f35581e971fad01eb61d978e1231dfc1580805d047,internal,call,0.000000625232306 Ether,0,0xba52c75764d6f594735dc735be7f1830cdf58ddf,1
