address,age,block,direction,txFee,txhash,txn_type,type,value,Class,creator,inter_direction
0x7b307c1f0039f5d38770e15f8043b3dd26da5e8f,1540212677,0.0,OUT,0.0,0x8309a83f0dad29f8695faa801daf097500e0d5d3845a1d51a47421e4bbe8f95f,internal,call,0.014157559322033 Ether,1,0xe1f3294e25bb72a2fb53addb82aa1a033797e6e3,1
0x7b307c1f0039f5d38770e15f8043b3dd26da5e8f,1540122942,6558257.0,OUT,0.0,0xfa5163b5bef39588b24df2ed3b8d2882731b14df6ea5fc153e74ef4168f5a84d,internal,call,0.013685491525423 Ether,1,0xe1f3294e25bb72a2fb53addb82aa1a033797e6e3,2
0x7b307c1f0039f5d38770e15f8043b3dd26da5e8f,1539858638,6539591.0,OUT,0.0,0x8999825a4838a2391f3860023d50c9f2862a7c1a294bf942340c5f034f1a7cd3,internal,call,0.016976542372881 Ether,1,0xe1f3294e25bb72a2fb53addb82aa1a033797e6e3,1
0x7b307c1f0039f5d38770e15f8043b3dd26da5e8f,1540036676,6552140.0,OUT,0.0,0x367f2b2a8dfe73ac306f34c8e9602a944e1a1e767ef4de256df0242005688d65,internal,call,0.014385762711864 Ether,1,0xe1f3294e25bb72a2fb53addb82aa1a033797e6e3,1
0x7b307c1f0039f5d38770e15f8043b3dd26da5e8f,1539752451,6532003.0,OUT,0.0,0x0a4dae8dbe98b87b66186dfa2f7293e247060f2c67cb11505a89808d36a0e008,internal,call,0.01401213559322 Ether,1,0xe1f3294e25bb72a2fb53addb82aa1a033797e6e3,1
0x7b307c1f0039f5d38770e15f8043b3dd26da5e8f,1539945870,6545710.0,OUT,0.0,0x1a1c7617cc32317b8bdbc8f242b58d2b19e4fb5382faaf6acee62348b4842acf,internal,call,0.013689966101694 Ether,1,0xe1f3294e25bb72a2fb53addb82aa1a033797e6e3,1
0x7b307c1f0039f5d38770e15f8043b3dd26da5e8f,1539706958,6525740.0,OUT,0.0,0x0af47d8116fea505a9a039a3ca2678867664c6fe48d84deaeca99dbe3229053a,internal,call,0.000001627118644 Ether,1,0xe1f3294e25bb72a2fb53addb82aa1a033797e6e3,1
0x7b307c1f0039f5d38770e15f8043b3dd26da5e8f,1539706814,6525732.0,OUT,0.0,0x6c6829d714d05ecd6807768ad9cbc48866953561a53e228560eb0a2e59320b59,internal,call,0.000667932203389 Ether,1,0xe1f3294e25bb72a2fb53addb82aa1a033797e6e3,1
