address,age,block,direction,txFee,txhash,txn_type,type,value,Class,creator,inter_direction
0x7b307c1f0039f5d38770e15f8043b3dd26da5e8f,1539068001,6483333.0,OUT,0.0,0x0f5c04c89839d4161e32104d01576402cbaae9ee8ddf741a6bfd4810cfa4ea73,internal,call,0.041762711864406 Ether,1,0xe1f3294e25bb72a2fb53addb82aa1a033797e6e3,1
0x7b307c1f0039f5d38770e15f8043b3dd26da5e8f,1539932157,6544752.0,OUT,0.0,0xa33b8498a1ce3847af0644e0fa1a37ce560d71ecaf3c8d3a55820af656f669c3,internal,call,0.166033898305084 Ether,1,0xe1f3294e25bb72a2fb53addb82aa1a033797e6e3,2
0x7b307c1f0039f5d38770e15f8043b3dd26da5e8f,1538981577,6477173.0,OUT,0.0,0x4377b689a59bf4a4d354fd47a6ce82e9825844625a11231494158539770b4e63,internal,call,0.292718644067796 Ether,1,0xe1f3294e25bb72a2fb53addb82aa1a033797e6e3,1
0x7b307c1f0039f5d38770e15f8043b3dd26da5e8f,1539586494,0.0,OUT,0.0,0x0727d5606d023bfe8ffd527f81ca1e57341ee47ecc6b409b9ee28b16dd77dd01,internal,call,0.208650847457627 Ether,1,0xe1f3294e25bb72a2fb53addb82aa1a033797e6e3,1
0x7b307c1f0039f5d38770e15f8043b3dd26da5e8f,1539154445,6489486.0,OUT,0.0,0x98bd4142d7e69bf14f302eb3af45ee1089807d46af6b1393d7de512ccbc360ed,internal,call,0.041715254237288 Ether,1,0xe1f3294e25bb72a2fb53addb82aa1a033797e6e3,1
0x7b307c1f0039f5d38770e15f8043b3dd26da5e8f,1540105139,6556969.0,OUT,0.0,0x238e05cd9308bfba2610822fc12f196b321071ff1c791d4240b6302ad2c42c08,internal,call,0.082827118644067 Ether,1,0xe1f3294e25bb72a2fb53addb82aa1a033797e6e3,1
0x7b307c1f0039f5d38770e15f8043b3dd26da5e8f,1540191756,6563113.0,OUT,0.0,0x9289fb0b59a97b56937e356a4901210e1312b9baacd94c1c91dde0aeb030c1a2,internal,call,0.041654237288135 Ether,1,0xe1f3294e25bb72a2fb53addb82aa1a033797e6e3,1
