address,age,block,direction,txFee,txhash,txn_type,type,value,Class,creator,inter_direction
0x9b5bbb16a7a68660f6503eff6c8e3159820d6396,1539513999,6515129.0,OUT,0.0,0x08e2f41411b8c1ac8d6ef6daa13f5e4f155d79b8bd2f21708d7bb6420540a4c8,internal,call,0.014875 Ether,1,0xdacca760db181e54d96b9a061acc0d2d48a05593,2
0x9b5bbb16a7a68660f6503eff6c8e3159820d6396,1538900881,6471356.0,OUT,0.0,0xcd5108b7c8a5846afa8ceb1f9d636db0ebe8d9f121806a0285ffdb419b8c2abf,internal,call,0.0018 Ether,1,0xdacca760db181e54d96b9a061acc0d2d48a05593,2
0x9b5bbb16a7a68660f6503eff6c8e3159820d6396,1540466810,6582656.0,OUT,0.0,0x54ab99eb9644b08a14955867584e0fc82b58eef270f1f74dce0f4fca3e346502,internal,call,0.002125 Ether,1,0xdacca760db181e54d96b9a061acc0d2d48a05593,2
0x9b5bbb16a7a68660f6503eff6c8e3159820d6396,1540205970,6564102.0,OUT,0.0,0x145b2a2af6a2e777c2a5784857d21ac415592ea414bef104223703a8e2d6a62b,internal,call,0.017 Ether,1,0xdacca760db181e54d96b9a061acc0d2d48a05593,2
0x9b5bbb16a7a68660f6503eff6c8e3159820d6396,1540576266,0.0,OUT,0.0,0x2e1a42656ac9a5c2dd34e56af9caa4f0fb473fb12c037d37bf169fafe6332125,internal,call,0.002125 Ether,1,0xdacca760db181e54d96b9a061acc0d2d48a05593,2
0x9b5bbb16a7a68660f6503eff6c8e3159820d6396,1540380016,0.0,OUT,0.0,0x043067331770c48c44bbf7db312ad7446dc4e20b472643ad331b297dd8d9c061,internal,call,0.00425 Ether,1,0xdacca760db181e54d96b9a061acc0d2d48a05593,2
