address,age,block,direction,txFee,txhash,txn_type,type,value,Class,creator,inter_direction
0x4e8ecf79ade5e2c49b9e30d795517a81e0bf00b8,1533415399,6090776.0,OUT,0.0,0x5ab68c1702abcf23d3b218cd6a3775306397ff4a556607f7484b4006a69b8e0d,internal,call,0.031799780795812 Ether,1,0xf39e044e1ab204460e06e87c6dca2c6319fc69e3,1
0x4e8ecf79ade5e2c49b9e30d795517a81e0bf00b8,1532726027,0.0,OUT,0.0,0xc331cdcfb0603063bd7879d2f011a6c82fb60ec4ac149b1a87e4ca893fb42a8e,internal,call,0.125770949929638 Ether,1,0xf39e044e1ab204460e06e87c6dca2c6319fc69e3,2
0x4e8ecf79ade5e2c49b9e30d795517a81e0bf00b8,1532996014,6062043.0,OUT,0.0,0x987ce2a2744958b09fa32706c21c8a27b841ae569add7ddccdb88754edb470d5,internal,call,0.019594750740194 Ether,1,0xf39e044e1ab204460e06e87c6dca2c6319fc69e3,1
0x4e8ecf79ade5e2c49b9e30d795517a81e0bf00b8,1532719053,6042926.0,OUT,0.0,0x993ba11f1d9babed138e8515bac9e851e0324ff87ccdb32a2f1313706aaf8118,internal,call,0.48770265795316 Ether,1,0xf39e044e1ab204460e06e87c6dca2c6319fc69e3,1
