address,age,block,direction,txFee,txhash,txn_type,type,value,Class,creator,inter_direction
0xdf93cdb6dd65c6c28c78dcdc1762aa34caf81678,1539947097,6545815.0,OUT,0.0,0x81284d24d856475b32e471053d1a803e7b557239dd82363a3ce28ca21f6becc0,internal,call,0.056090277777777 Ether,1,0xcc1ceb36cab5ada7fd0376b55602dd0d4b429c30,2
0xdf93cdb6dd65c6c28c78dcdc1762aa34caf81678,1540453357,6581696.0,OUT,0.0,0x16737ac7f2c7e5922baa9062fa3ac732e5b9b6ab0633b4e13239b6d228aa3e32,internal,call,0.038916666666666 Ether,1,0xcc1ceb36cab5ada7fd0376b55602dd0d4b429c30,2
0xdf93cdb6dd65c6c28c78dcdc1762aa34caf81678,1540657479,6593077.0,OUT,0.0,0xb2b4abc7ac09013825dc3c9e99992b8c9a5a401e4cf4752bdc24d3fb78dbe5f0,internal,call,0.074500925925925 Ether,1,0xcc1ceb36cab5ada7fd0376b55602dd0d4b429c30,2
0xdf93cdb6dd65c6c28c78dcdc1762aa34caf81678,1540198533,6563574.0,OUT,0.0,0x69cbc787588e1157da354f6f2cce946c2dfa3c4e853eee3d467ce059847f7aad,internal,call,0.052723611111111 Ether,1,0xcc1ceb36cab5ada7fd0376b55602dd0d4b429c30,2
0xdf93cdb6dd65c6c28c78dcdc1762aa34caf81678,1540084650,6555584.0,OUT,0.0,0xee2c972d8fc5790138b924952dc70a50e734026c61830d696112f03e615c73bc,internal,call,0.113681944444444 Ether,1,0xcc1ceb36cab5ada7fd0376b55602dd0d4b429c30,2
0xdf93cdb6dd65c6c28c78dcdc1762aa34caf81678,1540369297,6575720.0,OUT,0.0,0xa30996af29f9d16dd7ce90acc99d35124c7dc5838c46ddc952ea9e362abf12e7,internal,call,0.079057407407407 Ether,1,0xcc1ceb36cab5ada7fd0376b55602dd0d4b429c30,2
