address,age,block,direction,txFee,txhash,txn_type,type,value,Class,creator,inter_direction
0x459f7854776ed005b6ec63a88f834fdab0b6993e,1507635182,0.0,OUT,0.0,0x1c7d249a917f1b8654bb4199e0dab22d45ff426468a1d69609e574a403cbad5b,internal,call,0.000002 Ether,0,0xa7b0883a9e885177f30fcdc42b6e4a015f20e53b,2
0x459f7854776ed005b6ec63a88f834fdab0b6993e,1503373386,0.0,OUT,0.0,0x78f78f552b005f60e1c46e2352b92082bd7f1d6fe08362d888ad1790df9639d4,internal,call,0.000002 Ether,0,0xa7b0883a9e885177f30fcdc42b6e4a015f20e53b,2
