address,age,block,direction,txFee,txhash,txn_type,type,value,Class,creator,inter_direction
0xb10ea0d397db942a1083a4af9c6074ab63bc8c8b,1540692320,6598593.0,OUT,0.0,0xfd0428e540168545e60e31aaed328249ce844aa0b243225e40a85aa31d082ee3,internal,call,0.095902372881355 Ether,1,0x65b041db3135ed5f76d9486aa56f8ca5dc9a3f5e,2
0xb10ea0d397db942a1083a4af9c6074ab63bc8c8b,1539507396,6514654.0,OUT,0.0,0xbcfc43667058213c1dca678d48c5489d3c868d09871971168f5cde6219921c49,internal,call,0.100470508474576 Ether,1,0x65b041db3135ed5f76d9486aa56f8ca5dc9a3f5e,2
0xb10ea0d397db942a1083a4af9c6074ab63bc8c8b,1540026442,6551441.0,OUT,0.0,0xb741a145cbc7b48861090b5f8514ad43232b67db03eb8153dae7a6e89d9e4554,internal,call,0.074821016949152 Ether,1,0x65b041db3135ed5f76d9486aa56f8ca5dc9a3f5e,2
0xb10ea0d397db942a1083a4af9c6074ab63bc8c8b,1540849001,6609671.0,OUT,0.0,0x58d3228ccf63ccc7ada7f513c0c302941502ceda90af5196d781f8f306247e17,internal,call,0.022531525423728 Ether,1,0x65b041db3135ed5f76d9486aa56f8ca5dc9a3f5e,1
0xb10ea0d397db942a1083a4af9c6074ab63bc8c8b,1540951056,6616926.0,OUT,0.0,0xd718442b1c8d6342b202fc2638e3b4a9d1fda30ad215eeeba064da1d4f46307f,internal,call,0.014755932203389 Ether,1,0x65b041db3135ed5f76d9486aa56f8ca5dc9a3f5e,2
