address,age,block,direction,txFee,txhash,txn_type,type,value,Class,creator,inter_direction
0xb547027a4ccd46ec98199fa88aaedf5aa981db26,1538005686,0.0,OUT,0.0,0xd7565314f3851f9f87574562d0a73fb973c3a173694aec040d337a2d67c409e1,internal,call,0.752583333333333 Ether,1,0xaf9c025ce6322a23ac00301c714f4f42895c9818,2
0xb547027a4ccd46ec98199fa88aaedf5aa981db26,1537907178,6400910.0,OUT,0.0,0xcd490340f0a7f7f8a7f96bd320d00d2a00c97df5777aaa3f8b9fece42b70c814,internal,call,0.515166666666666 Ether,1,0xaf9c025ce6322a23ac00301c714f4f42895c9818,2
