address,age,block,direction,txFee,txhash,txn_type,type,value,Class,creator,inter_direction
0x7b307c1f0039f5d38770e15f8043b3dd26da5e8f,1539039322,6481299.0,OUT,0.0,0x4d21fb148a06d5079a759baaba948f355918653647716c4e35ca7349767c26de,internal,call,2.6871588 Ether,1,0xe1f3294e25bb72a2fb53addb82aa1a033797e6e3,1
0x7b307c1f0039f5d38770e15f8043b3dd26da5e8f,1538563058,6447198.0,OUT,0.0,0xb6e6e9908a8a5160e07620b7e11d2b71ac0b148f4dae3c615a7e7867d261957c,internal,call,0.00372033898305 Ether,1,0xe1f3294e25bb72a2fb53addb82aa1a033797e6e3,2
0x7b307c1f0039f5d38770e15f8043b3dd26da5e8f,1538562259,6447148.0,OUT,0.0,0xa0b5fe225bb36a5d9b76dbca4d9dee5621892ab1e608298867180945c949fe5d,internal,call,0.466976949152542 Ether,1,0xe1f3294e25bb72a2fb53addb82aa1a033797e6e3,1
0x7b307c1f0039f5d38770e15f8043b3dd26da5e8f,1539743146,6531320.0,OUT,0.0,0x20820f92bc33cb6979c8a805bf42b8963e1ba343818a7c3b990ff61ddb7d9855,internal,call,3.9416548 Ether,1,0xe1f3294e25bb72a2fb53addb82aa1a033797e6e3,1
0x7b307c1f0039f5d38770e15f8043b3dd26da5e8f,1538473293,6440872.0,OUT,0.0,0x3f208a3c16146f8a9d91be3602a0a2c1c66254b8b14d4a4ab750a1b0b6f08700,internal,call,0.181297220338983 Ether,1,0xe1f3294e25bb72a2fb53addb82aa1a033797e6e3,1
0x7b307c1f0039f5d38770e15f8043b3dd26da5e8f,1538434540,6438118.0,OUT,0.0,0x14cfacffc8329828c7d1d06ac8dd82e762b091e1c84375bf8730a3f32946708a,internal,call,0.110638372881355 Ether,1,0xe1f3294e25bb72a2fb53addb82aa1a033797e6e3,1
