address,age,block,direction,txFee,txhash,txn_type,type,value,Class,creator,inter_direction
0xe1c9a03cf690256ff7738cbd508c88cf5238a535,1523507663,5424303.0,OUT,0.0,0x8f053d136753dbdc1ba20ce297defe801f4b2b48fbb0f07abf8fb272664e21fa,internal,call,0.050198429929988 Ether,1,0xc84c18a88789dba5b0ca9c13973435bbce7e961d,2
0xe1c9a03cf690256ff7738cbd508c88cf5238a535,1523507485,5424289.0,OUT,0.0,0xfa55346213950841870731596c9b8cac275d8243991cd41ec3bde7e858632f7c,internal,call,0.001035589716772 Ether,1,0xc84c18a88789dba5b0ca9c13973435bbce7e961d,2
