address,age,block,direction,txFee,txhash,txn_type,type,value,Class,creator,inter_direction
0x536a6ba0d913d5d6a4ce2c6eb7ed0de3c0f0b89e,1537352744,6361963.0,OUT,0.0,0x8346976c94f78a8fcbfebfc0510feefbe55b52718ea71abf17c88f345d7d2e80,internal,call,0.00805 Ether,1,0xb648cc3367571c9166e966d1eb97de3f9ebfb8fd,1
0x536a6ba0d913d5d6a4ce2c6eb7ed0de3c0f0b89e,1537781207,6392036.0,OUT,0.0,0x9bb17cf714f2021c59d5f0c5ffe6f93b57e80df78f96e9fc093ac6861c790383,internal,call,0.009345 Ether,1,0xb648cc3367571c9166e966d1eb97de3f9ebfb8fd,1
0x536a6ba0d913d5d6a4ce2c6eb7ed0de3c0f0b89e,1537874614,6398620.0,OUT,0.0,0x98b7628b6c039df5c16d094e6fbbce079c0f01320d44119f5ba5e41b83aeb0dd,internal,call,0.00966 Ether,1,0xb648cc3367571c9166e966d1eb97de3f9ebfb8fd,1
0x536a6ba0d913d5d6a4ce2c6eb7ed0de3c0f0b89e,1537180939,0.0,OUT,0.0,0xc584c2ff928b004f640e0d84aa30bab6384e8aa3c415d2c71d6b371f6f8869f8,internal,call,0.0042 Ether,1,0xb648cc3367571c9166e966d1eb97de3f9ebfb8fd,2
0x536a6ba0d913d5d6a4ce2c6eb7ed0de3c0f0b89e,1537604240,6379531.0,OUT,0.0,0x71497ae8d3e44449476d0b61c1cf88c4c64d09151a8c3383007c32a324427363,internal,call,0.0161 Ether,1,0xb648cc3367571c9166e966d1eb97de3f9ebfb8fd,1
0x536a6ba0d913d5d6a4ce2c6eb7ed0de3c0f0b89e,1537692963,6385780.0,OUT,0.0,0xcb385e34e3d0c02c3cb65b4c6a82935148007424fabcdb0fd099dbf59ecd6a35,internal,call,0.00805 Ether,1,0xb648cc3367571c9166e966d1eb97de3f9ebfb8fd,2
