address,age,block,direction,txFee,txhash,txn_type,type,value,Class,creator,inter_direction
0x4e8ecf79ade5e2c49b9e30d795517a81e0bf00b8,1534704230,6179012.0,OUT,0.0,0xd0b68c8598c14df9c7a8c58b73ce74551c46dfde9f1ba1a88a38a39157eef758,internal,call,0.00000939991497 Ether,1,0xf39e044e1ab204460e06e87c6dca2c6319fc69e3,2
0x4e8ecf79ade5e2c49b9e30d795517a81e0bf00b8,1533900127,6124023.0,OUT,0.0,0xbc846a3a845c59ac823181f502c70888da0ac3f4c88cee53baab8983f2c5977f,internal,call,0.004385986974859 Ether,1,0xf39e044e1ab204460e06e87c6dca2c6319fc69e3,2
0x4e8ecf79ade5e2c49b9e30d795517a81e0bf00b8,1533203018,6076141.0,OUT,0.0,0x77ff3bbabe665daa6c5c2546147b2b5f19bc5d975a6d64e32968c2fe25408e52,internal,call,0.001382120602872 Ether,1,0xf39e044e1ab204460e06e87c6dca2c6319fc69e3,1
0x4e8ecf79ade5e2c49b9e30d795517a81e0bf00b8,1532743820,6044631.0,OUT,0.0,0xde1d394a4ecc684e6c75849846f11f4d8aba044f2fc75f8282e73169e74a02db,internal,call,0.087491289370647 Ether,1,0xf39e044e1ab204460e06e87c6dca2c6319fc69e3,2
