address,age,block,direction,txFee,txhash,txn_type,type,value,Class,creator,inter_direction
0x4e8ecf79ade5e2c49b9e30d795517a81e0bf00b8,1533557748,6100533.0,OUT,0.0,0x9961e16b5e9230553fa9ecddadddfe8f65886e671548a6781c6a89b5e61c60da,internal,call,0.182601931713088 Ether,1,0xf39e044e1ab204460e06e87c6dca2c6319fc69e3,1
0x4e8ecf79ade5e2c49b9e30d795517a81e0bf00b8,1532792030,6047971.0,OUT,0.0,0x19cf7ac580031806dbfe5ab2f43d7a65506999c368ddeef040e78f7c602abc51,internal,call,0.046933495021189 Ether,1,0xf39e044e1ab204460e06e87c6dca2c6319fc69e3,1
0x4e8ecf79ade5e2c49b9e30d795517a81e0bf00b8,1532838624,0.0,OUT,0.0,0x95d7eb67e16cf198f0b162303b08fa86df4fe77699101ceabcc3ae642d5248fe,internal,call,0.021889960234383 Ether,1,0xf39e044e1ab204460e06e87c6dca2c6319fc69e3,1
0x4e8ecf79ade5e2c49b9e30d795517a81e0bf00b8,1532742309,6044539.0,OUT,0.0,0x0b970752921a102efd8017227b32c5093e17b3ce2c35c5a537c35faa47acda63,internal,call,0.035965524894007 Ether,1,0xf39e044e1ab204460e06e87c6dca2c6319fc69e3,1
