address,age,block,direction,txFee,txhash,txn_type,type,value,Class,creator,inter_direction
0x4e8ecf79ade5e2c49b9e30d795517a81e0bf00b8,1532956555,6059393.0,OUT,0.0,0xc57010ddd4181bc18250f66babeb4222cde830c22a8a3276f53201d475baa17f,internal,call,1.165853812392656 Ether,1,0xf39e044e1ab204460e06e87c6dca2c6319fc69e3,2
0x4e8ecf79ade5e2c49b9e30d795517a81e0bf00b8,1532792203,6047984.0,OUT,0.0,0x1bdfd815ea727c7fe1f33ea62c80a782167df1861d23a9791f29802ba1294e8b,internal,call,1.120549771829793 Ether,1,0xf39e044e1ab204460e06e87c6dca2c6319fc69e3,1
0x4e8ecf79ade5e2c49b9e30d795517a81e0bf00b8,1532966374,6060058.0,OUT,0.0,0xb7d583c4b61c1a0c25879109749b96afccacef7883e923965dbe5a0f0c01ede7,internal,call,0.172032280637452 Ether,1,0xf39e044e1ab204460e06e87c6dca2c6319fc69e3,2
