address,age,block,direction,txFee,txhash,txn_type,type,value,Class,creator,inter_direction
0x55d34b686aa8c04921397c5807db9ecedba00a4c,1498013064,0.0,OUT,0.0,0x2cae8d28c8410b98d89471bdd041181675ea0eac486457882eb94b31e2ddd08f,internal,call,4.5 Ether,0,0x6b9ef02657339310e28a7a9d4b5f25f7c1f68d61,1
0x55d34b686aa8c04921397c5807db9ecedba00a4c,1498006660,0.0,OUT,0.0,0x380b09e3d8e50c92871ed691941a21c1cf6af9bff14a18dc744c6a2447b1ee7c,internal,call,10.000956914826784 Ether,0,0x6b9ef02657339310e28a7a9d4b5f25f7c1f68d61,1
0x55d34b686aa8c04921397c5807db9ecedba00a4c,1497984478,0.0,OUT,0.0,0x1c06a6abcf54c8277e684e3e34f9438f06dbe0508a31988aa50f58cdb0814a6a,internal,call,4.542062509625588 Ether,0,0x6b9ef02657339310e28a7a9d4b5f25f7c1f68d61,1
0x55d34b686aa8c04921397c5807db9ecedba00a4c,1497978890,0.0,OUT,0.0,0x154fdef2b25d62fb5c2d3675a67f7c0b2bd43d15491e0ea24cc18f876b33e29e,internal,call,20.487673255201195 Ether,0,0x6b9ef02657339310e28a7a9d4b5f25f7c1f68d61,1
