address,age,block,direction,txFee,txhash,txn_type,type,value,Class,creator,inter_direction
0x4e8ecf79ade5e2c49b9e30d795517a81e0bf00b8,1532938705,6058141.0,OUT,0.0,0x5f889b6b8cddcf0e572a96ecd44e50eec78f16fa529e5a9179ee30056edf0e94,internal,call,0.087797845620054 Ether,1,0xf39e044e1ab204460e06e87c6dca2c6319fc69e3,1
0x4e8ecf79ade5e2c49b9e30d795517a81e0bf00b8,1532894092,6055067.0,OUT,0.0,0x753545c03724d27d5850cbfec1af36edf4c16e7456aca82e9cdab060f230b295,internal,call,0.232618583602297 Ether,1,0xf39e044e1ab204460e06e87c6dca2c6319fc69e3,1
