address,age,block,direction,txFee,txhash,txn_type,type,value,Class,creator,inter_direction
0xbeefd8fb3b5778f99e021afa2e41e0614af6af11,1541581773,6661341.0,OUT,0.0,0x042afde82351f40fa049c47c1f5e9cd9bc03c78ad12089a9aaf36d37c8ad4644,internal,call,0.00614713114754 Ether,1,0x300758881bf3756b6cb5b2e96f545d7b3566ce3a,1
0xbeefd8fb3b5778f99e021afa2e41e0614af6af11,1541843103,6679798.0,OUT,0.0,0x3bc91450813f7052be24aee4c73ee45c52ff360dd8f87735d249196b06441665,internal,call,0.007564344262295 Ether,1,0x300758881bf3756b6cb5b2e96f545d7b3566ce3a,1
