address,age,block,direction,txFee,txhash,txn_type,type,value,Class,creator,inter_direction
0x7b307c1f0039f5d38770e15f8043b3dd26da5e8f,1540239099,0.0,OUT,0.0,0x8c93bd4439e390b75b8c04544533e8ccf0f0a94fcfbf35e9ddc7383bcf53275b,internal,call,0.177254237288135 Ether,1,0xe1f3294e25bb72a2fb53addb82aa1a033797e6e3,1
0x7b307c1f0039f5d38770e15f8043b3dd26da5e8f,1540091117,0.0,OUT,0.0,0xb9922840aaf04083be76a34da5f3f7e25b5d872fcf142a375106d1a4a27b4cb0,internal,call,0.27693220338983 Ether,1,0xe1f3294e25bb72a2fb53addb82aa1a033797e6e3,2
0x7b307c1f0039f5d38770e15f8043b3dd26da5e8f,1539333285,6502220.0,OUT,0.0,0x391a069ec78dce03d7de469f9b199e6da7812ddc0818d9d12995c7ed0aedbf8c,internal,call,0.532050847457627 Ether,1,0xe1f3294e25bb72a2fb53addb82aa1a033797e6e3,1
0x7b307c1f0039f5d38770e15f8043b3dd26da5e8f,1539514642,6515183.0,OUT,0.0,0x4d65b107557771baae955e8429746d455e0d433820035c4379bac7bd28d59279,internal,call,0.219711864406779 Ether,1,0xe1f3294e25bb72a2fb53addb82aa1a033797e6e3,1
0x7b307c1f0039f5d38770e15f8043b3dd26da5e8f,1538893644,6470829.0,OUT,0.0,0xf4fc896fa542a4730cb3faaca0962108fa2beb226420f8e505e5b80bcd457e93,internal,call,0.397423728813559 Ether,1,0xe1f3294e25bb72a2fb53addb82aa1a033797e6e3,2
0x7b307c1f0039f5d38770e15f8043b3dd26da5e8f,1538464601,6440241.0,OUT,0.0,0x0cf570063eebe4fd7376e41366778da5b8e4d861b5da0967d47c91b557959110,internal,call,0.104067796610169 Ether,1,0xe1f3294e25bb72a2fb53addb82aa1a033797e6e3,1
0x7b307c1f0039f5d38770e15f8043b3dd26da5e8f,1538565708,6447381.0,OUT,0.0,0x514a2117fec263e3b02cfbe1f1b05760c3d74d0674e0d83849405873bbdde10a,internal,call,0.121016949152542 Ether,1,0xe1f3294e25bb72a2fb53addb82aa1a033797e6e3,1
0x7b307c1f0039f5d38770e15f8043b3dd26da5e8f,1539860105,6539698.0,OUT,0.0,0x1c43231d8ce5a7359e7a1a127e90413ac0e309090b232af5ebd4ee412b5da563,internal,call,0.415508474576271 Ether,1,0xe1f3294e25bb72a2fb53addb82aa1a033797e6e3,1
0x7b307c1f0039f5d38770e15f8043b3dd26da5e8f,1538377998,6434101.0,OUT,0.0,0x47fcb0c5995d66d7c31a38f1303422719a063706468dec5e85b23e062632ce6d,internal,call,0.121389830508474 Ether,1,0xe1f3294e25bb72a2fb53addb82aa1a033797e6e3,1
