address,age,block,direction,txFee,txhash,txn_type,type,value,Class,creator,inter_direction
0x9b5bbb16a7a68660f6503eff6c8e3159820d6396,1539514210,6515148.0,OUT,0.0,0x4e2101ccb2a6312afe4cab3fde4f06ddc4071783458e08acb3045cba5297d490,internal,call,0.19125 Ether,1,0xdacca760db181e54d96b9a061acc0d2d48a05593,2
0x9b5bbb16a7a68660f6503eff6c8e3159820d6396,1539859969,6539691.0,OUT,0.0,0xbc4d5146723db44e67cc6eeb9ec7e20ce2fa5ce63e095ba9fe4ad8c26b04472f,internal,call,0.255 Ether,1,0xdacca760db181e54d96b9a061acc0d2d48a05593,2
0x9b5bbb16a7a68660f6503eff6c8e3159820d6396,1540119940,6558040.0,OUT,0.0,0x78d233afaef5b5d45bfcb7506fbf89756fde2beb008fff091665652123848886,internal,call,0.19125 Ether,1,0xdacca760db181e54d96b9a061acc0d2d48a05593,2
0x9b5bbb16a7a68660f6503eff6c8e3159820d6396,1540552189,6588677.0,OUT,0.0,0x83622e8f6af75beeb7717e0b6bd1114a1d41f89f3ee6ee62bb3a80a12a5ff88c,internal,call,0.31875 Ether,1,0xdacca760db181e54d96b9a061acc0d2d48a05593,2
0x9b5bbb16a7a68660f6503eff6c8e3159820d6396,1539254897,6496631.0,OUT,0.0,0x71045eacc4fe05c945a68984557d78de8d8881f740f4512359e8f56d95b00350,internal,call,0.31875 Ether,1,0xdacca760db181e54d96b9a061acc0d2d48a05593,2
0x9b5bbb16a7a68660f6503eff6c8e3159820d6396,1538563189,6447205.0,OUT,0.0,0xfd46603ff3d95a3d85a420886be56cba81bd1856d37ebf3bee1ec601781a8b3f,internal,call,0.1275 Ether,1,0xdacca760db181e54d96b9a061acc0d2d48a05593,2
0x9b5bbb16a7a68660f6503eff6c8e3159820d6396,1538822687,6465748.0,OUT,0.0,0xd51fa9a0a89f418c20baf50c1ff72f43824bc82bf3244abb31d64dcb9dba4ef2,internal,call,0.2025 Ether,1,0xdacca760db181e54d96b9a061acc0d2d48a05593,2
