address,age,block,direction,txFee,txhash,txn_type,type,value,Class,creator,inter_direction
0x4e8ecf79ade5e2c49b9e30d795517a81e0bf00b8,1532713863,0.0,OUT,0.0,0x8e690f00dc5a411d88440b5fd02265d35727fbcc15c851b09f5d78ef9b953324,internal,call,0.179458919767577 Ether,1,0xf39e044e1ab204460e06e87c6dca2c6319fc69e3,1
0x4e8ecf79ade5e2c49b9e30d795517a81e0bf00b8,1532735229,0.0,OUT,0.0,0x56d5fff6e52ebf7f36ad281308883d2d7b1f2a2c58046029fe73939e91881620,internal,call,0.017488121961775 Ether,1,0xf39e044e1ab204460e06e87c6dca2c6319fc69e3,1
