address,age,block,direction,txFee,txhash,txn_type,type,value,Class,creator,inter_direction
0x4e8ecf79ade5e2c49b9e30d795517a81e0bf00b8,1532740611,0.0,OUT,0.0,0x57bddf39f827e194d238a86049de282982b44ac6b56b0a1d0ea91680f0c9533f,internal,call,0.098074315764739 Ether,1,0xf39e044e1ab204460e06e87c6dca2c6319fc69e3,1
0x4e8ecf79ade5e2c49b9e30d795517a81e0bf00b8,1532723460,0.0,OUT,0.0,0x38655fe6bba62ee11006e22208a518140267b332cf903ccb33351d6e33336a65,internal,call,0.745343600063127 Ether,1,0xf39e044e1ab204460e06e87c6dca2c6319fc69e3,1
