address,age,block,direction,txFee,txhash,txn_type,type,value,Class,creator,inter_direction
0x8a883a20940870dc055f2070ac8ec847ed2d9918,1532407096,6018767.0,OUT,0.0,0xa0b03f5dba8ffb4c2941fd3758e2cf0464767e65dc767951f54dc296fc238437,internal,call,0.000031317061544 Ether,1,0xc14f8469d4bb31c8e69fae9c16e262f45edc3635,2
0x8a883a20940870dc055f2070ac8ec847ed2d9918,1532361084,6018586.0,OUT,0.0,0x24e5acb9f2be8cdd1f771e3d349717c4de7c8bd6471490749e834557c9a29b4b,internal,call,0.000012550710713 Ether,1,0xc14f8469d4bb31c8e69fae9c16e262f45edc3635,2
