address,age,block,direction,txFee,txhash,txn_type,type,value,Class,creator,inter_direction
0x4e8ecf79ade5e2c49b9e30d795517a81e0bf00b8,1532714103,6042580.0,OUT,0.0,0xf0a856fc0d9a4ac6f914e6ea84aded8b77d7bc368bfddf2accf8c3ef15f96992,internal,call,1.155305692119936 Ether,1,0xf39e044e1ab204460e06e87c6dca2c6319fc69e3,2
0x4e8ecf79ade5e2c49b9e30d795517a81e0bf00b8,1532723774,0.0,OUT,0.0,0x69fe705f4ca11ee95aa3beff670e25e454ad89099a373189fb917dac46e644dd,internal,call,0.048761521230421 Ether,1,0xf39e044e1ab204460e06e87c6dca2c6319fc69e3,1
