address,age,block,direction,txFee,txhash,txn_type,type,value,Class,creator,inter_direction
0x8036165ccabee251c886d6121b047c16b5e798b5,1523213272,5406787.0,OUT,0.0,0x4260bf73c8077dd2650874b2a37485fa754e3ea39727a45a5de6f6f7b5a7398e,internal,call,0.041102694740885 Ether,1,0x4be640dcce08e68ede454202fbc59cf5f9e8ea1f,2
0x8036165ccabee251c886d6121b047c16b5e798b5,1523165559,5403484.0,OUT,0.0,0x33098bfff1d4531df7f913b516fe57285d9af0090c0203d0aa16ff203c8239e8,internal,call,0.002613659578526 Ether,1,0x4be640dcce08e68ede454202fbc59cf5f9e8ea1f,2
