address,age,block,direction,txFee,txhash,txn_type,type,value,Class,creator,inter_direction
0x4e8ecf79ade5e2c49b9e30d795517a81e0bf00b8,1532910790,6056233.0,OUT,0.0,0xc67475ba4c0e8394d28543a0b84278ebe4264555f6f49400afa102a094d197ea,internal,call,0.05996583204507 Ether,1,0xf39e044e1ab204460e06e87c6dca2c6319fc69e3,2
0x4e8ecf79ade5e2c49b9e30d795517a81e0bf00b8,1532737801,0.0,OUT,0.0,0xb57260902da1e2fbe80242ad28b73d4e0cb33c933fe646f9bbaef958e937aadd,internal,call,0.094484713476577 Ether,1,0xf39e044e1ab204460e06e87c6dca2c6319fc69e3,2
0x4e8ecf79ade5e2c49b9e30d795517a81e0bf00b8,1532831473,6050733.0,OUT,0.0,0xbbcc8b5bd3581d532c98d0c1400d3823ceeb6066abacb9801158e426ba44c6d7,internal,call,0.101917332100823 Ether,1,0xf39e044e1ab204460e06e87c6dca2c6319fc69e3,2
0x4e8ecf79ade5e2c49b9e30d795517a81e0bf00b8,1532743097,0.0,OUT,0.0,0x2b0e891e4b07de3558077efe437b9573ba1b56a6ffc69e9a009ebefb3d9df4fc,internal,call,0.067699533035765 Ether,1,0xf39e044e1ab204460e06e87c6dca2c6319fc69e3,1
