address,age,block,direction,txFee,txhash,txn_type,type,value,Class,creator,inter_direction
0x4e8ecf79ade5e2c49b9e30d795517a81e0bf00b8,1533544598,6099646.0,OUT,0.0,0xe24e7ba3fdbcd4960f70c2e4783046cd46e9fb772a24daa548213c22d6f1fee7,internal,call,0.002675017672968 Ether,1,0xf39e044e1ab204460e06e87c6dca2c6319fc69e3,2
0x4e8ecf79ade5e2c49b9e30d795517a81e0bf00b8,1532740357,0.0,OUT,0.0,0xa761686cda0f145fb2e7890a5c9c5a2cdc88c01a7c8cbdf1b06e2b340db51a38,internal,call,0.051 Ether,1,0xf39e044e1ab204460e06e87c6dca2c6319fc69e3,1
0x4e8ecf79ade5e2c49b9e30d795517a81e0bf00b8,1532724474,6043293.0,OUT,0.0,0x74b666a09c5258b1054009c36f7312b48d864c6eea09c6a89943e0d5ba64b6e3,internal,call,0.031266393373156 Ether,1,0xf39e044e1ab204460e06e87c6dca2c6319fc69e3,1
0x4e8ecf79ade5e2c49b9e30d795517a81e0bf00b8,1533077345,6067601.0,OUT,0.0,0x84782b821b600798b41a9cba86fbd9a0b39182dcf492d2f34219fe3551d94b53,internal,call,0.008383318720059 Ether,1,0xf39e044e1ab204460e06e87c6dca2c6319fc69e3,1
0x4e8ecf79ade5e2c49b9e30d795517a81e0bf00b8,1532716818,0.0,OUT,0.0,0x67e3e6402b8a4316eb3db2ecfb4a1f26e826e277da19d59416e897ebd5331695,internal,call,0.534532047763109 Ether,1,0xf39e044e1ab204460e06e87c6dca2c6319fc69e3,1
