address,age,block,direction,txFee,txhash,txn_type,type,value,Class,creator,inter_direction
0x5a13caa82851342e14cd2ad0257707cddb8a31b7,1497132708,3854298.0,OUT,0.0,0x4c2f6c8de429c75a5cec233745dcd072b3f196e366954524da6fcfd7a3982480,internal,call,0.117599999999608 Ether,0,0x14ce9458ab56fe70d228dad98a4b9a49a60558df,2
0x5a13caa82851342e14cd2ad0257707cddb8a31b7,1497131955,3854250.0,OUT,0.0,0xcef5e206e18bb73f9506bbd3b47d6d7abe837510a8ed4c1d0063ef48c7c0b213,internal,call,0.029399999999608 Ether,0,0x14ce9458ab56fe70d228dad98a4b9a49a60558df,2
