address,age,block,direction,txFee,txhash,txn_type,type,value,Class,creator,inter_direction
0x4e8ecf79ade5e2c49b9e30d795517a81e0bf00b8,1534036611,6133299.0,OUT,0.0,0x2a3faee6e5ec49576524de25403cb587f2e3187fb74df051bd5e61f5e153f30f,internal,call,0.011913772620344 Ether,1,0xf39e044e1ab204460e06e87c6dca2c6319fc69e3,1
0x4e8ecf79ade5e2c49b9e30d795517a81e0bf00b8,1532741019,0.0,OUT,0.0,0xaa8e1df5b958d46bedf20fc917c5ac041a8a8a17e5c648b76c67caac548c21db,internal,call,0.056254445125629 Ether,1,0xf39e044e1ab204460e06e87c6dca2c6319fc69e3,1
