address,age,block,direction,txFee,txhash,txn_type,type,value,Class,creator,inter_direction
0xb2816223fddc21aca553ba208c7b7a13b27c207c,1542427544,6718129.0,OUT,0.0,0x45d9c4d7156c1c4f866e3797d04ffd9cb1d4c676eca5a88aa2e950a8142aa0a6,internal,call,0.045 Ether,1,0x50b69eb0234c84e44a6951ba0ad2e316a81d0900,2
0xb2816223fddc21aca553ba208c7b7a13b27c207c,1541223431,6636075.0,OUT,0.0,0xd7dbde09326db5c33fcd0d43a8b534742eed504387be5041b9ea94853aad3ece,internal,call,0.045 Ether,1,0x50b69eb0234c84e44a6951ba0ad2e316a81d0900,2
0xb2816223fddc21aca553ba208c7b7a13b27c207c,1542786557,6746407.0,OUT,0.0,0x29e767ea220335dbd214fa98f4db759b7bda0e9f536929bd9ad740fecfde9e35,internal,call,0.045 Ether,1,0x50b69eb0234c84e44a6951ba0ad2e316a81d0900,2
0xb2816223fddc21aca553ba208c7b7a13b27c207c,1540864817,6610811.0,OUT,0.0,0x3430fd98f550cd2806396f0b590dc0f7516c7ef52dcdcdf346cbe6a350e0042a,internal,call,0.043761111111111 Ether,1,0x50b69eb0234c84e44a6951ba0ad2e316a81d0900,2
0xb2816223fddc21aca553ba208c7b7a13b27c207c,1541839616,6679547.0,OUT,0.0,0x9925c529b82671d7bb74860309bc37d87fe655003ff35048bd8f508681cccba6,internal,call,0.045 Ether,1,0x50b69eb0234c84e44a6951ba0ad2e316a81d0900,2
0xb2816223fddc21aca553ba208c7b7a13b27c207c,1543113898,6769592.0,OUT,0.0,0xb3d946b9708e15c149ec5da0b8f6825dffc9f9c8bae777fbdf4a02df9c2a4e1a,internal,call,0.045 Ether,1,0x50b69eb0234c84e44a6951ba0ad2e316a81d0900,2
0xb2816223fddc21aca553ba208c7b7a13b27c207c,1543299694,6782616.0,OUT,0.0,0x1b2117aad06ea112c3b3f9048edea5a55439e1feea8b23d23e724dbc27449391,internal,call,0.03225625 Ether,1,0x50b69eb0234c84e44a6951ba0ad2e316a81d0900,2
