address,age,block,direction,txFee,txhash,txn_type,type,value,Class,creator,inter_direction
0x536a6ba0d913d5d6a4ce2c6eb7ed0de3c0f0b89e,1537982525,6406257.0,OUT,0.0,0x87520725724621032b627f19281bdca5daeccd14007fd45d1aab5be2b2084a07,internal,call,0.0091 Ether,1,0xb648cc3367571c9166e966d1eb97de3f9ebfb8fd,1
0x536a6ba0d913d5d6a4ce2c6eb7ed0de3c0f0b89e,1537377547,6363694.0,OUT,0.0,0xe08cae046fe9f8a34922f8a9aa50549bfddb7798a3b943ead9f6a67a07311839,internal,call,0.00455 Ether,1,0xb648cc3367571c9166e966d1eb97de3f9ebfb8fd,2
0x536a6ba0d913d5d6a4ce2c6eb7ed0de3c0f0b89e,1537289861,6354516.0,OUT,0.0,0x84cd20132b5f1e2f64f41ec45098e839bfb08ea03bb751abbb2623b0b1dc1bd7,internal,call,0.0091 Ether,1,0xb648cc3367571c9166e966d1eb97de3f9ebfb8fd,1
0x536a6ba0d913d5d6a4ce2c6eb7ed0de3c0f0b89e,1537512467,6373043.0,OUT,0.0,0x4df0d3229916def578fd471542d0476e5d3fe3e770fa3a21b8ad286581946fa7,internal,call,0.00455 Ether,1,0xb648cc3367571c9166e966d1eb97de3f9ebfb8fd,1
0x536a6ba0d913d5d6a4ce2c6eb7ed0de3c0f0b89e,1537033853,6339563.0,OUT,0.0,0x2a03a5ae9ebbfd2f531dc0e766c848e66dcfd7fdb4989e5deab399be77c354fd,internal,call,0.00455 Ether,1,0xb648cc3367571c9166e966d1eb97de3f9ebfb8fd,1
0x536a6ba0d913d5d6a4ce2c6eb7ed0de3c0f0b89e,1537850515,6393846.0,OUT,0.0,0xf549dadb3db89a0452d2dd16fc4b768f6a27c29778a3286841db416ebee26d3b,internal,call,0.01365 Ether,1,0xb648cc3367571c9166e966d1eb97de3f9ebfb8fd,2
