address,age,block,direction,txFee,txhash,txn_type,type,value,Class,creator,inter_direction
0xbeefd8fb3b5778f99e021afa2e41e0614af6af11,1541573639,6660744.0,OUT,0.0,0xa7739ae699008922801d46a3c6a3306e65bb416920dd0a869c46e9d5ee97d515,internal,call,0.016066721311475 Ether,1,0x300758881bf3756b6cb5b2e96f545d7b3566ce3a,1
0xbeefd8fb3b5778f99e021afa2e41e0614af6af11,1541751748,6673342.0,OUT,0.0,0x458dd03dfef549419fd9d079003972e7037dbd8acba16ed36038ba565daf2b35,internal,call,0.000519426229508 Ether,1,0x300758881bf3756b6cb5b2e96f545d7b3566ce3a,1
0xbeefd8fb3b5778f99e021afa2e41e0614af6af11,1541662219,6667005.0,OUT,0.0,0xb02ad84b3b8ef7b74422b48fbfa9281d7ea35f397ecd52aa51a53f6c4e531128,internal,call,0.000513196721311 Ether,1,0x300758881bf3756b6cb5b2e96f545d7b3566ce3a,1
