address,age,block,direction,txFee,txhash,txn_type,type,value,Class,creator,inter_direction
0x9d68a447a8718ef30645d23d423be1ea6b7d370f,1538053450,6411205.0,OUT,0.0,0xbb637968df5d3445efb92a3881a1da6f9d340daa3c7d9d39c2c6b2f3e6b10efe,internal,call,0.002667361111111 Ether,1,0xbfb297616ffa0124a288e212d1e6df5299c9f8d0,2
0x9d68a447a8718ef30645d23d423be1ea6b7d370f,1537988708,6406676.0,OUT,0.0,0xf60b27989718f9c9c6eca849ca170516498be34ff9e996f22a4d09d4ec97df05,internal,call,0.001405555555555 Ether,1,0xbfb297616ffa0124a288e212d1e6df5299c9f8d0,2
0x9d68a447a8718ef30645d23d423be1ea6b7d370f,1538033417,6409799.0,OUT,0.0,0x908fa56316b053e9b88a6da037f4ab49646418d910649a01b5a2f6cb4731456e,internal,call,0.005949652777777 Ether,1,0xbfb297616ffa0124a288e212d1e6df5299c9f8d0,2
