address,age,block,direction,txFee,txhash,txn_type,type,value,Class,creator,inter_direction
0x4e8ecf79ade5e2c49b9e30d795517a81e0bf00b8,1536149122,6278183.0,OUT,0.0,0x02eccc22d3a562119173357f2d8c5d7547e199878a417c1726379240cf432f80,internal,call,0.005969822827833 Ether,1,0xf39e044e1ab204460e06e87c6dca2c6319fc69e3,1
0x4e8ecf79ade5e2c49b9e30d795517a81e0bf00b8,1532799383,0.0,OUT,0.0,0x36dffa44d71cc51ed6f40a706e29c022c91f65a92e4a50ba69a8bfd9a5273505,internal,call,0.220899368006542 Ether,1,0xf39e044e1ab204460e06e87c6dca2c6319fc69e3,1
0x4e8ecf79ade5e2c49b9e30d795517a81e0bf00b8,1533203875,0.0,OUT,0.0,0x5bbc2a266c48d249d1b0dd8dd2b7b5ad9b47423f8f246bdc9353cd4f8ff6fd6c,internal,call,0.056944511110322 Ether,1,0xf39e044e1ab204460e06e87c6dca2c6319fc69e3,1
0x4e8ecf79ade5e2c49b9e30d795517a81e0bf00b8,1533077265,6067593.0,OUT,0.0,0x0c8efe8e311a067c853e551ec8b1f64fd312d82ae5115d4a91a6ad1f9dcc0474,internal,call,0.09302560935231 Ether,1,0xf39e044e1ab204460e06e87c6dca2c6319fc69e3,1
