address,age,block,direction,txFee,txhash,txn_type,type,value,Class,creator,inter_direction
0x4e8ecf79ade5e2c49b9e30d795517a81e0bf00b8,1532714651,0.0,OUT,0.0,0x4aee314180d8c4a9151691f7d4e916d52d4ebb87d703cf12858c581359b512dd,internal,call,0.775753812463422 Ether,1,0xf39e044e1ab204460e06e87c6dca2c6319fc69e3,1
0x4e8ecf79ade5e2c49b9e30d795517a81e0bf00b8,1532722879,0.0,OUT,0.0,0x9315ecfc69777963aa46aa2ac71c80cb32529562dd23b8c0cd3b83c15e40b90b,internal,call,0.244223323382446 Ether,1,0xf39e044e1ab204460e06e87c6dca2c6319fc69e3,1
