address,age,block,direction,txFee,txhash,txn_type,type,value,Class,creator,inter_direction
0x4e8ecf79ade5e2c49b9e30d795517a81e0bf00b8,1533508097,6097111.0,OUT,0.0,0x9e5c6c75cb3a2ed1a03d9a81e1e1004fe251256d8b71eb56f5d97f12d380bf76,internal,call,0.046719378098947 Ether,1,0xf39e044e1ab204460e06e87c6dca2c6319fc69e3,1
0x4e8ecf79ade5e2c49b9e30d795517a81e0bf00b8,1533413478,6090653.0,OUT,0.0,0x53d10178ba03c51904c7aee6c54387184d754bd6a4de71ded8009d9e3c0a2eea,internal,call,0.071292034983221 Ether,1,0xf39e044e1ab204460e06e87c6dca2c6319fc69e3,1
0x4e8ecf79ade5e2c49b9e30d795517a81e0bf00b8,1533863476,6121459.0,OUT,0.0,0x5382987dc9d8f5967d8dd0846242f99ea38878213bc83caccdab34cb442ba997,internal,call,0.12650232561161 Ether,1,0xf39e044e1ab204460e06e87c6dca2c6319fc69e3,1
0x4e8ecf79ade5e2c49b9e30d795517a81e0bf00b8,1533453761,6093403.0,OUT,0.0,0x0f50ec301df24a7f5855dd37c6f3f35aa767f38a554c3b0cb074515bc3caea1f,internal,call,0.278008660886483 Ether,1,0xf39e044e1ab204460e06e87c6dca2c6319fc69e3,1
0x4e8ecf79ade5e2c49b9e30d795517a81e0bf00b8,1533498414,6096452.0,OUT,0.0,0x41e14620ff093bcc6bb230a0bed8f40a897ba5c0db2651eaadfbe8d95c4ea041,internal,call,0.069873053710414 Ether,1,0xf39e044e1ab204460e06e87c6dca2c6319fc69e3,1
0x4e8ecf79ade5e2c49b9e30d795517a81e0bf00b8,1533950121,6127429.0,OUT,0.0,0x3482ea32f22ad90e26c003786e4a7db6d1f1973fbfeec25e465e8ab043f0fbbf,internal,call,0.111088207191534 Ether,1,0xf39e044e1ab204460e06e87c6dca2c6319fc69e3,1
0x4e8ecf79ade5e2c49b9e30d795517a81e0bf00b8,1533410042,6090417.0,OUT,0.0,0x1a67111a6f39652140591e5f7fc662c1e57481352b5170588130cc2d54ca8a26,internal,call,0.103307188319135 Ether,1,0xf39e044e1ab204460e06e87c6dca2c6319fc69e3,1
0x4e8ecf79ade5e2c49b9e30d795517a81e0bf00b8,1533523508,6098204.0,OUT,0.0,0x52b93c7a11018a21959a1b06dc1a0cdf79caa287ace2baa9b9e12467d540fafc,internal,call,0.03282476772739 Ether,1,0xf39e044e1ab204460e06e87c6dca2c6319fc69e3,1
