address,age,block,direction,txFee,txhash,txn_type,type,value,Class,creator,inter_direction
0x4e8ecf79ade5e2c49b9e30d795517a81e0bf00b8,1532958358,6059518.0,OUT,0.0,0x5308e9d215b2a55aed4c2bafad11029ce6fdd71e19b1dda5128283b1a4b27cec,internal,call,0.052057103234075 Ether,1,0xf39e044e1ab204460e06e87c6dca2c6319fc69e3,1
0x4e8ecf79ade5e2c49b9e30d795517a81e0bf00b8,1533199455,6075911.0,OUT,0.0,0xcfe061e2734a0e6d891b0e521ddc92dc7e20c03ccfb5ad8a9e3763c9e474ad1c,internal,call,0.005848715565172 Ether,1,0xf39e044e1ab204460e06e87c6dca2c6319fc69e3,2
0x4e8ecf79ade5e2c49b9e30d795517a81e0bf00b8,1533185075,6072048.0,OUT,0.0,0x9a5535ccca4713124de22d38d2958519ad07669f4b7c6187efbfb81d68a12ac9,internal,call,0.010927229245967 Ether,1,0xf39e044e1ab204460e06e87c6dca2c6319fc69e3,1
0x4e8ecf79ade5e2c49b9e30d795517a81e0bf00b8,1532785204,0.0,OUT,0.0,0xb38e08295fa1687226aef184d3996a88d7d47c917ee5fefcd50a96638b554d8f,internal,call,0.043286929040206 Ether,1,0xf39e044e1ab204460e06e87c6dca2c6319fc69e3,2
0x4e8ecf79ade5e2c49b9e30d795517a81e0bf00b8,1532741199,0.0,OUT,0.0,0x7f049cae6562cec7113501506a7cacee5dd38a0a197c85ef58e280daedd6b358,internal,call,0.058308161425307 Ether,1,0xf39e044e1ab204460e06e87c6dca2c6319fc69e3,1
0x4e8ecf79ade5e2c49b9e30d795517a81e0bf00b8,1532839079,0.0,OUT,0.0,0x21acd8408f95dacf62c1cc9668386889faf232555e28c968de8183efb7f91625,internal,call,0.012037265485028 Ether,1,0xf39e044e1ab204460e06e87c6dca2c6319fc69e3,1
