address,age,block,direction,txFee,txhash,txn_type,type,value,Class,creator,inter_direction
0x4f3db6d4c97b8248ad5e244e4f619086084f6848,1543551343,6797264.0,OUT,0.0,0x6f8eee2c4ae0a1c1fe4cd897e0e1ce3e0447d3f6e19db9c3e80325c553f243f3,internal,call,0.01928125 Ether,1,0xac560ed699346e4e3a3c2106ac90136883f7f624,2
0x4f3db6d4c97b8248ad5e244e4f619086084f6848,1542582429,6732153.0,OUT,0.0,0x61c767087990423da507b21ac54506a5868245da25d947d61b9c08180bc874e9,internal,call,0.04128125 Ether,1,0xac560ed699346e4e3a3c2106ac90136883f7f624,2
