address,age,block,direction,txFee,txhash,txn_type,type,value,Class,creator,inter_direction
0x964f35fae36d75b1e72770e244f6595b68508cf5,1521499767,5287814.0,OUT,0.0,0xdbd1153bd43d091bcfa53d933cfdecbf42eb04930866cc70f52050b033d787a1,internal,call,2.2410336409727 Ether,0,0x8007ce15acda724689760b4ba493d4766f973649,2
0x964f35fae36d75b1e72770e244f6595b68508cf5,1524540182,5497143.0,OUT,0.0,0x618477bf13bf46a455dbc860cf5e94330182a5901fb32d96ed1e2a8e9c99d7e3,internal,call,2.510641850283982 Ether,0,0x8007ce15acda724689760b4ba493d4766f973649,2
