address,age,block,direction,txFee,txhash,txn_type,type,value,Class,creator,inter_direction
0x7b307c1f0039f5d38770e15f8043b3dd26da5e8f,1539641383,6524158.0,OUT,0.0,0x3edb6f068672ce80bce923827f5b3b1b637f3a43827f3e501fbd3eb114dbc2b9,internal,call,0.093342372881355 Ether,1,0xe1f3294e25bb72a2fb53addb82aa1a033797e6e3,1
0x7b307c1f0039f5d38770e15f8043b3dd26da5e8f,1538907063,6471815.0,OUT,0.0,0xde9d8aad4a92e8c7db92b40f6f42702ae926e6fe2573fbf37db2d3d9faea75bc,internal,call,0.128277966101694 Ether,1,0xe1f3294e25bb72a2fb53addb82aa1a033797e6e3,2
0x7b307c1f0039f5d38770e15f8043b3dd26da5e8f,1539490685,6510390.0,OUT,0.0,0x547fb3f8d222f9fba44ad6927b910f7ce555b49fbfe5587a19e482808e8a2d84,internal,call,0.212264406779661 Ether,1,0xe1f3294e25bb72a2fb53addb82aa1a033797e6e3,1
0x7b307c1f0039f5d38770e15f8043b3dd26da5e8f,1538642950,6452894.0,OUT,0.0,0xbcba7cd5d00f4b700288ece1c2adc6d1810536a437bab26f8ae48be0db33c1fe,internal,call,0.129206779661016 Ether,1,0xe1f3294e25bb72a2fb53addb82aa1a033797e6e3,2
0x7b307c1f0039f5d38770e15f8043b3dd26da5e8f,1540000752,6549594.0,OUT,0.0,0x26b4d791e58838485f188a87ecdd2b94cef2ab2abfefc17da4a2d630f657ee7e,internal,call,0.076094915254237 Ether,1,0xe1f3294e25bb72a2fb53addb82aa1a033797e6e3,1
0x7b307c1f0039f5d38770e15f8043b3dd26da5e8f,1539008485,6479081.0,OUT,0.0,0x92a80ee768f92190a0588c218a66dbf0720157919fc0bbd70ca5e0059068b26c,internal,call,0.049261016949152 Ether,1,0xe1f3294e25bb72a2fb53addb82aa1a033797e6e3,1
0x7b307c1f0039f5d38770e15f8043b3dd26da5e8f,1540257337,6567794.0,OUT,0.0,0x20db797b31ab773a649eb970e22d8544789a77250453f4beab72852201ce571d,internal,call,0.123389830508474 Ether,1,0xe1f3294e25bb72a2fb53addb82aa1a033797e6e3,1
0x7b307c1f0039f5d38770e15f8043b3dd26da5e8f,1538374163,6433836.0,OUT,0.0,0xf49cba1b90f0689be35261b479590cadd3c9e0eee3315dcfbffdba43f057c931,internal,call,0.057864406779661 Ether,1,0xe1f3294e25bb72a2fb53addb82aa1a033797e6e3,2
0x7b307c1f0039f5d38770e15f8043b3dd26da5e8f,1539841447,0.0,OUT,0.0,0x3a99e5994342a5457d9b82f34e75997cb909987026d58536993467b51f871b0b,internal,call,0.096352542372881 Ether,1,0xe1f3294e25bb72a2fb53addb82aa1a033797e6e3,1
