address,age,block,direction,txFee,txhash,txn_type,type,value,Class,creator,inter_direction
0x702392282255f8c0993dbbbb148d80d2ef6795b1,1523438647,5422511.0,OUT,0.0,0xe1e47577a523a798371532b9ca5455be3f4bdb74bf11e2a50d994b8410bbe6de,internal,call,0.15281093954566 Ether,1,0xfea0904acc8df0f3288b6583f60b86c36ea52acd,2
0x702392282255f8c0993dbbbb148d80d2ef6795b1,1523654112,5437270.0,OUT,0.0,0x055a0325620f13e8f90aa9038a89d2b22c28dcce0b1748186093b56267ab9fcf,internal,call,0.775214008171664 Ether,1,0xfea0904acc8df0f3288b6583f60b86c36ea52acd,2
