address,age,block,direction,txFee,txhash,txn_type,type,value,Class,creator,inter_direction
0xf00e5a59fde1cb2ead96a8be7711abc3f981e0f1,1537890597,0.0,OUT,0.0,0x126e29f6a5460e57fc4ef3cb39b0f59b8c6b9c6a5ff4c06eb67979fca8a7261b,internal,call,0.178888888888888 Ether,1,0x96bb98183e5562913e72613c1979d0a13f8ec76b,2
0xf00e5a59fde1cb2ead96a8be7711abc3f981e0f1,1537852414,0.0,OUT,0.0,0xf1ecf68468adcf52ffc90b54da1ea38ef52094ff41b35904114a371acfdec37e,internal,call,0.0625 Ether,1,0x96bb98183e5562913e72613c1979d0a13f8ec76b,2
0xf00e5a59fde1cb2ead96a8be7711abc3f981e0f1,1537879541,0.0,OUT,0.0,0xa9d107727598ffbf1812c4b2d322da3c6c260b3e66a928b6e99104522d17b659,internal,call,0.139027777777777 Ether,1,0x96bb98183e5562913e72613c1979d0a13f8ec76b,2
0xf00e5a59fde1cb2ead96a8be7711abc3f981e0f1,1537870957,6398370.0,OUT,0.0,0x0a184c21349ae7c2f7effed7846c4df357781d4b7657abd547abab36753bea33,internal,call,0.1225 Ether,1,0x96bb98183e5562913e72613c1979d0a13f8ec76b,2
0xf00e5a59fde1cb2ead96a8be7711abc3f981e0f1,1537855882,6397273.0,OUT,0.0,0xee465ca52125108afcf9ffa201e219c918d1ad743a05b66a0bde3506ead1c3fd,internal,call,0.055416666666666 Ether,1,0x96bb98183e5562913e72613c1979d0a13f8ec76b,2
0xf00e5a59fde1cb2ead96a8be7711abc3f981e0f1,1537924917,6402186.0,OUT,0.0,0x288fceaff07db113b038398e5b25712722887e32e42e826f26fd82c2c2d9dc17,internal,call,0.398611111111111 Ether,1,0x96bb98183e5562913e72613c1979d0a13f8ec76b,2
0xf00e5a59fde1cb2ead96a8be7711abc3f981e0f1,1537863422,0.0,OUT,0.0,0xd0015a5196674436682b4e79bb6a34317b012d55f10e3c32fa9b2f13e59fc3d1,internal,call,0.1225 Ether,1,0x96bb98183e5562913e72613c1979d0a13f8ec76b,2
0xf00e5a59fde1cb2ead96a8be7711abc3f981e0f1,1537900348,6400455.0,OUT,0.0,0x3cd9d2bb05749021e8413f2eab2129e45c6a92c4f67935a51033fa3021038fa2,internal,call,0.1575 Ether,1,0x96bb98183e5562913e72613c1979d0a13f8ec76b,2
