address,age,block,direction,txFee,txhash,txn_type,type,value,Class,creator,inter_direction
0x536a6ba0d913d5d6a4ce2c6eb7ed0de3c0f0b89e,1537845408,6396557.0,OUT,0.0,0x96bfc8dfd8df4a56ea205713822c27f02aa5f44f7d7e603d958e8b390e03e5fe,internal,call,0.02448334994 Ether,1,0xb648cc3367571c9166e966d1eb97de3f9ebfb8fd,1
0x536a6ba0d913d5d6a4ce2c6eb7ed0de3c0f0b89e,1537994227,6407073.0,OUT,0.0,0x79b70fcb84ec184ba53b556cc0dff45f55ca8feca7381fc8929540843cc3f8c2,internal,call,0.02448334994 Ether,1,0xb648cc3367571c9166e966d1eb97de3f9ebfb8fd,1
