address,age,block,direction,txFee,txhash,txn_type,type,value,Class,creator,inter_direction
0xb10ea0d397db942a1083a4af9c6074ab63bc8c8b,1539757464,6532367.0,OUT,0.0,0x0794bdeca467581d18c7958333ab4f34338bb4f9ad5fdad84767a8cfa139d116,internal,call,0.003442892012182 Ether,1,0x65b041db3135ed5f76d9486aa56f8ca5dc9a3f5e,1
0xb10ea0d397db942a1083a4af9c6074ab63bc8c8b,1539845338,6538651.0,OUT,0.0,0xd00a954d061edac89c84238bccfc66b7d58a3486b4a5ff2e3cc72cb9e3bb6bc1,internal,call,0.003570743258715 Ether,1,0x65b041db3135ed5f76d9486aa56f8ca5dc9a3f5e,2
0xb10ea0d397db942a1083a4af9c6074ab63bc8c8b,1539855435,6539368.0,OUT,0.0,0x138142e7887d4a4c49d1eb36a4c9ead70c1f359820ddf14aa30a583307b526b2,internal,call,0.000407419305617 Ether,1,0x65b041db3135ed5f76d9486aa56f8ca5dc9a3f5e,1
0xb10ea0d397db942a1083a4af9c6074ab63bc8c8b,1539671765,6526308.0,OUT,0.0,0xeabad9341a824344fb47b1f9a740d60b0e30a6d3e26dc6bfe354bbfa7e1a3d2b,internal,call,0.003301971527115 Ether,1,0x65b041db3135ed5f76d9486aa56f8ca5dc9a3f5e,2
0xb10ea0d397db942a1083a4af9c6074ab63bc8c8b,1540201797,6563806.0,OUT,0.0,0x7b6cec140a31b796d07442d9c80108cf328b8a2dd0f98323dcc441cbbe6c5018,internal,call,0.011003730618239 Ether,1,0x65b041db3135ed5f76d9486aa56f8ca5dc9a3f5e,1
0xb10ea0d397db942a1083a4af9c6074ab63bc8c8b,1539589721,6520497.0,OUT,0.0,0x595f5ba915391329b6851634c5e90e0a080989428b43ba9e9f53a3708be70984,internal,call,0.006856236180721 Ether,1,0x65b041db3135ed5f76d9486aa56f8ca5dc9a3f5e,1
0xb10ea0d397db942a1083a4af9c6074ab63bc8c8b,1540889484,6612550.0,OUT,0.0,0x7d0a758f9a053256049dffbf9b14457769fb57aa5eb9aba01d9e55aff3b7a7fd,internal,call,0.027697694048823 Ether,1,0x65b041db3135ed5f76d9486aa56f8ca5dc9a3f5e,1
0xb10ea0d397db942a1083a4af9c6074ab63bc8c8b,1539927921,6544441.0,OUT,0.0,0x7536f4e2de5ea75961f43c6120b93b4a0334093f3fc912f2e745da08bd1e2993,internal,call,0.002882619438488 Ether,1,0x65b041db3135ed5f76d9486aa56f8ca5dc9a3f5e,1
0xb10ea0d397db942a1083a4af9c6074ab63bc8c8b,1539419453,0.0,OUT,0.0,0x95e72890891050cd8d27a383ecea64d2d4348e94b27c6163f54d9f2108b6a5e1,internal,call,0.000029729491525 Ether,1,0x65b041db3135ed5f76d9486aa56f8ca5dc9a3f5e,1
0xb10ea0d397db942a1083a4af9c6074ab63bc8c8b,1539417748,6508290.0,OUT,0.0,0x1fb4a0d143ebfa179e1a0427c15360cf642879c2e1cfa72437f570ee76b6d717,internal,call,0.001273096949152 Ether,1,0x65b041db3135ed5f76d9486aa56f8ca5dc9a3f5e,1
