address,age,block,direction,txFee,txhash,txn_type,type,value,Class,creator,inter_direction
0x9b5bbb16a7a68660f6503eff6c8e3159820d6396,1540400639,6577966.0,OUT,0.0,0xcc6754d4cd5d2e6896cffe636a58111b9ed0faa638c1bba0ca8a05bb02ff932a,internal,call,0.0006375 Ether,1,0xdacca760db181e54d96b9a061acc0d2d48a05593,2
0x9b5bbb16a7a68660f6503eff6c8e3159820d6396,1540312233,6568629.0,OUT,0.0,0x7cc5411cc1f58c5d35c566fc5412a98b7c3acf879f02fc8deb44d57166593a75,internal,call,0.0006375 Ether,1,0xdacca760db181e54d96b9a061acc0d2d48a05593,2
0x9b5bbb16a7a68660f6503eff6c8e3159820d6396,1540175554,6562000.0,OUT,0.0,0x4e0065838e7d984f3767d115ba9a91078a019dbeb3544f026ed890bbedd9c79d,internal,call,0.001275 Ether,1,0xdacca760db181e54d96b9a061acc0d2d48a05593,2
0x9b5bbb16a7a68660f6503eff6c8e3159820d6396,1540000426,6549566.0,OUT,0.0,0xcb04d3151bbe3f8e14a70d0f155226d83c144e14ec6e98c9d90d2e7d26b6c899,internal,call,0.00255 Ether,1,0xdacca760db181e54d96b9a061acc0d2d48a05593,2
0x9b5bbb16a7a68660f6503eff6c8e3159820d6396,1540000359,6549557.0,OUT,0.0,0x7c0f14c12e95187c824e3880fde5ad5513e3d030cb74bd8b7dd735d9fc5770e5,internal,call,0.00255 Ether,1,0xdacca760db181e54d96b9a061acc0d2d48a05593,2
0x9b5bbb16a7a68660f6503eff6c8e3159820d6396,1539654472,6525077.0,OUT,0.0,0x6db7c7119d8e4e6ec2564294702a4bbec65a207b6287700d35f65eff28b26cf6,internal,call,0.0057375 Ether,1,0xdacca760db181e54d96b9a061acc0d2d48a05593,2
0x9b5bbb16a7a68660f6503eff6c8e3159820d6396,1539654246,6525063.0,OUT,0.0,0x8cfbe64e8d855ac876fada488ba0ea83430d1028e063be963d5545da652956f7,internal,call,0.0057375 Ether,1,0xdacca760db181e54d96b9a061acc0d2d48a05593,2
