address,age,block,direction,txFee,txhash,txn_type,type,value,Class,creator,inter_direction
0xfde889c9354d09cec72845e76a0d9f97f4686f7a,1535736821,6249810.0,OUT,0.0,0x215e24907c566d81745e70b5f0be252d5317d111b653393ffa40b7f1cef6b988,internal,call,0.284253871102149 Ether,1,0x93b5b8e5aefd9197305408df1f824b0e58229fd0,2
0xfde889c9354d09cec72845e76a0d9f97f4686f7a,1536121328,6273255.0,OUT,0.0,0x6af1a60b8dc3d8ecdbdd7494b2bbc73c6ecb79eb9508482bf4f95a9096ddfdbb,internal,call,0.288330752219565 Ether,1,0x93b5b8e5aefd9197305408df1f824b0e58229fd0,2
