address,age,block,direction,txFee,txhash,txn_type,type,value,Class,creator,inter_direction
0xb547027a4ccd46ec98199fa88aaedf5aa981db26,1538014441,6408474.0,OUT,0.0,0x92ea91fa73b44b7124039b0d48682d3e6812719fdee3ad830afa4359d1e3c8c6,internal,call,0.0088 Ether,1,0xaf9c025ce6322a23ac00301c714f4f42895c9818,1
0xb547027a4ccd46ec98199fa88aaedf5aa981db26,1537980824,0.0,OUT,0.0,0x2cfd2973477be58cc682a0d554f9030ba5fbc80f38dd0cb72cc9a687607c51b4,internal,call,0.01007875 Ether,1,0xaf9c025ce6322a23ac00301c714f4f42895c9818,1
0xb547027a4ccd46ec98199fa88aaedf5aa981db26,1537892836,6396861.0,OUT,0.0,0x86dfb1df1a9eeae736d9a8bce21a3f77f56d223fa540a83f4d6fb1d0747daf9b,internal,call,0.005995 Ether,1,0xaf9c025ce6322a23ac00301c714f4f42895c9818,1
