address,age,block,direction,txFee,txhash,txn_type,type,value,Class,creator,inter_direction
0x8a883a20940870dc055f2070ac8ec847ed2d9918,1533319770,6084170.0,OUT,0.0,0x4698e5dfe27830874fd3abb75475e3346b4dc22396b50a6d04186ac6624e43d3,internal,call,0.010261423862269 Ether,1,0xc14f8469d4bb31c8e69fae9c16e262f45edc3635,2
0x8a883a20940870dc055f2070ac8ec847ed2d9918,1532702261,6041750.0,OUT,0.0,0xe96fdb75304a7196edbae60ef97ecaa84b1ed80fa7c2e175c02a93ec1cfa7865,internal,call,0.034852027979569 Ether,1,0xc14f8469d4bb31c8e69fae9c16e262f45edc3635,2
