address,age,block,direction,txFee,txhash,txn_type,type,value,Class,creator,inter_direction
0xe1c9a03cf690256ff7738cbd508c88cf5238a535,1523081191,5397574.0,OUT,0.0,0xf3322eda9bf14a3a4a5edd966b09014bdc4531f363ae6fee335cb74182fa43a8,internal,call,0.001921754873818 Ether,1,0xc84c18a88789dba5b0ca9c13973435bbce7e961d,2
0xe1c9a03cf690256ff7738cbd508c88cf5238a535,1522922387,5386379.0,OUT,0.0,0x9a59212aabb49ad6d9653bf251fcf0645d022c84bb0358cde007fecc7884e0da,internal,call,0.001013683087447 Ether,1,0xc84c18a88789dba5b0ca9c13973435bbce7e961d,2
0xe1c9a03cf690256ff7738cbd508c88cf5238a535,1523204818,5403209.0,OUT,0.0,0x310b916f1be138cad276b1b8bfc553b4ee1c542d0a7d358dd95bf4749a3c81aa,internal,call,0.018408981477357 Ether,1,0xc84c18a88789dba5b0ca9c13973435bbce7e961d,2
0xe1c9a03cf690256ff7738cbd508c88cf5238a535,1523204423,5403186.0,OUT,0.0,0x82172e0d503bae5b388bfc3ca6ff27ff6b398443cf332d3397ec2a6a311d97ad,internal,call,0.001193384874775 Ether,1,0xc84c18a88789dba5b0ca9c13973435bbce7e961d,2
0xe1c9a03cf690256ff7738cbd508c88cf5238a535,1522947776,5388235.0,OUT,0.0,0x115b86ca3d86e7985b33de44f02e8498472c2dc137f34c68618958996f7c6a96,internal,call,0.009872178820837 Ether,1,0xc84c18a88789dba5b0ca9c13973435bbce7e961d,2
0xe1c9a03cf690256ff7738cbd508c88cf5238a535,1522965095,5389452.0,OUT,0.0,0xfeb7b21005c7db86b73e98dab9ed44302bf173110598f0f2e1a11f56a94f17b2,internal,call,0.003735684563342 Ether,1,0xc84c18a88789dba5b0ca9c13973435bbce7e961d,2
