address,age,block,direction,txFee,txhash,txn_type,type,value,Class,creator,inter_direction
0x4e71b5e47a7e4f8eaccff4ade0e3292f80780cf0,1534812112,6186398.0,OUT,0.0,0xf105113a3edee1a7ef8b43d19dd48f17a26b7211982f861e4b72a8eb765eb0d8,internal,call,0.022368004375816 Ether,1,0x6c7dfe3c255a098ea031f334436dd50345cfc737,2
0x4e71b5e47a7e4f8eaccff4ade0e3292f80780cf0,1534490562,6164390.0,OUT,0.0,0xd83090e6c36b2f43a2911f93023221ff4127bc773edb645d383053332e6b1d82,internal,call,0.220681565181793 Ether,1,0x6c7dfe3c255a098ea031f334436dd50345cfc737,2
