address,age,block,direction,txFee,txhash,txn_type,type,value,Class,creator,inter_direction
0x4e8ecf79ade5e2c49b9e30d795517a81e0bf00b8,1532738568,6044281.0,OUT,0.0,0x05aaf6bd088b00d5708e51b3de90a4789e3b1606f64e8249f8518b71f60ed01a,internal,call,1.860222543316865 Ether,1,0xf39e044e1ab204460e06e87c6dca2c6319fc69e3,1
0x4e8ecf79ade5e2c49b9e30d795517a81e0bf00b8,1532714754,6042625.0,OUT,0.0,0x3c42613a5dabb547193ee3c9809dd7ba72bb79490945ab653e693d8b6c02cec3,internal,call,0.832106621881249 Ether,1,0xf39e044e1ab204460e06e87c6dca2c6319fc69e3,1
0x4e8ecf79ade5e2c49b9e30d795517a81e0bf00b8,1532713482,0.0,OUT,0.0,0x3a70a89d8aa489445c3c37480d669f3bb64ef4cd110e8ed08b52c1bc8189313c,internal,call,1.270199426380268 Ether,1,0xf39e044e1ab204460e06e87c6dca2c6319fc69e3,1
0x4e8ecf79ade5e2c49b9e30d795517a81e0bf00b8,1532712517,6042475.0,OUT,0.0,0xa8c60480aafa956016046c9d66d324049b2b53d462821375c87f765928716e0d,internal,call,18.390187393374602 Ether,1,0xf39e044e1ab204460e06e87c6dca2c6319fc69e3,1
0x4e8ecf79ade5e2c49b9e30d795517a81e0bf00b8,1532718805,6042910.0,OUT,0.0,0x36f6d1995117896c1735669ede528f6813710b1f5ad4101d227e9b932f71c20d,internal,call,0.783879964524651 Ether,1,0xf39e044e1ab204460e06e87c6dca2c6319fc69e3,1
