address,age,block,direction,txFee,txhash,txn_type,type,value,Class,creator,inter_direction
0x702392282255f8c0993dbbbb148d80d2ef6795b1,1524244166,5477217.0,OUT,0.0,0x94a988983e50cb74176c4d1209ae3c77adae04b25943f588595d7ba015f94c72,internal,call,0.013832337142118 Ether,1,0xfea0904acc8df0f3288b6583f60b86c36ea52acd,2
0x702392282255f8c0993dbbbb148d80d2ef6795b1,1523293528,5412381.0,OUT,0.0,0x8d29d4392b627ce42468d5d2a6783616e42dc62a216215e2b44b9a5a3ac51b0e,internal,call,0.001976709296815 Ether,1,0xfea0904acc8df0f3288b6583f60b86c36ea52acd,2
0x702392282255f8c0993dbbbb148d80d2ef6795b1,1524578946,5499756.0,OUT,0.0,0x2dfd6a6ebf2111fea05d8f1b906791475710977881ca301e4eb99fbba08b3656,internal,call,0.08770164594927 Ether,1,0xfea0904acc8df0f3288b6583f60b86c36ea52acd,2
