address,age,block,direction,txFee,txhash,txn_type,type,value,Class,creator,inter_direction
0xb1690c08e213a35ed9bab7b318de14420fb57d8c,1547559008,0.0,OUT,0.0,0x4076ef8c73cc295460bb31bf1e063f93d993a1cc387162ce3feab821e5891b22,internal,call,0.000000010727192 Ether,0,0xba52c75764d6f594735dc735be7f1830cdf58ddf,2
0xb1690c08e213a35ed9bab7b318de14420fb57d8c,1547554210,7072185.0,OUT,0.0,0xe7859220b3adf94e6b45932cbe5d50e2aa86ca69f3a33a395254000ab3e0e149,internal,call,0.000000010802755 Ether,0,0xba52c75764d6f594735dc735be7f1830cdf58ddf,2
