address,age,block,direction,txFee,txhash,txn_type,type,value,Class,creator,inter_direction
0x80e4f014c98320eab524ae16b0aaf1603f4dc01d,1538062945,6411895.0,OUT,0.0,0xe1bc85257a9fadd958974696bc1b4aee3dc033748c6927ace1e117b727ebecaa,internal,call,0.011111111111111 Ether,1,0x96bb98183e5562913e72613c1979d0a13f8ec76b,2
0x80e4f014c98320eab524ae16b0aaf1603f4dc01d,1538061956,6411821.0,OUT,0.0,0x31f68b742f0ceded1dc2293a2b5b9c852ccd5984e37db2647237a6be7cd615f6,internal,call,0.011111111111111 Ether,1,0x96bb98183e5562913e72613c1979d0a13f8ec76b,1
0x80e4f014c98320eab524ae16b0aaf1603f4dc01d,1538061001,6411763.0,OUT,0.0,0xee4b189dd2faf89ce16110f17a376be8a58d8b0bdec12f2c9db0c85887322588,internal,call,0.011111111111111 Ether,1,0x96bb98183e5562913e72613c1979d0a13f8ec76b,2
0x80e4f014c98320eab524ae16b0aaf1603f4dc01d,1538060035,6411679.0,OUT,0.0,0xa38d5d90722241530cb054f419d48a038c2a0e704866e3244021f9a117473ab4,internal,call,0.011805555555555 Ether,1,0x96bb98183e5562913e72613c1979d0a13f8ec76b,2
0x80e4f014c98320eab524ae16b0aaf1603f4dc01d,1538102020,6414642.0,OUT,0.0,0x38fb141f7f803f82e29abb6f29ae1004ac163d791a4c1f1a601492a207ccd981,internal,call,0.021582769721542 Ether,1,0x96bb98183e5562913e72613c1979d0a13f8ec76b,1
0x80e4f014c98320eab524ae16b0aaf1603f4dc01d,1538059026,6411609.0,OUT,0.0,0x5805e0c7fd55a870945651435b027d3bd08c5cf231694da60dd5d11af55de6ff,internal,call,0.013888888888888 Ether,1,0x96bb98183e5562913e72613c1979d0a13f8ec76b,1
0x80e4f014c98320eab524ae16b0aaf1603f4dc01d,1538057858,0.0,OUT,0.0,0xc3e731aa2921db679c716cd80b445778a6b3b34c950e2f14674e544173a25548,internal,call,0.500694444444444 Ether,1,0x96bb98183e5562913e72613c1979d0a13f8ec76b,2
