address,age,block,direction,txFee,txhash,txn_type,type,value,Class,creator,inter_direction
0xe1c9a03cf690256ff7738cbd508c88cf5238a535,1523029183,5393920.0,OUT,0.0,0x14608ef713211016ebe19c21ef5155f9225c51803040db91afb8fde264d8f643,internal,call,0.005734174469729 Ether,1,0xc84c18a88789dba5b0ca9c13973435bbce7e961d,2
0xe1c9a03cf690256ff7738cbd508c88cf5238a535,1522999476,5391805.0,OUT,0.0,0xcf99aa5bee8422742087fbc82cc86f57c09050cc2c07fd8178daf3b26b488b2a,internal,call,0.007892234190741 Ether,1,0xc84c18a88789dba5b0ca9c13973435bbce7e961d,2
0xe1c9a03cf690256ff7738cbd508c88cf5238a535,1523328373,5414852.0,OUT,0.0,0x0ea9161149998547c4179fe4eff15d8577d2e29f5986610b22567826365d94f4,internal,call,0.011707840316243 Ether,1,0xc84c18a88789dba5b0ca9c13973435bbce7e961d,2
0xe1c9a03cf690256ff7738cbd508c88cf5238a535,1522972724,5389984.0,OUT,0.0,0xc0d259c44692e41a5bc5b8e8fe5c805535c5d0d95ba1ad0611d0348c0d4aa750,internal,call,0.022180573961686 Ether,1,0xc84c18a88789dba5b0ca9c13973435bbce7e961d,2
