address,age,block,direction,txFee,txhash,txn_type,type,value,Class,creator,inter_direction
0xdf93cdb6dd65c6c28c78dcdc1762aa34caf81678,1541353948,6645293.0,OUT,0.0,0x3f93b17c9f29885703ce052eb4050e544ee2e8abc351a2374520b6aab1b781c3,internal,call,0.004890852685185 Ether,1,0xcc1ceb36cab5ada7fd0376b55602dd0d4b429c30,2
0xdf93cdb6dd65c6c28c78dcdc1762aa34caf81678,1541187173,6633492.0,OUT,0.0,0x31518c98489aa0a86dc57a0571f8e85f5d3b314bf0c81069f0ec84c0093b0fe4,internal,call,0.009592310462962 Ether,1,0xcc1ceb36cab5ada7fd0376b55602dd0d4b429c30,2
0xdf93cdb6dd65c6c28c78dcdc1762aa34caf81678,1540953986,6617130.0,OUT,0.0,0x777cf998ad58d37b5b079b67bc2111914d5ca430ac0151927759e5b5b2af0009,internal,call,0.010863061666666 Ether,1,0xcc1ceb36cab5ada7fd0376b55602dd0d4b429c30,2
0xdf93cdb6dd65c6c28c78dcdc1762aa34caf81678,1540200569,6563724.0,OUT,0.0,0xdd73ab1094987566d86bff2fb9a3f368eee3a57acd13c312dae17a1d3fab8464,internal,call,0.006263818055555 Ether,1,0xcc1ceb36cab5ada7fd0376b55602dd0d4b429c30,2
0xdf93cdb6dd65c6c28c78dcdc1762aa34caf81678,1540596830,6591859.0,OUT,0.0,0x61a09e9e6768f0071e03fb750f191fb6e86803333ada25716bf62d5b86aac0f1,internal,call,0.026013800833333 Ether,1,0xcc1ceb36cab5ada7fd0376b55602dd0d4b429c30,2
0xdf93cdb6dd65c6c28c78dcdc1762aa34caf81678,1541041056,6623232.0,OUT,0.0,0x52fc4ba6fe684556e28f2be9f9ad78a6df1b1330fa2071727a6ce8a89c6bd83e,internal,call,0.005715984259259 Ether,1,0xcc1ceb36cab5ada7fd0376b55602dd0d4b429c30,2
0xdf93cdb6dd65c6c28c78dcdc1762aa34caf81678,1540831712,6605369.0,OUT,0.0,0x85a53e58d621daab294e7fedad485fcd72e8baf5d440da1319cb0aecba69a5b3,internal,call,0.012583568333333 Ether,1,0xcc1ceb36cab5ada7fd0376b55602dd0d4b429c30,2
0xdf93cdb6dd65c6c28c78dcdc1762aa34caf81678,1541279447,6640096.0,OUT,0.0,0xe5fd13a098ea63b6902e4d85af1683f0808d1b7949ebcab92d2f282b853d0c45,internal,call,0.006057617222222 Ether,1,0xcc1ceb36cab5ada7fd0376b55602dd0d4b429c30,2
0xdf93cdb6dd65c6c28c78dcdc1762aa34caf81678,1540105154,6556971.0,OUT,0.0,0xb8b54575fde7441c6333b4c53bfdd8aa74fe0c9dd2e3eeda4937d9fcee3d3673,internal,call,0.011785943333333 Ether,1,0xcc1ceb36cab5ada7fd0376b55602dd0d4b429c30,2
