address,age,block,direction,txFee,txhash,txn_type,type,value,Class,creator,inter_direction
0x8a883a20940870dc055f2070ac8ec847ed2d9918,1532732411,6043831.0,OUT,0.0,0xa661b57090222f86df612807cd585f2e87072f18951278f454469c456710eb01,internal,call,0.014422026771558 Ether,1,0xc14f8469d4bb31c8e69fae9c16e262f45edc3635,2
0x8a883a20940870dc055f2070ac8ec847ed2d9918,1533291102,6082166.0,OUT,0.0,0x183519e9e50d7f5b46a29e521b76456a34f323b8c05e7e725ea3c8cbc7282b72,internal,call,0.009622985605168 Ether,1,0xc14f8469d4bb31c8e69fae9c16e262f45edc3635,2
