address,age,block,direction,txFee,txhash,txn_type,type,value,Class,creator,inter_direction
0x7b307c1f0039f5d38770e15f8043b3dd26da5e8f,1539809733,6536107.0,OUT,0.0,0x5f392deb8ff87f61e6ff5bffda8cc658bb26fcd3d14da6c364dbd0c9537ea904,internal,call,0.014735948805484 Ether,1,0xe1f3294e25bb72a2fb53addb82aa1a033797e6e3,1
0x7b307c1f0039f5d38770e15f8043b3dd26da5e8f,1539014692,0.0,OUT,0.0,0xd8bc2b515377dbc88449103abee25e79ac9f960b745b0e25950feafdb920391e,internal,call,0.000001892742766 Ether,1,0xe1f3294e25bb72a2fb53addb82aa1a033797e6e3,2
0x7b307c1f0039f5d38770e15f8043b3dd26da5e8f,1539014650,6476457.0,OUT,0.0,0x2542002c26580e7039db85786b5289106f663374422f1ba3795c7a096f19271f,internal,call,0.01537664223181 Ether,1,0xe1f3294e25bb72a2fb53addb82aa1a033797e6e3,1
0x7b307c1f0039f5d38770e15f8043b3dd26da5e8f,1539255347,6496666.0,OUT,0.0,0xa59e20063d677b22d3bf0233c96e887e5e1129746794d6eae347e4113750c582,internal,call,0.014602510440474 Ether,1,0xe1f3294e25bb72a2fb53addb82aa1a033797e6e3,1
0x7b307c1f0039f5d38770e15f8043b3dd26da5e8f,1539038535,6481236.0,OUT,0.0,0xea37e788e2fd53cddb141bc4d499e58c84204a9f4018fa44c80a15240a7bc5b3,internal,call,0.004520816096833 Ether,1,0xe1f3294e25bb72a2fb53addb82aa1a033797e6e3,2
0x7b307c1f0039f5d38770e15f8043b3dd26da5e8f,1540116376,6557791.0,OUT,0.0,0x3e922dbcc18b244206c82330ef3338c55f310c310539e4998db837a442d14686,internal,call,0.006320814467396 Ether,1,0xe1f3294e25bb72a2fb53addb82aa1a033797e6e3,1
0x7b307c1f0039f5d38770e15f8043b3dd26da5e8f,1539590380,6520536.0,OUT,0.0,0x9e4a3d979c51b4c2912fd33dd4e2bc5850e0cd015cea79a5803adf850a8a1e1c,internal,call,0.022589884913423 Ether,1,0xe1f3294e25bb72a2fb53addb82aa1a033797e6e3,1
0x7b307c1f0039f5d38770e15f8043b3dd26da5e8f,1540022051,0.0,OUT,0.0,0x7667df1840d006c0440c2540ccd1dc26d6b07f4fce43c11e0d45dadd1fa3b0af,internal,call,0.014200302602677 Ether,1,0xe1f3294e25bb72a2fb53addb82aa1a033797e6e3,1
0x7b307c1f0039f5d38770e15f8043b3dd26da5e8f,1538746073,6460209.0,OUT,0.0,0xaf51173458d98c85b2ccd42735237f6d14b8c15091bb56cba7c88061fec08ea2,internal,call,0.006024600224501 Ether,1,0xe1f3294e25bb72a2fb53addb82aa1a033797e6e3,1
