address,age,block,direction,txFee,txhash,txn_type,type,value,Class,creator,inter_direction
0x7b307c1f0039f5d38770e15f8043b3dd26da5e8f,1540098373,6556499.0,OUT,0.0,0xa20583d50821ca81555cde3a1952e528ff2461b43d4e58fadd1b62e066d20eb2,internal,call,0.01460644271661 Ether,1,0xe1f3294e25bb72a2fb53addb82aa1a033797e6e3,1
0x7b307c1f0039f5d38770e15f8043b3dd26da5e8f,1539436536,0.0,OUT,0.0,0x5731b78c1c67e0d729beb963ff58bea9bca2a2fc2844bc18ccb8c38ef91c14c6,internal,call,0.022861160402033 Ether,1,0xe1f3294e25bb72a2fb53addb82aa1a033797e6e3,1
