address,age,block,direction,txFee,txhash,txn_type,type,value,Class,creator,inter_direction
0x8d12a197cb00d4747a1fe03395095ce2a5cc6819,1533246696,6079154.0,OUT,0.0,0x1cff5049fe319ddb9127df7ec50bdebee4ca93daeba58de9414a1c22317bb184,internal,call,0.003226996259 Ether,0,0x1ed014aec47fae44c9e55bac7662c0b78ae61798,2
0x8d12a197cb00d4747a1fe03395095ce2a5cc6819,1531029227,5927643.0,OUT,0.0,0x89892d011e8d7393b7b09cf6e64b7c5376496b4dc82e3dc7027e25d635a38973,internal,call,0.000000126108637 Ether,0,0x1ed014aec47fae44c9e55bac7662c0b78ae61798,2
