address,age,block,direction,txFee,txhash,txn_type,type,value,Class,creator,inter_direction
0xb1690c08e213a35ed9bab7b318de14420fb57d8c,1543963400,0.0,OUT,0.0,0x2016bf47d8b6d04244b8a5dff95cf91b6d398c6da7d05f611e0a9bc1cffcfcba,internal,call,0.0048125 Ether,0,0xba52c75764d6f594735dc735be7f1830cdf58ddf,2
0xb1690c08e213a35ed9bab7b318de14420fb57d8c,1543963400,0.0,OUT,0.0,0x36885ae5bc71e4b5117a30e7b5ac92f73b59d63c129d1e285f57d82026c6898d,internal,call,0.0048125 Ether,0,0xba52c75764d6f594735dc735be7f1830cdf58ddf,2
