address,age,block,direction,txFee,txhash,txn_type,type,value,Class,creator,inter_direction
0xb10ea0d397db942a1083a4af9c6074ab63bc8c8b,1540975003,0.0,OUT,0.0,0x7d204d26f2faf77a67444157c178147464e7032adf090052f702eab3b3d50acd,internal,call,0.171389830508474 Ether,1,0x65b041db3135ed5f76d9486aa56f8ca5dc9a3f5e,1
0xb10ea0d397db942a1083a4af9c6074ab63bc8c8b,1539891873,6541904.0,OUT,0.0,0xecd269a871f0089c4195bb43fe9e5710cf7b806a59fc41b94de1159308df76a6,internal,call,0.113648813559322 Ether,1,0x65b041db3135ed5f76d9486aa56f8ca5dc9a3f5e,2
0xb10ea0d397db942a1083a4af9c6074ab63bc8c8b,1539596229,6520950.0,OUT,0.0,0xa8e374b1fe1140eb465d6fb7b71097c74c5613f173743311b9beb96e95dbd994,internal,call,0.218885423728813 Ether,1,0x65b041db3135ed5f76d9486aa56f8ca5dc9a3f5e,1
0xb10ea0d397db942a1083a4af9c6074ab63bc8c8b,1538902091,6471445.0,OUT,0.0,0x963735db35ab53d98ce0b0fe34b0f9cd69d25c5212905eab5dbd8e4a2a3c2c10,internal,call,0.004612881355932 Ether,1,0x65b041db3135ed5f76d9486aa56f8ca5dc9a3f5e,1
0xb10ea0d397db942a1083a4af9c6074ab63bc8c8b,1538888666,6470473.0,OUT,0.0,0x8625ef3e8882b6d80d0e743bfbba11d3d81f8e8bd21e4c25bad22ca38a8fb22b,internal,call,0.037353898305084 Ether,1,0x65b041db3135ed5f76d9486aa56f8ca5dc9a3f5e,1
0xb10ea0d397db942a1083a4af9c6074ab63bc8c8b,1540617466,6593299.0,OUT,0.0,0x13a0f5f753d621c5302b96baf884372879c3a791b262036ffcc0472eee30f202,internal,call,0.000927457627118 Ether,1,0x65b041db3135ed5f76d9486aa56f8ca5dc9a3f5e,1
0xb10ea0d397db942a1083a4af9c6074ab63bc8c8b,1539029231,6480593.0,OUT,0.0,0xf06d3cd3a706f727534f46702b13dad6610f3580338095df5b1b718c473b1a65,internal,call,0.04961627118644 Ether,1,0x65b041db3135ed5f76d9486aa56f8ca5dc9a3f5e,2
0xb10ea0d397db942a1083a4af9c6074ab63bc8c8b,1540658156,6593128.0,OUT,0.0,0x3d0c394dbb4b0e6f13f99cb3e4758c9e9d4482603f8ce25e3b11b01c1a3dee82,internal,call,0.277825084745762 Ether,1,0x65b041db3135ed5f76d9486aa56f8ca5dc9a3f5e,1
