address,age,block,direction,txFee,txhash,txn_type,type,value,Class,creator,inter_direction
0x7e0529eb456a7c806b5fe7b3d69a805339a06180,1538049479,6410892.0,OUT,0.0,0x91d23e59acc33456b5a34ccefe0a9290cf5847f6214de4b35dec6f121d0a7e60,internal,call,0.089327970834767 Ether,1,0x8c691931c6c4ecd92ecc26f9706faaf4aebe137d,2
0x7e0529eb456a7c806b5fe7b3d69a805339a06180,1538228188,6423587.0,OUT,0.0,0x1b6df8ced83bff571a99119906075e07c3e1d9ada0c11bb04bb9519f6a395901,internal,call,0.8304301230629 Ether,1,0x8c691931c6c4ecd92ecc26f9706faaf4aebe137d,2
