{"acc":{"0":0.8758062097},"precision":{"0":0.8676122931},"recall":{"0":0.8854041013},"f1-score":{"0":0.8764179104}}