{"acc":{"0":0.8662},"precision":{"0":0.8571866432},"recall":{"0":0.8787368441},"f1-score":{"0":0.8678198015}}