{"acc":{"0":0.8663},"precision":{"0":0.8565985958},"recall":{"0":0.8798671229},"f1-score":{"0":0.8680607209}}