{"acc":{"0":0.8705564722},"precision":{"0":0.8647697272},"recall":{"0":0.88},"f1-score":{"0":0.8723183903}}