{"acc":{"0":0.8671066447},"precision":{"0":0.857100939},"recall":{"0":0.8798192771},"f1-score":{"0":0.8683115339}}