acc,precision,recall,f1-score
0.871906404679766,0.8555232558139535,0.8918181818181818,0.873293768545994
