{"acc":{"0":0.8719064047},"precision":{"0":0.8555232558},"recall":{"0":0.8918181818},"f1-score":{"0":0.8732937685}}