{"acc":{"0":0.87665},"precision":{"0":0.8628818231},"recall":{"0":0.8955827176},"f1-score":{"0":0.8789016375}}