{"acc":{"0":0.8675566222},"precision":{"0":0.8528728961},"recall":{"0":0.8865761689},"f1-score":{"0":0.869398018}}