{"acc":{"0":0.8658},"precision":{"0":0.856940878},"recall":{"0":0.8784394855},"f1-score":{"0":0.8674788941}}