{"acc":{"0":0.8758062097},"precision":{"0":0.8587209302},"recall":{"0":0.8962378641},"f1-score":{"0":0.8770783848}}