{"acc":{"0":0.8702564872},"precision":{"0":0.8587962963},"recall":{"0":0.8872944694},"f1-score":{"0":0.8728128216}}