{"acc":{"0":0.8720563972},"precision":{"0":0.8615113202},"recall":{"0":0.8846618357},"f1-score":{"0":0.8729331149}}