acc,precision,recall,f1-score
0.87575,0.8614325092954127,0.8954723005128125,0.8780922485410068
