{"acc":{"0":0.8763},"precision":{"0":0.8630528235},"recall":{"0":0.8944727647},"f1-score":{"0":0.8784571966}}