{"acc":{"0":0.8686065697},"precision":{"0":0.8518627163},"recall":{"0":0.8867175573},"f1-score":{"0":0.868940754}}