{"acc":{"0":0.8656},"precision":{"0":0.8565183684},"recall":{"0":0.8783373009},"f1-score":{"0":0.867264104}}