{"acc":{"0":0.8752},"precision":{"0":0.8624913179},"recall":{"0":0.8926821163},"f1-score":{"0":0.8772980807}}