{"acc":{"0":0.8740062997},"precision":{"0":0.8606748109},"recall":{"0":0.8912650602},"f1-score":{"0":0.8757028707}}