acc,precision,recall,f1-score
0.7402129893505325,0.8814707305273343,0.5506195225143548,0.6778273809523809
