{"acc":{"0":0.7411},"precision":{"0":0.8764627365},"recall":{"0":0.5611501343},"f1-score":{"0":0.6841759333}}