{"acc":{"0":0.7399},"precision":{"0":0.8764071666},"recall":{"0":0.5586466166},"f1-score":{"0":0.6823034291}}