{"acc":{"0":0.5889},"precision":{"0":0.9295985653},"recall":{"0":0.1923942834},"f1-score":{"0":0.318778409}}