{"acc":{"0":0.7018},"precision":{"0":0.8976427944},"recall":{"0":0.4554907571},"f1-score":{"0":0.6043099971}}