acc,precision,recall,f1-score
0.7048147592620368,0.898186073727326,0.46109942925803543,0.6093687971417229
