{"acc":{"0":0.6768},"precision":{"0":0.9064441557},"recall":{"0":0.3942683527},"f1-score":{"0":0.549476562}}