{"acc":{"0":0.6791660417},"precision":{"0":0.9032258065},"recall":{"0":0.3971031986},"f1-score":{"0":0.5516663173}}