{"acc":{"0":0.67575},"precision":{"0":0.9068279445},"recall":{"0":0.3917620334},"f1-score":{"0":0.5471226776}}