{"acc":{"0":0.65985},"precision":{"0":0.9139586008},"recall":{"0":0.3529831792},"f1-score":{"0":0.509211221}}