{"acc":{"0":0.6551672416},"precision":{"0":0.9118589744},"recall":{"0":0.3420498948},"f1-score":{"0":0.4974863388}}