{"acc":{"0":0.6448177591},"precision":{"0":0.9158798283},"recall":{"0":0.3197482769},"f1-score":{"0":0.4740115504}}