{"acc":{"0":0.64635},"precision":{"0":0.9179006669},"recall":{"0":0.3215809397},"f1-score":{"0":0.4761859643}}