{"acc":{"0":0.6452},"precision":{"0":0.9200752242},"recall":{"0":0.3181630246},"f1-score":{"0":0.4726722875}}