{"acc":{"0":0.6326683666},"precision":{"0":0.926},"recall":{"0":0.2805210542},"f1-score":{"0":0.4305975355}}