{"acc":{"0":0.6318},"precision":{"0":0.9232198966},"recall":{"0":0.287325752},"f1-score":{"0":0.4381845419}}