{"acc":{"0":0.63265},"precision":{"0":0.9228003986},"recall":{"0":0.2895646646},"f1-score":{"0":0.440687333}}