{"acc":{"0":0.6193},"precision":{"0":0.9256376804},"recall":{"0":0.2594535928},"f1-score":{"0":0.4052083454}}