{"acc":{"0":0.6125693715},"precision":{"0":0.9338061466},"recall":{"0":0.2381670184},"f1-score":{"0":0.3795339899}}