{"acc":{"0":0.60765},"precision":{"0":0.9295574374},"recall":{"0":0.2329819554},"f1-score":{"0":0.3724973793}}