{"acc":{"0":0.59805},"precision":{"0":0.9292620609},"recall":{"0":0.2122940056},"f1-score":{"0":0.3455740941}}