acc,precision,recall,f1-score
0.8471500000000001,0.8359385490922795,0.8639389640230973,0.8496562360834119
