address,age,block,direction,txFee,txhash,txn_type,type,value,Class,creator,inter_direction
0x7b307c1f0039f5d38770e15f8043b3dd26da5e8f,1540213871,6564669.0,OUT,0.0,0x019914f6d4597314f17615a49d3ec01a9b3a1335f6b9a33e74c142e6d49ae41d,internal,call,0.003308745762711 Ether,1,0xe1f3294e25bb72a2fb53addb82aa1a033797e6e3,1
0x7b307c1f0039f5d38770e15f8043b3dd26da5e8f,1538917017,0.0,OUT,0.0,0x72014777c4d863ebe45b1a71de82537e5a765cc99318380a16dd98794edc4c1c,internal,call,0.001685152542372 Ether,1,0xe1f3294e25bb72a2fb53addb82aa1a033797e6e3,1
0x7b307c1f0039f5d38770e15f8043b3dd26da5e8f,1540041026,6552468.0,OUT,0.0,0x913b9822462df1051c9c80315e8cae6fad768763a508f5afdc612e385068c501,internal,call,0.003313627118644 Ether,1,0xe1f3294e25bb72a2fb53addb82aa1a033797e6e3,1
0x7b307c1f0039f5d38770e15f8043b3dd26da5e8f,1539868159,6540249.0,OUT,0.0,0x3ed2c16f3cc7206f38eaa7e1df6520e4ac2af80951766746ae40aa24ea65c8e0,internal,call,0.003328 Ether,1,0xe1f3294e25bb72a2fb53addb82aa1a033797e6e3,1
0x7b307c1f0039f5d38770e15f8043b3dd26da5e8f,1539695329,6527977.0,OUT,0.0,0xabe040854e412e45bddf0acf0890e6a761be28ade1c01b1c2d9f61aabcfffc72,internal,call,0.003317152542372 Ether,1,0xe1f3294e25bb72a2fb53addb82aa1a033797e6e3,1
0x7b307c1f0039f5d38770e15f8043b3dd26da5e8f,1539522469,6515745.0,OUT,0.0,0x685e91c9ae7ddf6d61c7cd5af15e001843665effea905324b5b07c1e5b22fc60,internal,call,0.003350237288135 Ether,1,0xe1f3294e25bb72a2fb53addb82aa1a033797e6e3,1
0x7b307c1f0039f5d38770e15f8043b3dd26da5e8f,1539349585,6503391.0,OUT,0.0,0x62cf5b38eef8a23fc1eaa8c0d72487bbee6ca6b863db18024c346073863dc805,internal,call,0.005025355932203 Ether,1,0xe1f3294e25bb72a2fb53addb82aa1a033797e6e3,1
0x7b307c1f0039f5d38770e15f8043b3dd26da5e8f,1539090174,6484860.0,OUT,0.0,0xbfe72f30fbc11e45a82b772641177c685fa4867f2a59b281dc2bf9fc90a95c74,internal,call,0.003345084745762 Ether,1,0xe1f3294e25bb72a2fb53addb82aa1a033797e6e3,2
