address,age,block,direction,txFee,txhash,txn_type,type,value,Class,creator,inter_direction
0xf4985070ce32b6b1994329df787d1acc9a2dd9e2,1526839388,5649339.0,OUT,0.0,0x2e244ae339a07088c789d500f887f1de0722de91a78935bbc3b72ac221c898da,internal,call,0.096307322627314 Ether,0,0x01bf1d7c5e192313c26414e134584275f46271cf,2
0xf4985070ce32b6b1994329df787d1acc9a2dd9e2,1528220641,0.0,OUT,0.0,0x2f75102f58dac79f9307babcdafbb655de7919b04309bb869636feb548ce4809,internal,call,0.383567776813271 Ether,0,0x01bf1d7c5e192313c26414e134584275f46271cf,2
