address,age,block,direction,txFee,txhash,txn_type,type,value,Class,creator,inter_direction
0xaf6de38ffc92e0d52857f864048d7af2f345a3cf,1525498737,5560754.0,OUT,0.0,0x54ed0b9afdd32c0612d0bbf4c3d46a69d73edeed8eac5a40c65b8cbea4e562e9,internal,call,1.570583442030598 Ether,1,0x7e474fe5cfb720804860215f407111183cbc2f85,2
0xaf6de38ffc92e0d52857f864048d7af2f345a3cf,1525538519,5560516.0,OUT,0.0,0xb26b5546cf4f8ae2e75d7685be719bec3f8691fa7f53a374844d9a0fa2798dfc,internal,call,0.074444044968811 Ether,1,0x7e474fe5cfb720804860215f407111183cbc2f85,2
