address,age,block,direction,txFee,txhash,txn_type,type,value,Class,creator,inter_direction
0xb10ea0d397db942a1083a4af9c6074ab63bc8c8b,1539754344,6532137.0,OUT,0.0,0x5a858e5d78d52e20efdebea40096b82ce226e0950cc8ced888176156f24fdee7,internal,call,0.015525559322033 Ether,1,0x65b041db3135ed5f76d9486aa56f8ca5dc9a3f5e,1
0xb10ea0d397db942a1083a4af9c6074ab63bc8c8b,1540879518,6611839.0,OUT,0.0,0x590c72e283ffe1499cfb45dd54cb1a67e9610423052d3cc213e463f9e1c65318,internal,call,0.009546305084745 Ether,1,0x65b041db3135ed5f76d9486aa56f8ca5dc9a3f5e,1
0xb10ea0d397db942a1083a4af9c6074ab63bc8c8b,1541012057,6621153.0,OUT,0.0,0xa268cc2aaf2f6d017b7d911fdbb8ebd446f766bc2d14d4900e1ea6f3527f6977,internal,call,0.001513220338983 Ether,1,0x65b041db3135ed5f76d9486aa56f8ca5dc9a3f5e,1
0xb10ea0d397db942a1083a4af9c6074ab63bc8c8b,1540177400,6562133.0,OUT,0.0,0x1ebe674fc78dc1296bb51713694ae10c15338406c27f1cdae953c20b6e00b196,internal,call,0.012201762711864 Ether,1,0x65b041db3135ed5f76d9486aa56f8ca5dc9a3f5e,1
0xb10ea0d397db942a1083a4af9c6074ab63bc8c8b,1541001660,6617433.0,OUT,0.0,0x29caee817b334ed47f7833459229c92201d7c8f895817fa3c08ac628dc04bcd3,internal,call,0.002275525423728 Ether,1,0x65b041db3135ed5f76d9486aa56f8ca5dc9a3f5e,1
0xb10ea0d397db942a1083a4af9c6074ab63bc8c8b,1540547653,6588371.0,OUT,0.0,0xdaf1b64aa4c837504b33dc518cc5bcaecabdbbd00dd16a88f5c1d9448921d315,internal,call,0.010673084745762 Ether,1,0x65b041db3135ed5f76d9486aa56f8ca5dc9a3f5e,2
