address,age,block,direction,txFee,txhash,txn_type,type,value,Class,creator,inter_direction
0x7b307c1f0039f5d38770e15f8043b3dd26da5e8f,1539324638,6501609.0,OUT,0.0,0x250c8bd3c147ae2f10675b980e9dfee1fb6f949c07d63ec4b4eda4be4e83b570,internal,call,0.057276610169491 Ether,1,0xe1f3294e25bb72a2fb53addb82aa1a033797e6e3,1
0x7b307c1f0039f5d38770e15f8043b3dd26da5e8f,1539928443,0.0,OUT,0.0,0x140c2a2c3fb1532a71c8e8ee056ac4b3d46bc6880faa70d447029efd227399eb,internal,call,0.085029830508474 Ether,1,0xe1f3294e25bb72a2fb53addb82aa1a033797e6e3,1
0x7b307c1f0039f5d38770e15f8043b3dd26da5e8f,1539070740,6483515.0,OUT,0.0,0x14c6dd6cc9132ab3ab699cb2f5ecf3b58161a798876b41eb46592c3de19a8994,internal,call,0.042787796610169 Ether,1,0xe1f3294e25bb72a2fb53addb82aa1a033797e6e3,1
0x7b307c1f0039f5d38770e15f8043b3dd26da5e8f,1539414639,6508047.0,OUT,0.0,0x2947aab22c07f168970bc48c5ffbbfab0ef62abdfd784c299ec6f8e5891663d7,internal,call,0.030553220338983 Ether,1,0xe1f3294e25bb72a2fb53addb82aa1a033797e6e3,1
0x7b307c1f0039f5d38770e15f8043b3dd26da5e8f,1539675362,0.0,OUT,0.0,0x86ea9cc7537d70ead843de787fe2299eb347befe0811cf3722d2e4d3f62e0a0d,internal,call,0.087858305084745 Ether,1,0xe1f3294e25bb72a2fb53addb82aa1a033797e6e3,1
0x7b307c1f0039f5d38770e15f8043b3dd26da5e8f,1540149819,6560201.0,OUT,0.0,0x2690799edf40b43b43010bea2e79383faa9a34cbf245ac1f944f954bf0579bc9,internal,call,0.074622372881355 Ether,1,0xe1f3294e25bb72a2fb53addb82aa1a033797e6e3,1
0x7b307c1f0039f5d38770e15f8043b3dd26da5e8f,1539155293,6489540.0,OUT,0.0,0x5be1c6de54daf537630e662146f27d643af497b56531c5f541fec2948c04d3b1,internal,call,0.028593220338983 Ether,1,0xe1f3294e25bb72a2fb53addb82aa1a033797e6e3,1
