address,age,block,direction,txFee,txhash,txn_type,type,value,Class,creator,inter_direction
0xb10ea0d397db942a1083a4af9c6074ab63bc8c8b,1540204051,6563952.0,OUT,0.0,0xaa39ded5cb433c30b5a90b231e61772e27a42f5b894ee89fa287f670eba1b29c,internal,call,0.003175050847457 Ether,1,0x65b041db3135ed5f76d9486aa56f8ca5dc9a3f5e,1
0xb10ea0d397db942a1083a4af9c6074ab63bc8c8b,1540745380,6599346.0,OUT,0.0,0x0ac9f0325e47b2a3fb7c64ca2c3f57196104c4a1e46e46e6d909caf53c0e7f84,internal,call,0.002399593220338 Ether,1,0x65b041db3135ed5f76d9486aa56f8ca5dc9a3f5e,1
