address,age,block,direction,txFee,txhash,txn_type,type,value,Class,creator,inter_direction
0x8036165ccabee251c886d6121b047c16b5e798b5,1523014136,5392846.0,OUT,0.0,0x456369f30ab55ff1bf94bd5f5541061655e1431b6ebf2c468cdadd46e9b67c43,internal,call,0.79481694289711 Ether,1,0x4be640dcce08e68ede454202fbc59cf5f9e8ea1f,2
0x8036165ccabee251c886d6121b047c16b5e798b5,1523014136,0.0,OUT,0.0,0x7c168c7324eb00107a89f48adfb571e0b51a05de5d1dd83fea240ae4133e572f,internal,call,0.401380865797181 Ether,1,0x4be640dcce08e68ede454202fbc59cf5f9e8ea1f,2
