address,age,block,direction,txFee,txhash,txn_type,type,value,Class,creator,inter_direction
0x702392282255f8c0993dbbbb148d80d2ef6795b1,1525012772,5528810.0,OUT,0.0,0xde6cffe7c40c00ffce1bbcf2336c94665925e4f41ca1808437c742544a10e54d,internal,call,0.044915626724061 Ether,1,0xfea0904acc8df0f3288b6583f60b86c36ea52acd,2
0x702392282255f8c0993dbbbb148d80d2ef6795b1,1523791134,5446672.0,OUT,0.0,0x0fcaef65c09605043e67f5df1ba5d2f75a54e1ee1e0d1825780425a0f33c18df,internal,call,0.249219237668353 Ether,1,0xfea0904acc8df0f3288b6583f60b86c36ea52acd,2
0x702392282255f8c0993dbbbb148d80d2ef6795b1,1530092794,5864523.0,OUT,0.0,0xba61ea0ae7eb47466edee8ff8a6fa7d13a7f9e93f9256c5d1d999359eef72235,internal,call,0.017765102793164 Ether,1,0xfea0904acc8df0f3288b6583f60b86c36ea52acd,2
0x702392282255f8c0993dbbbb148d80d2ef6795b1,1523367102,5417527.0,OUT,0.0,0x3dd4c547af5e03c063b0b4fc72dbef06c191b2164d138f76e568d126d245c984,internal,call,0.003221379740536 Ether,1,0xfea0904acc8df0f3288b6583f60b86c36ea52acd,2
0x702392282255f8c0993dbbbb148d80d2ef6795b1,1524505857,5494916.0,OUT,0.0,0xdd0bd759a585a2d34cf0d35775919a11c54a7b8996b1fefa094c6eef69d7a0c8,internal,call,0.000234077680282 Ether,1,0xfea0904acc8df0f3288b6583f60b86c36ea52acd,2
