address,age,block,direction,txFee,txhash,txn_type,type,value,Class,creator,inter_direction
0x9b5bbb16a7a68660f6503eff6c8e3159820d6396,1540466057,6582605.0,OUT,0.0,0x52d28e3dfa31a796b9fc6ba8db11c4aa55925f1e9521102d633ee507fc65a636,internal,call,0.011236415965 Ether,1,0xdacca760db181e54d96b9a061acc0d2d48a05593,2
0x9b5bbb16a7a68660f6503eff6c8e3159820d6396,1540377244,6576314.0,OUT,0.0,0x6c21706724a493688671595926b588c14e69cdfd94819adafc51ac4e3a440822,internal,call,0.101127743685 Ether,1,0xdacca760db181e54d96b9a061acc0d2d48a05593,2
0x9b5bbb16a7a68660f6503eff6c8e3159820d6396,1540560637,6589266.0,OUT,0.0,0x613487cbd2a0a21b44b6b71863f53ec0fcfd09697119e9350fdf66383b9083fb,internal,call,0.011236415965 Ether,1,0xdacca760db181e54d96b9a061acc0d2d48a05593,2
0x9b5bbb16a7a68660f6503eff6c8e3159820d6396,1539593931,6520792.0,OUT,0.0,0xfbac6a990bbb91b09aeb5f1894088566895586d5226a0fdf20c2ec83f31b1b4a,internal,call,0.101127743685 Ether,1,0xdacca760db181e54d96b9a061acc0d2d48a05593,2
