address,age,block,direction,txFee,txhash,txn_type,type,value,Class,creator,inter_direction
0x4e8ecf79ade5e2c49b9e30d795517a81e0bf00b8,1532713482,0.0,OUT,0.0,0xea2938838e894a93507edb89c9e89b37a545e8806ded1cbf2ed3c5e6abb2072f,internal,call,0.319087863431092 Ether,1,0xf39e044e1ab204460e06e87c6dca2c6319fc69e3,2
0x4e8ecf79ade5e2c49b9e30d795517a81e0bf00b8,1532714335,0.0,OUT,0.0,0xf7b3404480dc2d499183850872ef248b73291591670894eee15b45bc9181fa41,internal,call,0.226098854342396 Ether,1,0xf39e044e1ab204460e06e87c6dca2c6319fc69e3,2
0x4e8ecf79ade5e2c49b9e30d795517a81e0bf00b8,1532712621,0.0,OUT,0.0,0xfa3b349bfaa4cc1ecfc5c046a3e33d34e86a52e53e378f0327429fd297b4b875,internal,call,1.575572741717507 Ether,1,0xf39e044e1ab204460e06e87c6dca2c6319fc69e3,2
0x4e8ecf79ade5e2c49b9e30d795517a81e0bf00b8,1532735696,0.0,OUT,0.0,0x28d027ac1c065544b40c2d2fb3aa4bc6a63ba8568e3ddb8b575e394951d0511b,internal,call,0.572139111334318 Ether,1,0xf39e044e1ab204460e06e87c6dca2c6319fc69e3,1
0x4e8ecf79ade5e2c49b9e30d795517a81e0bf00b8,1532718090,6042863.0,OUT,0.0,0x241be759cbc9f37469adfde381f8e4623c078a9736843b8d14e1eb3bd63deaad,internal,call,0.25419056247359 Ether,1,0xf39e044e1ab204460e06e87c6dca2c6319fc69e3,1
