address,age,block,direction,txFee,txhash,txn_type,type,value,Class,creator,inter_direction
0xf00e5a59fde1cb2ead96a8be7711abc3f981e0f1,1537936926,6399973.0,OUT,0.0,0x1040b847b4b179156e1f6944ec333992a9cf52ef49678eeb87f3fad0138fcc92,internal,call,0.024305555555555 Ether,1,0x96bb98183e5562913e72613c1979d0a13f8ec76b,2
0xf00e5a59fde1cb2ead96a8be7711abc3f981e0f1,1537889561,6399663.0,OUT,0.0,0xed78da90d7d01ede5f4cb27e2ed8be1ed676a02da85a7df4adc67e4f537ec137,internal,call,0.188888888888888 Ether,1,0x96bb98183e5562913e72613c1979d0a13f8ec76b,2
