address,age,block,direction,txFee,txhash,txn_type,type,value,Class,creator,inter_direction
0x9a9de4897646951fb7150cd41d8ed30ba3080237,1538095463,6414178.0,OUT,0.0,0x6e1cd3e969cc0ef6f447ba33d5255bd7738eb8fb1ab04ad40c7db3df578aef1b,internal,call,0.012472189670691 Ether,1,0xbfb297616ffa0124a288e212d1e6df5299c9f8d0,2
0x9a9de4897646951fb7150cd41d8ed30ba3080237,1538131714,6416683.0,OUT,0.0,0x96c9be7b00a6da185e4a3a7c38392bb72b0196f5c26da44cf7aea01476fbfbc2,internal,call,0.013378855941078 Ether,1,0xbfb297616ffa0124a288e212d1e6df5299c9f8d0,2
