address,age,block,direction,txFee,txhash,txn_type,type,value,Class,creator,inter_direction
0x4e8ecf79ade5e2c49b9e30d795517a81e0bf00b8,1533498092,6096430.0,OUT,0.0,0x1170b920eb71709833b78d1e468d6504b4863054f82fc6b907398b8e2ae1043e,internal,call,0.00357572023659 Ether,1,0xf39e044e1ab204460e06e87c6dca2c6319fc69e3,1
0x4e8ecf79ade5e2c49b9e30d795517a81e0bf00b8,1532971762,6060429.0,OUT,0.0,0xd315f046d3d890dde8e57cccadceb2a9b8a5cf4159b73018d9c47a12e20de437,internal,call,0.05235367966557 Ether,1,0xf39e044e1ab204460e06e87c6dca2c6319fc69e3,2
