address,age,block,direction,txFee,txhash,txn_type,type,value,Class,creator,inter_direction
0x7b307c1f0039f5d38770e15f8043b3dd26da5e8f,1540119034,6557980.0,OUT,0.0,0x58dce4ccab83010fafd1e8e2933f6a278bb163b01f69b5b042afba4eae36b0ba,internal,call,0.211131290128257 Ether,1,0xe1f3294e25bb72a2fb53addb82aa1a033797e6e3,1
0x7b307c1f0039f5d38770e15f8043b3dd26da5e8f,1539433744,0.0,OUT,0.0,0x91607c4e71af42f10275e866d20b3b1674d4e4521f8386dbbb47c6f78cf4f856,internal,call,0.879363112673423 Ether,1,0xe1f3294e25bb72a2fb53addb82aa1a033797e6e3,1
0x7b307c1f0039f5d38770e15f8043b3dd26da5e8f,1538277919,6427041.0,OUT,0.0,0xe2baeda7775256d8a7f4cf53ea5b1c68b8a7aebcf8ebe15b5064afe19a3bea29,internal,call,0.00298109810183 Ether,1,0xe1f3294e25bb72a2fb53addb82aa1a033797e6e3,2
0x7b307c1f0039f5d38770e15f8043b3dd26da5e8f,1538274581,6426811.0,OUT,0.0,0x4081320d5ad5eb585581a3f6cebca24ca7898ba80dcb50a7899f21386b004c79,internal,call,0.151400899684705 Ether,1,0xe1f3294e25bb72a2fb53addb82aa1a033797e6e3,1
0x7b307c1f0039f5d38770e15f8043b3dd26da5e8f,1538098384,6414390.0,OUT,0.0,0x6b5f894f414468c8066a693361b5f317825d5d372d990fd58438ba2e01af61a5,internal,call,0.06832628000705 Ether,1,0xe1f3294e25bb72a2fb53addb82aa1a033797e6e3,1
0x7b307c1f0039f5d38770e15f8043b3dd26da5e8f,1538151854,6415130.0,OUT,0.0,0x33a5736474b75fb8615e8a3594b53e7cffbbf7c7bc646c987571a5d4eb7c45a7,internal,call,0.009189648710508 Ether,1,0xe1f3294e25bb72a2fb53addb82aa1a033797e6e3,1
0x7b307c1f0039f5d38770e15f8043b3dd26da5e8f,1537947583,6403785.0,OUT,0.0,0xec8b73727c002ccc17a268bd68c42a1afeed05c2bc28caac898f10ef17f538d2,internal,call,0.011029931274874 Ether,1,0xe1f3294e25bb72a2fb53addb82aa1a033797e6e3,2
0x7b307c1f0039f5d38770e15f8043b3dd26da5e8f,1538526488,6444655.0,OUT,0.0,0xad685d7f7b676e35c388187f9785a2bbca63db36dcc0a39134dbbb832f690431,internal,call,0.239047794839566 Ether,1,0xe1f3294e25bb72a2fb53addb82aa1a033797e6e3,1
0x7b307c1f0039f5d38770e15f8043b3dd26da5e8f,1538020134,6408888.0,OUT,0.0,0x6ec83185402be7df9b3004adc9470203fec5d2a07444a541e4be0d1e95bea7b7,internal,call,0.007670446892298 Ether,1,0xe1f3294e25bb72a2fb53addb82aa1a033797e6e3,1
0x7b307c1f0039f5d38770e15f8043b3dd26da5e8f,1539898962,6542423.0,OUT,0.0,0x051798b81e0820dddca58329986e66427f5eb4b845c2682be8cb52375747bd8f,internal,call,0.447491934781708 Ether,1,0xe1f3294e25bb72a2fb53addb82aa1a033797e6e3,1
