address,age,block,direction,txFee,txhash,txn_type,type,value,Class,creator,inter_direction
0xe1c9a03cf690256ff7738cbd508c88cf5238a535,1524077066,5466054.0,OUT,0.0,0x8ed4b0c2fdccf517754e581936acc9238497f404de3e3839967780ad26454ec2,internal,call,0.001958794031281 Ether,1,0xc84c18a88789dba5b0ca9c13973435bbce7e961d,2
0xe1c9a03cf690256ff7738cbd508c88cf5238a535,1523423690,5421483.0,OUT,0.0,0x9f9bacb143d444b7f747146f47e554d946ce540a709a239440c75708fba692ae,internal,call,0.000929451372128 Ether,1,0xc84c18a88789dba5b0ca9c13973435bbce7e961d,2
0xe1c9a03cf690256ff7738cbd508c88cf5238a535,1523037022,5394456.0,OUT,0.0,0x7294f6375716890ae2fd95271d1cb928a4a060ab0420fc6a7e7e6c51d36bcdb0,internal,call,0.020835931707397 Ether,1,0xc84c18a88789dba5b0ca9c13973435bbce7e961d,2
