address,age,block,direction,txFee,txhash,txn_type,type,value,Class,creator,inter_direction
0x9b5bbb16a7a68660f6503eff6c8e3159820d6396,1539514038,6515133.0,OUT,0.0,0x95fd94ed854bd842ade647498541b97e574a94cd844ae7e3dc950f172998f4a2,internal,call,0.020825 Ether,1,0xdacca760db181e54d96b9a061acc0d2d48a05593,2
0x9b5bbb16a7a68660f6503eff6c8e3159820d6396,1540466810,0.0,OUT,0.0,0x38598377d3025b52ceacaaf4b838c1b0cff1361584013e869c2b93c15cef7139,internal,call,0.002975 Ether,1,0xdacca760db181e54d96b9a061acc0d2d48a05593,2
0x9b5bbb16a7a68660f6503eff6c8e3159820d6396,1538900975,6471363.0,OUT,0.0,0x8c07fab54b391cb7fe4e8ec4ab2c8e75665725fe187afb314b7de49dfe4826a0,internal,call,0.00225 Ether,1,0xdacca760db181e54d96b9a061acc0d2d48a05593,2
0x9b5bbb16a7a68660f6503eff6c8e3159820d6396,1540206077,6564110.0,OUT,0.0,0xf11ba03434ad35aef38d7d197e5a00a5a2aeb76bfacb42566435ae9d8266fc47,internal,call,0.0238 Ether,1,0xdacca760db181e54d96b9a061acc0d2d48a05593,2
0x9b5bbb16a7a68660f6503eff6c8e3159820d6396,1540576266,6590427.0,OUT,0.0,0x6264388f3e7032597b64fd7d028fe0c8d4aea029611f81092bbd836ca386dc4c,internal,call,0.002975 Ether,1,0xdacca760db181e54d96b9a061acc0d2d48a05593,2
0x9b5bbb16a7a68660f6503eff6c8e3159820d6396,1540380084,0.0,OUT,0.0,0x428ee6f4820d89d4ff0bf8cfb969fa5ee3e060bddad72397194b4c56a20b2a06,internal,call,0.00595 Ether,1,0xdacca760db181e54d96b9a061acc0d2d48a05593,2
