address,age,block,direction,txFee,txhash,txn_type,type,value,Class,creator,inter_direction
0xc02aaa39b223fe8d0a0e5c4f27ead9083c756cc2,1535609794,6241014.0,OUT,0.0,0x3eef37790d712ef7e2212372e6e8c1b60c7fdc86bdac755572121c2555db7c72,internal,call,1.429643661317416 Ether,0,0x4f26ffbe5f04ed43630fdc30a87638d53d0b0876,2
0xc02aaa39b223fe8d0a0e5c4f27ead9083c756cc2,1534251748,6148063.0,OUT,0.0,0x77f4bf21632052b3e8bb191d3470cac2fbb1a0835db6841d116a11d91e80fc41,internal,call,1.53947885747224 Ether,0,0x4f26ffbe5f04ed43630fdc30a87638d53d0b0876,2
