address,age,block,direction,txFee,txhash,txn_type,type,value,Class,creator,inter_direction
0xbeefd8fb3b5778f99e021afa2e41e0614af6af11,1539068206,6483352.0,OUT,0.0,0xfc90e8cc985f7d4d514288993ee68d672152e7b4ad46d8bfe7a39f6a65fd678c,internal,call,0.076182786885245 Ether,1,0x300758881bf3756b6cb5b2e96f545d7b3566ce3a,2
0xbeefd8fb3b5778f99e021afa2e41e0614af6af11,1541581815,6661343.0,OUT,0.0,0x6919b8effc688877aa9f36aa4f0c048f80496a6b65fee3df500ff4ba272bdbb0,internal,call,0.196020491803278 Ether,1,0x300758881bf3756b6cb5b2e96f545d7b3566ce3a,1
0xbeefd8fb3b5778f99e021afa2e41e0614af6af11,1540227899,6565685.0,OUT,0.0,0xd7ff0e542c7df0523adb92f06eb19c227fef01269be98738c653514b9b6cbee4,internal,call,0.202458196721311 Ether,1,0x300758881bf3756b6cb5b2e96f545d7b3566ce3a,2
0xbeefd8fb3b5778f99e021afa2e41e0614af6af11,1541875677,6682113.0,OUT,0.0,0x1caeec95053b2f2dbcc437f391383d804df18f496b081914c00e0e95cc473a61,internal,call,0.042561475409836 Ether,1,0x300758881bf3756b6cb5b2e96f545d7b3566ce3a,1
0xbeefd8fb3b5778f99e021afa2e41e0614af6af11,1538635401,0.0,OUT,0.0,0xf91238e548e64c98e2649ea7949a41a2b0757ed7012bf46e91b94bf1f184f816,internal,call,0.01 Ether,1,0x300758881bf3756b6cb5b2e96f545d7b3566ce3a,2
0xbeefd8fb3b5778f99e021afa2e41e0614af6af11,1541917933,6685110.0,OUT,0.0,0x3bf6daa7822a9b1d950a4d54fc4e5cd5af1427934a74416f5a712f7d59be5d1b,internal,call,0.006141393442622 Ether,1,0x300758881bf3756b6cb5b2e96f545d7b3566ce3a,1
