address,age,block,direction,txFee,txhash,txn_type,type,value,Class,creator,inter_direction
0xb10ea0d397db942a1083a4af9c6074ab63bc8c8b,1540033600,6551919.0,OUT,0.0,0xd7d97806e31e32f12a8b7ea1ca526ac262227347e1e71776e93058d0ddfaed7f,internal,call,0.01024406779661 Ether,1,0x65b041db3135ed5f76d9486aa56f8ca5dc9a3f5e,2
0xb10ea0d397db942a1083a4af9c6074ab63bc8c8b,1540247168,6567077.0,OUT,0.0,0xed8b4e92a597d59c284faf0f3f93a03e6ef4b56dcfec57580b95669465210c61,internal,call,0.010276610169491 Ether,1,0x65b041db3135ed5f76d9486aa56f8ca5dc9a3f5e,2
0xb10ea0d397db942a1083a4af9c6074ab63bc8c8b,1539819499,6536809.0,OUT,0.0,0x981f84c60edc088f9fa358c890896555e0fdb2f7b756cdc5045243bb0dcdf4b0,internal,call,0.010237288135593 Ether,1,0x65b041db3135ed5f76d9486aa56f8ca5dc9a3f5e,1
0xb10ea0d397db942a1083a4af9c6074ab63bc8c8b,1539606950,6521709.0,OUT,0.0,0x667d8d5d07a073fc2a05ceacb68f203262fd671ff4ec63efca25203e3f47e4c6,internal,call,0.022286101694915 Ether,1,0x65b041db3135ed5f76d9486aa56f8ca5dc9a3f5e,1
0xb10ea0d397db942a1083a4af9c6074ab63bc8c8b,1540562303,6589371.0,OUT,0.0,0xb0f215a6a27ee92784b3db7dd459d2624bfa4c12891b5225d7855cdedd6fadff,internal,call,0.015114576271186 Ether,1,0x65b041db3135ed5f76d9486aa56f8ca5dc9a3f5e,1
0xb10ea0d397db942a1083a4af9c6074ab63bc8c8b,1540861016,6610505.0,OUT,0.0,0x77c64960ab305ad9f8712803a8994c5f278c4ecea0d6df9da259f2b2c9616a54,internal,call,0.01432813559322 Ether,1,0x65b041db3135ed5f76d9486aa56f8ca5dc9a3f5e,1
