address,age,block,direction,txFee,txhash,txn_type,type,value,Class,creator,inter_direction
0x459f7854776ed005b6ec63a88f834fdab0b6993e,1505151440,0.0,OUT,0.0,0xf54da3255d06a3f767bdda85b5c8ea43f87027b0690753b8f2a4b3c85e7ed88c,internal,call,0.000001 Ether,0,0xa7b0883a9e885177f30fcdc42b6e4a015f20e53b,2
0x459f7854776ed005b6ec63a88f834fdab0b6993e,1503896176,0.0,OUT,0.0,0x6b6e135b0766165c9180a9eeff13f12b69b93c5d49838c2cf44045c62d0931fb,internal,call,0.000002 Ether,0,0xa7b0883a9e885177f30fcdc42b6e4a015f20e53b,2
