address,age,block,direction,txFee,txhash,txn_type,type,value,Class,creator,inter_direction
0x7b307c1f0039f5d38770e15f8043b3dd26da5e8f,1540261298,6568069.0,OUT,0.0,0x703f2a2c58123bee59a7ecdd11cfe6076bf48337af4af4ab0b7d7ac8d72fb23a,internal,call,0.006950508474576 Ether,1,0xe1f3294e25bb72a2fb53addb82aa1a033797e6e3,1
0x7b307c1f0039f5d38770e15f8043b3dd26da5e8f,1539543956,6517280.0,OUT,0.0,0x51f44e631e385af52b6fc33656ef6e46308b8d3c99350438c74fd31b21775cfd,internal,call,0.025067796610169 Ether,1,0xe1f3294e25bb72a2fb53addb82aa1a033797e6e3,1
0x7b307c1f0039f5d38770e15f8043b3dd26da5e8f,1540116755,6557817.0,OUT,0.0,0x8aded14d5d1e72706f7f57f8a00280785b2d250f79982f996756231aa5dc4f62,internal,call,0.004617627118644 Ether,1,0xe1f3294e25bb72a2fb53addb82aa1a033797e6e3,1
0x7b307c1f0039f5d38770e15f8043b3dd26da5e8f,1538676908,6455357.0,OUT,0.0,0xf4e52c0016af5827016c6783864d5f6fba71c4b8400d02b2378183e90cd06732,internal,call,0.012537627118644 Ether,1,0xe1f3294e25bb72a2fb53addb82aa1a033797e6e3,2
0x7b307c1f0039f5d38770e15f8043b3dd26da5e8f,1540020520,0.0,OUT,0.0,0x315e9c91cd2d250d3365d46ad42b047db0c636abce2793ed2024fb6a5cf0d6eb,internal,call,0.022865084745762 Ether,1,0xe1f3294e25bb72a2fb53addb82aa1a033797e6e3,1
0x7b307c1f0039f5d38770e15f8043b3dd26da5e8f,1539025020,6480305.0,OUT,0.0,0x09feb81499be4fe52c4b1978989b4be0448bcbc50caa0b702ba87cb916e5c66b,internal,call,0.016913898305084 Ether,1,0xe1f3294e25bb72a2fb53addb82aa1a033797e6e3,1
