address,age,block,direction,txFee,txhash,txn_type,type,value,Class,creator,inter_direction
0xbeefd8fb3b5778f99e021afa2e41e0614af6af11,1539071286,6483547.0,OUT,0.0,0x69edf4ab4d0b51c1ac41bc8d5e8d5ab2caf4a9ccaf93d6ec77087075cb8dfa8d,internal,call,0.06 Ether,1,0x300758881bf3756b6cb5b2e96f545d7b3566ce3a,2
0xbeefd8fb3b5778f99e021afa2e41e0614af6af11,1540656969,6593045.0,OUT,0.0,0x652e7c2872dcb2dea4b0f5111d961c745ba3975ada062b96313e227182f384bf,internal,call,0.006338213114754 Ether,1,0x300758881bf3756b6cb5b2e96f545d7b3566ce3a,1
0xbeefd8fb3b5778f99e021afa2e41e0614af6af11,1538869731,6469104.0,OUT,0.0,0xf4c2657980e9e359bcfbb14dc733ccacb35a9aede11a26910c72bdd745649a99,internal,call,0.053 Ether,1,0x300758881bf3756b6cb5b2e96f545d7b3566ce3a,2
0xbeefd8fb3b5778f99e021afa2e41e0614af6af11,1538942635,6474374.0,OUT,0.0,0xefe4e684767d717f7fa411114593240309b2fff7e5715e3627b8d44e2a9ab94a,internal,call,0.04 Ether,1,0x300758881bf3756b6cb5b2e96f545d7b3566ce3a,2
0xbeefd8fb3b5778f99e021afa2e41e0614af6af11,1538844021,0.0,OUT,0.0,0x756fc7029533ac102fa17e64484847c703de47676ab90ecf25a57e4b37cf0c1e,internal,call,0.0002 Ether,1,0x300758881bf3756b6cb5b2e96f545d7b3566ce3a,1
0xbeefd8fb3b5778f99e021afa2e41e0614af6af11,1541531724,6657777.0,OUT,0.0,0xa5488290fcbfea93872726ee485bb741cff874558a703f1f4183e140bf9cb08f,internal,call,0.001831396721311 Ether,1,0x300758881bf3756b6cb5b2e96f545d7b3566ce3a,1
0xbeefd8fb3b5778f99e021afa2e41e0614af6af11,1541823083,6675331.0,OUT,0.0,0x8e21fbdd9bc6327875b53456a1ab05aded377c1fe9d49ad4f2d1eb12feaaa04d,internal,call,0.000719426229508 Ether,1,0x300758881bf3756b6cb5b2e96f545d7b3566ce3a,1
0xbeefd8fb3b5778f99e021afa2e41e0614af6af11,1540943754,6616401.0,OUT,0.0,0xcec61ab4df738c5b94f6a00270f0ed6d68facf79564880c2855c215375b73d79,internal,call,0.001148655737704 Ether,1,0x300758881bf3756b6cb5b2e96f545d7b3566ce3a,2
