address,age,block,direction,txFee,txhash,txn_type,type,value,Class,creator,inter_direction
0x4e8ecf79ade5e2c49b9e30d795517a81e0bf00b8,1533498691,6096468.0,OUT,0.0,0x2471ec6147075b96372479252c2be1bbd2ebb13fe51758cadd572626a4c7000e,internal,call,0.003733699946787 Ether,1,0xf39e044e1ab204460e06e87c6dca2c6319fc69e3,1
0x4e8ecf79ade5e2c49b9e30d795517a81e0bf00b8,1532970233,6060323.0,OUT,0.0,0x441c4bf4da31188d957ceb4edba6352525ef6772ee2018459f75a84e041b016f,internal,call,0.002321100475032 Ether,1,0xf39e044e1ab204460e06e87c6dca2c6319fc69e3,1
0x4e8ecf79ade5e2c49b9e30d795517a81e0bf00b8,1533139497,6068868.0,OUT,0.0,0xe2c1e19e4d4a799a6167ef144b7d5b5a5515e8ac91055c01dd692c91f23b5291,internal,call,0.001641422829722 Ether,1,0xf39e044e1ab204460e06e87c6dca2c6319fc69e3,2
0x4e8ecf79ade5e2c49b9e30d795517a81e0bf00b8,1532960545,6059649.0,OUT,0.0,0xb091ad12958b981cb3a48efcd7ba23a783a3b73ad85d49778c1c61df5926c201,internal,call,0.002313146396855 Ether,1,0xf39e044e1ab204460e06e87c6dca2c6319fc69e3,1
0x4e8ecf79ade5e2c49b9e30d795517a81e0bf00b8,1532765701,6046106.0,OUT,0.0,0x5b283e876f08565dd84abcb194dd0b3f009b400fd586f41d4acc17dd3d4efd31,internal,call,0.01751050776155 Ether,1,0xf39e044e1ab204460e06e87c6dca2c6319fc69e3,1
0x4e8ecf79ade5e2c49b9e30d795517a81e0bf00b8,1532755931,0.0,OUT,0.0,0x5e8af3bee37bc80844d0e97ac93b6c58f596ca540642358d248c8e065dc9bdae,internal,call,0.010343512131996 Ether,1,0xf39e044e1ab204460e06e87c6dca2c6319fc69e3,1
0x4e8ecf79ade5e2c49b9e30d795517a81e0bf00b8,1532734082,6043960.0,OUT,0.0,0x4245f0935946022131517a9ab47a212e296f8d58702e4763790bb4bfa8293467,internal,call,0.020036425670101 Ether,1,0xf39e044e1ab204460e06e87c6dca2c6319fc69e3,1
