address,age,block,direction,txFee,txhash,txn_type,type,value,Class,creator,inter_direction
0x3ce3b6d9372a4d761172a89cf0139129309fa0ae,1533880285,6122627.0,OUT,0.0,0xbbe1eca6e915220d09efc085886929dc6a13400be85530e9ca4b5331214a94ec,internal,call,0.002777777777777 Ether,0,0x3f0e845c2365bbb2c98cce78c970ddc060e6ac01,2
0x3ce3b6d9372a4d761172a89cf0139129309fa0ae,1533879534,6122580.0,OUT,0.0,0xeb3e8645c4b343a2bdcd02d6105784e9ec62d49edd56d47ce1780aa2284bf9fe,internal,call,0.002777777777777 Ether,0,0x3f0e845c2365bbb2c98cce78c970ddc060e6ac01,2
