address,age,block,direction,txFee,txhash,txn_type,type,value,Class,creator,inter_direction
0x4e8ecf79ade5e2c49b9e30d795517a81e0bf00b8,1533070903,0.0,OUT,0.0,0x677cfaf069441f61aa8a0c8cce6ddbb2151294c7a4db76c72a79efe71198a5b2,internal,call,0.000120439085298 Ether,1,0xf39e044e1ab204460e06e87c6dca2c6319fc69e3,1
0x4e8ecf79ade5e2c49b9e30d795517a81e0bf00b8,1533091247,0.0,OUT,0.0,0xfe5b1cf27f78811787162a0e9faab6de452e1cec3e0acaa5c13719608c97b726,internal,call,0.013961072890895 Ether,1,0xf39e044e1ab204460e06e87c6dca2c6319fc69e3,2
0x4e8ecf79ade5e2c49b9e30d795517a81e0bf00b8,1533070749,6067202.0,OUT,0.0,0x5a9eebb47ddf668539077e7531532d3b37d321019cb1e0bef71d80051b5c888d,internal,call,0.400358267545916 Ether,1,0xf39e044e1ab204460e06e87c6dca2c6319fc69e3,1
