address,age,block,direction,txFee,txhash,txn_type,type,value,Class,creator,inter_direction
0x4e8ecf79ade5e2c49b9e30d795517a81e0bf00b8,1532789780,6047796.0,OUT,0.0,0x190b37546b85c27cd6cde79ae03624c2750d64a195fbe65c7cfb7de31137a10f,internal,call,0.019497570417216 Ether,1,0xf39e044e1ab204460e06e87c6dca2c6319fc69e3,1
0x4e8ecf79ade5e2c49b9e30d795517a81e0bf00b8,1532839310,0.0,OUT,0.0,0xe64b9adea259f119ba2db8b0548c852347a95750feb29127086888528c5cbea3,internal,call,0.012846191966106 Ether,1,0xf39e044e1ab204460e06e87c6dca2c6319fc69e3,2
