address,age,block,direction,txFee,txhash,txn_type,type,value,Class,creator,inter_direction
0x536a6ba0d913d5d6a4ce2c6eb7ed0de3c0f0b89e,1537852739,6397067.0,OUT,0.0,0xe737ea857f7fe2ba52c59eae2ccb804ecb98c0083c7cf7da0c9dad842c35393c,internal,call,0.007229481795725 Ether,1,0xb648cc3367571c9166e966d1eb97de3f9ebfb8fd,2
0x536a6ba0d913d5d6a4ce2c6eb7ed0de3c0f0b89e,1537939650,6403224.0,OUT,0.0,0xb2b9b30e8a411250ee1cce1c8ac0e684a147d241bef7f9c51712a331c3d4313a,internal,call,0.007229481795725 Ether,1,0xb648cc3367571c9166e966d1eb97de3f9ebfb8fd,1
0x536a6ba0d913d5d6a4ce2c6eb7ed0de3c0f0b89e,1537766194,6390963.0,OUT,0.0,0x89a911d43739dfbfab15b4c97ea8a4bba70c63d423785498c99fbc9c4a6d0f1a,internal,call,0.007229481795725 Ether,1,0xb648cc3367571c9166e966d1eb97de3f9ebfb8fd,1
