address,age,block,direction,txFee,txhash,txn_type,type,value,Class,creator,inter_direction
0x8a883a20940870dc055f2070ac8ec847ed2d9918,1533163668,6073532.0,OUT,0.0,0xfe42cd122bf06f02d09d00f53c960d95e60fe5c8888183d38b2077d9a0ec2432,internal,call,0.033150353635806 Ether,1,0xc14f8469d4bb31c8e69fae9c16e262f45edc3635,2
0x8a883a20940870dc055f2070ac8ec847ed2d9918,1532402095,6021304.0,OUT,0.0,0x43883a28f71ce71ba0f9b24f60c28fe02d80bbd7d61be4add03504963eb11d8c,internal,call,0.018907400959005 Ether,1,0xc14f8469d4bb31c8e69fae9c16e262f45edc3635,2
