address,age,block,direction,txFee,txhash,txn_type,type,value,Class,creator,inter_direction
0x536a6ba0d913d5d6a4ce2c6eb7ed0de3c0f0b89e,1537863671,6397838.0,OUT,0.0,0x5647c74adada7f4d7b0ff778dceca2df68aac095dd04b93987e21658c1518b73,internal,call,0.017373755245 Ether,1,0xb648cc3367571c9166e966d1eb97de3f9ebfb8fd,1
0x536a6ba0d913d5d6a4ce2c6eb7ed0de3c0f0b89e,1537261752,6355530.0,OUT,0.0,0x696d2709ef4830df14f3d370313555148ff7c9e82e72d473d7d03532f8deb2d1,internal,call,0.0050503776225 Ether,1,0xb648cc3367571c9166e966d1eb97de3f9ebfb8fd,1
0x536a6ba0d913d5d6a4ce2c6eb7ed0de3c0f0b89e,1537690229,6385580.0,OUT,0.0,0x8db493200d1cc96744563a4fae8ee6fe91d6f3f97d5a54cbe68ca8e0372bd4a1,internal,call,0.017373755245 Ether,1,0xb648cc3367571c9166e966d1eb97de3f9ebfb8fd,1
0x536a6ba0d913d5d6a4ce2c6eb7ed0de3c0f0b89e,1537428538,0.0,OUT,0.0,0x757d1435fa65a82e0352ff6da1301b81c901fd0b1191f25b4458763dffc91856,internal,call,0.0050503776225 Ether,1,0xb648cc3367571c9166e966d1eb97de3f9ebfb8fd,1
0x536a6ba0d913d5d6a4ce2c6eb7ed0de3c0f0b89e,1537516465,6373318.0,OUT,0.0,0x5a3ead306c8ac60ad4a8adf56d56aeb025afee7d52580c1db20081335c881349,internal,call,0.0086868776225 Ether,1,0xb648cc3367571c9166e966d1eb97de3f9ebfb8fd,1
