address,age,block,direction,txFee,txhash,txn_type,type,value,Class,creator,inter_direction
0x8a883a20940870dc055f2070ac8ec847ed2d9918,1533055768,6063190.0,OUT,0.0,0xfed7ae49e82dbb95f566549f56f52f50baa1572cae5090844608f795421bba28,internal,call,0.000307301978749 Ether,1,0xc14f8469d4bb31c8e69fae9c16e262f45edc3635,2
0x8a883a20940870dc055f2070ac8ec847ed2d9918,1532452192,6024728.0,OUT,0.0,0x4524ebda51642fa4269eb08df2c1fd4885b89de156147d67bc7c7a4f2c09d239,internal,call,0.000002378961748 Ether,1,0xc14f8469d4bb31c8e69fae9c16e262f45edc3635,2
0x8a883a20940870dc055f2070ac8ec847ed2d9918,1532444207,6024166.0,OUT,0.0,0x44919f59c12e2a03d23a3d568234357f6df53f205c8de8a021f488ac56ecf017,internal,call,0.027711910297377 Ether,1,0xc14f8469d4bb31c8e69fae9c16e262f45edc3635,2
0x8a883a20940870dc055f2070ac8ec847ed2d9918,1533163268,6073501.0,OUT,0.0,0x005d91d60efbb1a07be444828da9857d0069a296e1cc55bc5905af6d7d3333a6,internal,call,0.004026153580369 Ether,1,0xc14f8469d4bb31c8e69fae9c16e262f45edc3635,2
