address,age,block,direction,txFee,txhash,txn_type,type,value,Class,creator,inter_direction
0x8a883a20940870dc055f2070ac8ec847ed2d9918,1532534687,6027374.0,OUT,0.0,0x247480b24f38f56ca237d2102119a009a346a735e58eabaaeeec41eabd2611b6,internal,call,0.321139239026479 Ether,1,0xc14f8469d4bb31c8e69fae9c16e262f45edc3635,2
0x8a883a20940870dc055f2070ac8ec847ed2d9918,1533187293,6075075.0,OUT,0.0,0x000cf454cfa3dffdbf47485e0ab47e700232688559cf95af7cab754ac236773b,internal,call,0.130769705323644 Ether,1,0xc14f8469d4bb31c8e69fae9c16e262f45edc3635,2
