address,age,block,direction,txFee,txhash,txn_type,type,value,Class,creator,inter_direction
0x4e8ecf79ade5e2c49b9e30d795517a81e0bf00b8,1532984811,6061302.0,OUT,0.0,0xf2841ddc53c32a4cb52b3324b67a7eb72776bf2377bd07fdb144c7ab9b6e8ee1,internal,call,0.002105999896723 Ether,1,0xf39e044e1ab204460e06e87c6dca2c6319fc69e3,2
0x4e8ecf79ade5e2c49b9e30d795517a81e0bf00b8,1532896512,6055243.0,OUT,0.0,0x567500be85002391308437dfcd3473d07295107337902a04d492e8358c6e2d60,internal,call,0.011205497718297 Ether,1,0xf39e044e1ab204460e06e87c6dca2c6319fc69e3,1
