address,age,block,direction,txFee,txhash,txn_type,type,value,Class,creator,inter_direction
0xb10ea0d397db942a1083a4af9c6074ab63bc8c8b,1539948521,6545924.0,OUT,0.0,0xf6f4cab8983180ea14db7b9e9aea5aea8c5caf7bca08509545ee80d2b435c851,internal,call,0.045026711864406 Ether,1,0x65b041db3135ed5f76d9486aa56f8ca5dc9a3f5e,2
0xb10ea0d397db942a1083a4af9c6074ab63bc8c8b,1540711046,6599950.0,OUT,0.0,0x2f877410e6df65e07e56b6ef0c8250146c177ce729e564fd78896e603d114376,internal,call,0.04761613559322 Ether,1,0x65b041db3135ed5f76d9486aa56f8ca5dc9a3f5e,1
