address,age,block,direction,txFee,txhash,txn_type,type,value,Class,creator,inter_direction
0x4e8ecf79ade5e2c49b9e30d795517a81e0bf00b8,1532724383,0.0,OUT,0.0,0x6e7c06f29de92739c0a203422410ee0e29702c1e74ce4a9799151a63db4d6976,internal,call,0.119907599863805 Ether,1,0xf39e044e1ab204460e06e87c6dca2c6319fc69e3,1
0x4e8ecf79ade5e2c49b9e30d795517a81e0bf00b8,1532716472,0.0,OUT,0.0,0x44547f945abcf208f9e53f127fc6935f0ac5caac5b19315db610a1a9c35d3cda,internal,call,0.573209254289637 Ether,1,0xf39e044e1ab204460e06e87c6dca2c6319fc69e3,1
