address,age,block,direction,txFee,txhash,txn_type,type,value,Class,creator,inter_direction
0x35027a992a3c232dd7a350bb75004ad8567561b2,1542308232,6712692.0,OUT,0.0,0xcb768edc3a424f058348df57e6c7e69c9686a9668bb255843a30f47ff897b61d,internal,call,0.000634922033898 Ether,1,0x7c76a64ac61d1eeafe2b8af6f7f0a6a1890418f3,2
0x35027a992a3c232dd7a350bb75004ad8567561b2,1540818097,6607517.0,OUT,0.0,0x9580a068a989349c1a24d73d3682b268a8b63ac019ee9a334e85e880c7d64bf9,internal,call,0.004218101694915 Ether,1,0x7c76a64ac61d1eeafe2b8af6f7f0a6a1890418f3,2
0x35027a992a3c232dd7a350bb75004ad8567561b2,1540251339,6567377.0,OUT,0.0,0x708932545276c0ee1dc0fe7f3990be4283ebd258fd92a440193dc5172761ea44,internal,call,0.0062 Ether,1,0x7c76a64ac61d1eeafe2b8af6f7f0a6a1890418f3,2
0x35027a992a3c232dd7a350bb75004ad8567561b2,1539053780,6482331.0,OUT,0.0,0x09335c5433d3d5bbf2da7b399f381127d8df783c541f36f73a41db51e96d609e,internal,call,0.000752511864406 Ether,1,0x7c76a64ac61d1eeafe2b8af6f7f0a6a1890418f3,2
0x35027a992a3c232dd7a350bb75004ad8567561b2,1539019912,6479944.0,OUT,0.0,0xfaab6241cc5a6a0c503c0f1ad0876bbbd86d054b7943a5f80caf49ab8399278b,internal,call,0.001683457627118 Ether,1,0x7c76a64ac61d1eeafe2b8af6f7f0a6a1890418f3,2
0x35027a992a3c232dd7a350bb75004ad8567561b2,1542222912,6706650.0,OUT,0.0,0x3c9cadc2d4dea8e40a2cd5d54adc7058eb623bf9223c35012ac0c22ce6db1d6c,internal,call,0.005204637288135 Ether,1,0x7c76a64ac61d1eeafe2b8af6f7f0a6a1890418f3,2
0x35027a992a3c232dd7a350bb75004ad8567561b2,1541565346,6657122.0,OUT,0.0,0x57516a7d41aede4f2381611fbc41fc4d9add01e8198c41eca544013b8896d334,internal,call,0.005212728813559 Ether,1,0x7c76a64ac61d1eeafe2b8af6f7f0a6a1890418f3,2
0x35027a992a3c232dd7a350bb75004ad8567561b2,1542584501,6732295.0,OUT,0.0,0x478efb94de3137b6478fd3133e933a9a3df184b665da09d7a81871e96abfa795,internal,call,0.002059976271186 Ether,1,0x7c76a64ac61d1eeafe2b8af6f7f0a6a1890418f3,2
