address,age,block,direction,txFee,txhash,txn_type,type,value,Class,creator,inter_direction
0xb10ea0d397db942a1083a4af9c6074ab63bc8c8b,1540111917,6557461.0,OUT,0.0,0xd16f615778ebd7cc315460fb8b72c73b074db9bac5d2fdce139ef648f4837e39,internal,call,0.035271864406779 Ether,1,0x65b041db3135ed5f76d9486aa56f8ca5dc9a3f5e,2
0xb10ea0d397db942a1083a4af9c6074ab63bc8c8b,1539499659,6514106.0,OUT,0.0,0xead5a62ad99fee01d77cb24133d591b7ae2f6dac2e6b0462f877550d13ce929e,internal,call,0.024270101694915 Ether,1,0x65b041db3135ed5f76d9486aa56f8ca5dc9a3f5e,2
