address,age,block,direction,txFee,txhash,txn_type,type,value,Class,creator,inter_direction
0xbeefd8fb3b5778f99e021afa2e41e0614af6af11,1540559330,6589168.0,OUT,0.0,0xdcfd309d5cfdd49ae2f2de4073b043d425317d18ee492ca5efc43476d2f97841,internal,call,0.000004426229508 Ether,1,0x300758881bf3756b6cb5b2e96f545d7b3566ce3a,2
0xbeefd8fb3b5778f99e021afa2e41e0614af6af11,1540559169,6589159.0,OUT,0.0,0x5be3463158e160e4da5a3071370502a1f299ec7eea1906a26ce62b124b82ccc5,internal,call,0.036010819672131 Ether,1,0x300758881bf3756b6cb5b2e96f545d7b3566ce3a,1
0xbeefd8fb3b5778f99e021afa2e41e0614af6af11,1539257122,6496799.0,OUT,0.0,0x1d642d728ddde570bb75bd1ed7ef959c0cf8dcab484cecbc08cdcb2643e16636,internal,call,0.024544426229508 Ether,1,0x300758881bf3756b6cb5b2e96f545d7b3566ce3a,1
0xbeefd8fb3b5778f99e021afa2e41e0614af6af11,1539524930,6515937.0,OUT,0.0,0x50cf0cba9219695960d2f7e410416e2cf3630c3fa5723d28e0749d5b642e8423,internal,call,0.00941213114754 Ether,1,0x300758881bf3756b6cb5b2e96f545d7b3566ce3a,1
0xbeefd8fb3b5778f99e021afa2e41e0614af6af11,1541907238,6684338.0,OUT,0.0,0x5f4b612728e4fa3219fca91d9fe66fbf54b2eb3863a4622bbdc8d6071862002a,internal,call,0.00625368852459 Ether,1,0x300758881bf3756b6cb5b2e96f545d7b3566ce3a,1
0xbeefd8fb3b5778f99e021afa2e41e0614af6af11,1538558542,0.0,OUT,0.0,0xb01d6e242f25d367638cfd02a4493d280e72946fcc76f3e9ac983190065f47ee,internal,call,0.002 Ether,1,0x300758881bf3756b6cb5b2e96f545d7b3566ce3a,1
0xbeefd8fb3b5778f99e021afa2e41e0614af6af11,1541691109,6669079.0,OUT,0.0,0xe595b68509dde40ce588039c92ff8c3d661c26a3c9f0d11910e66fee1c78cb2e,internal,call,0.005226639344262 Ether,1,0x300758881bf3756b6cb5b2e96f545d7b3566ce3a,2
0xbeefd8fb3b5778f99e021afa2e41e0614af6af11,1541510663,0.0,OUT,0.0,0x4cb023de59ef125faf4a0efc319cbcc0c25ad9d66bab48dfb74990f82fcd05ed,internal,call,0.029725672131147 Ether,1,0x300758881bf3756b6cb5b2e96f545d7b3566ce3a,1
