address,age,block,direction,txFee,txhash,txn_type,type,value,Class,creator,inter_direction
0x459f7854776ed005b6ec63a88f834fdab0b6993e,1505832938,0.0,OUT,0.0,0x97a0b74b1a36dc0384aab9dbe9bf5dfa983bdd79e05277604e779bb2d2908b74,internal,call,0.000001 Ether,0,0xa7b0883a9e885177f30fcdc42b6e4a015f20e53b,2
0x459f7854776ed005b6ec63a88f834fdab0b6993e,1506102898,0.0,OUT,0.0,0x573e78a86f1ba4f89239c4fb4d253f2cb31fe5b4bf6c83bcbc77677640b4fa52,internal,call,0.000001 Ether,0,0xa7b0883a9e885177f30fcdc42b6e4a015f20e53b,2
