address,age,block,direction,txFee,txhash,txn_type,type,value,Class,creator,inter_direction
0xb1690c08e213a35ed9bab7b318de14420fb57d8c,1539286661,0.0,OUT,0.0,0xa524ced9c7b823c60fe84c4bf54316f950c413b7ae8f5141caac2fe0cc16aaca,internal,call,0.00000531709583 Ether,0,0xba52c75764d6f594735dc735be7f1830cdf58ddf,2
0xb1690c08e213a35ed9bab7b318de14420fb57d8c,1539286445,6498904.0,OUT,0.0,0x71408ae007d41c39549364f05e41cab65c4003286536ed01451fa5a2050c6752,internal,call,0.00032840046675 Ether,0,0xba52c75764d6f594735dc735be7f1830cdf58ddf,1
0xb1690c08e213a35ed9bab7b318de14420fb57d8c,1539286399,6498902.0,OUT,0.0,0x5ded09fd800826dfdecaa0612d20404cab47d1a24c1aeae0b1cd999a923f5c8d,internal,call,0.000363097391388 Ether,0,0xba52c75764d6f594735dc735be7f1830cdf58ddf,1
0xb1690c08e213a35ed9bab7b318de14420fb57d8c,1539370213,6504869.0,OUT,0.0,0xcc168fb325fc7f2bb5ed223f7a1422e900e2e500e75cbda774aad8ed7e470132,internal,call,0.000000213104967 Ether,0,0xba52c75764d6f594735dc735be7f1830cdf58ddf,2
