address,age,block,direction,txFee,txhash,txn_type,type,value,Class,creator,inter_direction
0x4e8ecf79ade5e2c49b9e30d795517a81e0bf00b8,1536701813,6316338.0,OUT,0.0,0x23efe35fdbd1b56958336014736b93721c72540d49760cce28288f1cc5f1bdcc,internal,call,0.00229413492601 Ether,1,0xf39e044e1ab204460e06e87c6dca2c6319fc69e3,1
0x4e8ecf79ade5e2c49b9e30d795517a81e0bf00b8,1534069729,6135544.0,OUT,0.0,0x4e4c8ec45a8059a4ed31317d8c2e6d8dcd9c2f804c69b1da947c37c2869156f8,internal,call,0.001243892977007 Ether,1,0xf39e044e1ab204460e06e87c6dca2c6319fc69e3,1
0x4e8ecf79ade5e2c49b9e30d795517a81e0bf00b8,1532727072,6043466.0,OUT,0.0,0xe098721fed3d96352aa5addef6b00aabaa1f8adc76f61bbd3768890a92fd33ac,internal,call,0.006598271441161 Ether,1,0xf39e044e1ab204460e06e87c6dca2c6319fc69e3,2
