address,age,block,direction,txFee,txhash,txn_type,type,value,Class,creator,inter_direction
0x9b5bbb16a7a68660f6503eff6c8e3159820d6396,1539871128,6540464.0,OUT,0.0,0xa2e369a06e83ea1c3e033439ff94152c065216c304f9d613b8fd1213e010dbad,internal,call,0.03825 Ether,1,0xdacca760db181e54d96b9a061acc0d2d48a05593,2
0x9b5bbb16a7a68660f6503eff6c8e3159820d6396,1540159522,6560873.0,OUT,0.0,0xda18ae94c26ee3eccdb26a69ca88cfdefb45f44ffeb1a9b5a87329dbebf42763,internal,call,0.03825 Ether,1,0xdacca760db181e54d96b9a061acc0d2d48a05593,2
0x9b5bbb16a7a68660f6503eff6c8e3159820d6396,1539330318,6502004.0,OUT,0.0,0x1366a24f44b8f82244669d97b2ee88f2459bb0b605d5c7c7f1d87bab11149e2b,internal,call,0.051 Ether,1,0xdacca760db181e54d96b9a061acc0d2d48a05593,2
0x9b5bbb16a7a68660f6503eff6c8e3159820d6396,1539582679,6519974.0,OUT,0.0,0x73159d3209c0166db6f9b49cfa6346d0e180eb39bd44c1b015a5addcd737951a,internal,call,0.0255 Ether,1,0xdacca760db181e54d96b9a061acc0d2d48a05593,2
0x9b5bbb16a7a68660f6503eff6c8e3159820d6396,1540420446,6579353.0,OUT,0.0,0xd26b6f371bb605ad48a53b49fc58dcf75ead295eb078ebb1b09dbaced454d239,internal,call,0.03825 Ether,1,0xdacca760db181e54d96b9a061acc0d2d48a05593,2
0x9b5bbb16a7a68660f6503eff6c8e3159820d6396,1540510431,6585732.0,OUT,0.0,0x3d2f281e0a3b38ab796413c1b12003c0568489fabd836350615112f21ce4868e,internal,call,0.01275 Ether,1,0xdacca760db181e54d96b9a061acc0d2d48a05593,2
0x9b5bbb16a7a68660f6503eff6c8e3159820d6396,1538919401,6472693.0,OUT,0.0,0x3c7b5fbe6fdd47d986fd7fd195609c615dc9739a622d4042b17bea4e06145c0b,internal,call,0.054 Ether,1,0xdacca760db181e54d96b9a061acc0d2d48a05593,2
0x9b5bbb16a7a68660f6503eff6c8e3159820d6396,1538573730,6447974.0,OUT,0.0,0xecbacc6c6c725bdaca52eea2e1218ffc2cc3db18c94bf92475ec8378856e9c54,internal,call,0.0255 Ether,1,0xdacca760db181e54d96b9a061acc0d2d48a05593,2
0x9b5bbb16a7a68660f6503eff6c8e3159820d6396,1540596893,6591866.0,OUT,0.0,0xf79322859f346a6c0325ecc6dceaf37942f7f37b34235aeecf582e47e12a9237,internal,call,0.01275 Ether,1,0xdacca760db181e54d96b9a061acc0d2d48a05593,2
