address,age,block,direction,txFee,txhash,txn_type,type,value,Class,creator,inter_direction
0x4e8ecf79ade5e2c49b9e30d795517a81e0bf00b8,1533083008,6067980.0,OUT,0.0,0xaab676f0df599e9b3b62e04bd99d6ddbb617de4f0e4e9f509a4c06c99442132d,internal,call,0.032876244418872 Ether,1,0xf39e044e1ab204460e06e87c6dca2c6319fc69e3,1
0x4e8ecf79ade5e2c49b9e30d795517a81e0bf00b8,1532845852,6051731.0,OUT,0.0,0x132694b3a0f3e57bbedc19f2fa8b574b88c2f7bafc7b0a4a43bf3c93208e3c66,internal,call,0.076943403911766 Ether,1,0xf39e044e1ab204460e06e87c6dca2c6319fc69e3,1
0x4e8ecf79ade5e2c49b9e30d795517a81e0bf00b8,1532726951,6043462.0,OUT,0.0,0x8c409f8eb71ad6a74b0384b5b86643241e60f1d78a431b47118311cd40c39123,internal,call,0.960868798468597 Ether,1,0xf39e044e1ab204460e06e87c6dca2c6319fc69e3,1
