address,age,block,direction,txFee,txhash,txn_type,type,value,Class,creator,inter_direction
0x4ba72f0f8dad13709ee28a992869e79d0fe47030,1516537841,4948264.0,OUT,0.0,0x70d0d8a12e8c821c6bcdbb7f5574d9343b1412caa7f6de926950e03f2d669e96,internal,call,0.12276 Ether,0,0x9e7e799a8af24e5ab6064c9d516037bfe6cc9b8d,2
0x4ba72f0f8dad13709ee28a992869e79d0fe47030,1516533724,4947977.0,OUT,0.0,0x214df29662379d8d81e81f2255bd72a60de88362066763bcbba30f621954264b,internal,call,0.198 Ether,0,0x9e7e799a8af24e5ab6064c9d516037bfe6cc9b8d,2
0x4ba72f0f8dad13709ee28a992869e79d0fe47030,1516532847,4947921.0,OUT,0.0,0x4fdd09a187d18548ac7a6d1d553dff32d679418577c6f53a7ff41ce0bd4f122b,internal,call,0.0297 Ether,0,0x9e7e799a8af24e5ab6064c9d516037bfe6cc9b8d,2
0x4ba72f0f8dad13709ee28a992869e79d0fe47030,1516531016,4947798.0,OUT,0.0,0xd5a4cd50968b7fbac4872fca902111b667ca91e0d2e08e04eeae2b26a1e15509,internal,call,0.099 Ether,0,0x9e7e799a8af24e5ab6064c9d516037bfe6cc9b8d,2
0x4ba72f0f8dad13709ee28a992869e79d0fe47030,1516531008,4947797.0,OUT,0.0,0x1fa8ae938e1802cb939e3cc0bc654824fc90c7920692ca98e7e77c7372c8b31a,internal,call,0.07425 Ether,0,0x9e7e799a8af24e5ab6064c9d516037bfe6cc9b8d,2
0x4ba72f0f8dad13709ee28a992869e79d0fe47030,1516530370,4947756.0,OUT,0.0,0x7f795b57c1c988e4107fe8f12127e05a9eefa593f591a2a6922847b43529088b,internal,call,0.099 Ether,0,0x9e7e799a8af24e5ab6064c9d516037bfe6cc9b8d,2
0x4ba72f0f8dad13709ee28a992869e79d0fe47030,1520150107,0.0,OUT,0.0,0xd92ddf2a6983805337a2ec5fc1aaeb7296fbccbc206c3cda81ccb8efed27b220,internal,call,0.2871 Ether,0,0x9e7e799a8af24e5ab6064c9d516037bfe6cc9b8d,2
0x4ba72f0f8dad13709ee28a992869e79d0fe47030,1520150097,5195748.0,OUT,0.0,0x367ea9d55ffae9328618f31186a6897319a7974b261ee8057c057c4591495e85,internal,call,0.19305 Ether,0,0x9e7e799a8af24e5ab6064c9d516037bfe6cc9b8d,2
0x4ba72f0f8dad13709ee28a992869e79d0fe47030,1516572729,4950718.0,OUT,0.0,0xdf2dcfe123c3d412069f9c19b8adc5eb218c095c1ab4d7d8d730ca98a547da69,internal,call,0.19305 Ether,0,0x9e7e799a8af24e5ab6064c9d516037bfe6cc9b8d,2
0x4ba72f0f8dad13709ee28a992869e79d0fe47030,1516572205,4950685.0,OUT,0.0,0x5d5aa9bc419688320fc3f6a28d14ddcbd991f5eafdae57e04d2aa82cae63174c,internal,call,0.17325 Ether,0,0x9e7e799a8af24e5ab6064c9d516037bfe6cc9b8d,2
0x4ba72f0f8dad13709ee28a992869e79d0fe47030,1516539198,4948377.0,OUT,0.0,0x54088c3a1e34a60a8af1a396a0aa6b20393d9688ce52bd24360760753779a399,internal,call,0.12375 Ether,0,0x9e7e799a8af24e5ab6064c9d516037bfe6cc9b8d,2
