address,age,block,direction,txFee,txhash,txn_type,type,value,Class,creator,inter_direction
0xb2816223fddc21aca553ba208c7b7a13b27c207c,1542675157,6738629.0,OUT,0.0,0xa793e607840610b3e4507d75960ab7eb4fea1bcbf06cef8f5d4495c2ae9f1b82,internal,call,0.045 Ether,1,0x50b69eb0234c84e44a6951ba0ad2e316a81d0900,2
0xb2816223fddc21aca553ba208c7b7a13b27c207c,1541934614,6686286.0,OUT,0.0,0x620919a2dcde7db041ee8e8ea61bce1aa62d7ac8ab8e56dacbd353382c6a9ba6,internal,call,0.034773611111111 Ether,1,0x50b69eb0234c84e44a6951ba0ad2e316a81d0900,2
0xb2816223fddc21aca553ba208c7b7a13b27c207c,1542413508,6720168.0,OUT,0.0,0x2d3d3df2a93101867b313f6504d9307c9fd07eadedd06d45a0b299ea814c1da5,internal,call,0.039300173611111 Ether,1,0x50b69eb0234c84e44a6951ba0ad2e316a81d0900,2
0xb2816223fddc21aca553ba208c7b7a13b27c207c,1542187139,6704123.0,OUT,0.0,0xe3f40cfdf2771fe7eb5581d8d9c9536436a29590b9a53ffab120f89720cc4331,internal,call,0.043841145833333 Ether,1,0x50b69eb0234c84e44a6951ba0ad2e316a81d0900,2
0xb2816223fddc21aca553ba208c7b7a13b27c207c,1541412700,6649385.0,OUT,0.0,0xe70d23a9afe0bcae05f860c1c00476ecc072fdf7b49a074779fed36b55c9b84f,internal,call,0.045 Ether,1,0x50b69eb0234c84e44a6951ba0ad2e316a81d0900,2
0xb2816223fddc21aca553ba208c7b7a13b27c207c,1541146176,6630611.0,OUT,0.0,0x767924111c8ef661b25c869b0c37d0bc8bf6139444fdcb1754dff489a52ac9b4,internal,call,0.043704861111111 Ether,1,0x50b69eb0234c84e44a6951ba0ad2e316a81d0900,2
0xb2816223fddc21aca553ba208c7b7a13b27c207c,1542959722,6758628.0,OUT,0.0,0x5c38dfd49cb41a1f1553ad2c5557630efc0ced8ca970be8d668759978366efdc,internal,call,0.045 Ether,1,0x50b69eb0234c84e44a6951ba0ad2e316a81d0900,2
0xb2816223fddc21aca553ba208c7b7a13b27c207c,1541734318,6672120.0,OUT,0.0,0x942cdf42cc33b2b52c03cd5b6efcc0a0516b8dd49f9327bbcd18abdf506a0607,internal,call,0.045 Ether,1,0x50b69eb0234c84e44a6951ba0ad2e316a81d0900,2
0xb2816223fddc21aca553ba208c7b7a13b27c207c,1543297196,6782454.0,OUT,0.0,0x8c88b31190fb55f3a620d762f1cbba16bd205f7895c586b8f16e080f3ce6329b,internal,call,0.045 Ether,1,0x50b69eb0234c84e44a6951ba0ad2e316a81d0900,2
