address,age,block,direction,txFee,txhash,txn_type,type,value,Class,creator,inter_direction
0xb10ea0d397db942a1083a4af9c6074ab63bc8c8b,1539229742,6494855.0,OUT,0.0,0xd914ab4d5f881dd0aebf99858ee820528b6d76796b812c5a16fe50ae48e5ffc8,internal,call,0.0104 Ether,1,0x65b041db3135ed5f76d9486aa56f8ca5dc9a3f5e,2
0xb10ea0d397db942a1083a4af9c6074ab63bc8c8b,1540171661,6561713.0,OUT,0.0,0xa2806134f862a78e6d7baf157b20223cdcdf4807e92aab2a3b8ea4aa5abbb48d,internal,call,0.130602440677966 Ether,1,0x65b041db3135ed5f76d9486aa56f8ca5dc9a3f5e,1
0xb10ea0d397db942a1083a4af9c6074ab63bc8c8b,1540968255,6618099.0,OUT,0.0,0x32199f0d4d1703784ff975d1243a4b793f82902c7963e6e081d9f441e92d9b4b,internal,call,0.093658101694915 Ether,1,0x65b041db3135ed5f76d9486aa56f8ca5dc9a3f5e,1
