address,age,block,direction,txFee,txhash,txn_type,type,value,Class,creator,inter_direction
0x7b307c1f0039f5d38770e15f8043b3dd26da5e8f,1540165826,6561311.0,OUT,0.0,0x3ff006b3293802a5ace33111db2f2a83d14e0b287d5dc647b58f6246725334a9,internal,call,0.147661016949152 Ether,1,0xe1f3294e25bb72a2fb53addb82aa1a033797e6e3,1
0x7b307c1f0039f5d38770e15f8043b3dd26da5e8f,1538879626,6469823.0,OUT,0.0,0x2f5ee798f4bf16137ae24b89d0253d52651186a1f6d918b919cdb6cee31b6d0f,internal,call,0.002255186440677 Ether,1,0xe1f3294e25bb72a2fb53addb82aa1a033797e6e3,1
0x7b307c1f0039f5d38770e15f8043b3dd26da5e8f,1539653594,6525011.0,OUT,0.0,0x8a208a06d7d695e9002f4b69c201fc14b3b6fa68a953f4762dc53872ba858161,internal,call,0.21696 Ether,1,0xe1f3294e25bb72a2fb53addb82aa1a033797e6e3,1
0x7b307c1f0039f5d38770e15f8043b3dd26da5e8f,1538905302,6471675.0,OUT,0.0,0x24a9102803ecd72ee3b9ace49d075dace1fde18534a60b76155a970822caa18f,internal,call,0.000006101694915 Ether,1,0xe1f3294e25bb72a2fb53addb82aa1a033797e6e3,1
0x7b307c1f0039f5d38770e15f8043b3dd26da5e8f,1538905182,6471665.0,OUT,0.0,0x8cfe8ed5828fd9a2dc3a5964605ff8f33eaf1d820f0350ea8fa08b5f3ad28c44,internal,call,0.001123932203389 Ether,1,0xe1f3294e25bb72a2fb53addb82aa1a033797e6e3,1
0x7b307c1f0039f5d38770e15f8043b3dd26da5e8f,1538827806,6466127.0,OUT,0.0,0xcc5f3d97bff996759931e7332ec087200889edf585d55bcfaa1b60d845f7728f,internal,call,0.006362847457627 Ether,1,0xe1f3294e25bb72a2fb53addb82aa1a033797e6e3,2
0x7b307c1f0039f5d38770e15f8043b3dd26da5e8f,1540251773,6567414.0,OUT,0.0,0xb4c819ac7000067297ee259d2b9d8fbe547f8aeaa4291a8a27fa0d4b7519da60,internal,call,0.000032542372881 Ether,1,0xe1f3294e25bb72a2fb53addb82aa1a033797e6e3,2
0x7b307c1f0039f5d38770e15f8043b3dd26da5e8f,1540251655,6567406.0,OUT,0.0,0xad6995c20e0f331065555d7c1d0811d52e0c01f8968f5dc348a126d2f2fa78ee,internal,call,0.024793220338983 Ether,1,0xe1f3294e25bb72a2fb53addb82aa1a033797e6e3,1
0x7b307c1f0039f5d38770e15f8043b3dd26da5e8f,1538681849,6455699.0,OUT,0.0,0xe79e6ea9bc03910662ba059cc5bebe640e557a76e58bcec4fffcc41301b11f70,internal,call,0.003543254237288 Ether,1,0xe1f3294e25bb72a2fb53addb82aa1a033797e6e3,2
