address,age,block,direction,txFee,txhash,txn_type,type,value,Class,creator,inter_direction
0xe1c9a03cf690256ff7738cbd508c88cf5238a535,1524017091,5462016.0,OUT,0.0,0xab5427a134f40eece45934f72d982efbb788e546586fe76e01ec6efa6bbb441a,internal,call,0.006116738410334 Ether,1,0xc84c18a88789dba5b0ca9c13973435bbce7e961d,2
0xe1c9a03cf690256ff7738cbd508c88cf5238a535,1523584130,5432501.0,OUT,0.0,0x54bcf1301d03798183db88c63835e1b3dfbdd7e33d2599585959988017b00ec1,internal,call,0.001293793793207 Ether,1,0xc84c18a88789dba5b0ca9c13973435bbce7e961d,2
