address,age,block,direction,txFee,txhash,txn_type,type,value,Class,creator,inter_direction
0xb547027a4ccd46ec98199fa88aaedf5aa981db26,1537953256,6404193.0,OUT,0.0,0x7167a6e8132d58379437b415629bada6c1359d3d2e1c8180f03bdc7c851eeadd,internal,call,0.032014583333333 Ether,1,0xaf9c025ce6322a23ac00301c714f4f42895c9818,1
0xb547027a4ccd46ec98199fa88aaedf5aa981db26,1537877022,6398793.0,OUT,0.0,0xe71067e3e7d9349fbe81f931bd4aadadb95b63cef0b34e63c3331b211a49d74b,internal,call,0.036022708333333 Ether,1,0xaf9c025ce6322a23ac00301c714f4f42895c9818,2
