address,age,block,direction,txFee,txhash,txn_type,type,value,Class,creator,inter_direction
0x4e8ecf79ade5e2c49b9e30d795517a81e0bf00b8,1532857975,6052575.0,OUT,0.0,0x66c0a07960b2345bb7ef4d78729754fbad66e8efe742213a8f7a7aab179e6633,internal,call,0.063987919841898 Ether,1,0xf39e044e1ab204460e06e87c6dca2c6319fc69e3,1
0x4e8ecf79ade5e2c49b9e30d795517a81e0bf00b8,1532984837,6061304.0,OUT,0.0,0x069150c7397417fd9d4a2731d4e5f70a79d1212bdfdcb613e7adf6e804d153b3,internal,call,0.351123570173471 Ether,1,0xf39e044e1ab204460e06e87c6dca2c6319fc69e3,1
0x4e8ecf79ade5e2c49b9e30d795517a81e0bf00b8,1533092917,6068639.0,OUT,0.0,0xfb93b17aee7cabd80c4eeeac4a1f98e762bd64bd2572dac0a4f7a000b5773c43,internal,call,0.017446585480323 Ether,1,0xf39e044e1ab204460e06e87c6dca2c6319fc69e3,2
0x4e8ecf79ade5e2c49b9e30d795517a81e0bf00b8,1532724450,0.0,OUT,0.0,0xecd846989bbd9106b8e0e7f178ad152bdc3dacc4b2a832199bd2bc386c5c467e,internal,call,7.741248402793352 Ether,1,0xf39e044e1ab204460e06e87c6dca2c6319fc69e3,2
0x4e8ecf79ade5e2c49b9e30d795517a81e0bf00b8,1532760630,0.0,OUT,0.0,0xb318d9dacd9a60c36968464163efbc748c5970425a26777ab42f6d5cd3dbc910,internal,call,1.662132828097077 Ether,1,0xf39e044e1ab204460e06e87c6dca2c6319fc69e3,1
0x4e8ecf79ade5e2c49b9e30d795517a81e0bf00b8,1532740508,0.0,OUT,0.0,0x4bcf78b18eb99dc494ee3d43515d8da47efc071a890311d66d73e79f3e7f6944,internal,call,7.081667714905062 Ether,1,0xf39e044e1ab204460e06e87c6dca2c6319fc69e3,1
0x4e8ecf79ade5e2c49b9e30d795517a81e0bf00b8,1532727225,6043478.0,OUT,0.0,0xb4bc06366142ea080261704bfa5033ad5d179926ef558a3b02050b794ed2747a,internal,call,0.666750521082194 Ether,1,0xf39e044e1ab204460e06e87c6dca2c6319fc69e3,2
0x4e8ecf79ade5e2c49b9e30d795517a81e0bf00b8,1532713520,0.0,OUT,0.0,0x202363168eab28d66933ca5dcda3cfc768235369ff5091bdbf1c330b39994571,internal,call,35.265425275588287 Ether,1,0xf39e044e1ab204460e06e87c6dca2c6319fc69e3,1
