address,age,block,direction,txFee,txhash,txn_type,type,value,Class,creator,inter_direction
0x4e8ecf79ade5e2c49b9e30d795517a81e0bf00b8,1532723184,6043210.0,OUT,0.0,0x7a731160cc15644f1741ff995f995bb70b21c2ccc7220af3af91c44cf165f05c,internal,call,0.393245022475782 Ether,1,0xf39e044e1ab204460e06e87c6dca2c6319fc69e3,1
0x4e8ecf79ade5e2c49b9e30d795517a81e0bf00b8,1532716839,6042778.0,OUT,0.0,0x3cfa4b953f70c065a907d78c85c5c42f639d6f40063cdbbfb42641f149e1ccf6,internal,call,0.232484402462299 Ether,1,0xf39e044e1ab204460e06e87c6dca2c6319fc69e3,1
