address,age,block,direction,txFee,txhash,txn_type,type,value,Class,creator,inter_direction
0x4e8ecf79ade5e2c49b9e30d795517a81e0bf00b8,1532785973,6047498.0,OUT,0.0,0x7360bc019c946c92f980a6fa67e734aef9a0ef2460deb4bfc942492ad772343a,internal,call,0.062874974815551 Ether,1,0xf39e044e1ab204460e06e87c6dca2c6319fc69e3,1
0x4e8ecf79ade5e2c49b9e30d795517a81e0bf00b8,1532799165,6048484.0,OUT,0.0,0x97c7594a9bb020ce08b82cdff6b3a31cf0c2ab16f57b44f79bb220bd4dd2a559,internal,call,0.026288840457211 Ether,1,0xf39e044e1ab204460e06e87c6dca2c6319fc69e3,1
