address,age,block,direction,txFee,txhash,txn_type,type,value,Class,creator,inter_direction
0x4f3db6d4c97b8248ad5e244e4f619086084f6848,1541221606,6635939.0,OUT,0.0,0x030460a7bd92060bf5618a484c62048b668d2f22f20a616771629908738ab6f1,internal,call,1.0035 Ether,1,0xac560ed699346e4e3a3c2106ac90136883f7f624,2
0x4f3db6d4c97b8248ad5e244e4f619086084f6848,1541804228,6677053.0,OUT,0.0,0xe864ddf8959706348a50425d40d3f72dad961b7fa73db1dee81fa367a2d16229,internal,call,1.092375 Ether,1,0xac560ed699346e4e3a3c2106ac90136883f7f624,2
0x4f3db6d4c97b8248ad5e244e4f619086084f6848,1543773209,6815818.0,OUT,0.0,0xf7dd6d331de59ccb98058fa43b6a91d0ff8119aba2dafe41e25cfaf743e795d2,internal,call,0.11475 Ether,1,0xac560ed699346e4e3a3c2106ac90136883f7f624,2
0x4f3db6d4c97b8248ad5e244e4f619086084f6848,1543742592,0.0,OUT,0.0,0xed3689fe6836707e49bbc7511677df2c5baf68ea5081c693d05dd1c160090474,internal,call,0.003375 Ether,1,0xac560ed699346e4e3a3c2106ac90136883f7f624,2
0x4f3db6d4c97b8248ad5e244e4f619086084f6848,1543741416,6813570.0,OUT,0.0,0xb825c0c6f60d244bee91a6d0eef57fa2e38082402b1ba17afd4be21b10ec4d75,internal,call,3.261375 Ether,1,0xac560ed699346e4e3a3c2106ac90136883f7f624,2
0x4f3db6d4c97b8248ad5e244e4f619086084f6848,1542871667,6752403.0,OUT,0.0,0xc3d7ca87b3c15ed2983eae91c5047ec137a54e60f3495b65266bffbf66997fcd,internal,call,2.001375 Ether,1,0xac560ed699346e4e3a3c2106ac90136883f7f624,2
