address,age,block,direction,txFee,txhash,txn_type,type,value,Class,creator,inter_direction
0x80e4f014c98320eab524ae16b0aaf1603f4dc01d,1538137990,6417143.0,OUT,0.0,0x0de66968f97bc2ba197310acc05561f3f57d8f2a587eaed36d06214f421d6350,internal,call,0.003518395872805 Ether,1,0x96bb98183e5562913e72613c1979d0a13f8ec76b,1
0x80e4f014c98320eab524ae16b0aaf1603f4dc01d,1538048641,6410837.0,OUT,0.0,0x4a809924a591e6d4692f2f75e088d3d5061377dfacb993491802333a4c9ad7d2,internal,call,0.019166666666666 Ether,1,0x96bb98183e5562913e72613c1979d0a13f8ec76b,1
0x80e4f014c98320eab524ae16b0aaf1603f4dc01d,1538058078,6411543.0,OUT,0.0,0x71a2cbf5030a4750491f2032878e7d19cd642536b41408f9f74ec620af6d3fd7,internal,call,0.021805555555555 Ether,1,0x96bb98183e5562913e72613c1979d0a13f8ec76b,1
