address,age,block,direction,txFee,txhash,txn_type,type,value,Class,creator,inter_direction
0x7b307c1f0039f5d38770e15f8043b3dd26da5e8f,1540004923,6549879.0,OUT,0.0,0xd232684f367a94afee1114c23949d1eeed2a4e49c54f34c73d424069c7aeb0c3,internal,call,0.059215125423728 Ether,1,0xe1f3294e25bb72a2fb53addb82aa1a033797e6e3,2
0x7b307c1f0039f5d38770e15f8043b3dd26da5e8f,1539179274,6491260.0,OUT,0.0,0x3e8d892b1162acbbe0f2fd700ba7efa983452feb3a9e36dc2826fb7d1efca2c1,internal,call,0.068438983050847 Ether,1,0xe1f3294e25bb72a2fb53addb82aa1a033797e6e3,1
