address,age,block,direction,txFee,txhash,txn_type,type,value,Class,creator,inter_direction
0x4e8ecf79ade5e2c49b9e30d795517a81e0bf00b8,1532735229,6044050.0,OUT,0.0,0x2d149991c57111b1c247d02ca7a9d702565ba51fd2ab24c47f7ec463a91a8fb7,internal,call,0.126399553122203 Ether,1,0xf39e044e1ab204460e06e87c6dca2c6319fc69e3,1
0x4e8ecf79ade5e2c49b9e30d795517a81e0bf00b8,1532714476,0.0,OUT,0.0,0xecfe739069552b61c336cbb5ebb33bb75b3fdf099510dec88cf7d613b82de817,internal,call,0.000184125045933 Ether,1,0xf39e044e1ab204460e06e87c6dca2c6319fc69e3,2
0x4e8ecf79ade5e2c49b9e30d795517a81e0bf00b8,1532714467,6042603.0,OUT,0.0,0x8b7a9cc291bb7069827e5ac969abec118f71b8a1e55caa579b205260c25ffaff,internal,call,0.327072118665379 Ether,1,0xf39e044e1ab204460e06e87c6dca2c6319fc69e3,1
