address,age,block,direction,txFee,txhash,txn_type,type,value,Class,creator,inter_direction
0x8d12a197cb00d4747a1fe03395095ce2a5cc6819,1536854438,6323952.0,OUT,0.0,0x084fe392ed2a2552aa4aa904e9a6cc6f3f4f5ef72eb5994ea416f2e1d9bf2a79,internal,call,0.152921989831522 Ether,0,0x1ed014aec47fae44c9e55bac7662c0b78ae61798,2
0x8d12a197cb00d4747a1fe03395095ce2a5cc6819,1535952172,6264574.0,OUT,0.0,0x7f39f72b034c943af4cafc26eb4ff4360f335f58e7ae7a5563f3ba1b82a0b6f8,internal,call,0.709647548 Ether,0,0x1ed014aec47fae44c9e55bac7662c0b78ae61798,2
