address,age,block,direction,txFee,txhash,txn_type,type,value,Class,creator,inter_direction
0x4e8ecf79ade5e2c49b9e30d795517a81e0bf00b8,1532797900,6048396.0,OUT,0.0,0xe4b92ff40990a025c6fe4c7fb6c6a03273209e9b7223a08f6ac6ef62c4225218,internal,call,0.005364796202291 Ether,1,0xf39e044e1ab204460e06e87c6dca2c6319fc69e3,2
0x4e8ecf79ade5e2c49b9e30d795517a81e0bf00b8,1532786280,6047516.0,OUT,0.0,0xd7096d209c877c4c4710f47638d6d9fdc5b52f44f1755b1369bc37076d3a13f0,internal,call,0.065622874586056 Ether,1,0xf39e044e1ab204460e06e87c6dca2c6319fc69e3,2
