address,age,block,direction,txFee,txhash,txn_type,type,value,Class,creator,inter_direction
0x536a6ba0d913d5d6a4ce2c6eb7ed0de3c0f0b89e,1537767342,6391043.0,OUT,0.0,0x2ec769a7425fc4322a9cd5753da6104d896c37f56745abd6a0c1c2353580a059,internal,call,0.034475 Ether,1,0xb648cc3367571c9166e966d1eb97de3f9ebfb8fd,1
0x536a6ba0d913d5d6a4ce2c6eb7ed0de3c0f0b89e,1537333885,6360635.0,OUT,0.0,0x345c807d1a30381b86a1709c4476fe74ce3ac00807511c0cea090e2cb4702a24,internal,call,0.006895 Ether,1,0xb648cc3367571c9166e966d1eb97de3f9ebfb8fd,1
