address,age,block,direction,txFee,txhash,txn_type,type,value,Class,creator,inter_direction
0x8a883a20940870dc055f2070ac8ec847ed2d9918,1533170523,6073994.0,OUT,0.0,0x53cdc09034d49070d929ff7e5891d6332d34f14b2d3ecf86df6767fdb7321149,internal,call,0.000075 Ether,1,0xc14f8469d4bb31c8e69fae9c16e262f45edc3635,2
0x8a883a20940870dc055f2070ac8ec847ed2d9918,1533169820,6073953.0,OUT,0.0,0x5626b24877fe72a562a2b9d0af2d8de09e417a9f53ce9ad20c9062c981d3d727,internal,call,0.000469566578343 Ether,1,0xc14f8469d4bb31c8e69fae9c16e262f45edc3635,2
0x8a883a20940870dc055f2070ac8ec847ed2d9918,1532908823,6056094.0,OUT,0.0,0x38efc7cf4cd5a10b9ccc8b1c93ceaa5eddf885c8aeecc194efa63e196352783f,internal,call,0.000009020803588 Ether,1,0xc14f8469d4bb31c8e69fae9c16e262f45edc3635,2
