address,age,block,direction,txFee,txhash,txn_type,type,value,Class,creator,inter_direction
0x4e8ecf79ade5e2c49b9e30d795517a81e0bf00b8,1532728078,6043526.0,OUT,0.0,0x3e01473fbb0647643928901c5d13c4a4d60c63418da4e86c3f8e0ee8f9c3bfbb,internal,call,0.072931723165042 Ether,1,0xf39e044e1ab204460e06e87c6dca2c6319fc69e3,1
0x4e8ecf79ade5e2c49b9e30d795517a81e0bf00b8,1532721644,0.0,OUT,0.0,0xd7ba98037554b5530208aa1facdc8b395edf289565799da1d62ca5faea4c47fa,internal,call,0.070155326701231 Ether,1,0xf39e044e1ab204460e06e87c6dca2c6319fc69e3,2
