address,age,block,direction,txFee,txhash,txn_type,type,value,Class,creator,inter_direction
0x8036165ccabee251c886d6121b047c16b5e798b5,1523448530,5423185.0,OUT,0.0,0x2427b31eedfa06d95c4520ade5549506460f0a74ea3aa4c9db7821c87c996f49,internal,call,0.002599237606908 Ether,1,0x4be640dcce08e68ede454202fbc59cf5f9e8ea1f,2
0x8036165ccabee251c886d6121b047c16b5e798b5,1523261437,5410096.0,OUT,0.0,0x5c8953599d47722546e431831798699888ad323141019263a3e0e2c5a59aec7e,internal,call,0.002467702618877 Ether,1,0x4be640dcce08e68ede454202fbc59cf5f9e8ea1f,2
0x8036165ccabee251c886d6121b047c16b5e798b5,1523861530,5451466.0,OUT,0.0,0x52af0d6fdc175841237d4318ab266f537b8871d6e1e7c6cd74100616627b65c0,internal,call,0.025923352403308 Ether,1,0x4be640dcce08e68ede454202fbc59cf5f9e8ea1f,2
0x8036165ccabee251c886d6121b047c16b5e798b5,1523655463,5437367.0,OUT,0.0,0xe443640ef14bfb8bbe74d0b99e9a09e9e36de4ecaa93ae2240856b0d59f15557,internal,call,0.000685739701646 Ether,1,0x4be640dcce08e68ede454202fbc59cf5f9e8ea1f,2
0x8036165ccabee251c886d6121b047c16b5e798b5,1523166478,5403546.0,OUT,0.0,0xd46cc44f0e906947d5d820926e2472bc7d67fe88c8e1b3ac8bc1c185dc389c6f,internal,call,0.028327362229936 Ether,1,0x4be640dcce08e68ede454202fbc59cf5f9e8ea1f,2
0x8036165ccabee251c886d6121b047c16b5e798b5,1523153016,5402622.0,OUT,0.0,0x246eb30e846836981d6c86e0c6333cae63e47095b67366d3ffd6a10705a88dd6,internal,call,0.000515854288335 Ether,1,0x4be640dcce08e68ede454202fbc59cf5f9e8ea1f,2
0x8036165ccabee251c886d6121b047c16b5e798b5,1523129443,5400963.0,OUT,0.0,0xf5a6532cc51697549edb21e1ede8e073dc5f070b3d4477a2bf78d1936ef764a0,internal,call,0.007451686280121 Ether,1,0x4be640dcce08e68ede454202fbc59cf5f9e8ea1f,2
