address,age,block,direction,txFee,txhash,txn_type,type,value,Class,creator,inter_direction
0xf00e5a59fde1cb2ead96a8be7711abc3f981e0f1,1537916309,0.0,OUT,0.0,0x681640e6ff0e37445e9260602a6869fe0ce401fcd685320c83eea75f559156eb,internal,call,0.002402777777777 Ether,1,0x96bb98183e5562913e72613c1979d0a13f8ec76b,2
0xf00e5a59fde1cb2ead96a8be7711abc3f981e0f1,1537916191,0.0,OUT,0.0,0x3f4ab669bccf599bbe9a81fcccb17d93b4a0458788a9eab39dd6a0a2effdefd9,internal,call,0.174201388888888 Ether,1,0x96bb98183e5562913e72613c1979d0a13f8ec76b,2
0xf00e5a59fde1cb2ead96a8be7711abc3f981e0f1,1537883805,0.0,OUT,0.0,0x9005f47c94612568570c2549bdaf52bcdedf435a669ca4c58c0640f2227a5a73,internal,call,0.08 Ether,1,0x96bb98183e5562913e72613c1979d0a13f8ec76b,2
0xf00e5a59fde1cb2ead96a8be7711abc3f981e0f1,1537907482,0.0,OUT,0.0,0x176e550179142b12bca30d5c7bd0503ff79954015abd1c806e154192d9f03a50,internal,call,0.001875 Ether,1,0x96bb98183e5562913e72613c1979d0a13f8ec76b,2
0xf00e5a59fde1cb2ead96a8be7711abc3f981e0f1,1537907300,0.0,OUT,0.0,0xdd149903ebcc0da38e162bd3b68fd445391f530d37a8994bceae296246196447,internal,call,0.245 Ether,1,0x96bb98183e5562913e72613c1979d0a13f8ec76b,2
0xf00e5a59fde1cb2ead96a8be7711abc3f981e0f1,1537926444,6402280.0,OUT,0.0,0x1b783cb7508aa4150075e6859ee67fa8d6879428862ba4f30addcf21881cf3b6,internal,call,0.2415 Ether,1,0x96bb98183e5562913e72613c1979d0a13f8ec76b,2
0xf00e5a59fde1cb2ead96a8be7711abc3f981e0f1,1537876098,0.0,OUT,0.0,0xf329d4c34f853d7eef70dfcaa4bc75905dcbd58598bd6fdd83d8403646d6bb14,internal,call,0.000916666666666 Ether,1,0x96bb98183e5562913e72613c1979d0a13f8ec76b,2
0xf00e5a59fde1cb2ead96a8be7711abc3f981e0f1,1537875958,0.0,OUT,0.0,0x576583883938c0514a64a3b8e25138875e5947401efc27c948d4dc52442f967d,internal,call,0.125583333333333 Ether,1,0x96bb98183e5562913e72613c1979d0a13f8ec76b,2
