address,age,block,direction,txFee,txhash,txn_type,type,value,Class,creator,inter_direction
0x80e4f014c98320eab524ae16b0aaf1603f4dc01d,1538100958,6414573.0,OUT,0.0,0x2ebda8b0cfe409e23dd9ff405d851c6c8857423504f423dfdcf9ad7053ff0e3d,internal,call,0.006733348385001 Ether,1,0x96bb98183e5562913e72613c1979d0a13f8ec76b,1
0x80e4f014c98320eab524ae16b0aaf1603f4dc01d,1538054616,6411298.0,OUT,0.0,0x7e61f8a0024629d4d6f9bea64013e6e628fad90e644da803eb0eb81b444cba01,internal,call,0.041875 Ether,1,0x96bb98183e5562913e72613c1979d0a13f8ec76b,1
