address,age,block,direction,txFee,txhash,txn_type,type,value,Class,creator,inter_direction
0xc02aaa39b223fe8d0a0e5c4f27ead9083c756cc2,1543665566,6808290.0,OUT,0.0,0x4bcb4b3d5760e6ad30638500a8f80804c662fdd9355a8bc573668372baabcf54,internal,call,0.08850504978409 Ether,0,0x4f26ffbe5f04ed43630fdc30a87638d53d0b0876,1
0xc02aaa39b223fe8d0a0e5c4f27ead9083c756cc2,1543664427,6808211.0,OUT,0.0,0x846bd4447a42039002b28e1236a109ca4f2d03977fe17486187996db84d55fa6,internal,call,0.018312419791815 Ether,0,0x4f26ffbe5f04ed43630fdc30a87638d53d0b0876,1
0xc02aaa39b223fe8d0a0e5c4f27ead9083c756cc2,1539248182,6496125.0,OUT,0.0,0x51304bd1a3f5e3b4244ab098ca6eb27b4795e7a8ef9fa92592cb3ccf1f00c90f,internal,call,0.339560997085558 Ether,0,0x4f26ffbe5f04ed43630fdc30a87638d53d0b0876,1
0xc02aaa39b223fe8d0a0e5c4f27ead9083c756cc2,1539714462,6529331.0,OUT,0.0,0x9c57e148f062033b4eada92883d629c91fd4f2a77d6d927fbfd53842ea0d3421,internal,call,0.444148185325763 Ether,0,0x4f26ffbe5f04ed43630fdc30a87638d53d0b0876,1
