address,age,block,direction,txFee,txhash,txn_type,type,value,Class,creator,inter_direction
0x7b307c1f0039f5d38770e15f8043b3dd26da5e8f,1539497444,6513957.0,OUT,0.0,0xf922774ced7ee37d6d5e397fe981514152ed460e7b10bd78281c38fd59357a20,internal,call,0.053164745762711 Ether,1,0xe1f3294e25bb72a2fb53addb82aa1a033797e6e3,2
0x7b307c1f0039f5d38770e15f8043b3dd26da5e8f,1538947933,6474748.0,OUT,0.0,0x8649cdec092780be5c26f2ec8dcfd61e0d6d14d71ff00d0f222a1c410e092939,internal,call,0.048282033898305 Ether,1,0xe1f3294e25bb72a2fb53addb82aa1a033797e6e3,1
0x7b307c1f0039f5d38770e15f8043b3dd26da5e8f,1540262327,0.0,OUT,0.0,0xdbed7955d68ebe7e19eea815217ebdabd99d002500c6051e947498cd2f79cd7d,internal,call,0.009918644067796 Ether,1,0xe1f3294e25bb72a2fb53addb82aa1a033797e6e3,2
0x7b307c1f0039f5d38770e15f8043b3dd26da5e8f,1539670143,6526190.0,OUT,0.0,0x004e8958375aba4915b66816733f8acd28d7831ad86ffb6b09867e104e4dd1ec,internal,call,0.016587118644067 Ether,1,0xe1f3294e25bb72a2fb53addb82aa1a033797e6e3,1
0x7b307c1f0039f5d38770e15f8043b3dd26da5e8f,1538449401,6439140.0,OUT,0.0,0xdf81fc1ad511ee5da9b7ceb82bac0fa361276b43617077be82f73d3c15eb486f,internal,call,0.000056949152542 Ether,1,0xe1f3294e25bb72a2fb53addb82aa1a033797e6e3,2
0x7b307c1f0039f5d38770e15f8043b3dd26da5e8f,1538448874,6439098.0,OUT,0.0,0xc65d2fef45214b9ced397eafc6e15c7d684c1279f03a3fa281d5176f151cdb20,internal,call,0.006931525423728 Ether,1,0xe1f3294e25bb72a2fb53addb82aa1a033797e6e3,2
0x7b307c1f0039f5d38770e15f8043b3dd26da5e8f,1540158878,6560829.0,OUT,0.0,0xdfed825fcdc4679741cde1098c05adea0e65216b41c1d9c3dc500822c4141de2,internal,call,0.04696813559322 Ether,1,0xe1f3294e25bb72a2fb53addb82aa1a033797e6e3,2
