address,age,block,direction,txFee,txhash,txn_type,type,value,Class,creator,inter_direction
0x51e9244bae3fca7473fe48651dfd7db53aa55856,1536046241,6271029.0,OUT,0.0,0xb872d09280de7a7b74bfcb3296ace142c8adc8ed21fac2e951d9676884488574,internal,call,0.04742232 Ether,1,0xe67e6e677d272a087a3828209e21fe62fe8d4881,2
0x51e9244bae3fca7473fe48651dfd7db53aa55856,1537515131,6373216.0,OUT,0.0,0x969b2acf076b46fab6fc0a882a05fb3d7e51dc698c4eadfb1bdcf955a31d6a15,internal,call,0.526032 Ether,1,0xe67e6e677d272a087a3828209e21fe62fe8d4881,2
