address,age,block,direction,txFee,txhash,txn_type,type,value,Class,creator,inter_direction
0x702392282255f8c0993dbbbb148d80d2ef6795b1,1524836756,5517048.0,OUT,0.0,0x526ec42a2aeafbbb8f2681384d141e5bd7b447a76f2d52d5ff785eefc61092b1,internal,call,2.187262081666365 Ether,1,0xfea0904acc8df0f3288b6583f60b86c36ea52acd,2
0x702392282255f8c0993dbbbb148d80d2ef6795b1,1523273791,5410990.0,OUT,0.0,0x38db6c717b3399fee07cd24b4bb9756598728f2dcefcf65216be1cbfc9121fdb,internal,call,3.918574611261077 Ether,1,0xfea0904acc8df0f3288b6583f60b86c36ea52acd,2
0x702392282255f8c0993dbbbb148d80d2ef6795b1,1523444809,5422926.0,OUT,0.0,0xec7b63816e0a64a725e351d59f206ad2feadc0a9194f4176ed1b3805819f71e9,internal,call,1.498074672870901 Ether,1,0xfea0904acc8df0f3288b6583f60b86c36ea52acd,2
0x702392282255f8c0993dbbbb148d80d2ef6795b1,1524403239,5488045.0,OUT,0.0,0x11e04afd2d572a025d95511d1c5cdab9308d22277119c0446aa553baf31583f7,internal,call,3.944640658285777 Ether,1,0xfea0904acc8df0f3288b6583f60b86c36ea52acd,2
0x702392282255f8c0993dbbbb148d80d2ef6795b1,1525417116,5555365.0,OUT,0.0,0x087fd80f7ca3b3b13c89d88dbfa4ba4d792589234a4ef3c7e22c05df4afdaa42,internal,call,3.315792211470669 Ether,1,0xfea0904acc8df0f3288b6583f60b86c36ea52acd,2
