address,age,block,direction,txFee,txhash,txn_type,type,value,Class,creator,inter_direction
0x702392282255f8c0993dbbbb148d80d2ef6795b1,1524940590,5523972.0,OUT,0.0,0xc55ec56b491880a2ffd68b78e0bd03978ad961736096dfe6f1fbfea2ed416665,internal,call,0.004321376059837 Ether,1,0xfea0904acc8df0f3288b6583f60b86c36ea52acd,2
0x702392282255f8c0993dbbbb148d80d2ef6795b1,1525017001,5529095.0,OUT,0.0,0xd0b14e89cd82e1d3ab48dfa4e15a7efcfe29ab9354a0ccd902406045ee61b5a9,internal,call,0.074885954924097 Ether,1,0xfea0904acc8df0f3288b6583f60b86c36ea52acd,2
