address,age,block,direction,txFee,txhash,txn_type,type,value,Class,creator,inter_direction
0xf00e5a59fde1cb2ead96a8be7711abc3f981e0f1,1537929192,0.0,OUT,0.0,0x085966b6cc1022238ac23a5b455ee1a3ae1d70334351eb46808acc916db3dd18,internal,call,0.007361111111111 Ether,1,0x96bb98183e5562913e72613c1979d0a13f8ec76b,2
0xf00e5a59fde1cb2ead96a8be7711abc3f981e0f1,1538008836,0.0,OUT,0.0,0x67d341bb7aa3c1bdc07fba91184ef2ee5be806ff777c6b6292fe0654f955b24e,internal,call,0.001527777777777 Ether,1,0x96bb98183e5562913e72613c1979d0a13f8ec76b,2
0xf00e5a59fde1cb2ead96a8be7711abc3f981e0f1,1538008170,6408038.0,OUT,0.0,0x36b265df088e0433335e46c5a567ef0f4bcdecfb02a385db166bc3b4cc7a1307,internal,call,0.182777777777777 Ether,1,0x96bb98183e5562913e72613c1979d0a13f8ec76b,2
