address,age,block,direction,txFee,txhash,txn_type,type,value,Class,creator,inter_direction
0x702392282255f8c0993dbbbb148d80d2ef6795b1,1523496806,5426523.0,OUT,0.0,0x0d4d13f43d8897563dcf62931fb03eba65e72dc5d0abfd7322ac53b00405aa50,internal,call,0.024954655708027 Ether,1,0xfea0904acc8df0f3288b6583f60b86c36ea52acd,2
0x702392282255f8c0993dbbbb148d80d2ef6795b1,1523591546,5432998.0,OUT,0.0,0x76d7f34d25a94fe51ccb037d8f40e5170998709f41eb18c15ce31af296edf2fc,internal,call,1.069185978531211 Ether,1,0xfea0904acc8df0f3288b6583f60b86c36ea52acd,2
0x702392282255f8c0993dbbbb148d80d2ef6795b1,1523584160,5432504.0,OUT,0.0,0xdfea81da4400303c999e7306ce84ed9305059e1ca58a3fd8357e6f397997b5e6,internal,call,0.093782425587921 Ether,1,0xfea0904acc8df0f3288b6583f60b86c36ea52acd,2
0x702392282255f8c0993dbbbb148d80d2ef6795b1,1523061456,5396162.0,OUT,0.0,0x25e0e120afeb43380415b321b2239fdd686a1ca6685526e8220f631a1782f7a8,internal,call,0.109300764069474 Ether,1,0xfea0904acc8df0f3288b6583f60b86c36ea52acd,2
0x702392282255f8c0993dbbbb148d80d2ef6795b1,1523406885,5420317.0,OUT,0.0,0xe37e64a49a3051071bc6f89734a88c6facf7eafa0116cae414cdedd14c8ccfd7,internal,call,0.145800976646224 Ether,1,0xfea0904acc8df0f3288b6583f60b86c36ea52acd,2
0x702392282255f8c0993dbbbb148d80d2ef6795b1,1523147166,5402203.0,OUT,0.0,0xa531a09e54c0068510242f6f8a87b00650f4e416417f32e92e99d1b84532ad1b,internal,call,0.233706362125278 Ether,1,0xfea0904acc8df0f3288b6583f60b86c36ea52acd,2
0x702392282255f8c0993dbbbb148d80d2ef6795b1,1523265910,5410428.0,OUT,0.0,0xcc8aa5a898c204294a8aac183fa60d62c9bbfdc4a2c4b9f4df3bc59943c60558,internal,call,0.065468327728865 Ether,1,0xfea0904acc8df0f3288b6583f60b86c36ea52acd,2
