address,age,block,direction,txFee,txhash,txn_type,type,value,Class,creator,inter_direction
0xaf6de38ffc92e0d52857f864048d7af2f345a3cf,1525799326,5580861.0,OUT,0.0,0xbf161deb6eda433b8b8079ea281f23bfa53236ea3c452408a2f158f7908415c6,internal,call,0.013774175270848 Ether,1,0x7e474fe5cfb720804860215f407111183cbc2f85,2
0xaf6de38ffc92e0d52857f864048d7af2f345a3cf,1525579622,5563278.0,OUT,0.0,0x85f8f08809eb3deb446ce1289cbd6995a0db5f9af46bd08363028097127beae5,internal,call,0.000400405867616 Ether,1,0x7e474fe5cfb720804860215f407111183cbc2f85,2
