address,age,block,direction,txFee,txhash,txn_type,type,value,Class,creator,inter_direction
0x8a883a20940870dc055f2070ac8ec847ed2d9918,1533240600,6078751.0,OUT,0.0,0xf930cb275ef45a8355b6cbe163a0ee8d342b8c2db8d010b7ba80b3328c66f1da,internal,call,0.055192712012137 Ether,1,0xc14f8469d4bb31c8e69fae9c16e262f45edc3635,2
0x8a883a20940870dc055f2070ac8ec847ed2d9918,1532410078,6021864.0,OUT,0.0,0xfaf0b4a4e2238863d69595e701639a77c2ee3757151a93ec66409daf6a7f6664,internal,call,0.000001294102282 Ether,1,0xc14f8469d4bb31c8e69fae9c16e262f45edc3635,2
0x8a883a20940870dc055f2070ac8ec847ed2d9918,1532409979,6021859.0,OUT,0.0,0x433002693f6c8b318be917bf14de8d948ba2f93a0926ff6664d09dec63a9eaec,internal,call,0.001743682012498 Ether,1,0xc14f8469d4bb31c8e69fae9c16e262f45edc3635,2
0x8a883a20940870dc055f2070ac8ec847ed2d9918,1532367782,6019033.0,OUT,0.0,0x324be8e9c83296340019965e6f47d43fe78b3ee484db9ab8b4b7bf8548cf1f2a,internal,call,0.012769306075663 Ether,1,0xc14f8469d4bb31c8e69fae9c16e262f45edc3635,2
