address,age,block,direction,txFee,txhash,txn_type,type,value,Class,creator,inter_direction
0xaf6de38ffc92e0d52857f864048d7af2f345a3cf,1525851007,5584292.0,OUT,0.0,0xf98a7112471018fbbf07e1fbe2ef21de2c4ceacf791ab4063f35c6a391f9a2ec,internal,call,0.030766726418671 Ether,1,0x7e474fe5cfb720804860215f407111183cbc2f85,2
0xaf6de38ffc92e0d52857f864048d7af2f345a3cf,1525776710,5579375.0,OUT,0.0,0xc2745a3499366ef6d550afbc80c44799082d807fc6c263009c4d534acf3f10f1,internal,call,0.261617189113031 Ether,1,0x7e474fe5cfb720804860215f407111183cbc2f85,2
0xaf6de38ffc92e0d52857f864048d7af2f345a3cf,1525540017,5563520.0,OUT,0.0,0xc2b82f0eeec759493fcebfe6f82a7c778d9a654bd1b9d81418e00ae7285b5734,internal,call,0.021024728269985 Ether,1,0x7e474fe5cfb720804860215f407111183cbc2f85,2
0xaf6de38ffc92e0d52857f864048d7af2f345a3cf,1525693509,5573778.0,OUT,0.0,0x8011a7ec6565381cf2c80d64179cd3d3c228345804498feaf9e5f987fdc47fc8,internal,call,0.045225731656497 Ether,1,0x7e474fe5cfb720804860215f407111183cbc2f85,2
0xaf6de38ffc92e0d52857f864048d7af2f345a3cf,1525660388,5571535.0,OUT,0.0,0x5d1b93d6e6ee285bc07305f2e263a65e2cffe2adc6cfa5cbd985eea89981a833,internal,call,0.013411635175961 Ether,1,0x7e474fe5cfb720804860215f407111183cbc2f85,2
