address,age,block,direction,txFee,txhash,txn_type,type,value,Class,creator,inter_direction
0xc7af99fe5513eb6710e6d5f44f9989da40f27f26,1542277204,6710499.0,OUT,0.0,0x01a5e129f5a1e6cf6318e4ce11b8db115a2365934b01c69feaef7b34481d424c,internal,call,0.0028875 Ether,0,0xba52c75764d6f594735dc735be7f1830cdf58ddf,2
0xc7af99fe5513eb6710e6d5f44f9989da40f27f26,1536659296,0.0,OUT,0.0,0x2e3effd0516fb39a7e67e6436fc80951178a57524793e526fe63672947978a18,internal,call,0.000952937879372 Ether,0,0xba52c75764d6f594735dc735be7f1830cdf58ddf,2
0xc7af99fe5513eb6710e6d5f44f9989da40f27f26,1536520443,0.0,OUT,0.0,0xe3f97e81c45ba08bbf66ff383c16b25f0948fd5010b4e3f937f805be437f318e,internal,call,0.00095962989085 Ether,0,0xba52c75764d6f594735dc735be7f1830cdf58ddf,2
0xc7af99fe5513eb6710e6d5f44f9989da40f27f26,1536520021,0.0,OUT,0.0,0x878698a76c4fe432fcbe233817ad0313a51f0772dcc424320915059c052389d5,internal,call,0.00096164834346 Ether,0,0xba52c75764d6f594735dc735be7f1830cdf58ddf,2
0xc7af99fe5513eb6710e6d5f44f9989da40f27f26,1536536801,0.0,OUT,0.0,0xba2ae66a26518b737ab635065b3cc8a9bc0a9f5ba14f7a8778c44cf3c5f34883,internal,call,0.000958654827353 Ether,0,0xba52c75764d6f594735dc735be7f1830cdf58ddf,2
