address,age,block,direction,txFee,txhash,txn_type,type,value,Class,creator,inter_direction
0xaf6de38ffc92e0d52857f864048d7af2f345a3cf,1525524532,5562471.0,OUT,0.0,0xfe1e3f0b19d4bb4792efad9a76a22c3f133530f500226cf60f9582bcb8ab2df4,internal,call,0.080752262671018 Ether,1,0x7e474fe5cfb720804860215f407111183cbc2f85,2
0xaf6de38ffc92e0d52857f864048d7af2f345a3cf,1525524011,5562435.0,OUT,0.0,0xb9ebf0f166a0b91a5ae63ef3cc7ea1350157aacb25e125641c8448bf0d7418bd,internal,call,0.003889491172942 Ether,1,0x7e474fe5cfb720804860215f407111183cbc2f85,2
0xaf6de38ffc92e0d52857f864048d7af2f345a3cf,1525506362,5561250.0,OUT,0.0,0x7a3409e76cececb1f487579a304d90690bb223e5fc1b5692ee51b4b4abb25cd5,internal,call,0.005746522473439 Ether,1,0x7e474fe5cfb720804860215f407111183cbc2f85,2
