address,age,block,direction,txFee,txhash,txn_type,type,value,Class,creator,inter_direction
0xbeefd8fb3b5778f99e021afa2e41e0614af6af11,1539647709,0.0,OUT,0.0,0xab17eef275dba4b4baf6c5fbd7a53b33c5b21b4dab4f90b6c92f0376c808e117,internal,call,0.009184703135606 Ether,1,0x300758881bf3756b6cb5b2e96f545d7b3566ce3a,1
0xbeefd8fb3b5778f99e021afa2e41e0614af6af11,1539333312,0.0,OUT,0.0,0x5c0a5f4dbc3a128c197415affcf50e77327e7eee5984e712f784c8de1a63edbd,internal,call,0.002174636065573 Ether,1,0x300758881bf3756b6cb5b2e96f545d7b3566ce3a,1
