address,age,block,direction,txFee,txhash,txn_type,type,value,Class,creator,inter_direction
0x4f3db6d4c97b8248ad5e244e4f619086084f6848,1540605358,0.0,OUT,0.0,0xf1649d66363668060d3c9eb0c9cee85a37b489b02049f852d7b8ac1c26ac8e02,internal,call,0.179861111111111 Ether,1,0xac560ed699346e4e3a3c2106ac90136883f7f624,2
0x4f3db6d4c97b8248ad5e244e4f619086084f6848,1540610117,6592799.0,OUT,0.0,0x33c6d9268620d1efa5a6dea1f0d3424c2ce26d576cd019d6e9bcbf25904e796a,internal,call,0.015833333333333 Ether,1,0xac560ed699346e4e3a3c2106ac90136883f7f624,2
0x4f3db6d4c97b8248ad5e244e4f619086084f6848,1540549636,6588504.0,OUT,0.0,0xceabd2e314acc77427bd8dce49ae7b9912f68dd9b75f44040b37bc480af6fdb1,internal,call,0.002916666666666 Ether,1,0xac560ed699346e4e3a3c2106ac90136883f7f624,2
0x4f3db6d4c97b8248ad5e244e4f619086084f6848,1543787014,6816771.0,OUT,0.0,0x0e61071b926d3bbe0b9f8253199c17943f7dd487018fcd3bd1c4283a6eb81b92,internal,call,0.277333333333333 Ether,1,0xac560ed699346e4e3a3c2106ac90136883f7f624,2
0x4f3db6d4c97b8248ad5e244e4f619086084f6848,1540659327,0.0,OUT,0.0,0x56113413aa637530a003dd9be2d3172e535e177e4ef1b1d7bcdb0c68ec13f30b,internal,call,0.010555555555555 Ether,1,0xac560ed699346e4e3a3c2106ac90136883f7f624,2
0x4f3db6d4c97b8248ad5e244e4f619086084f6848,1543710144,6811391.0,OUT,0.0,0xa36ab805c93e2280f1794765958fd1b198835900f57687958daf26215f241970,internal,call,11.172416666666666 Ether,1,0xac560ed699346e4e3a3c2106ac90136883f7f624,2
