address,age,block,direction,txFee,txhash,txn_type,type,value,Class,creator,inter_direction
0x4e8ecf79ade5e2c49b9e30d795517a81e0bf00b8,1533648488,6106714.0,OUT,0.0,0x5b2238a16a98ca44d4cefd60898aa8715b5085681c3acdba52dc3eb6be4b0935,internal,call,0.017871946274192 Ether,1,0xf39e044e1ab204460e06e87c6dca2c6319fc69e3,1
0x4e8ecf79ade5e2c49b9e30d795517a81e0bf00b8,1532765036,0.0,OUT,0.0,0x95356dc925184172368415ab8e1924a121e51b0075858797a67b518f735efa05,internal,call,0.204601083640557 Ether,1,0xf39e044e1ab204460e06e87c6dca2c6319fc69e3,1
