address,age,block,direction,txFee,txhash,txn_type,type,value,Class,creator,inter_direction
0xb547027a4ccd46ec98199fa88aaedf5aa981db26,1537825238,6395118.0,OUT,0.0,0x64204904ce3f7e84eae483ff6feaa29e1c51e8194ddc92991e267927a48203b9,internal,call,0.0109333125 Ether,1,0xaf9c025ce6322a23ac00301c714f4f42895c9818,1
0xb547027a4ccd46ec98199fa88aaedf5aa981db26,1537995439,6407159.0,OUT,0.0,0x1aa53706b0cb4a126ed71331ccf34e8d5cc7bda133e7046536ae863ed64a6efe,internal,call,0.009690083333333 Ether,1,0xaf9c025ce6322a23ac00301c714f4f42895c9818,1
0xb547027a4ccd46ec98199fa88aaedf5aa981db26,1537913619,6401371.0,OUT,0.0,0xde7967ec814708d2ba3a53245ffa77b614c488d230c2cfadce9a4f4d65745ed7,internal,call,0.0104644375 Ether,1,0xaf9c025ce6322a23ac00301c714f4f42895c9818,2
0xb547027a4ccd46ec98199fa88aaedf5aa981db26,1537732855,0.0,OUT,0.0,0x14f7043cd3d085041d2e0a879167f9c21bf998e66f127e16621ac5631be91621,internal,call,0.00023375 Ether,1,0xaf9c025ce6322a23ac00301c714f4f42895c9818,1
