address,age,block,direction,txFee,txhash,txn_type,type,value,Class,creator,inter_direction
0x8a883a20940870dc055f2070ac8ec847ed2d9918,1532313725,6015365.0,OUT,0.0,0xdc0c4aa3ae36953703e009f8c9308f3f0488dbf6a27cbff1644c13227b929fcc,internal,call,1.430780133207775 Ether,1,0xc14f8469d4bb31c8e69fae9c16e262f45edc3635,2
0x8a883a20940870dc055f2070ac8ec847ed2d9918,1532259425,6011637.0,OUT,0.0,0x996d800bf7c38be27cb7f396dcfccd43e81f024aaa221590afc957cb357e469e,internal,call,0.1525904147547 Ether,1,0xc14f8469d4bb31c8e69fae9c16e262f45edc3635,2
0x8a883a20940870dc055f2070ac8ec847ed2d9918,1533198639,6075854.0,OUT,0.0,0x14dea727b1807ac1ad2b1afd7a3e3348685bc8a27c80ffa2ade4b9b2ca347ce1,internal,call,0.229088310456836 Ether,1,0xc14f8469d4bb31c8e69fae9c16e262f45edc3635,2
