address,age,block,direction,txFee,txhash,txn_type,type,value,Class,creator,inter_direction
0x4e8ecf79ade5e2c49b9e30d795517a81e0bf00b8,1532715643,0.0,OUT,0.0,0x29912fcf31807e653dd03210762f255608993b9315f8b82b25180fc3208528b6,internal,call,0.041938306624306 Ether,1,0xf39e044e1ab204460e06e87c6dca2c6319fc69e3,1
0x4e8ecf79ade5e2c49b9e30d795517a81e0bf00b8,1532712780,0.0,OUT,0.0,0xf5537dfbe5d9f49d7c36237ce437a30dde2abe5b2a22d2db2cb9416a518dcc1f,internal,call,0.281389357695988 Ether,1,0xf39e044e1ab204460e06e87c6dca2c6319fc69e3,2
0x4e8ecf79ade5e2c49b9e30d795517a81e0bf00b8,1532725364,0.0,OUT,0.0,0x9b61e6fff80394462e7ad39e4042b42d86468edac65e5930903fc070749ce57b,internal,call,0.041380346650576 Ether,1,0xf39e044e1ab204460e06e87c6dca2c6319fc69e3,1
0x4e8ecf79ade5e2c49b9e30d795517a81e0bf00b8,1532719059,6042927.0,OUT,0.0,0xbe77cb72bfb9814dd5fae147e6c0e384c1418841f916834605d2080d47b8e572,internal,call,0.01603272929174 Ether,1,0xf39e044e1ab204460e06e87c6dca2c6319fc69e3,2
