address,age,block,direction,txFee,txhash,txn_type,type,value,Class,creator,inter_direction
0xf00e5a59fde1cb2ead96a8be7711abc3f981e0f1,1537918319,0.0,OUT,0.0,0xb8f56b8dd865d394455f3ebb04ec2371fb83eabbcbfb309a176ef6cbb853f886,internal,call,0.000305555555555 Ether,1,0x96bb98183e5562913e72613c1979d0a13f8ec76b,2
0xf00e5a59fde1cb2ead96a8be7711abc3f981e0f1,1537918200,6401685.0,OUT,0.0,0x582066d9ca70030b8cc70d67e19e825d6210e32402d85229e650304a90edc415,internal,call,0.095180555555555 Ether,1,0x96bb98183e5562913e72613c1979d0a13f8ec76b,2
0xf00e5a59fde1cb2ead96a8be7711abc3f981e0f1,1537880813,6399056.0,OUT,0.0,0xc16d6cfdcb1d6f7fbb49d70f6b14383943c3719c7660d56d7ca6e66813b20dc4,internal,call,0.059736111111111 Ether,1,0x96bb98183e5562913e72613c1979d0a13f8ec76b,2
