address,age,block,direction,txFee,txhash,txn_type,type,value,Class,creator,inter_direction
0x4e8ecf79ade5e2c49b9e30d795517a81e0bf00b8,1532852027,6052151.0,OUT,0.0,0x7ecbe51c5da9957752e5fe8686541b5f5be819c10b48ced387f6a68b33c277a5,internal,call,0.001132732200858 Ether,1,0xf39e044e1ab204460e06e87c6dca2c6319fc69e3,1
0x4e8ecf79ade5e2c49b9e30d795517a81e0bf00b8,1532880133,6051128.0,OUT,0.0,0xe7fba0eedc86bd039eedd7fdfc2c67737d7ce3c8161bb700aa8113165f2b87af,internal,call,0.000007635840046 Ether,1,0xf39e044e1ab204460e06e87c6dca2c6319fc69e3,2
0x4e8ecf79ade5e2c49b9e30d795517a81e0bf00b8,1532880087,6051125.0,OUT,0.0,0xca319a81f8dec2ba344cd342386dd156452f406bf92b60f307ba2df668d351f0,internal,call,0.000000319499789 Ether,1,0xf39e044e1ab204460e06e87c6dca2c6319fc69e3,2
0x4e8ecf79ade5e2c49b9e30d795517a81e0bf00b8,1532880078,6051123.0,OUT,0.0,0xab2ae4811d2b3c1b5f94cc22ac36a8055e4d419ac98cbb54ea11e87939600d2b,internal,call,0.443488719963377 Ether,1,0xf39e044e1ab204460e06e87c6dca2c6319fc69e3,1
