address,age,block,direction,txFee,txhash,txn_type,type,value,Class,creator,inter_direction
0x4e8ecf79ade5e2c49b9e30d795517a81e0bf00b8,1532790319,0.0,OUT,0.0,0x5af1e0c2e5d8ee892a4d96cfd3f7cd20217143e5296124eb58ff264c2787a980,internal,call,0.004117032592177 Ether,1,0xf39e044e1ab204460e06e87c6dca2c6319fc69e3,1
0x4e8ecf79ade5e2c49b9e30d795517a81e0bf00b8,1532714101,0.0,OUT,0.0,0x4a2c154ce4f981af3ff4854051fbf232f63ae710e4f8aee98702208fe48b6bc7,internal,call,0.003169110871756 Ether,1,0xf39e044e1ab204460e06e87c6dca2c6319fc69e3,1
