address,age,block,direction,txFee,txhash,txn_type,type,value,Class,creator,inter_direction
0x9b5bbb16a7a68660f6503eff6c8e3159820d6396,1540336512,6573375.0,OUT,0.0,0x457652150079a7268d837dff9802c9466a42cc8a77e7bd1843fabf4246443a14,internal,call,0.019125 Ether,1,0xdacca760db181e54d96b9a061acc0d2d48a05593,2
0x9b5bbb16a7a68660f6503eff6c8e3159820d6396,1540524652,6586733.0,OUT,0.0,0xac2243ab6a78d4925008112d658dcd21b3d7c72f1b0cfb396365fa89ce6eaed9,internal,call,0.019125 Ether,1,0xdacca760db181e54d96b9a061acc0d2d48a05593,2
0x9b5bbb16a7a68660f6503eff6c8e3159820d6396,1540426970,6579806.0,OUT,0.0,0x0e7f15b52f17771d5e5313613da8394353c2cb87809a7b6bc7075b3a7e3983ff,internal,call,0.019125 Ether,1,0xdacca760db181e54d96b9a061acc0d2d48a05593,2
0x9b5bbb16a7a68660f6503eff6c8e3159820d6396,1539667321,6525977.0,OUT,0.0,0xe0d42526837ee5c0b1722abdbe542bfc59ba7144c72105def83497a3d9eff4a9,internal,call,0.019125 Ether,1,0xdacca760db181e54d96b9a061acc0d2d48a05593,2
0x9b5bbb16a7a68660f6503eff6c8e3159820d6396,1540199659,0.0,OUT,0.0,0xbfcecd38d13592eaed089d006a313f40f9cf51b4978ca92c5a528237d77ddf8c,internal,call,0.03825 Ether,1,0xdacca760db181e54d96b9a061acc0d2d48a05593,2
0x9b5bbb16a7a68660f6503eff6c8e3159820d6396,1540015845,6550677.0,OUT,0.0,0xa3bc531e140523fa722b25424920c7871311df3896f7bcd6e2a2adfe4664e453,internal,call,0.0765 Ether,1,0xdacca760db181e54d96b9a061acc0d2d48a05593,2
