address,age,block,direction,txFee,txhash,txn_type,type,value,Class,creator,inter_direction
0xc02aaa39b223fe8d0a0e5c4f27ead9083c756cc2,1541143317,6630405.0,OUT,0.0,0xe63699081f61a0d920b1de2896fa4f9652f828847eab68c4866821a90a7e2ac4,internal,call,12.873588 Ether,0,0x4f26ffbe5f04ed43630fdc30a87638d53d0b0876,2
0xc02aaa39b223fe8d0a0e5c4f27ead9083c756cc2,1541230026,6636563.0,OUT,0.0,0xe3cb972da12687e753b0d2c5f95962df395780b191814150b38ac19929d65f0c,internal,call,11.93656957 Ether,0,0x4f26ffbe5f04ed43630fdc30a87638d53d0b0876,2
