address,age,block,direction,txFee,txhash,txn_type,type,value,Class,creator,inter_direction
0xbeefd8fb3b5778f99e021afa2e41e0614af6af11,1540518341,6586304.0,OUT,0.0,0x30403e329d9a2b42004cbb4cfb9bed6b04f400df83c842c3da4a5494e52ce96a,internal,call,0.002209967213114 Ether,1,0x300758881bf3756b6cb5b2e96f545d7b3566ce3a,1
0xbeefd8fb3b5778f99e021afa2e41e0614af6af11,1541144240,6630467.0,OUT,0.0,0x8ae948d01fcf51a6ac622ff799103c8b99b3cbd0c76ec479734574237ce902c3,internal,call,0.002034206557377 Ether,1,0x300758881bf3756b6cb5b2e96f545d7b3566ce3a,1
0xbeefd8fb3b5778f99e021afa2e41e0614af6af11,1541757976,6673794.0,OUT,0.0,0xedf8c38329f62b85e1fee0324eaa460567804745effd5c39395dba8f868d04e5,internal,call,0.003551393442622 Ether,1,0x300758881bf3756b6cb5b2e96f545d7b3566ce3a,2
0xbeefd8fb3b5778f99e021afa2e41e0614af6af11,1540202349,6563836.0,OUT,0.0,0xd56c3e691b378ad744f412c8822dcf76ab685c0750a7d2dd1e185543d931bdc1,internal,call,0.000616622950819 Ether,1,0x300758881bf3756b6cb5b2e96f545d7b3566ce3a,2
0xbeefd8fb3b5778f99e021afa2e41e0614af6af11,1540817826,6607488.0,OUT,0.0,0xe7da8381cd993487f0e9c67026bed2ec8d1111010f0689cebe305a4b78a78405,internal,call,0.002083672131147 Ether,1,0x300758881bf3756b6cb5b2e96f545d7b3566ce3a,2
