address,age,block,direction,txFee,txhash,txn_type,type,value,Class,creator,inter_direction
0x8a883a20940870dc055f2070ac8ec847ed2d9918,1532835218,6051015.0,OUT,0.0,0x77e44d385abf56579b0f702bd0211306cdf9541224990c1a137c881068248d89,internal,call,1.613085999155616 Ether,1,0xc14f8469d4bb31c8e69fae9c16e262f45edc3635,2
0x8a883a20940870dc055f2070ac8ec847ed2d9918,1532312290,6015273.0,OUT,0.0,0x50493617e72d94870fb9b2f15a5bb2629dbae56f6ee94eaebc32361e5812dfca,internal,call,5.168428648907218 Ether,1,0xc14f8469d4bb31c8e69fae9c16e262f45edc3635,2
0x8a883a20940870dc055f2070ac8ec847ed2d9918,1533164816,6073613.0,OUT,0.0,0x1ef32b9695fed92ee6ba92e6b2c1b9be6cd88cac57ab33a2ed675cdb165fc599,internal,call,4.730076477709952 Ether,1,0xc14f8469d4bb31c8e69fae9c16e262f45edc3635,2
