address,age,block,direction,txFee,txhash,txn_type,type,value,Class,creator,inter_direction
0x7e0529eb456a7c806b5fe7b3d69a805339a06180,1537468943,6370037.0,OUT,0.0,0x0f2a75063b8967185b919f7232b0a4002131c1609456e5fc99d659a92324029c,internal,call,2.298700435106414 Ether,1,0x8c691931c6c4ecd92ecc26f9706faaf4aebe137d,2
0x7e0529eb456a7c806b5fe7b3d69a805339a06180,1537447439,6368563.0,OUT,0.0,0x6292eeeafdf26c633bde2802ecc402ebf4778788c22c01f69abd6bfe91e2fcb1,internal,call,0.227030324104641 Ether,1,0x8c691931c6c4ecd92ecc26f9706faaf4aebe137d,2
0x7e0529eb456a7c806b5fe7b3d69a805339a06180,1537291728,6357644.0,OUT,0.0,0xcb3b7320942bc2970c210048367f2fcbf3b07c838b4ab5c81b709a95100d5724,internal,call,2.485977126301727 Ether,1,0x8c691931c6c4ecd92ecc26f9706faaf4aebe137d,2
