address,age,block,direction,txFee,txhash,txn_type,type,value,Class,creator,inter_direction
0x4e8ecf79ade5e2c49b9e30d795517a81e0bf00b8,1532715305,0.0,OUT,0.0,0xe02748a6b3b5bf2b0a93f1b356191ec5bc0c328fc56758f383584e3c4762ff03,internal,call,1.10801995912359 Ether,1,0xf39e044e1ab204460e06e87c6dca2c6319fc69e3,2
0x4e8ecf79ade5e2c49b9e30d795517a81e0bf00b8,1532737003,6044166.0,OUT,0.0,0x823d6dd689cc1e4c2725d80082c6b746ba7240e354517e36c4943b5121f6bc72,internal,call,0.146257108397164 Ether,1,0xf39e044e1ab204460e06e87c6dca2c6319fc69e3,1
