address,age,block,direction,txFee,txhash,txn_type,type,value,Class,creator,inter_direction
0x4e8ecf79ade5e2c49b9e30d795517a81e0bf00b8,1533497972,0.0,OUT,0.0,0xef457cbf9cabb8df83237755a47707c65cd8bacac977f7a6caf71f59101def6e,internal,call,0.533632979574602 Ether,1,0xf39e044e1ab204460e06e87c6dca2c6319fc69e3,2
0x4e8ecf79ade5e2c49b9e30d795517a81e0bf00b8,1533424292,6091373.0,OUT,0.0,0x72503e6ff1b79acb6e9188c1df5a6e7f84811e2ba4d0a5367e900e634c981e3d,internal,call,0.354363972705842 Ether,1,0xf39e044e1ab204460e06e87c6dca2c6319fc69e3,1
