address,age,block,direction,txFee,txhash,txn_type,type,value,Class,creator,inter_direction
0x459f7854776ed005b6ec63a88f834fdab0b6993e,1503371262,0.0,OUT,0.0,0xb1f014c8c160816478e34080eaa65f5c523d6153c4d0686c761c35563e941438,internal,call,0.000001 Ether,0,0xa7b0883a9e885177f30fcdc42b6e4a015f20e53b,2
0x459f7854776ed005b6ec63a88f834fdab0b6993e,1503372912,0.0,OUT,0.0,0x84748033953db9955cede0bf040d94557c09bbbb08a182888101a22982e98f6d,internal,call,0.000001 Ether,0,0xa7b0883a9e885177f30fcdc42b6e4a015f20e53b,2
