address,age,block,direction,txFee,txhash,txn_type,type,value,Class,creator,inter_direction
0x8a883a20940870dc055f2070ac8ec847ed2d9918,1532382993,6020037.0,OUT,0.0,0x9b3689d0d04b0cc8b4439bf5cea0a1775eb55c091670aef0add170d254823185,internal,call,0.241441115814923 Ether,1,0xc14f8469d4bb31c8e69fae9c16e262f45edc3635,2
0x8a883a20940870dc055f2070ac8ec847ed2d9918,1533315496,6080878.0,OUT,0.0,0x5cba2fff35233254632b8feb0f8b58c2f342e4957cdfa2b034d92f5cc138f491,internal,call,0.153837023266944 Ether,1,0xc14f8469d4bb31c8e69fae9c16e262f45edc3635,2
