address,age,block,direction,txFee,txhash,txn_type,type,value,Class,creator,inter_direction
0xb10ea0d397db942a1083a4af9c6074ab63bc8c8b,1540888165,6612460.0,OUT,0.0,0x8ba73a90da580656b121524b187c80afe4e50e6231be903efb7ad572ae31d2cd,internal,call,0.370122033898305 Ether,1,0x65b041db3135ed5f76d9486aa56f8ca5dc9a3f5e,1
0xb10ea0d397db942a1083a4af9c6074ab63bc8c8b,1540117434,6557867.0,OUT,0.0,0xf61f04cda22c8c4b23d245588a1239b797c8ebfc90fbd52f5542f558b1b6f1b1,internal,call,0.381518644067796 Ether,1,0x65b041db3135ed5f76d9486aa56f8ca5dc9a3f5e,2
