address,age,block,direction,txFee,txhash,txn_type,type,value,Class,creator,inter_direction
0x8a883a20940870dc055f2070ac8ec847ed2d9918,1533161504,0.0,OUT,0.0,0x3ff5a2c423ea66462f9bb9015b9bd1a49a623141779906979abe79aa9322a591,internal,call,0.010530768199451 Ether,1,0xc14f8469d4bb31c8e69fae9c16e262f45edc3635,2
0x8a883a20940870dc055f2070ac8ec847ed2d9918,1532289487,0.0,OUT,0.0,0x4b890ee87279d8646eb268546d6292815578b44e542456b45220d6f4eaa64abf,internal,call,0.032879902900304 Ether,1,0xc14f8469d4bb31c8e69fae9c16e262f45edc3635,2
0x8a883a20940870dc055f2070ac8ec847ed2d9918,1532343154,6017384.0,OUT,0.0,0x331272eb3f4db1914398254a108f1262ba58fbac091616bb07facaada60babe1,internal,call,0.037519156994492 Ether,1,0xc14f8469d4bb31c8e69fae9c16e262f45edc3635,2
0x8a883a20940870dc055f2070ac8ec847ed2d9918,1532889886,6054779.0,OUT,0.0,0x7a064107aff675c941048ec3ee834bf4180745978e2800d72693177110542107,internal,call,0.000182560162593 Ether,1,0xc14f8469d4bb31c8e69fae9c16e262f45edc3635,2
0x8a883a20940870dc055f2070ac8ec847ed2d9918,1532702370,6041754.0,OUT,0.0,0x1eab3d353cda33630383a0bc4d138474067590a83bc8fac8ef788c1e03250dfd,internal,call,0.001367074484344 Ether,1,0xc14f8469d4bb31c8e69fae9c16e262f45edc3635,2
