address,age,block,direction,txFee,txhash,txn_type,type,value,Class,creator,inter_direction
0x4e8ecf79ade5e2c49b9e30d795517a81e0bf00b8,1532927482,6057380.0,OUT,0.0,0xb82d7407e3220d92052272f591a28d498f607204eeeff867e474ff3287453943,internal,call,0.003000007297496 Ether,1,0xf39e044e1ab204460e06e87c6dca2c6319fc69e3,2
0x4e8ecf79ade5e2c49b9e30d795517a81e0bf00b8,1532848239,6051905.0,OUT,0.0,0xc2f1a89512918591dd1aa7242c676db0a1c400e30e6ca8c51446d6986bdfd2d8,internal,call,0.005805604403885 Ether,1,0xf39e044e1ab204460e06e87c6dca2c6319fc69e3,2
0x4e8ecf79ade5e2c49b9e30d795517a81e0bf00b8,1532786562,0.0,OUT,0.0,0xd09836471a4f88ead5b3577d60537b5c88650b49f775e356aa2703b6e0d270b9,internal,call,0.029238936276201 Ether,1,0xf39e044e1ab204460e06e87c6dca2c6319fc69e3,2
