address,age,block,direction,txFee,txhash,txn_type,type,value,Class,creator,inter_direction
0x8a883a20940870dc055f2070ac8ec847ed2d9918,1532605143,6035089.0,OUT,0.0,0xe3f6a4ddbdcdd0080ceaf358a8d4f58fa3a590bed6e7f1ea79fae581fecd2f93,internal,call,0.158531384763848 Ether,1,0xc14f8469d4bb31c8e69fae9c16e262f45edc3635,2
0x8a883a20940870dc055f2070ac8ec847ed2d9918,1533207275,0.0,OUT,0.0,0x0ad8ed96a3b01c40d6813804ad1f2116cad15c0591115dd8156a925fd1190509,internal,call,0.040240138712172 Ether,1,0xc14f8469d4bb31c8e69fae9c16e262f45edc3635,2
