address,age,block,direction,txFee,txhash,txn_type,type,value,Class,creator,inter_direction
0x4f3db6d4c97b8248ad5e244e4f619086084f6848,1541130438,6629488.0,OUT,0.0,0x8d25530be0e5d90cd2983f3a100933b440ef409a216528f8f639813b62e5c2b7,internal,call,0.062241666666666 Ether,1,0xac560ed699346e4e3a3c2106ac90136883f7f624,2
0x4f3db6d4c97b8248ad5e244e4f619086084f6848,1541830440,6678855.0,OUT,0.0,0x22005b6cf11bbb5b9e9e73ffe79d9df4cf935bc916e902006829dfef714530e5,internal,call,0.0924 Ether,1,0xac560ed699346e4e3a3c2106ac90136883f7f624,2
0x4f3db6d4c97b8248ad5e244e4f619086084f6848,1541571028,6660560.0,OUT,0.0,0x337396d995f08b3319a9d4c40f51d522d6c08707a491cbccdf9cdca8535a46f0,internal,call,0.088870833333333 Ether,1,0xac560ed699346e4e3a3c2106ac90136883f7f624,2
0x4f3db6d4c97b8248ad5e244e4f619086084f6848,1543722711,6812278.0,OUT,0.0,0x7b636bc097d933e38c8568096728b1e826eb2afdf0cd7210c868617ea6d0a332,internal,call,0.854272222222222 Ether,1,0xac560ed699346e4e3a3c2106ac90136883f7f624,2
0x4f3db6d4c97b8248ad5e244e4f619086084f6848,1540773374,6604306.0,OUT,0.0,0x39f909fba267b908f6581445427c6485905882db8524478d57b073cd3ac6a1f7,internal,call,0.052830555555555 Ether,1,0xac560ed699346e4e3a3c2106ac90136883f7f624,2
0x4f3db6d4c97b8248ad5e244e4f619086084f6848,1540955566,6617225.0,OUT,0.0,0xd98be3aefbf4c4d4f329ca7f6d33d89ec1604967b283cdc2e519107588dba71d,internal,call,0.064915277777777 Ether,1,0xac560ed699346e4e3a3c2106ac90136883f7f624,2
0x4f3db6d4c97b8248ad5e244e4f619086084f6848,1541321533,6643031.0,OUT,0.0,0x03058574ce45d51bedb4c873577e6cf055ccbc7562ea7aac00f19a5b795496f4,internal,call,0.068016666666666 Ether,1,0xac560ed699346e4e3a3c2106ac90136883f7f624,2
0x4f3db6d4c97b8248ad5e244e4f619086084f6848,1542524259,6728040.0,OUT,0.0,0x753f5c7911c55ca63e5828c7be805ba49e847cb46413f81a74a35886a08e6d1b,internal,call,0.247255555555555 Ether,1,0xac560ed699346e4e3a3c2106ac90136883f7f624,2
