address,age,block,direction,txFee,txhash,txn_type,type,value,Class,creator,inter_direction
0x964f35fae36d75b1e72770e244f6595b68508cf5,1523773502,5445442.0,OUT,0.0,0xe61676609bf95a7ed76397036d28c4effb3839f6cfed4c2f2e8d152c6ba421f6,internal,call,0.702069208287964 Ether,0,0x8007ce15acda724689760b4ba493d4766f973649,2
0x964f35fae36d75b1e72770e244f6595b68508cf5,1524044968,5463865.0,OUT,0.0,0xffb587a6611162bbad1662a489d48deb873bc9ff9bac2659f45cc1ad06a14004,internal,call,0.917358686345674 Ether,0,0x8007ce15acda724689760b4ba493d4766f973649,2
0x964f35fae36d75b1e72770e244f6595b68508cf5,1521883234,5314374.0,OUT,0.0,0x9c7582c45f3742dc6aeace3aa2e6a7e05753e17a4becc020e91e66d6fe75ac10,internal,call,1.86854236199757 Ether,0,0x8007ce15acda724689760b4ba493d4766f973649,2
