address,age,block,direction,txFee,txhash,txn_type,type,value,Class,creator,inter_direction
0x536a6ba0d913d5d6a4ce2c6eb7ed0de3c0f0b89e,1537826794,6395234.0,OUT,0.0,0x0d582bae1c04dc3eb25ea6af070837068955878ea2f48d6377875feb617ef2b6,internal,call,0.00735 Ether,1,0xb648cc3367571c9166e966d1eb97de3f9ebfb8fd,1
0x536a6ba0d913d5d6a4ce2c6eb7ed0de3c0f0b89e,1537502186,6372327.0,OUT,0.0,0x5cf6460a4c0859ff93c8198c27ec146f6eed893b31660c56a5164277d2e29e2a,internal,call,0.00245 Ether,1,0xb648cc3367571c9166e966d1eb97de3f9ebfb8fd,1
0x536a6ba0d913d5d6a4ce2c6eb7ed0de3c0f0b89e,1537928861,6402447.0,OUT,0.0,0x38dfe0888170f1c8195797483558e50f0d13b59f2f0bb76eec8305cb38893a01,internal,call,0.00245 Ether,1,0xb648cc3367571c9166e966d1eb97de3f9ebfb8fd,1
