address,age,block,direction,txFee,txhash,txn_type,type,value,Class,creator,inter_direction
0x8d12a197cb00d4747a1fe03395095ce2a5cc6819,1540646571,6595374.0,OUT,0.0,0x07de0aec1dd3aad926ac3b71895ab77b1e8666e615c5cada9f2a78582a011d10,internal,call,8.081 Ether,0,0x1ed014aec47fae44c9e55bac7662c0b78ae61798,2
0x8d12a197cb00d4747a1fe03395095ce2a5cc6819,1536028759,6269817.0,OUT,0.0,0xe4055422bb8bbd1e37d87b49c74f5cc672b7624b488e35d265560ce26e99ffcf,internal,call,0.048792581972158 Ether,0,0x1ed014aec47fae44c9e55bac7662c0b78ae61798,2
0x8d12a197cb00d4747a1fe03395095ce2a5cc6819,1535637611,6242964.0,OUT,0.0,0xe71c8f91ddc9bad7c5498e0b8fc7bed2f7fb30fdc37ae404b38881ff8a314158,internal,call,3.811963393389542 Ether,0,0x1ed014aec47fae44c9e55bac7662c0b78ae61798,2
0x8d12a197cb00d4747a1fe03395095ce2a5cc6819,1538739101,6459731.0,OUT,0.0,0x86ec5c7e6c0a98edae8706d037197fa549180d81118ec4fcb082edb1fabc7220,internal,call,0.534 Ether,0,0x1ed014aec47fae44c9e55bac7662c0b78ae61798,2
