address,age,block,direction,txFee,txhash,txn_type,type,value,Class,creator,inter_direction
0xdf93cdb6dd65c6c28c78dcdc1762aa34caf81678,1540968387,6618109.0,OUT,0.0,0x9e1df8ff4ddc441ee8c6215be2adb9199183e0f8e3c97efe3128bef187bec5aa,internal,call,0.092328009259259 Ether,1,0xcc1ceb36cab5ada7fd0376b55602dd0d4b429c30,2
0xdf93cdb6dd65c6c28c78dcdc1762aa34caf81678,1541397120,6648344.0,OUT,0.0,0x4cd6eea5871b297c3090ae06dfcc0e374b523c21a81dfce3bd37d4dfce225a2e,internal,call,0.009924375 Ether,1,0xcc1ceb36cab5ada7fd0376b55602dd0d4b429c30,2
0xdf93cdb6dd65c6c28c78dcdc1762aa34caf81678,1539571817,6519257.0,OUT,0.0,0x9a97f214edff3281de9007afb35fbf7cf2d716e36fdba547b73a3f37a511a687,internal,call,0.169244675925925 Ether,1,0xcc1ceb36cab5ada7fd0376b55602dd0d4b429c30,2
0xdf93cdb6dd65c6c28c78dcdc1762aa34caf81678,1539172447,6490775.0,OUT,0.0,0x69f8ee803f452229eb231858d7ae423e97e124785c7e1fca573d41f420031bd1,internal,call,0.551057685185185 Ether,1,0xcc1ceb36cab5ada7fd0376b55602dd0d4b429c30,2
