address,age,block,direction,txFee,txhash,txn_type,type,value,Class,creator,inter_direction
0xb2816223fddc21aca553ba208c7b7a13b27c207c,1541456609,6652511.0,OUT,0.0,0x4b1c341c3c5118efb893abc2f124076868811aed53a9bef31658868f0dd06f94,internal,call,0.002303204012693 Ether,1,0x50b69eb0234c84e44a6951ba0ad2e316a81d0900,2
0xb2816223fddc21aca553ba208c7b7a13b27c207c,1542276753,6710460.0,OUT,0.0,0x5405991e348183f1bfb44c9f1d1ecbba93f0e392f0433cb7d2817f7efbb3ba5f,internal,call,0.002303204012693 Ether,1,0x50b69eb0234c84e44a6951ba0ad2e316a81d0900,2
0xb2816223fddc21aca553ba208c7b7a13b27c207c,1542012922,6691833.0,OUT,0.0,0x48ef837c38ddaf3dbb17d54fa17c2ca7959b19d9d2024cbfe808b569e7de84a6,internal,call,0.002303204012693 Ether,1,0x50b69eb0234c84e44a6951ba0ad2e316a81d0900,2
0xb2816223fddc21aca553ba208c7b7a13b27c207c,1541156085,6631282.0,OUT,0.0,0x40d86c75ef1b1b890d513ae6bd1ba0a23a090bb48769fcf85d36934b6099edda,internal,call,0.002303204012693 Ether,1,0x50b69eb0234c84e44a6951ba0ad2e316a81d0900,2
0xb2816223fddc21aca553ba208c7b7a13b27c207c,1542628519,6735350.0,OUT,0.0,0x4bd24c84fd1191e99cc3db02682fd3f4749463ca8bfd257a12a694af87310e58,internal,call,0.002303204012693 Ether,1,0x50b69eb0234c84e44a6951ba0ad2e316a81d0900,2
0xb2816223fddc21aca553ba208c7b7a13b27c207c,1543026186,6763364.0,OUT,0.0,0x104a50c512213a08c1cdacec14b54b09d3983c34098c98912a321755877bc631,internal,call,0.002303204012693 Ether,1,0x50b69eb0234c84e44a6951ba0ad2e316a81d0900,2
0xb2816223fddc21aca553ba208c7b7a13b27c207c,1541716462,6670834.0,OUT,0.0,0xb0094c02fa9063d5f8c7d283d34704d0d7a5d1a4aeabd639bbeb32e5bbc41648,internal,call,0.002303204012693 Ether,1,0x50b69eb0234c84e44a6951ba0ad2e316a81d0900,2
0xb2816223fddc21aca553ba208c7b7a13b27c207c,1543313384,6783553.0,OUT,0.0,0x892c401890e06b94280f0259676f8b0ae553c8c3d0b72d58ded5d91b3cfd2c6a,internal,call,0.002303204012693 Ether,1,0x50b69eb0234c84e44a6951ba0ad2e316a81d0900,2
