address,age,block,direction,txFee,txhash,txn_type,type,value,Class,creator,inter_direction
0x4e8ecf79ade5e2c49b9e30d795517a81e0bf00b8,1532805366,6048918.0,OUT,0.0,0x5b17f7a0ade88bb98b42bb18a937c06c4d1c56b92dfeaf4ed0e5b936355768a7,internal,call,0.093171276446115 Ether,1,0xf39e044e1ab204460e06e87c6dca2c6319fc69e3,1
0x4e8ecf79ade5e2c49b9e30d795517a81e0bf00b8,1532725115,6043329.0,OUT,0.0,0x8298e6ad69964afa59a5c4bb39265ea220649c8683d2277c8bcb758033586070,internal,call,0.336230776482443 Ether,1,0xf39e044e1ab204460e06e87c6dca2c6319fc69e3,1
