address,age,block,direction,txFee,txhash,txn_type,type,value,Class,creator,inter_direction
0x9b5bbb16a7a68660f6503eff6c8e3159820d6396,1539996977,6549309.0,OUT,0.0,0xf8035ca63a694f98511f2f8bef24c471c55980079617ef255ededadf44ebf913,internal,call,0.017 Ether,1,0xdacca760db181e54d96b9a061acc0d2d48a05593,2
0x9b5bbb16a7a68660f6503eff6c8e3159820d6396,1539336103,6502415.0,OUT,0.0,0x5f7a4156bf699ec8b808ea42cbf130f4649952056dd81ea0e688564af75a3169,internal,call,0.01275 Ether,1,0xdacca760db181e54d96b9a061acc0d2d48a05593,2
0x9b5bbb16a7a68660f6503eff6c8e3159820d6396,1539594041,6520802.0,OUT,0.0,0x3c32c1eea096f46e23fef1036e8012f126743c71233f2eae2f06ad7945867d12,internal,call,0.0085 Ether,1,0xdacca760db181e54d96b9a061acc0d2d48a05593,2
0x9b5bbb16a7a68660f6503eff6c8e3159820d6396,1539075917,6483865.0,OUT,0.0,0x096afb8db2a1dd1ac50a58452d179d4fd814d94238767924d219a5a40c3cb8e1,internal,call,0.01275 Ether,1,0xdacca760db181e54d96b9a061acc0d2d48a05593,2
0x9b5bbb16a7a68660f6503eff6c8e3159820d6396,1538816239,6465276.0,OUT,0.0,0x37bd632c0bb74577f7eef75b5bbee87f5bd4530e87aa6c862173da2dc311e1dd,internal,call,0.01275 Ether,1,0xdacca760db181e54d96b9a061acc0d2d48a05593,2
