address,age,block,direction,txFee,txhash,txn_type,type,value,Class,creator,inter_direction
0xdf93cdb6dd65c6c28c78dcdc1762aa34caf81678,1539547774,6517544.0,OUT,0.0,0x95b9625bee50531ccdd4a90dd07718e7e8b3fe61c6cc66a382db29f981d2a42f,internal,call,0.304771296296296 Ether,1,0xcc1ceb36cab5ada7fd0376b55602dd0d4b429c30,2
0xdf93cdb6dd65c6c28c78dcdc1762aa34caf81678,1541202091,6634531.0,OUT,0.0,0x0726aafab6b72e486360c6eafdebac3aea160bc93fbd1b2f64d2d70b48a42eaf,internal,call,0.305528703703703 Ether,1,0xcc1ceb36cab5ada7fd0376b55602dd0d4b429c30,2
0xdf93cdb6dd65c6c28c78dcdc1762aa34caf81678,1539801652,6535537.0,OUT,0.0,0x068c11f9db96e470fae9f143cb92e93e10471f9fcf29e5e3ded9be6e61813c19,internal,call,0.235072222222222 Ether,1,0xcc1ceb36cab5ada7fd0376b55602dd0d4b429c30,2
0xdf93cdb6dd65c6c28c78dcdc1762aa34caf81678,1541373643,6646655.0,OUT,0.0,0x158c4b00283040468a7ebdfb1158a2386d318120b5719a96550a0daff6f9f76c,internal,call,0.158844444444444 Ether,1,0xcc1ceb36cab5ada7fd0376b55602dd0d4b429c30,2
0xdf93cdb6dd65c6c28c78dcdc1762aa34caf81678,1540410149,6578621.0,OUT,0.0,0xf6e14e1d437f0660c1836213933f8119cad041ed49df540893cdb6e4f93d5245,internal,call,0.240823148148148 Ether,1,0xcc1ceb36cab5ada7fd0376b55602dd0d4b429c30,2
0xdf93cdb6dd65c6c28c78dcdc1762aa34caf81678,1540915320,6611325.0,OUT,0.0,0x1548eb1e49e4cc1c4772ed92f8b04bd93a50a1a28f214431016d27d66205dbeb,internal,call,0.427750925925925 Ether,1,0xcc1ceb36cab5ada7fd0376b55602dd0d4b429c30,2
0xdf93cdb6dd65c6c28c78dcdc1762aa34caf81678,1540150060,6560224.0,OUT,0.0,0xafe5fa81b933103a58ca0bbf561bb8532001318511cb3128f3824db7f97d0f86,internal,call,0.3226 Ether,1,0xcc1ceb36cab5ada7fd0376b55602dd0d4b429c30,2
0xdf93cdb6dd65c6c28c78dcdc1762aa34caf81678,1539218621,6494040.0,OUT,0.0,0x1f31f16a92d219b413ac0974ed3538d8214fa191ead81bae6adaec3b92298977,internal,call,0.110639814814814 Ether,1,0xcc1ceb36cab5ada7fd0376b55602dd0d4b429c30,2
