address,age,block,direction,txFee,txhash,txn_type,type,value,Class,creator,inter_direction
0x8a883a20940870dc055f2070ac8ec847ed2d9918,1533579256,6102026.0,OUT,0.0,0x7e879fb881ec770ffdb481aada01d20563d9ca18fc6ad1a78c397f3041ac0014,internal,call,0.060097073055797 Ether,1,0xc14f8469d4bb31c8e69fae9c16e262f45edc3635,2
0x8a883a20940870dc055f2070ac8ec847ed2d9918,1532368222,6019060.0,OUT,0.0,0x0077c8884d07666fcb7d09dd45565a01c8b7d10bcf6d8003bddcce983e3966bc,internal,call,0.059993626715228 Ether,1,0xc14f8469d4bb31c8e69fae9c16e262f45edc3635,2
