address,age,block,direction,txFee,txhash,txn_type,type,value,Class,creator,inter_direction
0x4e8ecf79ade5e2c49b9e30d795517a81e0bf00b8,1534623424,6173432.0,OUT,0.0,0x7089e329ead1d7f220800820f8fb386f16d3c843f6fcd61fe8f046f6710a9bf4,internal,call,0.002451112335545 Ether,1,0xf39e044e1ab204460e06e87c6dca2c6319fc69e3,1
0x4e8ecf79ade5e2c49b9e30d795517a81e0bf00b8,1534023296,6132417.0,OUT,0.0,0x6c44b0a585ceaf229274fdb3e8c23cc6c26404ca1fa23563c7ac3bf52624ddf3,internal,call,0.007772552749826 Ether,1,0xf39e044e1ab204460e06e87c6dca2c6319fc69e3,1
0x4e8ecf79ade5e2c49b9e30d795517a81e0bf00b8,1533173780,6074217.0,OUT,0.0,0xd84b00c595f6633775c87bd43fbb9d920bd3d0c9d90ddbc2238e4db07a86c1cd,internal,call,0.003438275442454 Ether,1,0xf39e044e1ab204460e06e87c6dca2c6319fc69e3,2
