address,age,block,direction,txFee,txhash,txn_type,type,value,Class,creator,inter_direction
0x4e8ecf79ade5e2c49b9e30d795517a81e0bf00b8,1533234354,6078319.0,OUT,0.0,0x70a8c1dd9adae6bb4b6b164b3bdfe54d63f21d563f0521f2308cebb30a97c232,internal,call,0.018448396283332 Ether,1,0xf39e044e1ab204460e06e87c6dca2c6319fc69e3,1
0x4e8ecf79ade5e2c49b9e30d795517a81e0bf00b8,1532844246,6051624.0,OUT,0.0,0x11d9b00f3f01d4beec67eec869b87c15c5a543cfbcdde32312e28c31cc8c5dc4,internal,call,0.007015619050533 Ether,1,0xf39e044e1ab204460e06e87c6dca2c6319fc69e3,1
0x4e8ecf79ade5e2c49b9e30d795517a81e0bf00b8,1532916222,6056608.0,OUT,0.0,0x3236b8d396da54a64a3181df1294ab60210a8b63be2d6553e88c3e7e25dc662b,internal,call,0.061426870937955 Ether,1,0xf39e044e1ab204460e06e87c6dca2c6319fc69e3,1
