address,age,block,direction,txFee,txhash,txn_type,type,value,Class,creator,inter_direction
0x4e8ecf79ade5e2c49b9e30d795517a81e0bf00b8,1532723089,0.0,OUT,0.0,0x6363f9858642f8f218584880ee3431ca88ddf4ab887571407498a4f4d5441a4e,internal,call,5.251529528108645 Ether,1,0xf39e044e1ab204460e06e87c6dca2c6319fc69e3,1
0x4e8ecf79ade5e2c49b9e30d795517a81e0bf00b8,1532739397,0.0,OUT,0.0,0x3462b05e15e7c26d9e6d53f92e5a6637d8d0a08d14acc7bb15b6d20ae49df349,internal,call,3.175753433983642 Ether,1,0xf39e044e1ab204460e06e87c6dca2c6319fc69e3,1
0x4e8ecf79ade5e2c49b9e30d795517a81e0bf00b8,1532733668,6043929.0,OUT,0.0,0x0f78fed689851f6eda4ca214c30b51865789087d8d06cf1dcc738c3db2a426d1,internal,call,3.110864907915047 Ether,1,0xf39e044e1ab204460e06e87c6dca2c6319fc69e3,1
