address,age,block,direction,txFee,txhash,txn_type,type,value,Class,creator,inter_direction
0xe05ebd94ca833855133f63190d7fb2d7ba640462,1523574081,0.0,OUT,0.0,0xeb6d2b9369b9325ca3fcbb77810aaf1a9b42e10d17a1436c98a0791a3dd152df,internal,call,0.0009625 Ether,0,0x7ce6c6f1002e5ad54c3d8326fddcf2fc78b80277,2
0xe05ebd94ca833855133f63190d7fb2d7ba640462,1523573475,0.0,OUT,0.0,0x4bb02da31a9fa7a9be7b94237d178fe593715d7da0ae92c9149379285386d434,internal,call,0.0009625 Ether,0,0x7ce6c6f1002e5ad54c3d8326fddcf2fc78b80277,2
