address,age,block,direction,txFee,txhash,txn_type,type,value,Class,creator,inter_direction
0x8a883a20940870dc055f2070ac8ec847ed2d9918,1532384433,6020131.0,OUT,0.0,0x980861c07ce984ed26551ddc6ef074792f5036c3a1d2a42193632e2f6427cdeb,internal,call,0.129314449003342 Ether,1,0xc14f8469d4bb31c8e69fae9c16e262f45edc3635,2
0x8a883a20940870dc055f2070ac8ec847ed2d9918,1532308000,6015007.0,OUT,0.0,0x381478a1af3ced642a4215e6a47de2ed827ab715d6a258bb04ac930a5470fa19,internal,call,0.405302912470355 Ether,1,0xc14f8469d4bb31c8e69fae9c16e262f45edc3635,2
0x8a883a20940870dc055f2070ac8ec847ed2d9918,1533205200,0.0,OUT,0.0,0x5317a3647348289f313aabc78140a3d515ab4b456e1c566d3c3220d51bb960c0,internal,call,0.427618251840826 Ether,1,0xc14f8469d4bb31c8e69fae9c16e262f45edc3635,2
