address,age,block,direction,txFee,txhash,txn_type,type,value,Class,creator,inter_direction
0xa1d2c7e6de2fa512f1fdf486ca17ab79b4dc5d01,1544231019,6847763.0,OUT,0.0,0xc3a62da756b0435b9dfaec4a420de5fbec134ef05d3193dd0b77ab08202b66dd,internal,call,0.000039268824827 Ether,0,0xe7af11370c3bab51230d8307454350bdf6d68f4a,2
0xa1d2c7e6de2fa512f1fdf486ca17ab79b4dc5d01,1544227302,6847509.0,OUT,0.0,0x2f7b9a1e6c493deb9399d9032a5f45a8354f57081cf31eb706f9fa496d2b592f,internal,call,0.000015952960086 Ether,0,0xe7af11370c3bab51230d8307454350bdf6d68f4a,1
