address,age,block,direction,txFee,txhash,txn_type,type,value,Class,creator,inter_direction
0x4e8ecf79ade5e2c49b9e30d795517a81e0bf00b8,1532794599,6045134.0,OUT,0.0,0x67b369a3c90017091c92207b9b34e1adcf5b2c3a3744a5830c3ccadb587ddb7a,internal,call,0.015350910459487 Ether,1,0xf39e044e1ab204460e06e87c6dca2c6319fc69e3,1
0x4e8ecf79ade5e2c49b9e30d795517a81e0bf00b8,1532762441,0.0,OUT,0.0,0x71b42efb99e9722b27f00429f575918d3821cafbdf24532f30232938090094fb,internal,call,0.012855937831155 Ether,1,0xf39e044e1ab204460e06e87c6dca2c6319fc69e3,1
