address,age,block,direction,txFee,txhash,txn_type,type,value,Class,creator,inter_direction
0xf00e5a59fde1cb2ead96a8be7711abc3f981e0f1,1537919552,6401795.0,OUT,0.0,0x988b3949404f7a0ba79986df49490cfe4990d95dda724b3e4c4811e5e543adfb,internal,call,0.028333333333333 Ether,1,0x96bb98183e5562913e72613c1979d0a13f8ec76b,2
0xf00e5a59fde1cb2ead96a8be7711abc3f981e0f1,1537917133,6401616.0,OUT,0.0,0x98dfbfd74e529ebd6a74bdda518eeffda8d84e80a60e222b71dcd98c80f3c8dd,internal,call,0.033291666666666 Ether,1,0x96bb98183e5562913e72613c1979d0a13f8ec76b,2
0xf00e5a59fde1cb2ead96a8be7711abc3f981e0f1,1537914284,0.0,OUT,0.0,0xa215e78dcd19d8916d550fbb20eb58e4a14fa483e48aa3b2ee4f7dd99ca9f4a7,internal,call,0.000041666666666 Ether,1,0x96bb98183e5562913e72613c1979d0a13f8ec76b,2
