address,age,block,direction,txFee,txhash,txn_type,type,value,Class,creator,inter_direction
0x9d68a447a8718ef30645d23d423be1ea6b7d370f,1538053766,6411232.0,OUT,0.0,0xad7886e2982e0a5ef0b9737be882e4e466f0db4356d41e0bed00351e0f393a14,internal,call,0.010541666666666 Ether,1,0xbfb297616ffa0124a288e212d1e6df5299c9f8d0,2
0x9d68a447a8718ef30645d23d423be1ea6b7d370f,1538045847,6410653.0,OUT,0.0,0x5f116adef703f6589726c0b6015367630cc898e625f05636d98f4f0501085d92,internal,call,0.014934027777777 Ether,1,0xbfb297616ffa0124a288e212d1e6df5299c9f8d0,2
0x9d68a447a8718ef30645d23d423be1ea6b7d370f,1538015574,6408569.0,OUT,0.0,0x467c9f27bd16343981eb3ce58319e2255f7429d734cb06b2ab0f07ff70f017e7,internal,call,0.048954861111111 Ether,1,0xbfb297616ffa0124a288e212d1e6df5299c9f8d0,2
0x9d68a447a8718ef30645d23d423be1ea6b7d370f,1538057652,6411517.0,OUT,0.0,0x7e4a2f09d67d3ada18e9f74614e1bb342f5e462b910ce54dd257fee2ed10766b,internal,call,0.005190972222222 Ether,1,0xbfb297616ffa0124a288e212d1e6df5299c9f8d0,2
0x9d68a447a8718ef30645d23d423be1ea6b7d370f,1538034634,6409875.0,OUT,0.0,0x52bc6c81d301f3d5cd90d91d444832efaa3d061f39abdfbb82002567a13a3a0d,internal,call,0.025395833333333 Ether,1,0xbfb297616ffa0124a288e212d1e6df5299c9f8d0,2
0x9d68a447a8718ef30645d23d423be1ea6b7d370f,1538022039,6405959.0,OUT,0.0,0x640e035385e2068b25efa438a5e935dbfe9b4cbd55c36e8c37ecf463ce1a0738,internal,call,0.000079861111111 Ether,1,0xbfb297616ffa0124a288e212d1e6df5299c9f8d0,2
