address,age,block,direction,txFee,txhash,txn_type,type,value,Class,creator,inter_direction
0xb2816223fddc21aca553ba208c7b7a13b27c207c,1542290490,6711442.0,OUT,0.0,0xd4cd8bb9951e768e7e9e0ca8344c0b30f230deaded7dd89c65db2f34c241b51f,internal,call,0.0138114 Ether,1,0x50b69eb0234c84e44a6951ba0ad2e316a81d0900,2
0xb2816223fddc21aca553ba208c7b7a13b27c207c,1542877816,6752840.0,OUT,0.0,0xb74f6a0b911f53fe2faafafa9287ae1ea5be7feea20ea63226afb5634183cba0,internal,call,0.0138114 Ether,1,0x50b69eb0234c84e44a6951ba0ad2e316a81d0900,2
0xb2816223fddc21aca553ba208c7b7a13b27c207c,1541780035,6672292.0,OUT,0.0,0xd33372975f49e2dcfa70aca255a931f0f3f53f0d6853a097ec09e65859ebf66a,internal,call,0.0138114 Ether,1,0x50b69eb0234c84e44a6951ba0ad2e316a81d0900,2
0xb2816223fddc21aca553ba208c7b7a13b27c207c,1542015194,6692001.0,OUT,0.0,0xdcbb9412dac29dda3737b8e839abf54fa8f962a0c633832c41b5b52438438171,internal,call,0.0138114 Ether,1,0x50b69eb0234c84e44a6951ba0ad2e316a81d0900,2
0xb2816223fddc21aca553ba208c7b7a13b27c207c,1541169988,6632315.0,OUT,0.0,0x42f833b64bbee9d78046a2ba311d7d54f7212e3c35a11adad597000c7e3c4b30,internal,call,0.0138114 Ether,1,0x50b69eb0234c84e44a6951ba0ad2e316a81d0900,2
0xb2816223fddc21aca553ba208c7b7a13b27c207c,1543235911,6778225.0,OUT,0.0,0xdde6e07ce5e06931248f8bf8e6af9d131f1dc950a70fff998e08d140477d1efc,internal,call,0.0138114 Ether,1,0x50b69eb0234c84e44a6951ba0ad2e316a81d0900,2
0xb2816223fddc21aca553ba208c7b7a13b27c207c,1542538451,6729067.0,OUT,0.0,0x00cacb2c9d52d864e2a0276a72f0f8658820897fb1e82d936a3c73e2fde5da07,internal,call,0.013212533006944 Ether,1,0x50b69eb0234c84e44a6951ba0ad2e316a81d0900,2
