address,age,block,direction,txFee,txhash,txn_type,type,value,Class,creator,inter_direction
0x8a883a20940870dc055f2070ac8ec847ed2d9918,1533162866,6073472.0,OUT,0.0,0xb1a3ffcb2a3bedb5afbdf1e686d6119b0a72b4f9b33e799101812b83df63a9b9,internal,call,0.086382642377586 Ether,1,0xc14f8469d4bb31c8e69fae9c16e262f45edc3635,2
0x8a883a20940870dc055f2070ac8ec847ed2d9918,1532298774,0.0,OUT,0.0,0xca2c1b1a29c67db3b2f98dcd542288206f4ba78216526ea7fb42a1f022db3af3,internal,call,0.631104200516599 Ether,1,0xc14f8469d4bb31c8e69fae9c16e262f45edc3635,2
0x8a883a20940870dc055f2070ac8ec847ed2d9918,1532513258,6028849.0,OUT,0.0,0xdbf0d5da5a72ecc79b0ad89465ffdc653a29d8546304f2541cdb647964163e2a,internal,call,0.011572410904577 Ether,1,0xc14f8469d4bb31c8e69fae9c16e262f45edc3635,2
0x8a883a20940870dc055f2070ac8ec847ed2d9918,1537782056,6392099.0,OUT,0.0,0x65066ab81589172f50eb4ab7ae0a59896b1725b9cd1109527534420d9af8b014,internal,call,0.000075 Ether,1,0xc14f8469d4bb31c8e69fae9c16e262f45edc3635,2
0x8a883a20940870dc055f2070ac8ec847ed2d9918,1532338774,6017068.0,OUT,0.0,0xb4c3589f46b611bbbac6dda3e121dac6f30bc93ee8971d10f008edb3b23f0d3a,internal,call,0.072122445783301 Ether,1,0xc14f8469d4bb31c8e69fae9c16e262f45edc3635,2
