address,age,block,direction,txFee,txhash,txn_type,type,value,Class,creator,inter_direction
0x7b307c1f0039f5d38770e15f8043b3dd26da5e8f,1539923494,6541109.0,OUT,0.0,0x9aefe5aec845e038de940e864ab71de24fa2efdae24dabd09023ba3a44f2e41e,internal,call,0.002550644067796 Ether,1,0xe1f3294e25bb72a2fb53addb82aa1a033797e6e3,1
0x7b307c1f0039f5d38770e15f8043b3dd26da5e8f,1538994110,6478052.0,OUT,0.0,0x7000a9ccb12ada4f5a10a106039e66e826fe470778990ae9e79c90c61b9333fa,internal,call,0.000856542372881 Ether,1,0xe1f3294e25bb72a2fb53addb82aa1a033797e6e3,1
0x7b307c1f0039f5d38770e15f8043b3dd26da5e8f,1539256639,6496763.0,OUT,0.0,0x669a8809b9c48d5d2858dc7280cab441b765aba860885d2eb44eaf95b3ad82b5,internal,call,0.001678372881355 Ether,1,0xe1f3294e25bb72a2fb53addb82aa1a033797e6e3,1
0x7b307c1f0039f5d38770e15f8043b3dd26da5e8f,1538906282,6471735.0,OUT,0.0,0xf2cda5b54464319b402624e7e1547895d4322d2b5a4cbd83edf2a773be45ec3b,internal,call,0.001707796610169 Ether,1,0xe1f3294e25bb72a2fb53addb82aa1a033797e6e3,2
0x7b307c1f0039f5d38770e15f8043b3dd26da5e8f,1538730319,6459140.0,OUT,0.0,0x8d6636eeb46ed4daf17bc609770143d7fe2dd7bef1f5f8d67147339e28dd5c6e,internal,call,0.000843254237288 Ether,1,0xe1f3294e25bb72a2fb53addb82aa1a033797e6e3,1
0x7b307c1f0039f5d38770e15f8043b3dd26da5e8f,1539083680,6484385.0,OUT,0.0,0x6e74b133dce75e0d6ce93e8df879d5ffb3411a89d093c6902697b75dd7b3db63,internal,call,0.000858711864406 Ether,1,0xe1f3294e25bb72a2fb53addb82aa1a033797e6e3,1
0x7b307c1f0039f5d38770e15f8043b3dd26da5e8f,1538643302,6452921.0,OUT,0.0,0x1192ad9a2c3c9c49a2fc138ae4ddc2001cf1fe0fef4509d590db6e8702fd355a,internal,call,0.000645966101694 Ether,1,0xe1f3294e25bb72a2fb53addb82aa1a033797e6e3,1
0x7b307c1f0039f5d38770e15f8043b3dd26da5e8f,1539615103,6522298.0,OUT,0.0,0xb6b67a4556bee8ae724a9d1dc68a6b1101628261a04ccf5139c36425421f614c,internal,call,0.003462372881355 Ether,1,0xe1f3294e25bb72a2fb53addb82aa1a033797e6e3,2
0x7b307c1f0039f5d38770e15f8043b3dd26da5e8f,1540105714,6557018.0,OUT,0.0,0xf4cbd192a4b54cc3530e97b3aa6b6825d6714d276f8bb530420435d003ab2f34,internal,call,0.002157152542372 Ether,1,0xe1f3294e25bb72a2fb53addb82aa1a033797e6e3,2
