address,age,block,direction,txFee,txhash,txn_type,type,value,Class,creator,inter_direction
0x8a883a20940870dc055f2070ac8ec847ed2d9918,1532915739,6056572.0,OUT,0.0,0xa30ccfa983ed5c66609029b0ae409299eb9265dbbb0737d71680ab4e62512a1a,internal,call,0.001529292361712 Ether,1,0xc14f8469d4bb31c8e69fae9c16e262f45edc3635,2
0x8a883a20940870dc055f2070ac8ec847ed2d9918,1532311760,6015245.0,OUT,0.0,0xadd089ad36c92675d3d04ce31c944d4beb650626bd55e9b2c3c4e72ce23b5852,internal,call,0.416428762303943 Ether,1,0xc14f8469d4bb31c8e69fae9c16e262f45edc3635,2
0x8a883a20940870dc055f2070ac8ec847ed2d9918,1532568475,6032651.0,OUT,0.0,0xf2657bb75f9bfbaaaba19bae5f93203fc320b0b4f09ae33cee3ee8264d279fac,internal,call,0.015416924574203 Ether,1,0xc14f8469d4bb31c8e69fae9c16e262f45edc3635,2
0x8a883a20940870dc055f2070ac8ec847ed2d9918,1533193012,6075449.0,OUT,0.0,0xa85254d252b3978b26b2a3e3cd26cc086000e2908178e1200e0c7dc57343f2f9,internal,call,0.048162182537675 Ether,1,0xc14f8469d4bb31c8e69fae9c16e262f45edc3635,2
