address,age,block,direction,txFee,txhash,txn_type,type,value,Class,creator,inter_direction
0x4e8ecf79ade5e2c49b9e30d795517a81e0bf00b8,1535129652,6205175.0,OUT,0.0,0x08277392080eb6e6bc447562d6e76f0148d28fbe2eeaea2965a2fd89299ac166,internal,call,0.028102496643248 Ether,1,0xf39e044e1ab204460e06e87c6dca2c6319fc69e3,1
0x4e8ecf79ade5e2c49b9e30d795517a81e0bf00b8,1535116636,0.0,OUT,0.0,0xe18641dabf2ed2ff72544c205ab9e67925667cb11b5b2ead31a100098c43849c,internal,call,0.07188133920887 Ether,1,0xf39e044e1ab204460e06e87c6dca2c6319fc69e3,2
0x4e8ecf79ade5e2c49b9e30d795517a81e0bf00b8,1535196526,6212723.0,OUT,0.0,0xe019edca11c2246033138d3d5fe573cb1a1f84219c515a57b30317185d8b0dc3,internal,call,0.009733331257752 Ether,1,0xf39e044e1ab204460e06e87c6dca2c6319fc69e3,2
0x4e8ecf79ade5e2c49b9e30d795517a81e0bf00b8,1532730798,0.0,OUT,0.0,0x825427fec93b13f7cb639a2aab555938d515edb9e46a8f6a950d102cae58d19b,internal,call,0.371821277954096 Ether,1,0xf39e044e1ab204460e06e87c6dca2c6319fc69e3,1
