address,age,block,direction,txFee,txhash,txn_type,type,value,Class,creator,inter_direction
0x8a883a20940870dc055f2070ac8ec847ed2d9918,1533161635,0.0,OUT,0.0,0xbb5a5238a42bf8919ed700c1e752b680a13e0a91d49dafccc0e4f01eb7fc477f,internal,call,0.035345627014447 Ether,1,0xc14f8469d4bb31c8e69fae9c16e262f45edc3635,2
0x8a883a20940870dc055f2070ac8ec847ed2d9918,1532389498,6020451.0,OUT,0.0,0x2064cfb3fff22cc36520e1b3792ab98ffdb7867d0d8d721a8be766092610761e,internal,call,0.220777637656975 Ether,1,0xc14f8469d4bb31c8e69fae9c16e262f45edc3635,2
