address,age,block,direction,txFee,txhash,txn_type,type,value,Class,creator,inter_direction
0x8d12a197cb00d4747a1fe03395095ce2a5cc6819,1533380229,6088353.0,OUT,0.0,0x3075d0865c27b0e439da452908097af4e27058f90f08760e56ac30bb6161cf01,internal,call,23.56571807998802 Ether,0,0x1ed014aec47fae44c9e55bac7662c0b78ae61798,2
0x8d12a197cb00d4747a1fe03395095ce2a5cc6819,1530331906,5877667.0,OUT,0.0,0x765e0ab435485d7bc29df8d87360f867a2ff20400170d56d4ecac88deb6c03bd,internal,call,0.059958386350936 Ether,0,0x1ed014aec47fae44c9e55bac7662c0b78ae61798,2
0x8d12a197cb00d4747a1fe03395095ce2a5cc6819,1530287993,5877618.0,OUT,0.0,0xd67562163a06185d489da9c270359afafa0e6a0137696bdac68135b8feae59af,internal,call,15.829 Ether,0,0x1ed014aec47fae44c9e55bac7662c0b78ae61798,2
0x8d12a197cb00d4747a1fe03395095ce2a5cc6819,1530286196,5877496.0,OUT,0.0,0x6f4de530346bb54ff30a8b02c8ad1821720458d9dae1844373cb74faadb613b7,internal,call,13.725 Ether,0,0x1ed014aec47fae44c9e55bac7662c0b78ae61798,2
0x8d12a197cb00d4747a1fe03395095ce2a5cc6819,1530304730,0.0,OUT,0.0,0xd018b5d1abb2b76853d17fac8e029d20463f51ba8609a8d418977203e1167af8,internal,call,0.020571565237362 Ether,0,0x1ed014aec47fae44c9e55bac7662c0b78ae61798,2
0x8d12a197cb00d4747a1fe03395095ce2a5cc6819,1530303077,5878654.0,OUT,0.0,0x43ecb09a4f8b07d5b1070514e51d29f1db098bc0c35c7cbe2e4fb8a40789fded,internal,call,0.2 Ether,0,0x1ed014aec47fae44c9e55bac7662c0b78ae61798,2
0x8d12a197cb00d4747a1fe03395095ce2a5cc6819,1530191102,5871148.0,OUT,0.0,0x0902ad7e6835286ddca101e778dc249454bf371c3d418abb35bc4be0d05d8978,internal,call,0.108744346746231 Ether,0,0x1ed014aec47fae44c9e55bac7662c0b78ae61798,2
0x8d12a197cb00d4747a1fe03395095ce2a5cc6819,1530190718,5871117.0,OUT,0.0,0x0d9781b063157e12f3539ca952c4128d8beb70e7dbca6bed285e47e3177741ca,internal,call,1.26 Ether,0,0x1ed014aec47fae44c9e55bac7662c0b78ae61798,2
