address,age,block,direction,txFee,txhash,txn_type,type,value,Class,creator,inter_direction
0x4e8ecf79ade5e2c49b9e30d795517a81e0bf00b8,1533108331,6069728.0,OUT,0.0,0x6e9f57fb072ee4e1ca4d5f33422276fd9a44ecfbb465a2d28cc7237b06f6c330,internal,call,0.004208581931464 Ether,1,0xf39e044e1ab204460e06e87c6dca2c6319fc69e3,1
0x4e8ecf79ade5e2c49b9e30d795517a81e0bf00b8,1533064562,6066792.0,OUT,0.0,0xe311ac98c58b8e66e6ed507f9bbfb832943d27da7b3b3ac9cb61b45125f60aa2,internal,call,0.008357914965805 Ether,1,0xf39e044e1ab204460e06e87c6dca2c6319fc69e3,2
