address,age,block,direction,txFee,txhash,txn_type,type,value,Class,creator,inter_direction
0xe1c9a03cf690256ff7738cbd508c88cf5238a535,1523066385,5396504.0,OUT,0.0,0xce8f25e6dc1e26729d7af6bfddbf40d8afb56aa22d1a3353ab62d93d301f9f8c,internal,call,0.179545735767806 Ether,1,0xc84c18a88789dba5b0ca9c13973435bbce7e961d,2
0xe1c9a03cf690256ff7738cbd508c88cf5238a535,1526339087,5616564.0,OUT,0.0,0x4bce09f5b4dffbbf308e44de1e828f0f0cf01362de76f867c3cf6cc37e6fd16e,internal,call,0.048012543054112 Ether,1,0xc84c18a88789dba5b0ca9c13973435bbce7e961d,2
0xe1c9a03cf690256ff7738cbd508c88cf5238a535,1525356567,5551431.0,OUT,0.0,0x63c16fd0f6091b0a24be0cb0f8a9959c189bcc5bcf3decba33cb201bdf3979c9,internal,call,0.266262904055879 Ether,1,0xc84c18a88789dba5b0ca9c13973435bbce7e961d,2
