address,age,block,direction,txFee,txhash,txn_type,type,value,Class,creator,inter_direction
0x4e8ecf79ade5e2c49b9e30d795517a81e0bf00b8,1533652429,6106999.0,OUT,0.0,0xbb8b8691bbabd67ae11481905d4e8cec276d2afee6b62aa37c6c98c07ac5d4e6,internal,call,0.001178686191172 Ether,1,0xf39e044e1ab204460e06e87c6dca2c6319fc69e3,2
0x4e8ecf79ade5e2c49b9e30d795517a81e0bf00b8,1533429204,6091703.0,OUT,0.0,0xf4e478b3eab0e4b3d3cbd21f86222fb1115bf0dd6c1dec85e10ec9f67d848c60,internal,call,0.00692022111483 Ether,1,0xf39e044e1ab204460e06e87c6dca2c6319fc69e3,2
0x4e8ecf79ade5e2c49b9e30d795517a81e0bf00b8,1532777499,6046921.0,OUT,0.0,0x6e74c04f635324e7bb0a037e9c5c9a5709246072bf62246e12705dbfe232984d,internal,call,0.011749314762351 Ether,1,0xf39e044e1ab204460e06e87c6dca2c6319fc69e3,1
