address,age,block,direction,txFee,txhash,txn_type,type,value,Class,creator,inter_direction
0x8a883a20940870dc055f2070ac8ec847ed2d9918,1532309693,0.0,OUT,0.0,0xd5d6a7c461a059a187e6155aa715242252782fe87d5bde80d0322448af6521f4,internal,call,0.279771642227836 Ether,1,0xc14f8469d4bb31c8e69fae9c16e262f45edc3635,2
0x8a883a20940870dc055f2070ac8ec847ed2d9918,1532300826,0.0,OUT,0.0,0x5597768169da823ad9cec76d33e4cf135b533ed73920df99b7644f84d14aa65a,internal,call,1.577355075133523 Ether,1,0xc14f8469d4bb31c8e69fae9c16e262f45edc3635,2
0x8a883a20940870dc055f2070ac8ec847ed2d9918,1533164329,6073582.0,OUT,0.0,0x32833f72018cabcb71df51036544f486a76796483a49ae34562a313dd26df00e,internal,call,0.624680337082143 Ether,1,0xc14f8469d4bb31c8e69fae9c16e262f45edc3635,2
0x8a883a20940870dc055f2070ac8ec847ed2d9918,1532542061,6030848.0,OUT,0.0,0x1559d57b5144c4faa067da92bc3f81854fc00b81710bb7d5bf64c3f7024c69f0,internal,call,0.047411126867763 Ether,1,0xc14f8469d4bb31c8e69fae9c16e262f45edc3635,2
0x8a883a20940870dc055f2070ac8ec847ed2d9918,1532365759,6018906.0,OUT,0.0,0xb2dda4239a741eb37ebe4c8b7818e806f278457c99f86974e8ed1622d75e223a,internal,call,0.179248838512482 Ether,1,0xc14f8469d4bb31c8e69fae9c16e262f45edc3635,2
0x8a883a20940870dc055f2070ac8ec847ed2d9918,1532289973,6013758.0,OUT,0.0,0x8a40a4035c3961584130ab1b8ee204c8984cbd68686f24dba3fdfe1d0bc8dd89,internal,call,3.361788741508119 Ether,1,0xc14f8469d4bb31c8e69fae9c16e262f45edc3635,2
