address,age,block,direction,txFee,txhash,txn_type,type,value,Class,creator,inter_direction
0x4e8ecf79ade5e2c49b9e30d795517a81e0bf00b8,1533523074,6098174.0,OUT,0.0,0xa362175f7ea188ef953e9d6c36b637a40676f84ca4ed1a0617e9391400441785,internal,call,0.060155089766644 Ether,1,0xf39e044e1ab204460e06e87c6dca2c6319fc69e3,2
0x4e8ecf79ade5e2c49b9e30d795517a81e0bf00b8,1533498016,0.0,OUT,0.0,0x84f530679f2d22845a56e114f517a12207c753a3d9ed6db744e7d7778ff4d174,internal,call,0.957978655863562 Ether,1,0xf39e044e1ab204460e06e87c6dca2c6319fc69e3,1
0x4e8ecf79ade5e2c49b9e30d795517a81e0bf00b8,1533616418,6101597.0,OUT,0.0,0xcf0a84649ea8ada02f2996a2afbb44f645998b9dae45ed3c4d0c138e012c5853,internal,call,0.350303445312536 Ether,1,0xf39e044e1ab204460e06e87c6dca2c6319fc69e3,2
0x4e8ecf79ade5e2c49b9e30d795517a81e0bf00b8,1533475400,0.0,OUT,0.0,0xe641b3408beaf358adcf46063e2f800bb83db18c38e166ffd5d4d88c9d00090b,internal,call,0.099867453616041 Ether,1,0xf39e044e1ab204460e06e87c6dca2c6319fc69e3,2
0x4e8ecf79ade5e2c49b9e30d795517a81e0bf00b8,1532759992,0.0,OUT,0.0,0xe48ccc3a9d2c2fbaf7f891b7fe5041e7c67f05cae3c8c075aee82039d18ca756,internal,call,0.034288511093815 Ether,1,0xf39e044e1ab204460e06e87c6dca2c6319fc69e3,2
0x4e8ecf79ade5e2c49b9e30d795517a81e0bf00b8,1532731285,0.0,OUT,0.0,0xdf76e810df04ad3fac5fdc0487894bfe6226fd59cb43dd164c318f9a279592de,internal,call,0.259670383967954 Ether,1,0xf39e044e1ab204460e06e87c6dca2c6319fc69e3,2
