address,age,block,direction,txFee,txhash,txn_type,type,value,Class,creator,inter_direction
0x536a6ba0d913d5d6a4ce2c6eb7ed0de3c0f0b89e,1537866833,6398050.0,OUT,0.0,0xd7c003f859a081de1923d93b3870c2bdcc0493ec8fa81748e0101bfb70377a67,internal,call,0.00175 Ether,1,0xb648cc3367571c9166e966d1eb97de3f9ebfb8fd,2
0x536a6ba0d913d5d6a4ce2c6eb7ed0de3c0f0b89e,1537953271,6404194.0,OUT,0.0,0xe9cf9cfb717d6b979806873d1ed359ae6da62012a216d57fd8b7f5f22ed5873b,internal,call,0.00175 Ether,1,0xb648cc3367571c9166e966d1eb97de3f9ebfb8fd,2
