address,age,block,direction,txFee,txhash,txn_type,type,value,Class,creator,inter_direction
0xf8f04b23dace12841343ecf0e06124354515cc42,1540632972,0.0,OUT,0.0,0xee00a467d74bf95193b4ffddcdcf3fa6f04a9280750fe5739237b02a78efaeff,internal,call,0.2057 Ether,1,0xd06eda1e2c651d8968a3ff8acfe263785445b1ad,2
0xf8f04b23dace12841343ecf0e06124354515cc42,1540633699,6594458.0,OUT,0.0,0x3c852495e0cbc92e50f7312cdb56fef046bafad8be2fa6cc7d6513977abd8f6e,internal,call,0.300770858036663 Ether,1,0xd06eda1e2c651d8968a3ff8acfe263785445b1ad,2
0xf8f04b23dace12841343ecf0e06124354515cc42,1540633699,0.0,OUT,0.0,0xf3322f256744d7c7e4517a67fdf94833fa4c5c803a90dbad85d804be444be1dc,internal,call,0.050129141963336 Ether,1,0xd06eda1e2c651d8968a3ff8acfe263785445b1ad,2
0xf8f04b23dace12841343ecf0e06124354515cc42,1540633180,0.0,OUT,0.0,0x2f95d2671a2add46487f51df23f6a93058275337bbbe56c6603b2591503d9ee6,internal,call,0.02423090316204 Ether,1,0xd06eda1e2c651d8968a3ff8acfe263785445b1ad,2
0xf8f04b23dace12841343ecf0e06124354515cc42,1540633174,6594424.0,OUT,0.0,0x60b09f30907e1263984b5192b616393709a0e41f3b280dd6bc033db8bffca66f,internal,call,0.217769096837959 Ether,1,0xd06eda1e2c651d8968a3ff8acfe263785445b1ad,2
0xf8f04b23dace12841343ecf0e06124354515cc42,1540633346,0.0,OUT,0.0,0xe92be15886b34fefecd8506389cedeeadf404501743c6d3e9239bac13aa2e263,internal,call,0.2904 Ether,1,0xd06eda1e2c651d8968a3ff8acfe263785445b1ad,2
