address,age,block,direction,txFee,txhash,txn_type,type,value,Class,creator,inter_direction
0x4e8ecf79ade5e2c49b9e30d795517a81e0bf00b8,1533155883,6073018.0,OUT,0.0,0xc2f5e6f090cac9ad293df34b597fd2c274e1329b265f38201bf20a0d1cb29972,internal,call,0.045768303216008 Ether,1,0xf39e044e1ab204460e06e87c6dca2c6319fc69e3,2
0x4e8ecf79ade5e2c49b9e30d795517a81e0bf00b8,1532802071,0.0,OUT,0.0,0x89e77ad3eea084ee8086596059b83852e813983344b08de354f9d4eae4c0cd59,internal,call,0.082075342416561 Ether,1,0xf39e044e1ab204460e06e87c6dca2c6319fc69e3,1
