address,age,block,direction,txFee,txhash,txn_type,type,value,Class,creator,inter_direction
0x702392282255f8c0993dbbbb148d80d2ef6795b1,1523600731,5433617.0,OUT,0.0,0xbfd998d986cef863b25f09313772bfa565e4601d847bf58b900c1b14db9e0b2d,internal,call,0.071316949365698 Ether,1,0xfea0904acc8df0f3288b6583f60b86c36ea52acd,2
0x702392282255f8c0993dbbbb148d80d2ef6795b1,1523591014,5432956.0,OUT,0.0,0xfb3990844249a1875c4b6116c7e90b67d29786812d0cfa1419a9c45526ca302f,internal,call,0.042138815555339 Ether,1,0xfea0904acc8df0f3288b6583f60b86c36ea52acd,2
0x702392282255f8c0993dbbbb148d80d2ef6795b1,1523645964,5436713.0,OUT,0.0,0xc82b697f48fe7a30726b52ae6f2aef7442219ed97cb2703eb9850dbde1b5c5ca,internal,call,0.370557398732634 Ether,1,0xfea0904acc8df0f3288b6583f60b86c36ea52acd,2
0x702392282255f8c0993dbbbb148d80d2ef6795b1,1523507737,5424309.0,OUT,0.0,0x9f9b1c808ec10cddf7cd274c17e53227a8c9625fcf8ec35bc112059195a2a7ce,internal,call,0.022932971795138 Ether,1,0xfea0904acc8df0f3288b6583f60b86c36ea52acd,2
