address,age,block,direction,txFee,txhash,txn_type,type,value,Class,creator,inter_direction
0x8d12a197cb00d4747a1fe03395095ce2a5cc6819,1540074340,6554836.0,OUT,0.0,0x2d14ede3f2655f2c5edbf6545573a44fbfea56cf8ed64177c80babdb25accb9a,internal,call,0.008 Ether,0,0x1ed014aec47fae44c9e55bac7662c0b78ae61798,2
0x8d12a197cb00d4747a1fe03395095ce2a5cc6819,1540119283,0.0,OUT,0.0,0xd54cd5ab90860ea83b683f7f8f3013c2b1fe7374e32f041a600e80abb895ec5d,internal,call,0.005804713538032 Ether,0,0x1ed014aec47fae44c9e55bac7662c0b78ae61798,2
0x8d12a197cb00d4747a1fe03395095ce2a5cc6819,1534189041,6143713.0,OUT,0.0,0x02a1ec025e270c29902337d56e1d308d6ad70a0a818bfdfd50c1dc48d7d9594d,internal,call,0.003 Ether,0,0x1ed014aec47fae44c9e55bac7662c0b78ae61798,2
0x8d12a197cb00d4747a1fe03395095ce2a5cc6819,1533189337,6075212.0,OUT,0.0,0xc47f5a8d5819106023f67971eb058ecb5b3c6a3229ed35ea49f5526ebb9e79bc,internal,call,0.015817964310637 Ether,0,0x1ed014aec47fae44c9e55bac7662c0b78ae61798,2
