address,age,block,direction,txFee,txhash,txn_type,type,value,Class,creator,inter_direction
0x8d12a197cb00d4747a1fe03395095ce2a5cc6819,1531846623,5980662.0,OUT,0.0,0xeb1c1e66d40b406c255d805f4df32529fae0bd389416d10ab887b97093d4b8c4,internal,call,0.0415666 Ether,0,0x1ed014aec47fae44c9e55bac7662c0b78ae61798,2
0x8d12a197cb00d4747a1fe03395095ce2a5cc6819,1532582698,6033573.0,OUT,0.0,0x24d3159affda725cd1193a53cf9ee77ac576596eb98f702e90790b1562568dc4,internal,call,0.05483 Ether,0,0x1ed014aec47fae44c9e55bac7662c0b78ae61798,2
