address,age,block,direction,txFee,txhash,txn_type,type,value,Class,creator,inter_direction
0x4e8ecf79ade5e2c49b9e30d795517a81e0bf00b8,1532993936,6061904.0,OUT,0.0,0x51e6d3098966af05a1dea54ce87107e86d89039b9fac6a584a0ebb4b15d0813a,internal,call,0.027088054895972 Ether,1,0xf39e044e1ab204460e06e87c6dca2c6319fc69e3,1
0x4e8ecf79ade5e2c49b9e30d795517a81e0bf00b8,1532712556,0.0,OUT,0.0,0x49e31923d227007bb38078bea0d3f246700eb46387e73a5e2d13a89da6c92d2b,internal,call,0.219482439403538 Ether,1,0xf39e044e1ab204460e06e87c6dca2c6319fc69e3,1
0x4e8ecf79ade5e2c49b9e30d795517a81e0bf00b8,1532714484,6042605.0,OUT,0.0,0x5a8e53f3a4212d63f86599df8d697c9054945e8e184870690b28ebccfd0830a0,internal,call,0.145635652139303 Ether,1,0xf39e044e1ab204460e06e87c6dca2c6319fc69e3,1
0x4e8ecf79ade5e2c49b9e30d795517a81e0bf00b8,1532711869,0.0,OUT,0.0,0xbe34b08049c438571eb4d2349df482d85985d629f514a6c2b9ee65f9a419b138,internal,call,0.611555952597626 Ether,1,0xf39e044e1ab204460e06e87c6dca2c6319fc69e3,2
0x4e8ecf79ade5e2c49b9e30d795517a81e0bf00b8,1532727198,0.0,OUT,0.0,0x42fa576f13405cff458d82ed0bcf96658c68a2bfafb6ca4f0ca92046a2dd772e,internal,call,0.149085461914412 Ether,1,0xf39e044e1ab204460e06e87c6dca2c6319fc69e3,1
0x4e8ecf79ade5e2c49b9e30d795517a81e0bf00b8,1532717756,0.0,OUT,0.0,0xa06552acf89860e2cc1e7b45f8ca0c7cbd0f4ac2e04bca8d38a582dbc74d52eb,internal,call,0.06137190723668 Ether,1,0xf39e044e1ab204460e06e87c6dca2c6319fc69e3,1
