address,age,block,direction,txFee,txhash,txn_type,type,value,Class,creator,inter_direction
0x8a883a20940870dc055f2070ac8ec847ed2d9918,1533169858,6073954.0,OUT,0.0,0x86826a2519d900238e594221602ef3c97c0e0576b18d6db628f78792fb0d77d8,internal,call,0.14457183450989 Ether,1,0xc14f8469d4bb31c8e69fae9c16e262f45edc3635,2
0x8a883a20940870dc055f2070ac8ec847ed2d9918,1532353806,0.0,OUT,0.0,0x9b3e23e37477229fdcad0f949dfb69b46c69f47dde65271262dd792f62571f5a,internal,call,1.23524300521205 Ether,1,0xc14f8469d4bb31c8e69fae9c16e262f45edc3635,2
0x8a883a20940870dc055f2070ac8ec847ed2d9918,1532814457,6049570.0,OUT,0.0,0x1c6bf45da1d0130c30b959615a785593afbfaf60458c58fabd468d2e00cd4eb3,internal,call,0.018185949725166 Ether,1,0xc14f8469d4bb31c8e69fae9c16e262f45edc3635,2
