address,age,block,direction,txFee,txhash,txn_type,type,value,Class,creator,inter_direction
0x4e8ecf79ade5e2c49b9e30d795517a81e0bf00b8,1532738405,6044273.0,OUT,0.0,0x1e17ad2b9968873fa57df2acefff12aa19219d99bf657e9a559914b175ef0f60,internal,call,1.180461071155933 Ether,1,0xf39e044e1ab204460e06e87c6dca2c6319fc69e3,1
0x4e8ecf79ade5e2c49b9e30d795517a81e0bf00b8,1532734140,6043965.0,OUT,0.0,0x1ff9d27f8b1196810e621455af3df2984a91e289ca3bea5a56f78b58f9d0d7da,internal,call,2.495536712079437 Ether,1,0xf39e044e1ab204460e06e87c6dca2c6319fc69e3,1
0x4e8ecf79ade5e2c49b9e30d795517a81e0bf00b8,1532726200,0.0,OUT,0.0,0x189194d21d4e86b6df3a61c2c7c50c549c4528a66d6bd1f7b63137502a3bffb7,internal,call,10.786223883030877 Ether,1,0xf39e044e1ab204460e06e87c6dca2c6319fc69e3,1
0x4e8ecf79ade5e2c49b9e30d795517a81e0bf00b8,1532743663,0.0,OUT,0.0,0xb61da13c9f7ee558965989f711ee87608d4a0cf5fcf5014e422951f0d4c91b1a,internal,call,2.667222695762571 Ether,1,0xf39e044e1ab204460e06e87c6dca2c6319fc69e3,2
