address,age,block,direction,txFee,txhash,txn_type,type,value,Class,creator,inter_direction
0x4e8ecf79ade5e2c49b9e30d795517a81e0bf00b8,1533227350,6074893.0,OUT,0.0,0xc61bf91ccd383b2b3cc771f7e71d8cde4e312278f05401ba46dcdb64ffff2b5f,internal,call,0.660745109723769 Ether,1,0xf39e044e1ab204460e06e87c6dca2c6319fc69e3,2
0x4e8ecf79ade5e2c49b9e30d795517a81e0bf00b8,1533113996,6070100.0,OUT,0.0,0x9577bcab5ef09cbccdd8322a75e8392a69e28bc6794176f02340aa2a505a3a2e,internal,call,0.697956301172013 Ether,1,0xf39e044e1ab204460e06e87c6dca2c6319fc69e3,1
0x4e8ecf79ade5e2c49b9e30d795517a81e0bf00b8,1533066570,6066922.0,OUT,0.0,0xc0fe6b60b88cc63af78061df13a12ef7ae24590b188c7d031a2a9b52f902d098,internal,call,1.422011084706562 Ether,1,0xf39e044e1ab204460e06e87c6dca2c6319fc69e3,2
0x4e8ecf79ade5e2c49b9e30d795517a81e0bf00b8,1533129114,6071113.0,OUT,0.0,0x52574b22425d383ab1dab632b508494c0f7947a920f4a8cebae3cd45b360c23c,internal,call,0.936466652074785 Ether,1,0xf39e044e1ab204460e06e87c6dca2c6319fc69e3,1
0x4e8ecf79ade5e2c49b9e30d795517a81e0bf00b8,1533091816,0.0,OUT,0.0,0x9ebe558fdd90adaf0b0038c06478b3af91b1536b107a01f57d5cf16d0b26a5bc,internal,call,0.305718358397192 Ether,1,0xf39e044e1ab204460e06e87c6dca2c6319fc69e3,1
0x4e8ecf79ade5e2c49b9e30d795517a81e0bf00b8,1533137540,6071726.0,OUT,0.0,0xcae06263db63d77387adacc1710e54fa7752f71178a3663435a7c02f4f92f19b,internal,call,0.717318545909683 Ether,1,0xf39e044e1ab204460e06e87c6dca2c6319fc69e3,2
0x4e8ecf79ade5e2c49b9e30d795517a81e0bf00b8,1532720044,6042998.0,OUT,0.0,0x691cfdd82edff730af78053f2702761a3e63c2376cbac2e1b79ff6bb5f2e3014,internal,call,0.043939529491183 Ether,1,0xf39e044e1ab204460e06e87c6dca2c6319fc69e3,1
0x4e8ecf79ade5e2c49b9e30d795517a81e0bf00b8,1532723123,0.0,OUT,0.0,0x958d4384665ebfa94b4e476d8247482bd28927a084e109b96bf840bee31bed45,internal,call,0.086618227414499 Ether,1,0xf39e044e1ab204460e06e87c6dca2c6319fc69e3,1
