address,age,block,direction,txFee,txhash,txn_type,type,value,Class,creator,inter_direction
0x8a883a20940870dc055f2070ac8ec847ed2d9918,1533203074,6076145.0,OUT,0.0,0x3e85a3d3fa5ec88a766f743bff1b66a237006373a5a70269e76f8065eba33703,internal,call,0.007140640715127 Ether,1,0xc14f8469d4bb31c8e69fae9c16e262f45edc3635,2
0x8a883a20940870dc055f2070ac8ec847ed2d9918,1532609252,6035362.0,OUT,0.0,0xb73ad6a34d28f3e80a1756e0bc9c7fa899472ae9e3a7d64fe879ad24d4454541,internal,call,0.02555727350251 Ether,1,0xc14f8469d4bb31c8e69fae9c16e262f45edc3635,2
