address,age,block,direction,txFee,txhash,txn_type,type,value,Class,creator,inter_direction
0xaf6de38ffc92e0d52857f864048d7af2f345a3cf,1525809820,5581567.0,OUT,0.0,0x52271950a9be990df84651b18f75035e4c36e3daa10a1d87f6abc8a5340b906e,internal,call,0.029021688 Ether,1,0x7e474fe5cfb720804860215f407111183cbc2f85,2
0xaf6de38ffc92e0d52857f864048d7af2f345a3cf,1525784293,5579858.0,OUT,0.0,0x5f3b3ffa5a008d7330d499b660a50efea2272ddd78f737ae2e317025989f4ce1,internal,call,0.001420554180995 Ether,1,0x7e474fe5cfb720804860215f407111183cbc2f85,2
0xaf6de38ffc92e0d52857f864048d7af2f345a3cf,1525595849,5567242.0,OUT,0.0,0x861c9930a7719820a2ccc2569c75e8bb2d50f3ef6bd31ea97375598f766cc5c5,internal,call,0.003144584026455 Ether,1,0x7e474fe5cfb720804860215f407111183cbc2f85,2
