address,age,block,direction,txFee,txhash,txn_type,type,value,Class,creator,inter_direction
0x8a883a20940870dc055f2070ac8ec847ed2d9918,1532821110,6050018.0,IN,0.0,0x0ddcf8d650e32aa2aeb28da04710ac7e3e1811d18f63d8a1a281ce4b55eece6a,internal,call,0.000945558242044 Ether,1,0xc14f8469d4bb31c8e69fae9c16e262f45edc3635,2
0x8a883a20940870dc055f2070ac8ec847ed2d9918,1532821110,0.0,IN,0.0,0x0ddcf8d650e32aa2aeb28da04710ac7e3e1811d18f63d8a1a281ce4b55eece6a,internal,call,0.000945558242044 Ether,1,0xc14f8469d4bb31c8e69fae9c16e262f45edc3635,2
