address,age,block,direction,txFee,txhash,txn_type,type,value,Class,creator,inter_direction
0x4e8ecf79ade5e2c49b9e30d795517a81e0bf00b8,1532871961,6053546.0,OUT,0.0,0xab58631fa0004c9854a9cf2eade7e0f9a8b2159f6a32be967e55785da8e07db1,internal,call,0.098616839273046 Ether,1,0xf39e044e1ab204460e06e87c6dca2c6319fc69e3,1
0x4e8ecf79ade5e2c49b9e30d795517a81e0bf00b8,1532810563,0.0,OUT,0.0,0x4fbec21dca31e5dad2496041527fa501df22ff965acbb756bf2efa19fa64f8ed,internal,call,0.094747910104146 Ether,1,0xf39e044e1ab204460e06e87c6dca2c6319fc69e3,1
