address,age,block,direction,txFee,txhash,txn_type,type,value,Class,creator,inter_direction
0x4e8ecf79ade5e2c49b9e30d795517a81e0bf00b8,1536920774,6331613.0,OUT,0.0,0x846a90752046f78fdee9967042f032c4572a6f743069ab25e76b66e8293d9f4b,internal,call,0.309079328808943 Ether,1,0xf39e044e1ab204460e06e87c6dca2c6319fc69e3,1
0x4e8ecf79ade5e2c49b9e30d795517a81e0bf00b8,1532888738,6054704.0,OUT,0.0,0x1ae74473633c672aaf4ec448d635dde8cfb5187f5b7a9464f552242351303017,internal,call,1.133146719386958 Ether,1,0xf39e044e1ab204460e06e87c6dca2c6319fc69e3,1
