address,age,block,direction,txFee,txhash,txn_type,type,value,Class,creator,inter_direction
0x8a883a20940870dc055f2070ac8ec847ed2d9918,1533162881,0.0,OUT,0.0,0xadf9c0996978a10dd841d33f0aa183c87e398e1e522bdffe43d1c4e6c1344206,internal,call,0.00168245250912 Ether,1,0xc14f8469d4bb31c8e69fae9c16e262f45edc3635,2
0x8a883a20940870dc055f2070ac8ec847ed2d9918,1532382987,6020036.0,OUT,0.0,0x70bfd2bfaa3d027ba29e4a1f1b93d15e723fb0c0385811285fc559ac410ca3a2,internal,call,0.001458907765712 Ether,1,0xc14f8469d4bb31c8e69fae9c16e262f45edc3635,2
0x8a883a20940870dc055f2070ac8ec847ed2d9918,1532298438,0.0,OUT,0.0,0xc67d13b58d7c0cc171eefc5e7730927361b57bb00d4054125d38763573b56b3e,internal,call,0.011153281183582 Ether,1,0xc14f8469d4bb31c8e69fae9c16e262f45edc3635,2
