address,age,block,direction,txFee,txhash,txn_type,type,value,Class,creator,inter_direction
0x7b307c1f0039f5d38770e15f8043b3dd26da5e8f,1539990412,6548848.0,OUT,0.0,0x83c8d3d0bad8453b884c70fde7e29adcecbd2ba809254413f80692b5e6646753,internal,call,0.004534508474576 Ether,1,0xe1f3294e25bb72a2fb53addb82aa1a033797e6e3,1
0x7b307c1f0039f5d38770e15f8043b3dd26da5e8f,1540196697,6563458.0,OUT,0.0,0xcd74ee10bd026227d9995b62ffd05d7b55c14141df34294187c0d0bdec36a8b0,internal,call,0.001981016949152 Ether,1,0xe1f3294e25bb72a2fb53addb82aa1a033797e6e3,2
0x7b307c1f0039f5d38770e15f8043b3dd26da5e8f,1539517625,6515406.0,OUT,0.0,0xbe4649f4cefec3109273f6767350c99d08b3fc77b6af4af0a24e6477f8492231,internal,call,0.00596813559322 Ether,1,0xe1f3294e25bb72a2fb53addb82aa1a033797e6e3,2
0x7b307c1f0039f5d38770e15f8043b3dd26da5e8f,1538814935,6465175.0,OUT,0.0,0xb2e974ef360ad6335754143b39f28595b704d49198e3a7ee370d8648abbf2e3d,internal,call,0.000851661016949 Ether,1,0xe1f3294e25bb72a2fb53addb82aa1a033797e6e3,1
0x7b307c1f0039f5d38770e15f8043b3dd26da5e8f,1538901364,6471391.0,OUT,0.0,0xa686c16b0ed6a25691b6dee2521fc74cb164cf384bfa0abc261e1e9f3eee63db,internal,call,0.000842847457627 Ether,1,0xe1f3294e25bb72a2fb53addb82aa1a033797e6e3,1
0x7b307c1f0039f5d38770e15f8043b3dd26da5e8f,1538726780,6458894.0,OUT,0.0,0x4b42f4af99a02a44e238fcd075e100766992a1357e4ac1571792a1482f418d91,internal,call,0.001671864406779 Ether,1,0xe1f3294e25bb72a2fb53addb82aa1a033797e6e3,1
