address,age,block,direction,txFee,txhash,txn_type,type,value,Class,creator,inter_direction
0xc7af99fe5513eb6710e6d5f44f9989da40f27f26,1545275468,6920405.0,OUT,0.0,0x6cb15436d33d8ba80598baa265218bde29a3c72e45ed3d2cf0eef505a5694213,internal,call,0.001925 Ether,0,0xba52c75764d6f594735dc735be7f1830cdf58ddf,2
0xc7af99fe5513eb6710e6d5f44f9989da40f27f26,1542811107,6748175.0,OUT,0.0,0x065ddcc2d5bf44dd8e256d415bd4143c7ecb2852ed865fd824bbbef550ca4c93,internal,call,0.001925 Ether,0,0xba52c75764d6f594735dc735be7f1830cdf58ddf,2
0xc7af99fe5513eb6710e6d5f44f9989da40f27f26,1542239925,6707847.0,OUT,0.0,0x572b55610dc49ac529ed788d8de32617b4276f9737311eb66ca102e20875a46d,internal,call,0.001925 Ether,0,0xba52c75764d6f594735dc735be7f1830cdf58ddf,2
