address,age,block,direction,txFee,txhash,txn_type,type,value,Class,creator,inter_direction
0x4e8ecf79ade5e2c49b9e30d795517a81e0bf00b8,1532736449,6044130.0,OUT,0.0,0xffa55fb210278d04889e6ca56432591bea908d26f1b68737d5c23179cf387451,internal,call,0.048596954562499 Ether,1,0xf39e044e1ab204460e06e87c6dca2c6319fc69e3,2
0x4e8ecf79ade5e2c49b9e30d795517a81e0bf00b8,1532713602,0.0,OUT,0.0,0x3b6d05967b361d979ebf7360e538b50133a924f7d80102de9a9a56804e3aab90,internal,call,0.220082751762681 Ether,1,0xf39e044e1ab204460e06e87c6dca2c6319fc69e3,1
