address,age,block,direction,txFee,txhash,txn_type,type,value,Class,creator,inter_direction
0x4e8ecf79ade5e2c49b9e30d795517a81e0bf00b8,1532719443,6042957.0,OUT,0.0,0x54f70234eb4f51a275653797f64bd486054ddf8a1cf9ea3ff15f5f12bdd8d1f4,internal,call,0.137623181231705 Ether,1,0xf39e044e1ab204460e06e87c6dca2c6319fc69e3,1
0x4e8ecf79ade5e2c49b9e30d795517a81e0bf00b8,1532722915,6043194.0,OUT,0.0,0x3d791db911e8ab31cb7324ea7cdcb322c80c1341d3a858454beae554ef9cc7ce,internal,call,0.029651480216471 Ether,1,0xf39e044e1ab204460e06e87c6dca2c6319fc69e3,1
