address,age,block,direction,txFee,txhash,txn_type,type,value,Class,creator,inter_direction
0x4e8ecf79ade5e2c49b9e30d795517a81e0bf00b8,1532779111,6047042.0,OUT,0.0,0x63e504df91ef9fc96e3969cdfe905b5459ae1428e1d2e135ba875db68989c4ef,internal,call,0.002224065621284 Ether,1,0xf39e044e1ab204460e06e87c6dca2c6319fc69e3,1
0x4e8ecf79ade5e2c49b9e30d795517a81e0bf00b8,1533064855,6066810.0,OUT,0.0,0xdd865d357ef6cee312c62d6fd36b051ab6e363148d7c5effe71b6b48583e87af,internal,call,0.005782804763022 Ether,1,0xf39e044e1ab204460e06e87c6dca2c6319fc69e3,2
0x4e8ecf79ade5e2c49b9e30d795517a81e0bf00b8,1532880146,6051129.0,OUT,0.0,0xa569be2222206534c50e3b4e5540158d7304f01a3894595c0030d11cf0bb9b8f,internal,call,0.00256354544718 Ether,1,0xf39e044e1ab204460e06e87c6dca2c6319fc69e3,1
