address,age,block,direction,txFee,txhash,txn_type,type,value,Class,creator,inter_direction
0x459f7854776ed005b6ec63a88f834fdab0b6993e,1507027785,0.0,OUT,0.0,0x02f42e8f5e5fa6ab54582845436ab4726c220e919779700d03f0605a39fee1c4,internal,call,0.000001 Ether,0,0xa7b0883a9e885177f30fcdc42b6e4a015f20e53b,2
0x459f7854776ed005b6ec63a88f834fdab0b6993e,1507031560,0.0,OUT,0.0,0x9a43a979053f6cbae6bd7c4735c567e7b9f01a5d6c22d0ef552f83150fa4f655,internal,call,0.000002 Ether,0,0xa7b0883a9e885177f30fcdc42b6e4a015f20e53b,2
0x459f7854776ed005b6ec63a88f834fdab0b6993e,1507107896,0.0,OUT,0.0,0x3bf216ae9da3c9c1d944712238cb47140c864d9de9b08d0f5b4ecf5b865676ad,internal,call,0.000002 Ether,0,0xa7b0883a9e885177f30fcdc42b6e4a015f20e53b,2
