address,age,block,direction,txFee,txhash,txn_type,type,value,Class,creator,inter_direction
0x4e8ecf79ade5e2c49b9e30d795517a81e0bf00b8,1532939704,6058221.0,OUT,0.0,0x11ee926264f0ff323763cd7cfb5ffe0fabd13900ff5fc25ae4fc699fc124985f,internal,call,0.001473047572373 Ether,1,0xf39e044e1ab204460e06e87c6dca2c6319fc69e3,1
0x4e8ecf79ade5e2c49b9e30d795517a81e0bf00b8,1532920197,6056883.0,OUT,0.0,0xf8eb54a417235a06a18c199fc88ce33fa7b790bd0fe5bc320a64f668c6f5b12e,internal,call,0.008614421367614 Ether,1,0xf39e044e1ab204460e06e87c6dca2c6319fc69e3,2
0x4e8ecf79ade5e2c49b9e30d795517a81e0bf00b8,1532740371,6044403.0,OUT,0.0,0x5cf65a48f9bfb1935b30f6260c7eaaca66c06586fc376008029b6c13f4f6bf0c,internal,call,0.024397780494845 Ether,1,0xf39e044e1ab204460e06e87c6dca2c6319fc69e3,1
