address,age,block,direction,txFee,txhash,txn_type,type,value,Class,creator,inter_direction
0xbeefd8fb3b5778f99e021afa2e41e0614af6af11,1541288689,0.0,OUT,0.0,0x41a7959efdd28995145d16a7c58342ccb787484e72e6697866854df4a4c58908,internal,call,0.00184 Ether,1,0x300758881bf3756b6cb5b2e96f545d7b3566ce3a,1
0xbeefd8fb3b5778f99e021afa2e41e0614af6af11,1541559485,0.0,OUT,0.0,0x61c8c47fa63e67cdfaba704804d76ffd47a589645d74b3b0c717b06df47fb78a,internal,call,0.000030540983606 Ether,1,0x300758881bf3756b6cb5b2e96f545d7b3566ce3a,1
0xbeefd8fb3b5778f99e021afa2e41e0614af6af11,1541558332,6659633.0,OUT,0.0,0x9731d70c523ff85ec284c3e974e88c35bd73a52e085acc996cf09bce0fffa190,internal,call,0.007121327868852 Ether,1,0x300758881bf3756b6cb5b2e96f545d7b3566ce3a,1
