address,age,block,direction,txFee,txhash,txn_type,type,value,Class,creator,inter_direction
0x536a6ba0d913d5d6a4ce2c6eb7ed0de3c0f0b89e,1537346243,0.0,OUT,0.0,0x02215421d53bab3b0101a89bf79311388d0c53823111ca5b168bd4b23b505b66,internal,call,0.00945 Ether,1,0xb648cc3367571c9166e966d1eb97de3f9ebfb8fd,1
0x536a6ba0d913d5d6a4ce2c6eb7ed0de3c0f0b89e,1537519982,6373563.0,OUT,0.0,0x0b3f494949309098d9738108d3def95585d1afa8ceb68204dc7f3218850cf87f,internal,call,0.07341782742 Ether,1,0xb648cc3367571c9166e966d1eb97de3f9ebfb8fd,1
0x536a6ba0d913d5d6a4ce2c6eb7ed0de3c0f0b89e,1537699064,6386224.0,OUT,0.0,0x8c254b91c74f9c96b3e390834ef66b93688afa05456dcc73e43a9e0c1f3d5409,internal,call,0.07341782742 Ether,1,0xb648cc3367571c9166e966d1eb97de3f9ebfb8fd,1
