address,age,block,direction,txFee,txhash,txn_type,type,value,Class,creator,inter_direction
0x7b307c1f0039f5d38770e15f8043b3dd26da5e8f,1540236231,6566282.0,OUT,0.0,0xc18acd723a9e72cdd46d191e1129a95eeb51b5518c1acc9ef4d87af077865be0,internal,call,1.251816949152542 Ether,1,0xe1f3294e25bb72a2fb53addb82aa1a033797e6e3,2
0x7b307c1f0039f5d38770e15f8043b3dd26da5e8f,1540263999,0.0,OUT,0.0,0x590eec1ebd7421a49ec00b8741312d61f375e1bcd7fe12b16269f897bcb2dc63,internal,call,0.03920406779661 Ether,1,0xe1f3294e25bb72a2fb53addb82aa1a033797e6e3,1
0x7b307c1f0039f5d38770e15f8043b3dd26da5e8f,1538188140,6420715.0,OUT,0.0,0xaa490b6b139d2b3b16f984d2933abe3fc96f6c8bee483df29614cc94c6286a20,internal,call,0.048498305084745 Ether,1,0xe1f3294e25bb72a2fb53addb82aa1a033797e6e3,1
0x7b307c1f0039f5d38770e15f8043b3dd26da5e8f,1538135380,6416950.0,OUT,0.0,0x71fb08378bb1085ed283df4e8b8de2d9dbda744a6c93a868cef0ae6dbc5041ae,internal,call,0.624926101694915 Ether,1,0xe1f3294e25bb72a2fb53addb82aa1a033797e6e3,1
0x7b307c1f0039f5d38770e15f8043b3dd26da5e8f,1537445590,6368436.0,OUT,0.0,0x7668d0fffca4a80634f657128f8acc06adf17e3eca01c33304a0767b7aeeac7b,internal,call,0.097586440677966 Ether,1,0xe1f3294e25bb72a2fb53addb82aa1a033797e6e3,1
0x7b307c1f0039f5d38770e15f8043b3dd26da5e8f,1539338851,0.0,OUT,0.0,0x0c91e1cce1b11e5b66bde834ce587b331c6ac07674b3e39f47c860a25e7d04b9,internal,call,1.184615593220338 Ether,1,0xe1f3294e25bb72a2fb53addb82aa1a033797e6e3,1
0x7b307c1f0039f5d38770e15f8043b3dd26da5e8f,1538493603,6442360.0,OUT,0.0,0x2fd9011d2ff980e5ac3be0c4ddf8046312981b3e652a8dae071f4e11486f9edc,internal,call,0.000231864406779 Ether,1,0xe1f3294e25bb72a2fb53addb82aa1a033797e6e3,1
0x7b307c1f0039f5d38770e15f8043b3dd26da5e8f,1538493341,6442342.0,OUT,0.0,0xbd7e3aa1e17c1b774c89916acbd09de2bf78eb4ade36dc9977fa89d113c56156,internal,call,0.278585084745762 Ether,1,0xe1f3294e25bb72a2fb53addb82aa1a033797e6e3,2
