address,age,block,direction,txFee,txhash,txn_type,type,value,Class,creator,inter_direction
0x80e4f014c98320eab524ae16b0aaf1603f4dc01d,1538056268,6411417.0,OUT,0.0,0x96f0a44fd9b632239b9ff003fee7b76e2fbda6a4824aad44e948b46a2e2f2444,internal,call,0.050013888888888 Ether,1,0x96bb98183e5562913e72613c1979d0a13f8ec76b,1
0x80e4f014c98320eab524ae16b0aaf1603f4dc01d,1538506935,6443308.0,OUT,0.0,0x8d4cb4547b09223eb66baddc95d76648d9913e0b032f6e4f1b76ca744506689a,internal,call,0.004477440089522 Ether,1,0x96bb98183e5562913e72613c1979d0a13f8ec76b,1
