address,age,block,direction,txFee,txhash,txn_type,type,value,Class,creator,inter_direction
0x8a883a20940870dc055f2070ac8ec847ed2d9918,1533631689,6105579.0,OUT,0.0,0x9b19f31dd81f12eaf0dff23893ed380e81be500b841457077f2c2591c1244624,internal,call,0.014327083854395 Ether,1,0xc14f8469d4bb31c8e69fae9c16e262f45edc3635,2
0x8a883a20940870dc055f2070ac8ec847ed2d9918,1532982081,6061113.0,OUT,0.0,0x5bf81ccf670b531a03f6798aa9791d0eb12dc1def6bd407891717cacd032e236,internal,call,0.03304969649887 Ether,1,0xc14f8469d4bb31c8e69fae9c16e262f45edc3635,2
