address,age,block,direction,txFee,txhash,txn_type,type,value,Class,creator,inter_direction
0xe7d2c826292ce8bdd5e51ce44fff4033be657269,1533086806,6068239.0,OUT,0.0,0x6295b259356b013cad8d805ec7621b17d96dccad6626e3cdb12b5479366ed4c6,internal,call,0.055078018820034 Ether,1,0x40ae782714c22319ee27e44480e92e6731bda0f1,2
0xe7d2c826292ce8bdd5e51ce44fff4033be657269,1533030638,6064436.0,OUT,0.0,0x6c47f06b5c3300eb779bd482a9f646e952c86f594fb38794c183558a24f1fd17,internal,call,0.064440595075452 Ether,1,0x40ae782714c22319ee27e44480e92e6731bda0f1,2
