address,age,block,direction,txFee,txhash,txn_type,type,value,Class,creator,inter_direction
0x71c2683152b632fa1d515a3df067825e2b240216,1501809106,4115337.0,OUT,0.0,0x80ee3fdd6016534b6edbb61e1be423228215c4100473ad2ebee1a472630887c5,internal,call,0.00000000000016 Ether,0,0x5031129a4a1c0eaa0b98f989f9f3087c9a236451,2
0x71c2683152b632fa1d515a3df067825e2b240216,1501808410,4115316.0,OUT,0.0,0x42082db74e4f6e2d04ccf76df2ee9e5e047d4724001698479da5c05f04a52933,internal,call,0.000000000000456 Ether,0,0x5031129a4a1c0eaa0b98f989f9f3087c9a236451,2
