address,age,block,direction,txFee,txhash,txn_type,type,value,Class,creator,inter_direction
0x4e8ecf79ade5e2c49b9e30d795517a81e0bf00b8,1532825102,6050302.0,OUT,0.0,0x71edab4dd47f56df50ba5eda2cfdca26bf94bc335a6359c0d2a67226bd89e91f,internal,call,0.164777014159303 Ether,1,0xf39e044e1ab204460e06e87c6dca2c6319fc69e3,1
0x4e8ecf79ade5e2c49b9e30d795517a81e0bf00b8,1532725125,0.0,OUT,0.0,0x558cd4ce656db44f0d47b5f42ce03c0872bcdca5c6d5efd0c488b39a4b491b10,internal,call,0.005063507797391 Ether,1,0xf39e044e1ab204460e06e87c6dca2c6319fc69e3,1
