address,age,block,direction,txFee,txhash,txn_type,type,value,Class,creator,inter_direction
0x8a883a20940870dc055f2070ac8ec847ed2d9918,1532329797,6016449.0,OUT,0.0,0xfe4da35660df5a76ae3ec72284fba805095df7b3eeb8140ee33213605e79b9b3,internal,call,0.001512710491509 Ether,1,0xc14f8469d4bb31c8e69fae9c16e262f45edc3635,2
0x8a883a20940870dc055f2070ac8ec847ed2d9918,1532620836,6033253.0,OUT,0.0,0xff36788607b14e5ac16f2f785cd851e7ec0f8756508aa3acab9f7f32ac2cdbf8,internal,call,0.004051272793603 Ether,1,0xc14f8469d4bb31c8e69fae9c16e262f45edc3635,2
0x8a883a20940870dc055f2070ac8ec847ed2d9918,1532466874,0.0,OUT,0.0,0xb0be98a08dc6c5f8ed42f89275ada0ec8e4ed5393f23401d5907261715003efd,internal,call,0.023900926961848 Ether,1,0xc14f8469d4bb31c8e69fae9c16e262f45edc3635,2
0x8a883a20940870dc055f2070ac8ec847ed2d9918,1533163622,0.0,OUT,0.0,0x065d751593439d453ea66865dd8e768c46850829c7cd4edcea139c3dd108820d,internal,call,0.121828270591235 Ether,1,0xc14f8469d4bb31c8e69fae9c16e262f45edc3635,2
0x8a883a20940870dc055f2070ac8ec847ed2d9918,1532326241,6016212.0,OUT,0.0,0x81a5a93bd10ce16b995b93e97636f64bae205072be0d485b949c53fa55b82104,internal,call,0.213591429399089 Ether,1,0xc14f8469d4bb31c8e69fae9c16e262f45edc3635,2
0x8a883a20940870dc055f2070ac8ec847ed2d9918,1532918706,0.0,OUT,0.0,0x575b41b70995ca6a879a6a1b7efd820a94c7cecbd9ac8b2e9e2fce0b6a3b59c4,internal,call,0.004046388713208 Ether,1,0xc14f8469d4bb31c8e69fae9c16e262f45edc3635,2
