address,age,block,direction,txFee,txhash,txn_type,type,value,Class,creator,inter_direction
0x4e8ecf79ade5e2c49b9e30d795517a81e0bf00b8,1533671265,0.0,OUT,0.0,0xd642eaefc448e4a1e9609f2e43554108b5a570e5e3a11d8d661b31014850058e,internal,call,0.017167406037635 Ether,1,0xf39e044e1ab204460e06e87c6dca2c6319fc69e3,2
0x4e8ecf79ade5e2c49b9e30d795517a81e0bf00b8,1533385007,6088659.0,OUT,0.0,0xfc341d64fb9e9b82b5a7c516f1007eabfb7388e4f084b1a2060056206ebe8d89,internal,call,0.024222163063977 Ether,1,0xf39e044e1ab204460e06e87c6dca2c6319fc69e3,2
