address,age,block,direction,txFee,txhash,txn_type,type,value,Class,creator,inter_direction
0xe1c9a03cf690256ff7738cbd508c88cf5238a535,1523723673,5439082.0,OUT,0.0,0xb633e48c791cccbe6256a58720f2d326f70c9568ae854f12994c4be20deab4eb,internal,call,0.002907631222637 Ether,1,0xc84c18a88789dba5b0ca9c13973435bbce7e961d,2
0xe1c9a03cf690256ff7738cbd508c88cf5238a535,1524649555,5504519.0,OUT,0.0,0x64e67bbbf440c1485f92eb62ea0cfa095ac9122588982f6837f8a4c882243210,internal,call,0.014581191918025 Ether,1,0xc84c18a88789dba5b0ca9c13973435bbce7e961d,2
0xe1c9a03cf690256ff7738cbd508c88cf5238a535,1524636146,5503648.0,OUT,0.0,0x78338622c29a7e094e7420ca7333cc4ca22feb6c6fb7a37d0dead856cedea4b4,internal,call,0.004203358491056 Ether,1,0xc84c18a88789dba5b0ca9c13973435bbce7e961d,2
0xe1c9a03cf690256ff7738cbd508c88cf5238a535,1523499312,5426701.0,OUT,0.0,0x4f6cd46c32918076f4dda75281d874c0cc7694d72038a255e7ea04022abf77bb,internal,call,0.003571647999755 Ether,1,0xc84c18a88789dba5b0ca9c13973435bbce7e961d,2
0xe1c9a03cf690256ff7738cbd508c88cf5238a535,1523178758,5404404.0,OUT,0.0,0x67cd5177341a1e109750b08e29c3b51cc569dcad58a57bdcfa86e777b9a7b280,internal,call,0.010050496229671 Ether,1,0xc84c18a88789dba5b0ca9c13973435bbce7e961d,2
