address,age,block,direction,txFee,txhash,txn_type,type,value,Class,creator,inter_direction
0xe1c9a03cf690256ff7738cbd508c88cf5238a535,1522912938,5385730.0,OUT,0.0,0x8745fa8c9e24281cfeb2966c3f9179dd397f31b9061f9ef8244fce56823b4520,internal,call,1.560543284439467 Ether,1,0xc84c18a88789dba5b0ca9c13973435bbce7e961d,2
0xe1c9a03cf690256ff7738cbd508c88cf5238a535,1523003852,5392134.0,OUT,0.0,0xd3bab7207e14d0331387f5fd5c94593d9faa58298a10016f1770bdf629b4c89a,internal,call,3.20733194979141 Ether,1,0xc84c18a88789dba5b0ca9c13973435bbce7e961d,2
