address,age,block,direction,txFee,txhash,txn_type,type,value,Class,creator,inter_direction
0x4e8ecf79ade5e2c49b9e30d795517a81e0bf00b8,1533066892,6066945.0,OUT,0.0,0x296f98530e9a50f9f33450538051ea100703fb4c3e739623ac9a125a1da7480c,internal,call,0.013002769432011 Ether,1,0xf39e044e1ab204460e06e87c6dca2c6319fc69e3,1
0x4e8ecf79ade5e2c49b9e30d795517a81e0bf00b8,1533252719,6079538.0,OUT,0.0,0x6900d6be63c5ef3de85968272924592927683085de95b85086e164752a3dcc5c,internal,call,0.248500624436651 Ether,1,0xf39e044e1ab204460e06e87c6dca2c6319fc69e3,1
