address,age,block,direction,txFee,txhash,txn_type,type,value,Class,creator,inter_direction
0xb10ea0d397db942a1083a4af9c6074ab63bc8c8b,1539668333,6526061.0,OUT,0.0,0x5f214d2731559185d0961e9c4d83906634c80fecf0166f4e182950c98181fcad,internal,call,0.501233898305084 Ether,1,0x65b041db3135ed5f76d9486aa56f8ca5dc9a3f5e,1
0xb10ea0d397db942a1083a4af9c6074ab63bc8c8b,1541013569,6621278.0,OUT,0.0,0x9e9197e8eedee9c8aad768500ec6c66bca705631f442196b06da37161a57bc5a,internal,call,0.376677966101694 Ether,1,0x65b041db3135ed5f76d9486aa56f8ca5dc9a3f5e,1
0xb10ea0d397db942a1083a4af9c6074ab63bc8c8b,1540620142,6593498.0,OUT,0.0,0xba2d4fba5c509b4496c78899e67022ceec2c5a55ed9f6685eb4081d84e42a7ff,internal,call,0.9144 Ether,1,0x65b041db3135ed5f76d9486aa56f8ca5dc9a3f5e,2
