address,age,block,direction,txFee,txhash,txn_type,type,value,Class,creator,inter_direction
0xb2816223fddc21aca553ba208c7b7a13b27c207c,1540965618,0.0,OUT,0.0,0x6d2bad0433f752e040fda9bf1e6088bca61674e565eeebe1e7acc761f86d2234,internal,call,0.000970536145833 Ether,1,0x50b69eb0234c84e44a6951ba0ad2e316a81d0900,2
0xb2816223fddc21aca553ba208c7b7a13b27c207c,1540926888,6615150.0,OUT,0.0,0x54ee8a5af3d9635293eac8a2b590cd87df67e9ac21b2612176ee8192a603a6a5,internal,call,0.0021651 Ether,1,0x50b69eb0234c84e44a6951ba0ad2e316a81d0900,2
