address,age,block,direction,txFee,txhash,txn_type,type,value,Class,creator,inter_direction
0x8d12a197cb00d4747a1fe03395095ce2a5cc6819,1532342126,6017313.0,OUT,0.0,0x0333beb73f9f3b70e294dd6c5550e7984df5f70fa48e0d02083c679f5d09bb52,internal,call,0.024133463613865 Ether,0,0x1ed014aec47fae44c9e55bac7662c0b78ae61798,2
0x8d12a197cb00d4747a1fe03395095ce2a5cc6819,1532097184,6000439.0,OUT,0.0,0xf9e98e8a6feafbce52f6f2560b3a8f6f8d5cd5f30d87f1cdfc7bbef1146e5f12,internal,call,0.045115225473 Ether,0,0x1ed014aec47fae44c9e55bac7662c0b78ae61798,2
