address,age,block,direction,txFee,txhash,txn_type,type,value,Class,creator,inter_direction
0xb1690c08e213a35ed9bab7b318de14420fb57d8c,1544040769,0.0,OUT,0.0,0xe3f9a6c61e4106ef82f9b36452e8f10ab2da31d1a48397163ca0916ec108608f,internal,call,0.066243055996817 Ether,0,0xba52c75764d6f594735dc735be7f1830cdf58ddf,2
0xb1690c08e213a35ed9bab7b318de14420fb57d8c,1543328704,0.0,OUT,0.0,0xa904ad9b9c9a5583b1aa94d56224a052d59dac76de10250b0f13b6d3d9414045,internal,call,0.049676974714265 Ether,0,0xba52c75764d6f594735dc735be7f1830cdf58ddf,2
0xb1690c08e213a35ed9bab7b318de14420fb57d8c,1543813405,6818600.0,OUT,0.0,0xd90176c22ac1bdeeef13b367cec73932067ea25df2293393a21005665abda0f9,internal,call,0.0048125 Ether,0,0xba52c75764d6f594735dc735be7f1830cdf58ddf,2
0xb1690c08e213a35ed9bab7b318de14420fb57d8c,1543398517,0.0,OUT,0.0,0xcf457ed237c3e00931c59eb0183a1e984a75b4d2fc6f7c807bf34399580979af,internal,call,0.023572203168402 Ether,0,0xba52c75764d6f594735dc735be7f1830cdf58ddf,2
0xb1690c08e213a35ed9bab7b318de14420fb57d8c,1543398517,0.0,OUT,0.0,0xcf305226b11659085e02fc847a64e3470f5a69a10bf14475d9324ec4da0b0a35,internal,call,0.025013110228587 Ether,0,0xba52c75764d6f594735dc735be7f1830cdf58ddf,2
