address,age,block,direction,txFee,txhash,txn_type,type,value,Class,creator,inter_direction
0xb10ea0d397db942a1083a4af9c6074ab63bc8c8b,1539829814,6537534.0,OUT,0.0,0x4e34839a851ba14b0a615fdbe7fc785a84d4d7458a3af3c4d0988bd341e7ad02,internal,call,0.002492440677966 Ether,1,0x65b041db3135ed5f76d9486aa56f8ca5dc9a3f5e,1
0xb10ea0d397db942a1083a4af9c6074ab63bc8c8b,1540296246,6570537.0,OUT,0.0,0xbcb7d532036c4385fcc9637b33f7a163251514168605ea0d12994ea5e202d857,internal,call,0.003356237288135 Ether,1,0x65b041db3135ed5f76d9486aa56f8ca5dc9a3f5e,2
0xb10ea0d397db942a1083a4af9c6074ab63bc8c8b,1539513442,6515084.0,OUT,0.0,0xcbf14f109d83522034a39e7d4b53879c313272c39f647ae06fe99910528451a9,internal,call,0.0025 Ether,1,0x65b041db3135ed5f76d9486aa56f8ca5dc9a3f5e,2
0xb10ea0d397db942a1083a4af9c6074ab63bc8c8b,1540885280,6612265.0,OUT,0.0,0xde6824c04cdded0033d6eed97264971d56651a923b9a6988cc078a9a6bfebd69,internal,call,0.004243525423728 Ether,1,0x65b041db3135ed5f76d9486aa56f8ca5dc9a3f5e,2
