address,age,block,direction,txFee,txhash,txn_type,type,value,Class,creator,inter_direction
0xbeefd8fb3b5778f99e021afa2e41e0614af6af11,1540939085,0.0,OUT,0.0,0x2b4e9ab7f77bb52f544dd010670677dd1f93f81d121b6b048bee736140c46257,internal,call,0.005620137296459 Ether,1,0x300758881bf3756b6cb5b2e96f545d7b3566ce3a,1
0xbeefd8fb3b5778f99e021afa2e41e0614af6af11,1540718894,0.0,OUT,0.0,0xed4fcc725a3bb2bfefcfe45bd690dba42ee7b31592ed9153f8d180d10921246a,internal,call,0.019802555034836 Ether,1,0x300758881bf3756b6cb5b2e96f545d7b3566ce3a,2
