address,age,block,direction,txFee,txhash,txn_type,type,value,Class,creator,inter_direction
0x4e8ecf79ade5e2c49b9e30d795517a81e0bf00b8,1533611418,6104188.0,OUT,0.0,0xb6f2b7e61999ab4e96bc2b1787dd91454ec5f52bc168e6334a6134d41c2eec0d,internal,call,0.004630478655311 Ether,1,0xf39e044e1ab204460e06e87c6dca2c6319fc69e3,2
0x4e8ecf79ade5e2c49b9e30d795517a81e0bf00b8,1532724530,0.0,OUT,0.0,0xc5d8ac12462f1c9d209c0eb8a60de30ec28574d1cf4b371db5983c8f8679f5d4,internal,call,2.266515547054845 Ether,1,0xf39e044e1ab204460e06e87c6dca2c6319fc69e3,2
