address,age,block,direction,txFee,txhash,txn_type,type,value,Class,creator,inter_direction
0x7e0529eb456a7c806b5fe7b3d69a805339a06180,1537449383,6368711.0,OUT,0.0,0xacd6da4ca3a3e04b97a5900bb3adaff81e772656dc4dd143baacb3d0d1fced89,internal,call,0.101637932566118 Ether,1,0x8c691931c6c4ecd92ecc26f9706faaf4aebe137d,2
0x7e0529eb456a7c806b5fe7b3d69a805339a06180,1537378071,6363727.0,OUT,0.0,0xd8615083cbc632417c3eb1ea7fc7a2af1bf1994b68ba1533ab20ab987cfd783f,internal,call,0.046454309239566 Ether,1,0x8c691931c6c4ecd92ecc26f9706faaf4aebe137d,2
