address,age,block,direction,txFee,txhash,txn_type,type,value,Class,creator,inter_direction
0x702392282255f8c0993dbbbb148d80d2ef6795b1,1523505313,5427112.0,OUT,0.0,0x52a24d306b6c6ef63d3375b7ddc7e7ee999b4f815b48a3f2760c5e2af0638e85,internal,call,0.00373142413554 Ether,1,0xfea0904acc8df0f3288b6583f60b86c36ea52acd,2
0x702392282255f8c0993dbbbb148d80d2ef6795b1,1523310931,5413623.0,OUT,0.0,0x14938db960bd19f022558d32f638317475957694c91bbde5d0dc955819a476d6,internal,call,0.005462934897782 Ether,1,0xfea0904acc8df0f3288b6583f60b86c36ea52acd,2
0x702392282255f8c0993dbbbb148d80d2ef6795b1,1523407987,5420385.0,OUT,0.0,0x1a01f2f72c1afd3e66e60d1beaaeb19c094dca776fcd246f9d4578c6b7c73f10,internal,call,0.003446991714403 Ether,1,0xfea0904acc8df0f3288b6583f60b86c36ea52acd,2
0x702392282255f8c0993dbbbb148d80d2ef6795b1,1523369045,5417681.0,OUT,0.0,0x287bca637acfb857a37633444be55357120c2c066fac47306e7e9947ba1dc3e8,internal,call,0.003233101798248 Ether,1,0xfea0904acc8df0f3288b6583f60b86c36ea52acd,2
0x702392282255f8c0993dbbbb148d80d2ef6795b1,1523367285,5417544.0,OUT,0.0,0x7cd4998b30b4b220f7025e356d3b95dd73e19014b9bdcb5122a6b669e2dc7591,internal,call,0.00897972245854 Ether,1,0xfea0904acc8df0f3288b6583f60b86c36ea52acd,2
0x702392282255f8c0993dbbbb148d80d2ef6795b1,1523531738,5428914.0,OUT,0.0,0xdd3ac07f6445951239f0de79815936dbf834553eb24bc4a5b036f813b711ef9d,internal,call,0.142940474716802 Ether,1,0xfea0904acc8df0f3288b6583f60b86c36ea52acd,2
