address,age,block,direction,txFee,txhash,txn_type,type,value,Class,creator,inter_direction
0xf00e5a59fde1cb2ead96a8be7711abc3f981e0f1,1537867659,6398115.0,OUT,0.0,0xb13db5bf08adfc71b10d09f99d11891e38999df45b17425707281982b32d52a7,internal,call,0.152902777777777 Ether,1,0x96bb98183e5562913e72613c1979d0a13f8ec76b,2
0xf00e5a59fde1cb2ead96a8be7711abc3f981e0f1,1537885960,6399404.0,OUT,0.0,0x2887e8f07df6f6299ab86b83190cfb6a3f922193ee5257a857c3fb8a1aff2952,internal,call,0.116430555555555 Ether,1,0x96bb98183e5562913e72613c1979d0a13f8ec76b,2
0xf00e5a59fde1cb2ead96a8be7711abc3f981e0f1,1537880995,6399062.0,OUT,0.0,0x1f84858b4e7a016874d02280e1c52546d53b98f00e2840283a1c133a260c46ca,internal,call,0.206208333333333 Ether,1,0x96bb98183e5562913e72613c1979d0a13f8ec76b,2
0xf00e5a59fde1cb2ead96a8be7711abc3f981e0f1,1537861149,6397662.0,OUT,0.0,0xe93dab5f12ca477d5d4944f4df22c84abb300ee233bd3e1b8c8a983dc5a6d618,internal,call,0.018236111111111 Ether,1,0x96bb98183e5562913e72613c1979d0a13f8ec76b,2
0xf00e5a59fde1cb2ead96a8be7711abc3f981e0f1,1537860327,0.0,OUT,0.0,0xcedaf75e52ddf999dd128bab583abca03e375d07e3bfe70f520445b00528951c,internal,call,0.000361111111111 Ether,1,0x96bb98183e5562913e72613c1979d0a13f8ec76b,2
0xf00e5a59fde1cb2ead96a8be7711abc3f981e0f1,1537936671,6399950.0,OUT,0.0,0xf37f43e0cb3b445186f4a6aeb3520cc3c5a063bcebb37245c19610fc64aa5995,internal,call,0.175347222222222 Ether,1,0x96bb98183e5562913e72613c1979d0a13f8ec76b,2
0xf00e5a59fde1cb2ead96a8be7711abc3f981e0f1,1537872148,6398452.0,OUT,0.0,0xa6d46a407ae096aa65ba551527371b12dcc7b98c4aa88763edd6a1a65d487126,internal,call,0.105208333333333 Ether,1,0x96bb98183e5562913e72613c1979d0a13f8ec76b,2
0xf00e5a59fde1cb2ead96a8be7711abc3f981e0f1,1537897862,6400285.0,OUT,0.0,0x4b41de2281ceec5498ab7607fbf711a0ccc4e1021d31d6d29e7d74d48f55bf0c,internal,call,0.102402777777777 Ether,1,0x96bb98183e5562913e72613c1979d0a13f8ec76b,2
