address,age,block,direction,txFee,txhash,txn_type,type,value,Class,creator,inter_direction
0x7b307c1f0039f5d38770e15f8043b3dd26da5e8f,1539790439,6534731.0,OUT,0.0,0xc948d292311eed46fe4f8b0e6e687b33649629bc0dc03005f3872d13026c2f73,internal,call,0.004296474576271 Ether,1,0xe1f3294e25bb72a2fb53addb82aa1a033797e6e3,2
0x7b307c1f0039f5d38770e15f8043b3dd26da5e8f,1538007391,6407985.0,OUT,0.0,0x06bcfef5a244ba9b29e2c09911db85f8ec37ffe846d789c9a83955ab49784bcd,internal,call,0.000104169491525 Ether,1,0xe1f3294e25bb72a2fb53addb82aa1a033797e6e3,1
