address,age,block,direction,txFee,txhash,txn_type,type,value,Class,creator,inter_direction
0x8a883a20940870dc055f2070ac8ec847ed2d9918,1533583668,6102312.0,OUT,0.0,0x34d94c9b8d9a783f8d6f3138a1b1507e8780a1eb07656934b8f26b35c0f0b4b7,internal,call,0.004942213649351 Ether,1,0xc14f8469d4bb31c8e69fae9c16e262f45edc3635,2
0x8a883a20940870dc055f2070ac8ec847ed2d9918,1533017471,6063522.0,OUT,0.0,0x39bc7ef77844da94b77c4ab13cc11603d7a005301f60fa9ab4147067156ef5be,internal,call,0.000436107231275 Ether,1,0xc14f8469d4bb31c8e69fae9c16e262f45edc3635,2
