address,age,block,direction,txFee,txhash,txn_type,type,value,Class,creator,inter_direction
0x7b307c1f0039f5d38770e15f8043b3dd26da5e8f,1538554116,6446598.0,OUT,0.0,0x636350408b002897f26ec44de31075b3acc25e5f488be6db2665cfd524aa358e,internal,call,0.060611525423728 Ether,1,0xe1f3294e25bb72a2fb53addb82aa1a033797e6e3,1
0x7b307c1f0039f5d38770e15f8043b3dd26da5e8f,1537920871,6401897.0,OUT,0.0,0x99f14dce68949cc290f5542200fc0fc4e0ad917701fe85962097d551e8feec6f,internal,call,0.000002711864406 Ether,1,0xe1f3294e25bb72a2fb53addb82aa1a033797e6e3,1
0x7b307c1f0039f5d38770e15f8043b3dd26da5e8f,1540258407,6567860.0,OUT,0.0,0x9fb1d8e9a14b8c54c942bf4f255dbfd347ad7d9442e35393930622443aff5955,internal,call,0.164423050847457 Ether,1,0xe1f3294e25bb72a2fb53addb82aa1a033797e6e3,1
