address,age,block,direction,txFee,txhash,txn_type,type,value,Class,creator,inter_direction
0xb1690c08e213a35ed9bab7b318de14420fb57d8c,1544500641,6866733.0,OUT,0.0,0xfa0b577bddc603e496f3344031a2c5e187139dbfd51fa59e7a97090a9fc74712,internal,call,0.000038639076643 Ether,0,0xba52c75764d6f594735dc735be7f1830cdf58ddf,2
0xb1690c08e213a35ed9bab7b318de14420fb57d8c,1544498882,6866620.0,OUT,0.0,0xc6e186063198059cf3f96e27c13911ce634a862c26f7d8c5ec80278d2d261032,internal,call,0.000000574867302 Ether,0,0xba52c75764d6f594735dc735be7f1830cdf58ddf,2
