address,age,block,direction,txFee,txhash,txn_type,type,value,Class,creator,inter_direction
0x7e0529eb456a7c806b5fe7b3d69a805339a06180,1538563619,6447241.0,OUT,0.0,0x054066b51e35429cfc6b6073e1a4e8c19e134fea490581d6be862bf5db7dbbca,internal,call,0.680696626900294 Ether,1,0x8c691931c6c4ecd92ecc26f9706faaf4aebe137d,2
0x7e0529eb456a7c806b5fe7b3d69a805339a06180,1537277639,6356650.0,OUT,0.0,0x025c9b7459a67cab9419e883cb77580c96d4bb868447d526806756894b292021,internal,call,0.084318592355674 Ether,1,0x8c691931c6c4ecd92ecc26f9706faaf4aebe137d,2
