address,age,block,direction,txFee,txhash,txn_type,type,value,Class,creator,inter_direction
0x8a883a20940870dc055f2070ac8ec847ed2d9918,1532334047,6016744.0,OUT,0.0,0x2b37a0bfd239b03e32e2882bc05de899a5d7ec76970088022565590242589819,internal,call,10.223711408053738 Ether,1,0xc14f8469d4bb31c8e69fae9c16e262f45edc3635,2
0x8a883a20940870dc055f2070ac8ec847ed2d9918,1533205200,0.0,OUT,0.0,0x588d0d384fb7a5fc935498905b651482688aa05fe990624ef14e4d38edc93db5,internal,call,0.99586075499698 Ether,1,0xc14f8469d4bb31c8e69fae9c16e262f45edc3635,2
0x8a883a20940870dc055f2070ac8ec847ed2d9918,1532938840,6058150.0,OUT,0.0,0x4c52a44e00ab6517fe28e5c2d8054104f3c6b1ac6e37a6879e167c26965a4010,internal,call,0.009042898616968 Ether,1,0xc14f8469d4bb31c8e69fae9c16e262f45edc3635,2
0x8a883a20940870dc055f2070ac8ec847ed2d9918,1532766976,6046195.0,OUT,0.0,0xe828166bf68295fa2cd3113952f7c70e9e0ba5f4a4022be9fc383ebe4becdf5a,internal,call,0.226569431406479 Ether,1,0xc14f8469d4bb31c8e69fae9c16e262f45edc3635,2
