address,age,block,direction,txFee,txhash,txn_type,type,value,Class,creator,inter_direction
0x4e8ecf79ade5e2c49b9e30d795517a81e0bf00b8,1532833576,6050883.0,OUT,0.0,0x021a018155fe43dfc2a6bd8ded292f6b1b36aa682481ec8eb99bd16e27177032,internal,call,0.06577327988299 Ether,1,0xf39e044e1ab204460e06e87c6dca2c6319fc69e3,1
0x4e8ecf79ade5e2c49b9e30d795517a81e0bf00b8,1532887095,6054594.0,OUT,0.0,0x8db6d677d398f2dbe33961071660d9e70ea7a46305485d7ed539da68467f31be,internal,call,0.001209390744413 Ether,1,0xf39e044e1ab204460e06e87c6dca2c6319fc69e3,1
