address,age,block,direction,txFee,txhash,txn_type,type,value,Class,creator,inter_direction
0x7b307c1f0039f5d38770e15f8043b3dd26da5e8f,1540123905,0.0,OUT,0.0,0xd4dedba3f53f6ee4df58ee794931483d9e0012927917a640a4abec09c98fa450,internal,call,0.17046020338983 Ether,1,0xe1f3294e25bb72a2fb53addb82aa1a033797e6e3,2
0x7b307c1f0039f5d38770e15f8043b3dd26da5e8f,1539077278,6483974.0,OUT,0.0,0xd1f6bdd09e5c33a012c9dccc8a38cb0195acf4310915f8ce4b69cefb3aa9d19e,internal,call,0.169250983050847 Ether,1,0xe1f3294e25bb72a2fb53addb82aa1a033797e6e3,2
0x7b307c1f0039f5d38770e15f8043b3dd26da5e8f,1538535324,6445296.0,OUT,0.0,0xa2c1ae5b3152ae439cbe74b31f8a1ed0b8c7ae54a581fd8eaeaf88b2e04b29cf,internal,call,0.162500610169491 Ether,1,0xe1f3294e25bb72a2fb53addb82aa1a033797e6e3,1
0x7b307c1f0039f5d38770e15f8043b3dd26da5e8f,1538899367,6471237.0,OUT,0.0,0xa0b4b2b11a3ffc4ddf34b2e98b13a630d2016ba6794cd97abf70e7bb244e1c93,internal,call,0.344707525423728 Ether,1,0xe1f3294e25bb72a2fb53addb82aa1a033797e6e3,1
0x7b307c1f0039f5d38770e15f8043b3dd26da5e8f,1540252102,6567436.0,OUT,0.0,0x5d363bf039dd711cece4d6a61e2628b74dc5d78f0878ad2ec47d56f02793b327,internal,call,0.120935322033898 Ether,1,0xe1f3294e25bb72a2fb53addb82aa1a033797e6e3,1
0x7b307c1f0039f5d38770e15f8043b3dd26da5e8f,1539296261,6499621.0,OUT,0.0,0x8d253ab73d374438b6d46393c9823bc4b622d4a438c2e6f9f846d8b8d7344f7b,internal,call,0.207919457627118 Ether,1,0xe1f3294e25bb72a2fb53addb82aa1a033797e6e3,1
0x7b307c1f0039f5d38770e15f8043b3dd26da5e8f,1538363029,0.0,OUT,0.0,0x777f52847177aaea4d789eb9ed3286a262fa1e6742fd68ab1e72bfa5968ebc2a,internal,call,0.084007593220338 Ether,1,0xe1f3294e25bb72a2fb53addb82aa1a033797e6e3,1
0x7b307c1f0039f5d38770e15f8043b3dd26da5e8f,1539942882,6545507.0,OUT,0.0,0x71ea5a8e3cc972b68968f417a484b5f9187be0e03ad2078080083e5aa0981274,internal,call,0.196637830508474 Ether,1,0xe1f3294e25bb72a2fb53addb82aa1a033797e6e3,1
0x7b307c1f0039f5d38770e15f8043b3dd26da5e8f,1539733797,0.0,OUT,0.0,0xefd231fcf531b2a5ed3dcd2e833c73cdd99410b5cf1034c579ad16e8128451f9,internal,call,0.413101559322033 Ether,1,0xe1f3294e25bb72a2fb53addb82aa1a033797e6e3,2
