address,age,block,direction,txFee,txhash,txn_type,type,value,Class,creator,inter_direction
0x422866a8f0b032c5cf1dfbdef31a20f4509562b0,1503094825,4176426.0,OUT,0.0,0x63cc7d4445256ffb439c078008fe231954cda48ba26220215ea93990534d4854,internal,call,0.0000443668 Ether,0,0x30f85436c58826c47ddaa035b8b5023d59c09f67,1
0x422866a8f0b032c5cf1dfbdef31a20f4509562b0,1503094479,4176414.0,OUT,0.0,0xdb51ebb4fe9636ddc1184d2bbb70e7c069650b1063de16bb89b3c296353e3de1,internal,call,0.00004644616 Ether,0,0x30f85436c58826c47ddaa035b8b5023d59c09f67,2
