address,age,block,direction,txFee,txhash,txn_type,type,value,Class,creator,inter_direction
0x4e8ecf79ade5e2c49b9e30d795517a81e0bf00b8,1532736505,0.0,OUT,0.0,0xe46cd0899b18a74fb6f4eb98fd0bff2f95f77c2d05f8bd1cb3a292ae730ea49a,internal,call,0.028132712822529 Ether,1,0xf39e044e1ab204460e06e87c6dca2c6319fc69e3,2
0x4e8ecf79ade5e2c49b9e30d795517a81e0bf00b8,1532716839,0.0,OUT,0.0,0xa17237e6f6d30083913656960624c0cfff50ddb7d42d3bca357ef423831d3421,internal,call,0.616274228914408 Ether,1,0xf39e044e1ab204460e06e87c6dca2c6319fc69e3,1
