address,age,block,direction,txFee,txhash,txn_type,type,value,Class,creator,inter_direction
0xc02aaa39b223fe8d0a0e5c4f27ead9083c756cc2,1539558565,6518297.0,OUT,0.0,0x861476faf8f6dd7a5f5228cdc91cb4807df66e0e53352ca532abe6ebd3ed1343,internal,call,23.49 Ether,0,0x4f26ffbe5f04ed43630fdc30a87638d53d0b0876,1
0xc02aaa39b223fe8d0a0e5c4f27ead9083c756cc2,1538745822,6460196.0,OUT,0.0,0x5abb74868124c4fd16639617ead3431318710c67556805dbf8010011dc0a8f09,internal,call,8.131140852469755 Ether,0,0x4f26ffbe5f04ed43630fdc30a87638d53d0b0876,1
0xc02aaa39b223fe8d0a0e5c4f27ead9083c756cc2,1534691402,6178138.0,OUT,0.0,0xd1d590333b3cd2da138ded566f569327e5cda1b3c7c9ffda27090982770a5a4a,internal,call,9.2242 Ether,0,0x4f26ffbe5f04ed43630fdc30a87638d53d0b0876,2
0xc02aaa39b223fe8d0a0e5c4f27ead9083c756cc2,1535459547,6230774.0,OUT,0.0,0x04f21f06c5deda630f4a9f5e489232468ca5c11d4cd80644f713a08759fa6381,internal,call,4.88515536 Ether,0,0x4f26ffbe5f04ed43630fdc30a87638d53d0b0876,2
