address,age,block,direction,txFee,txhash,txn_type,type,value,Class,creator,inter_direction
0x702392282255f8c0993dbbbb148d80d2ef6795b1,1523599512,5433531.0,OUT,0.0,0xe1902e8c69eaeec4830d613648e93599e3f1add95e38ba8df0858634e9f72914,internal,call,0.013409719126448 Ether,1,0xfea0904acc8df0f3288b6583f60b86c36ea52acd,2
0x702392282255f8c0993dbbbb148d80d2ef6795b1,1525519672,5562135.0,OUT,0.0,0x2e21eec96192b4161fd9503b2f21b36cab33bf491980af044dc275729709962f,internal,call,0.00482958887117 Ether,1,0xfea0904acc8df0f3288b6583f60b86c36ea52acd,2
0x702392282255f8c0993dbbbb148d80d2ef6795b1,1523870684,5452082.0,OUT,0.0,0x07eef366a07e1e154cd36985f3d9e98e5704458d7f2b78b4c20b87377ecc9918,internal,call,0.004757692813369 Ether,1,0xfea0904acc8df0f3288b6583f60b86c36ea52acd,2
0x702392282255f8c0993dbbbb148d80d2ef6795b1,1528487319,5756934.0,OUT,0.0,0xc2dc4ff04046fc48b9f93b915f10fe02cd6dad0ff158067e85d631b849c0a794,internal,call,0.006470826059416 Ether,1,0xfea0904acc8df0f3288b6583f60b86c36ea52acd,2
0x702392282255f8c0993dbbbb148d80d2ef6795b1,1528101651,5731785.0,OUT,0.0,0xcc8eb720e12a71a78d584bbaa5ebeb8634037e0a45aea96168fc45476f2bff27,internal,call,0.00436104820025 Ether,1,0xfea0904acc8df0f3288b6583f60b86c36ea52acd,2
0x702392282255f8c0993dbbbb148d80d2ef6795b1,1524502166,5491794.0,OUT,0.0,0xf299752a8dbedda18087039fc5e289c50240c4c4cdb4df81f27196e84bd8fb22,internal,call,0.006475028474312 Ether,1,0xfea0904acc8df0f3288b6583f60b86c36ea52acd,2
