address,age,block,direction,txFee,txhash,txn_type,type,value,Class,creator,inter_direction
0xfde889c9354d09cec72845e76a0d9f97f4686f7a,1535799462,6254033.0,OUT,0.0,0xa6bf37b40e157f6c03d4795c527b9580fb995b69429cd9d088bae335b30e74b4,internal,call,0.021883462233882 Ether,1,0x93b5b8e5aefd9197305408df1f824b0e58229fd0,2
0xfde889c9354d09cec72845e76a0d9f97f4686f7a,1536083181,6273618.0,OUT,0.0,0xd102f2e1003e96bf191486b9cb7deaddc811546220d2fa43b8ae28f846291fd1,internal,call,0.175695299483186 Ether,1,0x93b5b8e5aefd9197305408df1f824b0e58229fd0,2
0xfde889c9354d09cec72845e76a0d9f97f4686f7a,1536069612,6272684.0,OUT,0.0,0x4a739bb27ae833e02843dd41953f62311f87746e9bb4c6801509ce61a302ca13,internal,call,0.085139676309679 Ether,1,0x93b5b8e5aefd9197305408df1f824b0e58229fd0,2
