address,age,block,direction,txFee,txhash,txn_type,type,value,Class,creator,inter_direction
0x6dfdec940b83e424c1433d08b2e6096809d3698b,1538725819,6458823.0,OUT,0.0,0xfe99309fe64984c4eb7481b461659058790feacd6be5758a81c0ebe35b9365bd,internal,call,0.003229166666666 Ether,1,0xbfb297616ffa0124a288e212d1e6df5299c9f8d0,2
0x6dfdec940b83e424c1433d08b2e6096809d3698b,1538723936,6458697.0,OUT,0.0,0x585bd89d518ab38df82b658b1ffc7d79391aa3c86dbc9b3a01195ca1ac5fc57e,internal,call,0.051666666666666 Ether,1,0xbfb297616ffa0124a288e212d1e6df5299c9f8d0,2
0x6dfdec940b83e424c1433d08b2e6096809d3698b,1538694191,6456567.0,OUT,0.0,0x28880028e1cdb9451facdf878e50a14e49d55f23b030d74c26562a1c3cf7e367,internal,call,0.258229166666666 Ether,1,0xbfb297616ffa0124a288e212d1e6df5299c9f8d0,2
