address,age,block,direction,txFee,txhash,txn_type,type,value,Class,creator,inter_direction
0xe272fddbd056240149c771f9fd917fa040dceb39,1543309771,6783310.0,OUT,0.0,0x707ca91a6209f3f9550fa2ddd1dcc776b3c81d0c9b081b2349a946610adb3fbd,internal,call,0.0021 Ether,0,0xb4e7acfb4a54aa6a9807b7783aa685405b9793a8,2
0xe272fddbd056240149c771f9fd917fa040dceb39,1543309373,6783279.0,OUT,0.0,0x971bc14dfbd99f3b1b20f0eafdf965fbf7afbac70e4a5a112aa424145244092f,internal,call,0.0021 Ether,0,0xb4e7acfb4a54aa6a9807b7783aa685405b9793a8,2
0xe272fddbd056240149c771f9fd917fa040dceb39,1543259984,6779925.0,OUT,0.0,0x4fd32b3e366c92c9c5d21840b6daf9f24074352a6055980acedaf80e1170be47,internal,call,0.0021 Ether,0,0xb4e7acfb4a54aa6a9807b7783aa685405b9793a8,2
0xe272fddbd056240149c771f9fd917fa040dceb39,1535697824,6247121.0,OUT,0.0,0xe9c404bf41100175eac82ba6af19788ffec44ca826439c959b968bee7e6bb15b,internal,call,0.000241084625962 Ether,0,0xb4e7acfb4a54aa6a9807b7783aa685405b9793a8,2
0xe272fddbd056240149c771f9fd917fa040dceb39,1535695017,6246912.0,OUT,0.0,0x9a5f33a5e000aca99075075bb75aeecefd0456c32064fe210ceebcb64813295d,internal,call,0.000250000000299 Ether,0,0xb4e7acfb4a54aa6a9807b7783aa685405b9793a8,2
0xe272fddbd056240149c771f9fd917fa040dceb39,1535709298,6247893.0,OUT,0.0,0xceae5dc4bf9292220c1d7a5defd035c7543d1d6b8aa85eb1ba59c95418564aaf,internal,call,0.0002500000003 Ether,0,0xb4e7acfb4a54aa6a9807b7783aa685405b9793a8,2
