address,age,block,direction,txFee,txhash,txn_type,type,value,Class,creator,inter_direction
0x4e8ecf79ade5e2c49b9e30d795517a81e0bf00b8,1535432401,6228900.0,OUT,0.0,0xd41de530a2acccdc0f6373c552c2f6d1972e119bdd269e0778d73cd944b43e3a,internal,call,0.030859679546677 Ether,1,0xf39e044e1ab204460e06e87c6dca2c6319fc69e3,2
0x4e8ecf79ade5e2c49b9e30d795517a81e0bf00b8,1533526497,6098404.0,OUT,0.0,0x1c9d5923211d5c1e5f719f884f236278ac55f25b1406b5b610693462c6d0015e,internal,call,0.066300754919887 Ether,1,0xf39e044e1ab204460e06e87c6dca2c6319fc69e3,1
0x4e8ecf79ade5e2c49b9e30d795517a81e0bf00b8,1533083239,6067996.0,OUT,0.0,0x50e1226b1319c8725851af3c9f231dc40747f6ba14044601c124beac8e9c52b3,internal,call,0.082614444585772 Ether,1,0xf39e044e1ab204460e06e87c6dca2c6319fc69e3,1
0x4e8ecf79ade5e2c49b9e30d795517a81e0bf00b8,1532759546,0.0,OUT,0.0,0x930da80a01a5e59d6b0cb2bb06ea7c59fd6f90f7905956b36447d5d978cc32f4,internal,call,0.244331702057144 Ether,1,0xf39e044e1ab204460e06e87c6dca2c6319fc69e3,1
