address,age,block,direction,txFee,txhash,txn_type,type,value,Class,creator,inter_direction
0x7e0529eb456a7c806b5fe7b3d69a805339a06180,1537952731,6404164.0,OUT,0.0,0xbac8d07eec28724f0b211891df57dc1f3b8b17137ecc2a013a2b236d3e383a83,internal,call,0.157652181739419 Ether,1,0x8c691931c6c4ecd92ecc26f9706faaf4aebe137d,2
0x7e0529eb456a7c806b5fe7b3d69a805339a06180,1538224213,6423309.0,OUT,0.0,0x14ac58236a0dcbe0ec1862115692d609b5128ae6d0839a242ab4380da05248ee,internal,call,0.096195348397045 Ether,1,0x8c691931c6c4ecd92ecc26f9706faaf4aebe137d,2
