address,age,block,direction,txFee,txhash,txn_type,type,value,Class,creator,inter_direction
0x4e8ecf79ade5e2c49b9e30d795517a81e0bf00b8,1536599996,6309268.0,OUT,0.0,0x70c833dfb08ee1b1185be8e071ee08c36f4160e2f8073e56b4b4cb76f06dbd80,internal,call,0.003374621063952 Ether,1,0xf39e044e1ab204460e06e87c6dca2c6319fc69e3,1
0x4e8ecf79ade5e2c49b9e30d795517a81e0bf00b8,1533252071,6079503.0,OUT,0.0,0xd383d31e46fafd8465ca0901a044633052422d06c58fee32c984dda5100c08c4,internal,call,0.00864059571035 Ether,1,0xf39e044e1ab204460e06e87c6dca2c6319fc69e3,2
0x4e8ecf79ade5e2c49b9e30d795517a81e0bf00b8,1533066526,6066918.0,OUT,0.0,0xbc0882b885c587ffe3ca5ec667c89f6db0e1b5fe2e57cfd57f50bb118fb75005,internal,call,0.030910171995701 Ether,1,0xf39e044e1ab204460e06e87c6dca2c6319fc69e3,2
0x4e8ecf79ade5e2c49b9e30d795517a81e0bf00b8,1532723882,0.0,OUT,0.0,0x38378b5a3867822fc55b3945f0d010d6dd6e148e7c9b4586d2a47e4aa5f6c280,internal,call,0.27616953016804 Ether,1,0xf39e044e1ab204460e06e87c6dca2c6319fc69e3,1
