address,age,block,direction,txFee,txhash,txn_type,type,value,Class,creator,inter_direction
0x8a883a20940870dc055f2070ac8ec847ed2d9918,1533175512,6074335.0,OUT,0.0,0xfb1c86cf42c760402300a1d9b22222328eb6e94185688d5fd96792e46064f410,internal,call,0.001085527446997 Ether,1,0xc14f8469d4bb31c8e69fae9c16e262f45edc3635,2
0x8a883a20940870dc055f2070ac8ec847ed2d9918,1532643979,6037767.0,OUT,0.0,0x85dd0db78267713d43a3cc242929ae106451c81b231fa070762553c4ca324d06,internal,call,0.000327237245526 Ether,1,0xc14f8469d4bb31c8e69fae9c16e262f45edc3635,2
