address,age,block,direction,txFee,txhash,txn_type,type,value,Class,creator,inter_direction
0x80e4f014c98320eab524ae16b0aaf1603f4dc01d,1538061956,0.0,OUT,0.0,0xb4a8c2f699cc82779bedfe4846df082c894d147d428a8bf2e6c1af3e6b77606b,internal,call,0.003472222222222 Ether,1,0x96bb98183e5562913e72613c1979d0a13f8ec76b,2
0x80e4f014c98320eab524ae16b0aaf1603f4dc01d,1538058907,0.0,OUT,0.0,0xed5b1a0bc09d0fe36b1bd120ec859b604ea9d9f82c131f6aca3ae6b7e1cc00f3,internal,call,0.035694444444444 Ether,1,0x96bb98183e5562913e72613c1979d0a13f8ec76b,2
0x80e4f014c98320eab524ae16b0aaf1603f4dc01d,1538028093,6409441.0,OUT,0.0,0xda54e58cacee4965af399fd915453b3132c7ac4e360bf890d6b3d3598cf3a5e3,internal,call,0.008819444444444 Ether,1,0x96bb98183e5562913e72613c1979d0a13f8ec76b,2
