address,age,block,direction,txFee,txhash,txn_type,type,value,Class,creator,inter_direction
0x9b5bbb16a7a68660f6503eff6c8e3159820d6396,1539876707,6540852.0,OUT,0.0,0x7e1155ce9e2524467e4ef02010cc2b32e361ef5170e6215f35d1276d5494d463,internal,call,0.011475 Ether,1,0xdacca760db181e54d96b9a061acc0d2d48a05593,2
0x9b5bbb16a7a68660f6503eff6c8e3159820d6396,1540148119,6560081.0,OUT,0.0,0x07adc7c1e9c90545f693c98ee0c4fd5bee1b99985780f156044ade27001cbc41,internal,call,0.003825 Ether,1,0xdacca760db181e54d96b9a061acc0d2d48a05593,2
0x9b5bbb16a7a68660f6503eff6c8e3159820d6396,1540048465,6553019.0,OUT,0.0,0x2c25b71cadc0bdb8465c083793b47a5d194846d72d8b51c80c3c069889641f8b,internal,call,0.003825 Ether,1,0xdacca760db181e54d96b9a061acc0d2d48a05593,2
0x9b5bbb16a7a68660f6503eff6c8e3159820d6396,1540283808,6569648.0,OUT,0.0,0xbf79386936bf36a49bbc89c024a1d7fe6461ad6d0028787ffd8aeb1c1b8eb6de,internal,call,0.003825 Ether,1,0xdacca760db181e54d96b9a061acc0d2d48a05593,2
0x9b5bbb16a7a68660f6503eff6c8e3159820d6396,1539111203,6486408.0,OUT,0.0,0x3fd3a88fa4e52208751992cf270b390a3daea167cda11061b2c00ff74201fc9a,internal,call,0.003825 Ether,1,0xdacca760db181e54d96b9a061acc0d2d48a05593,2
0x9b5bbb16a7a68660f6503eff6c8e3159820d6396,1540547362,6588353.0,OUT,0.0,0xa41caf792495a9227d71866782755178eaea1a8a527125f5b43014378dba22f6,internal,call,0.003825 Ether,1,0xdacca760db181e54d96b9a061acc0d2d48a05593,2
0x9b5bbb16a7a68660f6503eff6c8e3159820d6396,1539532668,6516484.0,OUT,0.0,0xcdfca3429e30f636963a06d15e1bab78a0fefb72c78148a62ee4de3d95dbebcb,internal,call,0.0153 Ether,1,0xdacca760db181e54d96b9a061acc0d2d48a05593,2
0x9b5bbb16a7a68660f6503eff6c8e3159820d6396,1540435370,6580382.0,OUT,0.0,0xbf1372a31af726873a07ec30ed70f79d7ff2d1c032e424ebe6260eb899dff8c9,internal,call,0.003825 Ether,1,0xdacca760db181e54d96b9a061acc0d2d48a05593,2
