address,age,block,direction,txFee,txhash,txn_type,type,value,Class,creator,inter_direction
0xf00e5a59fde1cb2ead96a8be7711abc3f981e0f1,1537928539,6402426.0,OUT,0.0,0xcb0770bd977c47dfbc92e938c9c9514110b8cc2515748f1dc8d55f534df58d87,internal,call,0.139182515849182 Ether,1,0x96bb98183e5562913e72613c1979d0a13f8ec76b,2
0xf00e5a59fde1cb2ead96a8be7711abc3f981e0f1,1537900204,6400445.0,OUT,0.0,0xda754364fb86e757092aa895d7d55dc847e6bbb8c5ab76fe1c2e0482457864d6,internal,call,0.171324240907574 Ether,1,0x96bb98183e5562913e72613c1979d0a13f8ec76b,2
0xf00e5a59fde1cb2ead96a8be7711abc3f981e0f1,1537865360,6397953.0,OUT,0.0,0x37b3150a3de6654d580079e74a0afe29d5f7d34861413f0eca4feff9fff52aeb,internal,call,0.176632048715381 Ether,1,0x96bb98183e5562913e72613c1979d0a13f8ec76b,2
