address,age,block,direction,txFee,txhash,txn_type,type,value,Class,creator,inter_direction
0x4e8ecf79ade5e2c49b9e30d795517a81e0bf00b8,1533909726,0.0,OUT,0.0,0x53b94db58bf3cefceb562b06d0ed98e7ff0787ce5d99e11db45db21aa21653c1,internal,call,0.071722612384292 Ether,1,0xf39e044e1ab204460e06e87c6dca2c6319fc69e3,1
0x4e8ecf79ade5e2c49b9e30d795517a81e0bf00b8,1535085352,6202135.0,OUT,0.0,0x6c1a349f594a58442d8cc7b317e64a71ab937892b065fb916d1e2c527d89c243,internal,call,0.086736022113861 Ether,1,0xf39e044e1ab204460e06e87c6dca2c6319fc69e3,1
0x4e8ecf79ade5e2c49b9e30d795517a81e0bf00b8,1534984667,6198246.0,OUT,0.0,0xa8b9236be0dd240d066eb0604ddcff16ccffeac644ffa8ad382ced1484bcfcce,internal,call,0.155306171648395 Ether,1,0xf39e044e1ab204460e06e87c6dca2c6319fc69e3,1
0x4e8ecf79ade5e2c49b9e30d795517a81e0bf00b8,1533397108,6089520.0,OUT,0.0,0x06d200153d540304af2d6543f136d428d916b23b659c851f32bbf6bc4ebca1b6,internal,call,0.244091897738831 Ether,1,0xf39e044e1ab204460e06e87c6dca2c6319fc69e3,1
0x4e8ecf79ade5e2c49b9e30d795517a81e0bf00b8,1533449964,6093122.0,OUT,0.0,0x2df497d306da32eb8159106b4fbf9c2c667e8dd91c0729246e75cf4d653196ea,internal,call,0.000500432961021 Ether,1,0xf39e044e1ab204460e06e87c6dca2c6319fc69e3,1
