address,age,block,direction,txFee,txhash,txn_type,type,value,Class,creator,inter_direction
0xdf93cdb6dd65c6c28c78dcdc1762aa34caf81678,1541194928,6634016.0,OUT,0.0,0xceee8ac27877f44457e0c5183d90c7d90feacbb05c86cad9e4545edf4286b55e,internal,call,0.047863796296296 Ether,1,0xcc1ceb36cab5ada7fd0376b55602dd0d4b429c30,2
0xdf93cdb6dd65c6c28c78dcdc1762aa34caf81678,1540161070,6560980.0,OUT,0.0,0x608de2a89a243b1a4fff8c67af5fc8a375d54abe13ee9a828773a0b3a424ba4c,internal,call,0.021871851851851 Ether,1,0xcc1ceb36cab5ada7fd0376b55602dd0d4b429c30,2
