address,age,block,direction,txFee,txhash,txn_type,type,value,Class,creator,inter_direction
0x4e8ecf79ade5e2c49b9e30d795517a81e0bf00b8,1532790006,6047814.0,OUT,0.0,0x85122a95ce5007ef732c45c2b30b297a9b2127c7f9c9de2cdd92123d9b08f996,internal,call,0.035338692424477 Ether,1,0xf39e044e1ab204460e06e87c6dca2c6319fc69e3,1
0x4e8ecf79ade5e2c49b9e30d795517a81e0bf00b8,1532712326,6042462.0,OUT,0.0,0x793b946f328d7b07f563053a7fcdec8c0b29ed9e5b8a5af9649328e49038ef1d,internal,call,6.635445827670127 Ether,1,0xf39e044e1ab204460e06e87c6dca2c6319fc69e3,1
0x4e8ecf79ade5e2c49b9e30d795517a81e0bf00b8,1532741372,6044474.0,OUT,0.0,0x90a75c68394c339cd17b9579736a7b0d98788aa1cc6a2a80bb1983858f919f6b,internal,call,1.242435841504015 Ether,1,0xf39e044e1ab204460e06e87c6dca2c6319fc69e3,1
