address,age,block,direction,txFee,txhash,txn_type,type,value,Class,creator,inter_direction
0x4e8ecf79ade5e2c49b9e30d795517a81e0bf00b8,1532839015,6048243.0,OUT,0.0,0x06592498683ca7c50e89450126b2c9a20f0f454fcc73d83f1f0dffffdfe660d6,internal,call,0.099129958385631 Ether,1,0xf39e044e1ab204460e06e87c6dca2c6319fc69e3,1
0x4e8ecf79ade5e2c49b9e30d795517a81e0bf00b8,1532723041,0.0,OUT,0.0,0xd23ddb39db3196b8e59b8d468b78f5a5f4463e17a0925b090b00ec8cbfe3d7b5,internal,call,0.263112450467694 Ether,1,0xf39e044e1ab204460e06e87c6dca2c6319fc69e3,2
