address,age,block,direction,txFee,txhash,txn_type,type,value,Class,creator,inter_direction
0x67a5de922c1f4d1a4dbd848466b86b5455fb6a3b,1547755994,7085211.0,OUT,0.0,0xee2953ef2eeadaeaacac9892d1d7ace50311ea7b6c04e073a8df45b48a3772e6,internal,call,0.003483333333333 Ether,0,0x7ce6c6f1002e5ad54c3d8326fddcf2fc78b80277,2
0x67a5de922c1f4d1a4dbd848466b86b5455fb6a3b,1547708440,7082081.0,OUT,0.0,0xa5abb37eae0db592e2d5137701bff5139594ad2cc28bc278fc1d7a74958dff08,internal,call,0.003537037037037 Ether,0,0x7ce6c6f1002e5ad54c3d8326fddcf2fc78b80277,2
