address,age,block,direction,txFee,txhash,txn_type,type,value,Class,creator,inter_direction
0x8a883a20940870dc055f2070ac8ec847ed2d9918,1532602672,6034938.0,OUT,0.0,0x26b230f6d4886705e65bfea94c914c8622957fee0fde3145ecf663823ea9e3ff,internal,call,0.049051661448722 Ether,1,0xc14f8469d4bb31c8e69fae9c16e262f45edc3635,2
0x8a883a20940870dc055f2070ac8ec847ed2d9918,1535447762,6229954.0,OUT,0.0,0xbc7853136284b368d257f1d5b268813d9bef44c2102c221a7d412fc2e125bfec,internal,call,0.014011991803525 Ether,1,0xc14f8469d4bb31c8e69fae9c16e262f45edc3635,2
