address,age,block,direction,txFee,txhash,txn_type,type,value,Class,creator,inter_direction
0xf00e5a59fde1cb2ead96a8be7711abc3f981e0f1,1537920432,0.0,OUT,0.0,0x712a4911764c666684a5a7dc1f25153dc01c4dcd9aac69a3838d8fcb32e66de8,internal,call,0.026805555555555 Ether,1,0x96bb98183e5562913e72613c1979d0a13f8ec76b,2
0xf00e5a59fde1cb2ead96a8be7711abc3f981e0f1,1537908848,6401017.0,OUT,0.0,0xbf5f625ca9668857327b93cbb55c2961a84d49dc9c2a4f0c4e401101d47f4051,internal,call,0.0275 Ether,1,0x96bb98183e5562913e72613c1979d0a13f8ec76b,2
0xf00e5a59fde1cb2ead96a8be7711abc3f981e0f1,1537873106,6398526.0,OUT,0.0,0x79645f398f8e11f970f13aa4013e19ddbf81cf1cbeca2636fc9bd108b52be1b2,internal,call,0.045138888888888 Ether,1,0x96bb98183e5562913e72613c1979d0a13f8ec76b,2
0xf00e5a59fde1cb2ead96a8be7711abc3f981e0f1,1537926047,6402252.0,OUT,0.0,0xb74f81217b9f715bb96fa7ef25066342d61b6e8285294d737df17063b49d2474,internal,call,0.012916666666666 Ether,1,0x96bb98183e5562913e72613c1979d0a13f8ec76b,2
0xf00e5a59fde1cb2ead96a8be7711abc3f981e0f1,1537896972,6400233.0,OUT,0.0,0x18f6b5a9e4b9c3e9ae7d93c3ecafd2ddcf5d0aa612726e125e305217030b6e8e,internal,call,0.055277777777777 Ether,1,0x96bb98183e5562913e72613c1979d0a13f8ec76b,2
