address,age,block,direction,txFee,txhash,txn_type,type,value,Class,creator,inter_direction
0xbeefd8fb3b5778f99e021afa2e41e0614af6af11,1540555347,6588894.0,OUT,0.0,0x13f9304c9786af2dc300e276e26d923f0b9945c183bbdef65105f435c4ad97c1,internal,call,0.282909836065573 Ether,1,0x300758881bf3756b6cb5b2e96f545d7b3566ce3a,1
0xbeefd8fb3b5778f99e021afa2e41e0614af6af11,1539743666,6531369.0,OUT,0.0,0xf3758f93bf3ed87e99fef8c183737f93665f997aae8a6e907088f026afc6c8f9,internal,call,0.01987868852459 Ether,1,0x300758881bf3756b6cb5b2e96f545d7b3566ce3a,2
0xbeefd8fb3b5778f99e021afa2e41e0614af6af11,1541499088,6655506.0,OUT,0.0,0x380f6884a36b323d4685dcc27209abefb2fd4a82c562876aa4ea1f62c058128b,internal,call,0.133583606557377 Ether,1,0x300758881bf3756b6cb5b2e96f545d7b3566ce3a,1
0xbeefd8fb3b5778f99e021afa2e41e0614af6af11,1539686421,6527327.0,OUT,0.0,0x1dcfa9dc7708ca8343d982442bbd951b03c1e3a019feb9fff958e32962ea6bd6,internal,call,0.283495081967213 Ether,1,0x300758881bf3756b6cb5b2e96f545d7b3566ce3a,1
0xbeefd8fb3b5778f99e021afa2e41e0614af6af11,1541070851,6625326.0,OUT,0.0,0xd841e2286f319b7495e2845fcc6695474882430fae414f1750356b66ce0a1375,internal,call,0.179173770491803 Ether,1,0x300758881bf3756b6cb5b2e96f545d7b3566ce3a,2
