address,age,block,direction,txFee,txhash,txn_type,type,value,Class,creator,inter_direction
0x536a6ba0d913d5d6a4ce2c6eb7ed0de3c0f0b89e,1538015889,0.0,OUT,0.0,0xc2035cab1028b055643030986c8b51a2cabdcbfe4cb9acbebb9a97b12ada51ca,internal,call,0.077875 Ether,1,0xb648cc3367571c9166e966d1eb97de3f9ebfb8fd,2
0x536a6ba0d913d5d6a4ce2c6eb7ed0de3c0f0b89e,1537572124,6377293.0,OUT,0.0,0xcfc5c562df73a0b83216d8ca0ed71f8245df7eef88419f3c97805959b3c7d072,internal,call,0.77875 Ether,1,0xb648cc3367571c9166e966d1eb97de3f9ebfb8fd,2
0x536a6ba0d913d5d6a4ce2c6eb7ed0de3c0f0b89e,1537918457,6401709.0,OUT,0.0,0x70bd12db2dddce5932061f009cd4e70175236bc8be929adfca58becd1a800328,internal,call,0.233625 Ether,1,0xb648cc3367571c9166e966d1eb97de3f9ebfb8fd,1
0x536a6ba0d913d5d6a4ce2c6eb7ed0de3c0f0b89e,1536707821,6316750.0,OUT,0.0,0x4f3aaf8fcd4070eef9674b0f63ca7b87bb0ab976101274f02f6ab70cbd3a769e,internal,call,0.15575 Ether,1,0xb648cc3367571c9166e966d1eb97de3f9ebfb8fd,1
0x536a6ba0d913d5d6a4ce2c6eb7ed0de3c0f0b89e,1537659162,6383391.0,OUT,0.0,0x9741f6c7d617104ef9cc6e261cf5e67c9aa66ac0b79343b1c82dfcd16b75954c,internal,call,0.077875 Ether,1,0xb648cc3367571c9166e966d1eb97de3f9ebfb8fd,1
