address,age,block,direction,txFee,txhash,txn_type,type,value,Class,creator,inter_direction
0x702392282255f8c0993dbbbb148d80d2ef6795b1,1524738937,5510553.0,OUT,0.0,0xfe68faa66b038b6fa539da03a66827a4b4c45f9302c22b5637334efcaa788a50,internal,call,0.002720577851599 Ether,1,0xfea0904acc8df0f3288b6583f60b86c36ea52acd,2
0x702392282255f8c0993dbbbb148d80d2ef6795b1,1523880446,5452743.0,OUT,0.0,0x3dd821e547bb9f1f737ecd6e5eb433ce03e6af544382849ba4aa4d6a7494c94f,internal,call,0.000000411761113 Ether,1,0xfea0904acc8df0f3288b6583f60b86c36ea52acd,2
0x702392282255f8c0993dbbbb148d80d2ef6795b1,1528727184,5772598.0,OUT,0.0,0x6ed55c2243712f1de24d87773a273eafe8a489589cc470f9218dac80690bbae3,internal,call,0.007719620185679 Ether,1,0xfea0904acc8df0f3288b6583f60b86c36ea52acd,2
