address,age,block,direction,txFee,txhash,txn_type,type,value,Class,creator,inter_direction
0xf00e5a59fde1cb2ead96a8be7711abc3f981e0f1,1537969186,6405284.0,OUT,0.0,0x208171364822f6e7532982dbeabafb37b7c4f6edf149f263df77062d6a20f08f,internal,call,0.000520833333333 Ether,1,0x96bb98183e5562913e72613c1979d0a13f8ec76b,2
0xf00e5a59fde1cb2ead96a8be7711abc3f981e0f1,1537968327,6405214.0,OUT,0.0,0x1c9224945a203c5118096f6470435c579ddf3704ff0da9a09168a0bdf4eeffb8,internal,call,0.000486111111111 Ether,1,0x96bb98183e5562913e72613c1979d0a13f8ec76b,2
0xf00e5a59fde1cb2ead96a8be7711abc3f981e0f1,1537967453,6405163.0,OUT,0.0,0x9b40ed2781de14847fa5dccfdb1b377e5e28f7224f52570c3713091395cb50d9,internal,call,0.043333333333333 Ether,1,0x96bb98183e5562913e72613c1979d0a13f8ec76b,2
