address,age,block,direction,txFee,txhash,txn_type,type,value,Class,creator,inter_direction
0x7b307c1f0039f5d38770e15f8043b3dd26da5e8f,1539214128,6493750.0,OUT,0.0,0xe185c841603aaae8e670bb3a2ae9fd8a5181a07109a98a6118ed9284cded289b,internal,call,0.005157182302999 Ether,1,0xe1f3294e25bb72a2fb53addb82aa1a033797e6e3,2
0x7b307c1f0039f5d38770e15f8043b3dd26da5e8f,1539212026,6493608.0,OUT,0.0,0x6725d8fdf83f9cb6d20234552894d2f549640a2deda6c3b9b22927196fc7fd1b,internal,call,0.23784779508695 Ether,1,0xe1f3294e25bb72a2fb53addb82aa1a033797e6e3,1
0x7b307c1f0039f5d38770e15f8043b3dd26da5e8f,1539120220,6487059.0,OUT,0.0,0xf1894968a8e3c040e0d2d7ceba27826f6a5f376e9cb56608397812f13083957c,internal,call,0.002796500262894 Ether,1,0xe1f3294e25bb72a2fb53addb82aa1a033797e6e3,2
0x7b307c1f0039f5d38770e15f8043b3dd26da5e8f,1539119278,6486982.0,OUT,0.0,0x4eb1d7e28cdbdbd20e989c0e2a3204cf7ff878dc9bc3638e4e0988f26a07bef8,internal,call,0.001008813559322 Ether,1,0xe1f3294e25bb72a2fb53addb82aa1a033797e6e3,1
0x7b307c1f0039f5d38770e15f8043b3dd26da5e8f,1539589053,0.0,OUT,0.0,0xfbfd84a8982f637d1afa06d11587116e9ea63242e374480c3b3393f8065f02cd,internal,call,4.255265743114068 Ether,1,0xe1f3294e25bb72a2fb53addb82aa1a033797e6e3,2
0x7b307c1f0039f5d38770e15f8043b3dd26da5e8f,1539118420,6486920.0,OUT,0.0,0x728643e8ad8e747beaefadfe75204dcd80117e9895c66e52689428615480244e,internal,call,0.000372881355932 Ether,1,0xe1f3294e25bb72a2fb53addb82aa1a033797e6e3,1
