address,age,block,direction,txFee,txhash,txn_type,type,value,Class,creator,inter_direction
0x7e0529eb456a7c806b5fe7b3d69a805339a06180,1538658228,6454019.0,OUT,0.0,0xd6faeec07835e58254581a2ed666c3f79b6c4e611e023bb34ff2266a625fc48e,internal,call,14.199175406231063 Ether,1,0x8c691931c6c4ecd92ecc26f9706faaf4aebe137d,2
0x7e0529eb456a7c806b5fe7b3d69a805339a06180,1538502931,6443026.0,OUT,0.0,0x9997d2add5ca282f3df9a5dec40606130d54d165f6b529fe33e3fd9f936856fb,internal,call,18.432433393760174 Ether,1,0x8c691931c6c4ecd92ecc26f9706faaf4aebe137d,2
0x7e0529eb456a7c806b5fe7b3d69a805339a06180,1538502380,6442985.0,OUT,0.0,0xd21f0f8b7c5936ca1bbf88e41abd5da54af71b9f4ce6a7988700f1b6f218c765,internal,call,16.532368256190253 Ether,1,0x8c691931c6c4ecd92ecc26f9706faaf4aebe137d,2
