address,age,block,direction,txFee,txhash,txn_type,type,value,Class,creator,inter_direction
0x9b5bbb16a7a68660f6503eff6c8e3159820d6396,1539519571,6515531.0,OUT,0.0,0x90aeaa2aa49c19fe9551a440b269eca9a1b9543c7c96efb6f94cd2ad5d8dc6b1,internal,call,0.053125 Ether,1,0xdacca760db181e54d96b9a061acc0d2d48a05593,2
0x9b5bbb16a7a68660f6503eff6c8e3159820d6396,1540473201,6583119.0,OUT,0.0,0xd3edafc00a5f2c68d5ad78232ee1bc58a4e2c337cc7b674562a9a2fc2fdbd5f0,internal,call,0.010625 Ether,1,0xdacca760db181e54d96b9a061acc0d2d48a05593,2
0x9b5bbb16a7a68660f6503eff6c8e3159820d6396,1539865854,6540087.0,OUT,0.0,0x3f46b428f6db73dfab86fc05b3228929df936804e7583071213572ba3d5465dd,internal,call,0.0425 Ether,1,0xdacca760db181e54d96b9a061acc0d2d48a05593,2
0x9b5bbb16a7a68660f6503eff6c8e3159820d6396,1540560475,6589259.0,OUT,0.0,0xfb9b023a3bc5f044a5764819cb9ad9a9010d266b6ac3a11f16558851405c77d2,internal,call,0.010625 Ether,1,0xdacca760db181e54d96b9a061acc0d2d48a05593,2
0x9b5bbb16a7a68660f6503eff6c8e3159820d6396,1540298408,6570708.0,OUT,0.0,0xbe89dfc0703008b95d6c5aa86aea4dd5b97b8c61725f91de459500647229e521,internal,call,0.02125 Ether,1,0xdacca760db181e54d96b9a061acc0d2d48a05593,2
0x9b5bbb16a7a68660f6503eff6c8e3159820d6396,1538641578,6452804.0,OUT,0.0,0x0dd8881d2b42453d26a39cb4ccd2104984618611d1fa30b5aa972346ad42b4ba,internal,call,0.010625 Ether,1,0xdacca760db181e54d96b9a061acc0d2d48a05593,2
0x9b5bbb16a7a68660f6503eff6c8e3159820d6396,1539086573,6484608.0,OUT,0.0,0x28c054c0531ee8d09fed2b06ca9bdd0e6ae38cb8870d25d5a44ca06b2e3de4cb,internal,call,0.053125 Ether,1,0xdacca760db181e54d96b9a061acc0d2d48a05593,2
0x9b5bbb16a7a68660f6503eff6c8e3159820d6396,1540125390,6558448.0,OUT,0.0,0x5a420cf851397d9b82b1fdff0fa5218e3349e8e1d8a587ad42589f72ee304d73,internal,call,0.031875 Ether,1,0xdacca760db181e54d96b9a061acc0d2d48a05593,2
0x9b5bbb16a7a68660f6503eff6c8e3159820d6396,1540385924,6576908.0,OUT,0.0,0xe36617f969da92fc2233ea36d4c31495492859687839cf1a8b8ec2d19aaeb4a8,internal,call,0.010625 Ether,1,0xdacca760db181e54d96b9a061acc0d2d48a05593,2
