address,age,block,direction,txFee,txhash,txn_type,type,value,Class,creator,inter_direction
0x7b307c1f0039f5d38770e15f8043b3dd26da5e8f,1539849526,0.0,OUT,0.0,0x3385315652a2a36f9ff9efd8ecc5da10649a6916e7ff645d40b67b7cc8dcb383,internal,call,2.008691525423728 Ether,1,0xe1f3294e25bb72a2fb53addb82aa1a033797e6e3,1
0x7b307c1f0039f5d38770e15f8043b3dd26da5e8f,1540104011,6556894.0,OUT,0.0,0xb14f33f1747e824108e6f2367612047e52bef42973df7a6c16f62e38e54361ed,internal,call,0.340973559322033 Ether,1,0xe1f3294e25bb72a2fb53addb82aa1a033797e6e3,1
0x7b307c1f0039f5d38770e15f8043b3dd26da5e8f,1540256686,0.0,OUT,0.0,0xe1419fd9f68b5578374cb558f4955f2aaa5e013123de00614f95df7c8b2d87c6,internal,call,0.206023050847457 Ether,1,0xe1f3294e25bb72a2fb53addb82aa1a033797e6e3,2
