address,age,block,direction,txFee,txhash,txn_type,type,value,Class,creator,inter_direction
0x80e4f014c98320eab524ae16b0aaf1603f4dc01d,1538855962,6468121.0,OUT,0.0,0xecefdf78e4315d5645d630d24a133add1668eecbd24c6c35e9330cd9609fe2e7,internal,call,0.00026114715447 Ether,1,0x96bb98183e5562913e72613c1979d0a13f8ec76b,2
0x80e4f014c98320eab524ae16b0aaf1603f4dc01d,1538828162,0.0,OUT,0.0,0xfb88f46f3893844cbac5135364246218d54e9d9ec6ad4ab244f1280d10a3a407,internal,call,0.003 Ether,1,0x96bb98183e5562913e72613c1979d0a13f8ec76b,2
0x80e4f014c98320eab524ae16b0aaf1603f4dc01d,1538815810,6465246.0,OUT,0.0,0x2c7399e0ea96a16d5524fb44f670b6e07fb11c376f16dae15e2d2d59b7114e4b,internal,call,0.000217554751198 Ether,1,0x96bb98183e5562913e72613c1979d0a13f8ec76b,1
