address,age,block,direction,txFee,txhash,txn_type,type,value,Class,creator,inter_direction
0x4e8ecf79ade5e2c49b9e30d795517a81e0bf00b8,1532858160,6052590.0,OUT,0.0,0x3c52b8348a4e88f344503a4a3caeaa804d53c9d8d9eaeee357baa5d3461271c3,internal,call,0.049477307662419 Ether,1,0xf39e044e1ab204460e06e87c6dca2c6319fc69e3,1
0x4e8ecf79ade5e2c49b9e30d795517a81e0bf00b8,1533006557,6062755.0,OUT,0.0,0xae8b7423be302da3abba3f22f51d75c1fd4bd1143a3211e14af0be151dee4c7c,internal,call,0.063481705905651 Ether,1,0xf39e044e1ab204460e06e87c6dca2c6319fc69e3,1
0x4e8ecf79ade5e2c49b9e30d795517a81e0bf00b8,1533009623,6060062.0,OUT,0.0,0x41dc0c7e0422a71eeb475f38b54330ce1b54f2b34322619e7dcfc8a96b3f2095,internal,call,0.044496726782187 Ether,1,0xf39e044e1ab204460e06e87c6dca2c6319fc69e3,1
0x4e8ecf79ade5e2c49b9e30d795517a81e0bf00b8,1532768805,6046329.0,OUT,0.0,0x1227ee751330b923c2e527655f7b074964371267c6106a18c01ae9f2f4a788f6,internal,call,0.173583048268869 Ether,1,0xf39e044e1ab204460e06e87c6dca2c6319fc69e3,1
