address,age,block,direction,txFee,txhash,txn_type,type,value,Class,creator,inter_direction
0x9b5bbb16a7a68660f6503eff6c8e3159820d6396,1540219318,6565041.0,OUT,0.0,0x53b89ba16088fa37f01ae04b27194372f413d37e6814a4dfc298f75315fe5b84,internal,call,0.080325 Ether,1,0xdacca760db181e54d96b9a061acc0d2d48a05593,2
0x9b5bbb16a7a68660f6503eff6c8e3159820d6396,1540542480,6587999.0,OUT,0.0,0xee9377877ab679df5a0e3649be283997cfd03a7f932a09d7f7757e56062ad810,internal,call,0.026775 Ether,1,0xdacca760db181e54d96b9a061acc0d2d48a05593,2
