address,age,block,direction,txFee,txhash,txn_type,type,value,Class,creator,inter_direction
0x7b307c1f0039f5d38770e15f8043b3dd26da5e8f,1540166454,6561348.0,OUT,0.0,0xab37ace56061245456b9abd5ae8a466fb8087955034d4eba3a7af4ae6f3a9d37,internal,call,0.396668474576271 Ether,1,0xe1f3294e25bb72a2fb53addb82aa1a033797e6e3,1
0x7b307c1f0039f5d38770e15f8043b3dd26da5e8f,1538866612,6468880.0,OUT,0.0,0x361832d6334811adb61b8c7ffb9208c690164a6a4f0dc9e26dfb83178d506880,internal,call,0.224586440677966 Ether,1,0xe1f3294e25bb72a2fb53addb82aa1a033797e6e3,1
0x7b307c1f0039f5d38770e15f8043b3dd26da5e8f,1539212208,0.0,OUT,0.0,0xd43ece9ab3915a4d6868f2fc6540b269ec120a58de815054810023782fcf23ca,internal,call,0.318723389830508 Ether,1,0xe1f3294e25bb72a2fb53addb82aa1a033797e6e3,2
0x7b307c1f0039f5d38770e15f8043b3dd26da5e8f,1539470629,6512027.0,OUT,0.0,0xeff3bfddcaf3ebdacd934b6dcbf120e3b6ad4109c5475a4a8349dba5c5d0bbf9,internal,call,0.237068474576271 Ether,1,0xe1f3294e25bb72a2fb53addb82aa1a033797e6e3,2
0x7b307c1f0039f5d38770e15f8043b3dd26da5e8f,1540256101,6567712.0,OUT,0.0,0x17bad02076df767aa26b2e05652d4dafd30cc99ee89994dc1cf257b786ccbd00,internal,call,0.081976949152542 Ether,1,0xe1f3294e25bb72a2fb53addb82aa1a033797e6e3,1
0x7b307c1f0039f5d38770e15f8043b3dd26da5e8f,1538622218,6451445.0,OUT,0.0,0x89c808fa3572debb17cc2e8fcdbe4aaedb396bf221ab8f0aa5face189fb412ba,internal,call,0.125000677966101 Ether,1,0xe1f3294e25bb72a2fb53addb82aa1a033797e6e3,1
0x7b307c1f0039f5d38770e15f8043b3dd26da5e8f,1539731824,6530554.0,OUT,0.0,0xc7fd92310e1094ad40ff5abac316d55f38aef5094fda9e201ce9a422ac3963dd,internal,call,0.238652881355932 Ether,1,0xe1f3294e25bb72a2fb53addb82aa1a033797e6e3,2
