address,age,block,direction,txFee,txhash,txn_type,type,value,Class,creator,inter_direction
0xbeefd8fb3b5778f99e021afa2e41e0614af6af11,1541176335,6629687.0,OUT,0.0,0x9d9cc557c7574225ba8058ea77e67b8d72abb5f048bc3f3f0427f298885bacd5,internal,call,0.018312196721311 Ether,1,0x300758881bf3756b6cb5b2e96f545d7b3566ce3a,1
0xbeefd8fb3b5778f99e021afa2e41e0614af6af11,1540546797,6588315.0,OUT,0.0,0x8908f8fa8cac26497f0ede166d8c8e2045e74c07daedc6c33307f4f0c859f358,internal,call,0.03885344262295 Ether,1,0x300758881bf3756b6cb5b2e96f545d7b3566ce3a,1
0xbeefd8fb3b5778f99e021afa2e41e0614af6af11,1539053220,6482292.0,OUT,0.0,0x5dea0a0791181d55f7d1e1d7863600a90ac49896f52fc69bc59c4a873e2337ca,internal,call,0.010778360655737 Ether,1,0x300758881bf3756b6cb5b2e96f545d7b3566ce3a,1
0xbeefd8fb3b5778f99e021afa2e41e0614af6af11,1541594473,6662241.0,OUT,0.0,0x510317f4963609abf675b6ec728345aa1ed4b82366908ac7e914497bf7f9d94c,internal,call,0.013341803278688 Ether,1,0x300758881bf3756b6cb5b2e96f545d7b3566ce3a,1
0xbeefd8fb3b5778f99e021afa2e41e0614af6af11,1539431977,6509313.0,OUT,0.0,0xfe80d4ba77f67296a5af1b808906fe6a1b3671b993a231f699daeb6de568b465,internal,call,0.013289016393442 Ether,1,0x300758881bf3756b6cb5b2e96f545d7b3566ce3a,2
