address,age,block,direction,txFee,txhash,txn_type,type,value,Class,creator,inter_direction
0x8a883a20940870dc055f2070ac8ec847ed2d9918,1532299620,6014456.0,OUT,0.0,0xb14a95941877d8c5f237766dbd2b0f87353c095f0826a3171af96fd77ab72631,internal,call,0.023096173607123 Ether,1,0xc14f8469d4bb31c8e69fae9c16e262f45edc3635,2
0x8a883a20940870dc055f2070ac8ec847ed2d9918,1532305100,6014816.0,OUT,0.0,0xc9f3fc95cd9ff879a5d7d920cceb4aa0680f2945bf8d4bfa8747f7562988d196,internal,call,0.025207575640686 Ether,1,0xc14f8469d4bb31c8e69fae9c16e262f45edc3635,2
0x8a883a20940870dc055f2070ac8ec847ed2d9918,1533210281,6076657.0,OUT,0.0,0x2284fd830e25c1298bdbbe9850ae6a8e3648994497cfaa5a4f4c693bccd53d8a,internal,call,0.057411286898518 Ether,1,0xc14f8469d4bb31c8e69fae9c16e262f45edc3635,2
0x8a883a20940870dc055f2070ac8ec847ed2d9918,1532404943,6018629.0,OUT,0.0,0x20b8bc33ec5daad74d8e49a93f5624a2a96adb5da2d0f0a6530489131a0a3ca0,internal,call,0.016779437703829 Ether,1,0xc14f8469d4bb31c8e69fae9c16e262f45edc3635,2
