address,age,block,direction,txFee,txhash,txn_type,type,value,Class,creator,inter_direction
0xe1c9a03cf690256ff7738cbd508c88cf5238a535,1523000013,5391843.0,OUT,0.0,0x5181c281fb127af58676e778c31f0e87b5281a1bbd790eb77069cca367a59631,internal,call,0.053322761409597 Ether,1,0xc84c18a88789dba5b0ca9c13973435bbce7e961d,2
0xe1c9a03cf690256ff7738cbd508c88cf5238a535,1523011215,5392652.0,OUT,0.0,0x7485e25cf190f48d137c958a2c7262cdc2a37e7dde20f08d787a65539410a3e2,internal,call,0.073214631660101 Ether,1,0xc84c18a88789dba5b0ca9c13973435bbce7e961d,2
0xe1c9a03cf690256ff7738cbd508c88cf5238a535,1522933200,5387149.0,OUT,0.0,0x70e48c6a511e59810f7a534eb0da1a7a88306a25a1643154e148b188a7f0da62,internal,call,0.040613430057341 Ether,1,0xc84c18a88789dba5b0ca9c13973435bbce7e961d,2
