address,age,block,direction,txFee,txhash,txn_type,type,value,Class,creator,inter_direction
0x4e8ecf79ade5e2c49b9e30d795517a81e0bf00b8,1534919605,6193804.0,OUT,0.0,0x4f0e642a0143634908ec15270e8718bb5da4b1f1686aa9d01b0aee73c0760837,internal,call,0.006260500892927 Ether,1,0xf39e044e1ab204460e06e87c6dca2c6319fc69e3,1
0x4e8ecf79ade5e2c49b9e30d795517a81e0bf00b8,1532808807,6049169.0,OUT,0.0,0x3e0be870e3c54ee2f678373491b4c68260f80c219fdcd15a491fd32701802f2c,internal,call,0.004702556713421 Ether,1,0xf39e044e1ab204460e06e87c6dca2c6319fc69e3,1
0x4e8ecf79ade5e2c49b9e30d795517a81e0bf00b8,1532830357,6050643.0,OUT,0.0,0xa34feb8485a5bf619c3d0e026005a01e4713c22620c999bf0cd03ca895a25785,internal,call,0.081099948077154 Ether,1,0xf39e044e1ab204460e06e87c6dca2c6319fc69e3,2
0x4e8ecf79ade5e2c49b9e30d795517a81e0bf00b8,1532719390,6042953.0,OUT,0.0,0xefb4bb8e8dc4d6146f5a18e69715eabd106f7b419db33b969854f3b0029b0060,internal,call,0.193914668753839 Ether,1,0xf39e044e1ab204460e06e87c6dca2c6319fc69e3,2
0x4e8ecf79ade5e2c49b9e30d795517a81e0bf00b8,1532818429,6049856.0,OUT,0.0,0x57b42ee9471551f1ba34c9efd109ac0477b8775ef5df09ff68b94d16a3b74cfa,internal,call,0.041102326372509 Ether,1,0xf39e044e1ab204460e06e87c6dca2c6319fc69e3,1
0x4e8ecf79ade5e2c49b9e30d795517a81e0bf00b8,1532743436,0.0,OUT,0.0,0xee8ae3e0768b4e46eb7831c33bab0598f19ebf4ac8c602ffd660fad9158bbb61,internal,call,0.043162225427191 Ether,1,0xf39e044e1ab204460e06e87c6dca2c6319fc69e3,2
