address,age,block,direction,txFee,txhash,txn_type,type,value,Class,creator,inter_direction
0x4e8ecf79ade5e2c49b9e30d795517a81e0bf00b8,1533318666,6084094.0,OUT,0.0,0x432c905bfd66840954ece7dd21b38e8f53313e82849aac156e14b712a42315e4,internal,call,0.027634254594989 Ether,1,0xf39e044e1ab204460e06e87c6dca2c6319fc69e3,1
0x4e8ecf79ade5e2c49b9e30d795517a81e0bf00b8,1532980773,6061039.0,OUT,0.0,0xb2f926304fb625499ba38559a4670ec592bf72fd44663cb342a827a9dc8f3115,internal,call,0.371602470299539 Ether,1,0xf39e044e1ab204460e06e87c6dca2c6319fc69e3,1
0x4e8ecf79ade5e2c49b9e30d795517a81e0bf00b8,1532723664,0.0,OUT,0.0,0x05f7dc56b3a463dca83b08493f994d36ebba0513b5544f34070b62b8b2c2f34c,internal,call,0.612398663708158 Ether,1,0xf39e044e1ab204460e06e87c6dca2c6319fc69e3,1
0x4e8ecf79ade5e2c49b9e30d795517a81e0bf00b8,1532850134,6052030.0,OUT,0.0,0xba6aa3006564daa40b80fb308a9c1edd05a973acf2df0bb41b3e82b966cb4b06,internal,call,0.039799857686066 Ether,1,0xf39e044e1ab204460e06e87c6dca2c6319fc69e3,2
