address,age,block,direction,txFee,txhash,txn_type,type,value,Class,creator,inter_direction
0x702392282255f8c0993dbbbb148d80d2ef6795b1,1526616834,5632034.0,OUT,0.0,0xed6553c3d97b958ee1d643e7694bea7229dfe9936d16b36948343a873dbeda44,internal,call,0.065578222401151 Ether,1,0xfea0904acc8df0f3288b6583f60b86c36ea52acd,2
0x702392282255f8c0993dbbbb148d80d2ef6795b1,1523673963,5438621.0,OUT,0.0,0x5acad0b91369431cb19027696897ff66d637353a09cc867653afc605492a4223,internal,call,0.105563019395635 Ether,1,0xfea0904acc8df0f3288b6583f60b86c36ea52acd,2
