address,age,block,direction,txFee,txhash,txn_type,type,value,Class,creator,inter_direction
0x9b5bbb16a7a68660f6503eff6c8e3159820d6396,1539513266,6515072.0,OUT,0.0,0xd4cfc7ba5deeaeb4a07d256c3c9577cf815601422b75f2ff813d8715de4eac80,internal,call,0.35699626 Ether,1,0xdacca760db181e54d96b9a061acc0d2d48a05593,2
0x9b5bbb16a7a68660f6503eff6c8e3159820d6396,1540464560,6582503.0,OUT,0.0,0x9b5f0564c8da6b12d4b58e0f16799df91352dc378ab45971918ac9dab5b360a2,internal,call,0.1338735975 Ether,1,0xdacca760db181e54d96b9a061acc0d2d48a05593,2
0x9b5bbb16a7a68660f6503eff6c8e3159820d6396,1540205324,6564055.0,OUT,0.0,0xbe7a90d16d9cac4bf4e8c1515c303ed58e8c834616c71fb1c01620c83a9b6fa0,internal,call,0.0446245325 Ether,1,0xdacca760db181e54d96b9a061acc0d2d48a05593,2
0x9b5bbb16a7a68660f6503eff6c8e3159820d6396,1540118719,6557957.0,OUT,0.0,0xf172e7737c234c947db08ab4057727e64129071a30a7a95b6035a756e13aa5b8,internal,call,0.3123717275 Ether,1,0xdacca760db181e54d96b9a061acc0d2d48a05593,2
0x9b5bbb16a7a68660f6503eff6c8e3159820d6396,1540583676,6590945.0,OUT,0.0,0x8c529402e46d61e8259548cb3bebebb0cbb7f71087538b00445031b05846a03f,internal,call,0.0446245325 Ether,1,0xdacca760db181e54d96b9a061acc0d2d48a05593,2
