address,age,block,direction,txFee,txhash,txn_type,type,value,Class,creator,inter_direction
0x4e8ecf79ade5e2c49b9e30d795517a81e0bf00b8,1534101773,0.0,OUT,0.0,0xbcd0218411d628505bb15a8b719a06718041e6e5081fc41990e9561d77d9eb47,internal,call,0.021137626279342 Ether,1,0xf39e044e1ab204460e06e87c6dca2c6319fc69e3,2
0x4e8ecf79ade5e2c49b9e30d795517a81e0bf00b8,1533510851,6097319.0,OUT,0.0,0xbe75da2f24391c7138b9d7fec923cdfe33af297c879c8331ce51cfb95d8ef0f3,internal,call,0.155321013966598 Ether,1,0xf39e044e1ab204460e06e87c6dca2c6319fc69e3,2
