address,age,block,direction,txFee,txhash,txn_type,type,value,Class,creator,inter_direction
0x4e8ecf79ade5e2c49b9e30d795517a81e0bf00b8,1534980038,6197927.0,OUT,0.0,0xb4b2e950e409ac555339766940fc4d68d73943e6c65172ff7b9ba636e88d52dd,internal,call,0.017468294174205 Ether,1,0xf39e044e1ab204460e06e87c6dca2c6319fc69e3,2
0x4e8ecf79ade5e2c49b9e30d795517a81e0bf00b8,1534978585,6197847.0,OUT,0.0,0x1eb780cfb653296705deeade6415a4cb7f4e35c70f77b0dc18dd8942b67d2c3e,internal,call,0.010486975248961 Ether,1,0xf39e044e1ab204460e06e87c6dca2c6319fc69e3,1
0x4e8ecf79ade5e2c49b9e30d795517a81e0bf00b8,1534977433,6197784.0,OUT,0.0,0x98689a7dec5d6c96f54da11a525a14e64c6f2c42e646db5424fc6a67c2800658,internal,call,0.004286809032999 Ether,1,0xf39e044e1ab204460e06e87c6dca2c6319fc69e3,1
