address,age,block,direction,txFee,txhash,txn_type,type,value,Class,creator,inter_direction
0x2956356cd2a2bf3202f771f50d3d14a367b48070,1512151224,4659532.0,OUT,0.0,0x89603e1c723dde3286cd157a629baff8e5689115c1eaa4d8802e5f951efa307b,internal,call,0.4425465 Ether,0,0xa3b2d1087bcebe59d188a23f75620612d967df72,1
0x2956356cd2a2bf3202f771f50d3d14a367b48070,1513981612,4780998.0,OUT,0.0,0x077ff3d992825fb93e025147727884465ef66d0bdcb49de0c1b85d1cc13ddd04,internal,call,6.4571812 Ether,0,0xa3b2d1087bcebe59d188a23f75620612d967df72,1
