address,age,block,direction,txFee,txhash,txn_type,type,value,Class,creator,inter_direction
0x4e8ecf79ade5e2c49b9e30d795517a81e0bf00b8,1532937681,6058086.0,OUT,0.0,0x03aa54d68021ae2e160858c4ea5ca1f3d2e8c629cc4d1b849772537d19a9c25c,internal,call,0.011553961923183 Ether,1,0xf39e044e1ab204460e06e87c6dca2c6319fc69e3,1
0x4e8ecf79ade5e2c49b9e30d795517a81e0bf00b8,1532779413,6047066.0,OUT,0.0,0x59b013c8708a6896efa22485da98ef6fb38554e09e2b3af426a607f37553c523,internal,call,0.534651788165393 Ether,1,0xf39e044e1ab204460e06e87c6dca2c6319fc69e3,1
