address,age,block,direction,txFee,txhash,txn_type,type,value,Class,creator,inter_direction
0x4f3db6d4c97b8248ad5e244e4f619086084f6848,1542768776,6745167.0,OUT,0.0,0xc4a6fd7ea59ffa9d68d19985efc95c4d14032df6ee85b6cdaddefb9e597c675a,internal,call,0.014925 Ether,1,0xac560ed699346e4e3a3c2106ac90136883f7f624,2
0x4f3db6d4c97b8248ad5e244e4f619086084f6848,1543663650,6808156.0,OUT,0.0,0xfc0e0da3fe330c6b1d227c657df063ed9a519fb02d35f2d39c415f7088d44c50,internal,call,0.0062125 Ether,1,0xac560ed699346e4e3a3c2106ac90136883f7f624,2
0x4f3db6d4c97b8248ad5e244e4f619086084f6848,1543747069,6813977.0,OUT,0.0,0x893919533e012f0a2736220d0335d4bdb55a3cb1b0f115bbef0552e58798dae0,internal,call,0.001158333333333 Ether,1,0xac560ed699346e4e3a3c2106ac90136883f7f624,2
