address,age,block,direction,txFee,txhash,txn_type,type,value,Class,creator,inter_direction
0x80e4f014c98320eab524ae16b0aaf1603f4dc01d,1538065718,6409044.0,OUT,0.0,0x065442c2d5e6c995bccce7f3888f351e59f1e47051d2ef848a67829468129c80,internal,call,0.043055555555555 Ether,1,0x96bb98183e5562913e72613c1979d0a13f8ec76b,1
0x80e4f014c98320eab524ae16b0aaf1603f4dc01d,1538060866,6411753.0,OUT,0.0,0x53394ed97b52cb89bc0595a4ff294524be7a13244d0f5a5d64b58af94852441e,internal,call,0.577777777777777 Ether,1,0x96bb98183e5562913e72613c1979d0a13f8ec76b,1
0x80e4f014c98320eab524ae16b0aaf1603f4dc01d,1538105195,6414877.0,OUT,0.0,0xf71aeed4d6e3658db0a0f39bcc02f5402f59187eef74b8f5a7fc4bb8c8e95a0b,internal,call,0.041143949232357 Ether,1,0x96bb98183e5562913e72613c1979d0a13f8ec76b,2
0x80e4f014c98320eab524ae16b0aaf1603f4dc01d,1538035853,6409964.0,OUT,0.0,0x919a801b9b70bb263a9da7e1f0299c255479b0b2824fe6ad4a444cfd382267b1,internal,call,0.068055555555555 Ether,1,0x96bb98183e5562913e72613c1979d0a13f8ec76b,1
0x80e4f014c98320eab524ae16b0aaf1603f4dc01d,1538032910,6409760.0,OUT,0.0,0x46bf0003aa9b9c8861b9dd3329c712ff9a29fdf6f3b4b0234270b5c85eebfbff,internal,call,0.061111111111111 Ether,1,0x96bb98183e5562913e72613c1979d0a13f8ec76b,1
0x80e4f014c98320eab524ae16b0aaf1603f4dc01d,1538030278,6409589.0,OUT,0.0,0xff1aa56c922fffbb459812d8646d1cfb76e4f56144440917c851f606a3c249a9,internal,call,0.065277777777777 Ether,1,0x96bb98183e5562913e72613c1979d0a13f8ec76b,2
0x80e4f014c98320eab524ae16b0aaf1603f4dc01d,1538027493,6409396.0,OUT,0.0,0x35353c81876798584c1a02912dc6c3422c9cb3ec3ea190245357f44707cf468b,internal,call,0.043055555555555 Ether,1,0x96bb98183e5562913e72613c1979d0a13f8ec76b,1
0x80e4f014c98320eab524ae16b0aaf1603f4dc01d,1538025606,6409258.0,OUT,0.0,0x11786a2ba83948ed8af3e764126189d4779b3d94083b8773e8335794a68af601,internal,call,0.072222222222222 Ether,1,0x96bb98183e5562913e72613c1979d0a13f8ec76b,1
