address,age,block,direction,txFee,txhash,txn_type,type,value,Class,creator,inter_direction
0x51e9244bae3fca7473fe48651dfd7db53aa55856,1535947404,6261324.0,OUT,0.0,0x8c3214ea4619b104b19813df3a0d3f8ee3bf3d85f228a0450129b2296d00eaab,internal,call,0.000556198330242 Ether,1,0xe67e6e677d272a087a3828209e21fe62fe8d4881,2
0x51e9244bae3fca7473fe48651dfd7db53aa55856,1537018738,6338506.0,OUT,0.0,0x07b70449ddcaf675a535a429aff95f6212cda524a5d79328022b50a9e0ab4b72,internal,call,0.001673190556964 Ether,1,0xe67e6e677d272a087a3828209e21fe62fe8d4881,2
