address,age,block,direction,txFee,txhash,txn_type,type,value,Class,creator,inter_direction
0xc02aaa39b223fe8d0a0e5c4f27ead9083c756cc2,1546738960,7019444.0,OUT,0.0,0x236e93a184ddb29302360476d1e8d2d0031e2c24a978e2ec76422918abe4cd82,internal,call,0.06825 Ether,0,0x4f26ffbe5f04ed43630fdc30a87638d53d0b0876,1
0xc02aaa39b223fe8d0a0e5c4f27ead9083c756cc2,1546763034,7020952.0,OUT,0.0,0x095217624fd2b49d6cd09be32fb22a067ebfcac5107bb9a67dab9e34a930777e,internal,call,0.073125 Ether,0,0x4f26ffbe5f04ed43630fdc30a87638d53d0b0876,1
