address,age,block,direction,txFee,txhash,txn_type,type,value,Class,creator,inter_direction
0xbf91b27fec3146a1b36069f92337a0ea330725df,1539422287,0.0,OUT,0.0,0x0a02adcb69bc896933bd45192af43b4de908bc45cc501a630dc37016e8ecb922,internal,call,0.000048358372881 Ether,1,0x76130fd699cd7ab670c51e699e67d3eea4b8f8db,2
0xbf91b27fec3146a1b36069f92337a0ea330725df,1539421256,0.0,OUT,0.0,0xe613b854d33fcd1e8ef201284e8e944846fb544f0e8e5b2e0f645fef7e9bfcee,internal,call,0.002526962033898 Ether,1,0x76130fd699cd7ab670c51e699e67d3eea4b8f8db,2
0xbf91b27fec3146a1b36069f92337a0ea330725df,1539517801,6515419.0,OUT,0.0,0x6011595b80c89c7baaaf9f4b282e99b19fde03ea76a32f30c6d27426b05ad107,internal,call,0.000077414033898 Ether,1,0x76130fd699cd7ab670c51e699e67d3eea4b8f8db,2
0xbf91b27fec3146a1b36069f92337a0ea330725df,1539345502,0.0,OUT,0.0,0x6122e75f326096f32d54847194c47bfd07ea014d21df033d29ffe23ad7f16f1a,internal,call,0.002398615932203 Ether,1,0x76130fd699cd7ab670c51e699e67d3eea4b8f8db,2
