address,age,block,direction,txFee,txhash,txn_type,type,value,Class,creator,inter_direction
0x4e8ecf79ade5e2c49b9e30d795517a81e0bf00b8,1537449512,6368725.0,OUT,0.0,0xaae64e88d27d605b8f2b3710e22d3665fb1e3eec74d94cdf382932fd2ed28b9f,internal,call,0.050913533221633 Ether,1,0xf39e044e1ab204460e06e87c6dca2c6319fc69e3,1
0x4e8ecf79ade5e2c49b9e30d795517a81e0bf00b8,1533141430,6069014.0,OUT,0.0,0x6025d6543954e7a6401aa7e816c7173d843670e0b6ef948c1afbf5662abddb46,internal,call,1.693899381424907 Ether,1,0xf39e044e1ab204460e06e87c6dca2c6319fc69e3,1
