address,age,block,direction,txFee,txhash,txn_type,type,value,Class,creator,inter_direction
0x80e4f014c98320eab524ae16b0aaf1603f4dc01d,1538144494,6417602.0,OUT,0.0,0x1cf1fc3d11d7407b7b307fab1ef261ff47c17c8cdaf8ad97f8599f5c1492ca34,internal,call,0.003227688278843 Ether,1,0x96bb98183e5562913e72613c1979d0a13f8ec76b,1
0x80e4f014c98320eab524ae16b0aaf1603f4dc01d,1538062017,0.0,OUT,0.0,0x43030422e09822bb7b7b9d31036d3acb48b5d0fc946513a493fc84ed26a55643,internal,call,0.012394444444444 Ether,1,0x96bb98183e5562913e72613c1979d0a13f8ec76b,1
0x80e4f014c98320eab524ae16b0aaf1603f4dc01d,1538055822,6411386.0,OUT,0.0,0x5193fce64ef1997274453e294acb47317cb496d27638fb8f10043005743a924a,internal,call,0.046511111111111 Ether,1,0x96bb98183e5562913e72613c1979d0a13f8ec76b,1
0x80e4f014c98320eab524ae16b0aaf1603f4dc01d,1538056171,0.0,OUT,0.0,0x512ec270facb7f3472b908750c3f136e0512da0dbc344c7fcc583690273857d8,internal,call,0.000361111111111 Ether,1,0x96bb98183e5562913e72613c1979d0a13f8ec76b,1
0x80e4f014c98320eab524ae16b0aaf1603f4dc01d,1538055859,6411388.0,OUT,0.0,0x168398b1150cceefc159947cf48aac2ac10c6200b6c69c32b142af8baf1bb1d3,internal,call,0.000072222222222 Ether,1,0x96bb98183e5562913e72613c1979d0a13f8ec76b,1
