address,age,block,direction,txFee,txhash,txn_type,type,value,Class,creator,inter_direction
0x7b307c1f0039f5d38770e15f8043b3dd26da5e8f,1539328373,0.0,OUT,0.0,0x6073ed6400dd2bbc01e1b7c5ee66d4d3ce6acf3b49d18cfc1d268c92fec210fb,internal,call,0.00060406779661 Ether,1,0xe1f3294e25bb72a2fb53addb82aa1a033797e6e3,1
0x7b307c1f0039f5d38770e15f8043b3dd26da5e8f,1539326826,6501767.0,OUT,0.0,0x22e6a5e82fa32c85105129990b21a892c765917570c9a9dfd3de5b9e1b75fa39,internal,call,0.161920677966101 Ether,1,0xe1f3294e25bb72a2fb53addb82aa1a033797e6e3,1
0x7b307c1f0039f5d38770e15f8043b3dd26da5e8f,1539849547,6538934.0,OUT,0.0,0xe3d88a3d8c58eadb2d1f233f7dda63a14467e45e345175c5e76f3b69f5868e62,internal,call,0.973297627118644 Ether,1,0xe1f3294e25bb72a2fb53addb82aa1a033797e6e3,2
0x7b307c1f0039f5d38770e15f8043b3dd26da5e8f,1539556022,6518128.0,OUT,0.0,0x55e1208e548b7d1a88ff6bd9d971781a3b66e163b73f0f43868d223c4b887b58,internal,call,0.760730847457627 Ether,1,0xe1f3294e25bb72a2fb53addb82aa1a033797e6e3,1
0x7b307c1f0039f5d38770e15f8043b3dd26da5e8f,1540128797,6558691.0,OUT,0.0,0xaa589c0e856b731e07b30a1ba4fd5f991df83565e83f5f12eda38d8626f90b28,internal,call,0.924225762711864 Ether,1,0xe1f3294e25bb72a2fb53addb82aa1a033797e6e3,1
