address,age,block,direction,txFee,txhash,txn_type,type,value,Class,creator,inter_direction
0x4e8ecf79ade5e2c49b9e30d795517a81e0bf00b8,1533017984,6063560.0,OUT,0.0,0x6cbf84d3c4fd74c1e832c839d522c242d73a937d01907fc7aea956b676c78a9c,internal,call,0.545371126675469 Ether,1,0xf39e044e1ab204460e06e87c6dca2c6319fc69e3,1
0x4e8ecf79ade5e2c49b9e30d795517a81e0bf00b8,1533126829,6070933.0,OUT,0.0,0x47072a4e779eb8b8ec3c8c559bfd8eb7f7cdbda752f09dbba17440f835cf666c,internal,call,0.02185449651054 Ether,1,0xf39e044e1ab204460e06e87c6dca2c6319fc69e3,1
