address,age,block,direction,txFee,txhash,txn_type,type,value,Class,creator,inter_direction
0x4e8ecf79ade5e2c49b9e30d795517a81e0bf00b8,1533664299,6107823.0,OUT,0.0,0x7f7a356c2c2edc623525dba648e1be0283e9831192538c0b265304be43882442,internal,call,2.565231760821598 Ether,1,0xf39e044e1ab204460e06e87c6dca2c6319fc69e3,1
0x4e8ecf79ade5e2c49b9e30d795517a81e0bf00b8,1533638457,0.0,OUT,0.0,0x4aa0fb3c481c7966d3d116a80f5ff9478cae0738c5db8dee395f5dee8826daf6,internal,call,0.109866479050974 Ether,1,0xf39e044e1ab204460e06e87c6dca2c6319fc69e3,1
