address,age,block,direction,txFee,txhash,txn_type,type,value,Class,creator,inter_direction
0x8036165ccabee251c886d6121b047c16b5e798b5,1523119658,5397244.0,OUT,0.0,0xe37fc0087bfb9603df921f0bb6e83fed4ebd447ee405fa95b9f7cd1964608a48,internal,call,0.076749872380233 Ether,1,0x4be640dcce08e68ede454202fbc59cf5f9e8ea1f,2
0x8036165ccabee251c886d6121b047c16b5e798b5,1523074770,5394078.0,OUT,0.0,0xcc9f137be02bb6fe6fc2ab14aca393f5e73b11756938baf7a9bdfb4669911256,internal,call,0.202963294726626 Ether,1,0x4be640dcce08e68ede454202fbc59cf5f9e8ea1f,2
0x8036165ccabee251c886d6121b047c16b5e798b5,1523161141,5400137.0,OUT,0.0,0xb4ef0b4fb51e3af935543a4970f041b823fdb6466977866ac22cfbe638e6c268,internal,call,0.162507024526278 Ether,1,0x4be640dcce08e68ede454202fbc59cf5f9e8ea1f,2
0x8036165ccabee251c886d6121b047c16b5e798b5,1523184409,5404805.0,OUT,0.0,0x41b67d8cabed3e0e3241fe10e6a9985ae93ae98764da5f4fd2b8b1f41313df20,internal,call,0.614985975064605 Ether,1,0x4be640dcce08e68ede454202fbc59cf5f9e8ea1f,2
