address,age,block,direction,txFee,txhash,txn_type,type,value,Class,creator,inter_direction
0x7b307c1f0039f5d38770e15f8043b3dd26da5e8f,1540211807,6564533.0,OUT,0.0,0xa6f9c5b43335931333e135712b245c8dd40a8a1e1887e62bc90ca725bb395186,internal,call,0.008733966101694 Ether,1,0xe1f3294e25bb72a2fb53addb82aa1a033797e6e3,1
0x7b307c1f0039f5d38770e15f8043b3dd26da5e8f,1539853517,6539222.0,OUT,0.0,0x9aea8e7d9a8306b17e26178668777eef1148b3304f5cebbabad2bef25691ecd6,internal,call,0.002950779661016 Ether,1,0xe1f3294e25bb72a2fb53addb82aa1a033797e6e3,1
0x7b307c1f0039f5d38770e15f8043b3dd26da5e8f,1538986460,0.0,OUT,0.0,0x1cec0271b6f648b6f506487a88275ae6f0b719a32ed465d68dc0b2069c4c66ec,internal,call,0.003963661016949 Ether,1,0xe1f3294e25bb72a2fb53addb82aa1a033797e6e3,1
0x7b307c1f0039f5d38770e15f8043b3dd26da5e8f,1539334354,6502294.0,OUT,0.0,0x4fac3e7b2f706758e9895abc03720ea7d04604e4be7d4f8cc58dfc91899e7b9b,internal,call,0.00766006779661 Ether,1,0xe1f3294e25bb72a2fb53addb82aa1a033797e6e3,1
0x7b307c1f0039f5d38770e15f8043b3dd26da5e8f,1539076611,0.0,OUT,0.0,0x8ec1effb1fff088e6e9d322a94b7fe9fa44fe68acb70552ecb4f22c010fe564b,internal,call,0.003924610169491 Ether,1,0xe1f3294e25bb72a2fb53addb82aa1a033797e6e3,1
0x7b307c1f0039f5d38770e15f8043b3dd26da5e8f,1540052792,6550219.0,OUT,0.0,0x468ac9b3f41f3bdafe8f01f124e7a14fe1571ee6a92d4e73fa637e79626a8389,internal,call,0.009660813559322 Ether,1,0xe1f3294e25bb72a2fb53addb82aa1a033797e6e3,1
0x7b307c1f0039f5d38770e15f8043b3dd26da5e8f,1539785493,6534386.0,OUT,0.0,0xf02ab8751494d20c99060bebf29f8ea669be56abbeef5ba5102e66bc6c1c10b6,internal,call,0.011928813559322 Ether,1,0xe1f3294e25bb72a2fb53addb82aa1a033797e6e3,2
0x7b307c1f0039f5d38770e15f8043b3dd26da5e8f,1539158173,6489740.0,OUT,0.0,0xf5798256300583acb786a2d32b94d3eb39e99d3c3a895d025b115aed1b67df52,internal,call,0.003548745762711 Ether,1,0xe1f3294e25bb72a2fb53addb82aa1a033797e6e3,2
0x7b307c1f0039f5d38770e15f8043b3dd26da5e8f,1539510043,0.0,OUT,0.0,0xc11c7430ee504bc11db7873117654d5314cea338373a1e44cb680d9078434ea5,internal,call,0.007652745762711 Ether,1,0xe1f3294e25bb72a2fb53addb82aa1a033797e6e3,2
