address,age,block,direction,txFee,txhash,txn_type,type,value,Class,creator,inter_direction
0x7b307c1f0039f5d38770e15f8043b3dd26da5e8f,1539704726,6528644.0,OUT,0.0,0x7d735aa73498b89b5ea3a434ff8a34000e8e477f3df324ff467210e4b62f5159,internal,call,0.541138983050847 Ether,1,0xe1f3294e25bb72a2fb53addb82aa1a033797e6e3,1
0x7b307c1f0039f5d38770e15f8043b3dd26da5e8f,1539143077,6488735.0,OUT,0.0,0x741665f293f9ad68e1c7e8317841d7e2bbecb59374f9f10cdbb3daefdc171101,internal,call,0.226874576271186 Ether,1,0xe1f3294e25bb72a2fb53addb82aa1a033797e6e3,1
0x7b307c1f0039f5d38770e15f8043b3dd26da5e8f,1538562570,6447160.0,OUT,0.0,0x375716983d3e852ae269a56a1de4c9e59f73395d278f51f87cf825147c433d25,internal,call,0.312759322033898 Ether,1,0xe1f3294e25bb72a2fb53addb82aa1a033797e6e3,1
0x7b307c1f0039f5d38770e15f8043b3dd26da5e8f,1540228530,6565741.0,OUT,0.0,0xb0e24d5d20801551b50868e3dd4cad43f76654508bd35d0ef0418412344a3901,internal,call,0.503010169491525 Ether,1,0xe1f3294e25bb72a2fb53addb82aa1a033797e6e3,1
0x7b307c1f0039f5d38770e15f8043b3dd26da5e8f,1538235738,6424094.0,OUT,0.0,0xa8eda60f15e7234f50dd5fef322edc7641eca3a873c8b508ede2a843cbfdf507,internal,call,0.128827118644067 Ether,1,0xe1f3294e25bb72a2fb53addb82aa1a033797e6e3,1
0x7b307c1f0039f5d38770e15f8043b3dd26da5e8f,1538909660,6472003.0,OUT,0.0,0x8e893a733e7c7059916604f2e48aff2a8c53691d738edde922f02f0a5b611f9d,internal,call,0.336854237288135 Ether,1,0xe1f3294e25bb72a2fb53addb82aa1a033797e6e3,1
0x7b307c1f0039f5d38770e15f8043b3dd26da5e8f,1538101150,6414593.0,OUT,0.0,0xe43e474a50995c19e412b92a9049cd0d222b6a12a1ea3487ad7a26d74aa29d0a,internal,call,0.281871186440677 Ether,1,0xe1f3294e25bb72a2fb53addb82aa1a033797e6e3,2
