address,age,block,direction,txFee,txhash,txn_type,type,value,Class,creator,inter_direction
0x7e0529eb456a7c806b5fe7b3d69a805339a06180,1538681389,0.0,OUT,0.0,0x39e1b578f07fcebf3130a59b67fa4f9d5660f29f10cebb42d07446b12e8637f6,internal,call,24.750357204014497 Ether,1,0x8c691931c6c4ecd92ecc26f9706faaf4aebe137d,2
0x7e0529eb456a7c806b5fe7b3d69a805339a06180,1538681389,0.0,OUT,0.0,0x39e1b578f07fcebf3130a59b67fa4f9d5660f29f10cebb42d07446b12e8637f6,internal,call,31.017818838917622 Ether,1,0x8c691931c6c4ecd92ecc26f9706faaf4aebe137d,2
0x7e0529eb456a7c806b5fe7b3d69a805339a06180,1538681389,0.0,OUT,0.0,0x39e1b578f07fcebf3130a59b67fa4f9d5660f29f10cebb42d07446b12e8637f6,internal,call,19.551947709420815 Ether,1,0x8c691931c6c4ecd92ecc26f9706faaf4aebe137d,2
