address,age,block,direction,txFee,txhash,txn_type,type,value,Class,creator,inter_direction
0x702392282255f8c0993dbbbb148d80d2ef6795b1,1528645037,5767219.0,OUT,0.0,0xf08428688096fb3856d507897980b2a857333217c33be29893af5d2871983b1f,internal,call,0.000147361749891 Ether,1,0xfea0904acc8df0f3288b6583f60b86c36ea52acd,2
0x702392282255f8c0993dbbbb148d80d2ef6795b1,1526563718,5631382.0,OUT,0.0,0xf0d3a675431d349670730d006328192042fa527c99c368cf0dcf8046420cc690,internal,call,0.004873654207841 Ether,1,0xfea0904acc8df0f3288b6583f60b86c36ea52acd,2
