address,age,block,direction,txFee,txhash,txn_type,type,value,Class,creator,inter_direction
0x8a883a20940870dc055f2070ac8ec847ed2d9918,1533207275,0.0,OUT,0.0,0xcc933b53f4dc0e6c126a503c29729ed78c4829f97be72649dcfeaf7c868da673,internal,call,0.000075 Ether,1,0xc14f8469d4bb31c8e69fae9c16e262f45edc3635,2
0x8a883a20940870dc055f2070ac8ec847ed2d9918,1533190308,6075269.0,OUT,0.0,0xc5e937dee2fcc40db819a3ded91b1d60741f7459b187e920032139d17135356c,internal,call,4.532125627363833 Ether,1,0xc14f8469d4bb31c8e69fae9c16e262f45edc3635,2
