address,age,block,direction,txFee,txhash,txn_type,type,value,Class,creator,inter_direction
0x4e8ecf79ade5e2c49b9e30d795517a81e0bf00b8,1532786516,6047533.0,OUT,0.0,0xdde8c9c926d4923d98c75967b16931db58086ae836d3f3c9408bcc9c5d0a9376,internal,call,0.121833953240235 Ether,1,0xf39e044e1ab204460e06e87c6dca2c6319fc69e3,2
0x4e8ecf79ade5e2c49b9e30d795517a81e0bf00b8,1532713832,0.0,OUT,0.0,0xbc9d335f8b8329771aa9fe146fc76cac0d12605dd81f773000ea5eb318e3bf0a,internal,call,0.083957967755133 Ether,1,0xf39e044e1ab204460e06e87c6dca2c6319fc69e3,2
