address,age,block,direction,txFee,txhash,txn_type,type,value,Class,creator,inter_direction
0x702392282255f8c0993dbbbb148d80d2ef6795b1,1523098950,5398830.0,OUT,0.0,0x83972933497a066804d2ef135049fb859e89197e40b79dbba4485a99be1a8ce9,internal,call,0.409955283977075 Ether,1,0xfea0904acc8df0f3288b6583f60b86c36ea52acd,2
0x702392282255f8c0993dbbbb148d80d2ef6795b1,1523840289,5450018.0,OUT,0.0,0x43737bc08ddf7fc876d354a7e9ffa3ecf3e45bff6396d77d6736b664c8c27896,internal,call,0.106970382873116 Ether,1,0xfea0904acc8df0f3288b6583f60b86c36ea52acd,2
0x702392282255f8c0993dbbbb148d80d2ef6795b1,1523277953,5411277.0,OUT,0.0,0x77c7525228e98b8bb03d6fb13604bbba5e877f7844820960c3162eb535874f29,internal,call,0.210908957939454 Ether,1,0xfea0904acc8df0f3288b6583f60b86c36ea52acd,2
0x702392282255f8c0993dbbbb148d80d2ef6795b1,1523192171,5405364.0,OUT,0.0,0x98ef09ae01792860585c22f4f66e97a06a927a595c8076127e93f6d7de635688,internal,call,0.524962776798547 Ether,1,0xfea0904acc8df0f3288b6583f60b86c36ea52acd,2
0x702392282255f8c0993dbbbb148d80d2ef6795b1,1547688955,7080832.0,OUT,0.0,0xd0465b7eb15ead0cdb9515860d424f150e9a66c8923eb9711839e698d106f1a5,internal,call,0.012563323527655 Ether,1,0xfea0904acc8df0f3288b6583f60b86c36ea52acd,2
0x702392282255f8c0993dbbbb148d80d2ef6795b1,1523365684,5417446.0,OUT,0.0,0xb236b6f638157f57e6a1ab9fc5d97d89abf541debe7a6979c5589e4d816a5c95,internal,call,0.954623065467425 Ether,1,0xfea0904acc8df0f3288b6583f60b86c36ea52acd,2
0x702392282255f8c0993dbbbb148d80d2ef6795b1,1523534407,5429114.0,OUT,0.0,0xe655f494111b9d6a0718e5f1ec0aa9f56fdbca0adf1f77b3dee57bf4e5161383,internal,call,0.038360284156368 Ether,1,0xfea0904acc8df0f3288b6583f60b86c36ea52acd,2
0x702392282255f8c0993dbbbb148d80d2ef6795b1,1523459116,5423908.0,OUT,0.0,0xca218a998b4a98e276ffa183c4bbbf1a61efa686a8da2ff210a71d26fe893bc7,internal,call,0.794431444136822 Ether,1,0xfea0904acc8df0f3288b6583f60b86c36ea52acd,2
0x702392282255f8c0993dbbbb148d80d2ef6795b1,1525213445,5542044.0,OUT,0.0,0xc8555d0e9ac30e75442a238f6bdb2e0c037c663f8d2641669739b06dffd0bba3,internal,call,0.04578122228556 Ether,1,0xfea0904acc8df0f3288b6583f60b86c36ea52acd,2
