address,age,block,direction,txFee,txhash,txn_type,type,value,Class,creator,inter_direction
0x8a8b19e2e114b9edbd87498a02254743bffc3706,1532801347,6048640.0,OUT,0.0,0x4abd931a0fdbe4625e0dbc0dea205950bcb5590b6e6e184579d4e31b63201ae8,internal,call,0.000588574064755 Ether,1,0xfadb9139a33a4f2fe67d340b6aaef0d04e9d5681,2
0x8a8b19e2e114b9edbd87498a02254743bffc3706,1532722110,6043130.0,OUT,0.0,0xa9df26c7003c84733e03d62f325c2bcf7b3af02f1c2a416970c623d933c409d9,internal,call,0.000768374999999 Ether,1,0xfadb9139a33a4f2fe67d340b6aaef0d04e9d5681,2
