address,age,block,direction,txFee,txhash,txn_type,type,value,Class,creator,inter_direction
0x4e8ecf79ade5e2c49b9e30d795517a81e0bf00b8,1534646579,0.0,OUT,0.0,0x5aa1c19b753ba7d89057daf7855d775f0c89b378e6e286687819c0b897232174,internal,call,0.01683186348099 Ether,1,0xf39e044e1ab204460e06e87c6dca2c6319fc69e3,1
0x4e8ecf79ade5e2c49b9e30d795517a81e0bf00b8,1533685504,6109269.0,OUT,0.0,0xc9227cfa74a696baa0cac320862fbd987226c3294d26df392227b216e8fd1564,internal,call,0.134570063214467 Ether,1,0xf39e044e1ab204460e06e87c6dca2c6319fc69e3,2
