address,age,block,direction,txFee,txhash,txn_type,type,value,Class,creator,inter_direction
0x8a883a20940870dc055f2070ac8ec847ed2d9918,1533574040,6098711.0,OUT,0.0,0x26718f86948c7b61c88abb8c70eca1e2cfcdbc39387f0969abf3555c176d2041,internal,call,0.146271092383711 Ether,1,0xc14f8469d4bb31c8e69fae9c16e262f45edc3635,2
0x8a883a20940870dc055f2070ac8ec847ed2d9918,1532494821,6027593.0,OUT,0.0,0x890eca30ba0db1e5caa78e60e021d1d609230ee6d790041b5ab6b9efec2dd6bb,internal,call,1.172575019611015 Ether,1,0xc14f8469d4bb31c8e69fae9c16e262f45edc3635,2
