acc,precision,recall,f1-score
0.8737063146842657,0.8643578643578643,0.8895158895158896,0.8767564402810304
