{"acc":{"0":0.8668},"precision":{"0":0.8576858045},"recall":{"0":0.879464246},"f1-score":{"0":0.8683910168}}