{"acc":{"0":0.87535},"precision":{"0":0.8626591291},"recall":{"0":0.8927609783},"f1-score":{"0":0.8774315064}}