acc,precision,recall,f1-score
0.8753500000000001,0.8626591291346968,0.8927609783207752,0.877431506368232
