{"acc":{"0":0.8757},"precision":{"0":0.8611560364},"recall":{"0":0.895774283},"f1-score":{"0":0.8781027911}}