{"acc":{"0":0.86465},"precision":{"0":0.8541671423},"recall":{"0":0.8795160113},"f1-score":{"0":0.8666121011}}