{"acc":{"0":0.8737063147},"precision":{"0":0.8643578644},"recall":{"0":0.8895158895},"f1-score":{"0":0.8767564403}}