{"acc":{"0":0.8753},"precision":{"0":0.8617878278},"recall":{"0":0.8938579682},"f1-score":{"0":0.8775086079}}