acc,precision,recall,f1-score
0.8646499999999999,0.8541671423004917,0.8795160112545707,0.866612101135271
