{"acc":{"0":0.87485},"precision":{"0":0.8612173248},"recall":{"0":0.8936644258},"f1-score":{"0":0.8770989746}}