{"acc":{"0":0.8665},"precision":{"0":0.8580768158},"recall":{"0":0.8783801442},"f1-score":{"0":0.8680619669}}