{"acc":{"0":0.8766},"precision":{"0":0.8629193256},"recall":{"0":0.8953737739},"f1-score":{"0":0.8788243144}}