acc,precision,recall,f1-score
0.8766,0.8629193256317309,0.8953737739335785,0.8788243143813401
