{"acc":{"0":0.8655},"precision":{"0":0.8559309489},"recall":{"0":0.8788958546},"f1-score":{"0":0.8672412188}}