{"acc":{"0":0.8669},"precision":{"0":0.8571148792},"recall":{"0":0.8806729066},"f1-score":{"0":0.8687157275}}