{"acc":{"0":0.875},"precision":{"0":0.8611718169},"recall":{"0":0.8940651541},"f1-score":{"0":0.8772697086}}