acc,precision,recall,f1-score
0.8720563971801409,0.8615113201999411,0.8846618357487923,0.8729331148517802
