{"acc":{"0":0.87575},"precision":{"0":0.8614325093},"recall":{"0":0.8954723005},"f1-score":{"0":0.8780922485}}