{"acc":{"0":0.8672},"precision":{"0":0.8564422666},"recall":{"0":0.8823091087},"f1-score":{"0":0.869173822}}