{"acc":{"0":0.8680065997},"precision":{"0":0.8614934114},"recall":{"0":0.8784711854},"f1-score":{"0":0.8698994678}}