{"acc":{"0":0.868},"precision":{"0":0.8586359074},"recall":{"0":0.8811781656},"f1-score":{"0":0.8696997246}}