{"acc":{"0":0.8661},"precision":{"0":0.8566136816},"recall":{"0":0.8793972385},"f1-score":{"0":0.8678451975}}