{"acc":{"0":0.8763},"precision":{"0":0.8622886536},"recall":{"0":0.8955768197},"f1-score":{"0":0.8785953528}}