{"acc":{"0":0.87555},"precision":{"0":0.8627446793},"recall":{"0":0.8931897447},"f1-score":{"0":0.8776799284}}