acc,precision,recall,f1-score
0.8758062096895155,0.8698468786808009,0.884431137724551,0.8770783847980997
