{"acc":{"0":0.8758062097},"precision":{"0":0.8698468787},"recall":{"0":0.8844311377},"f1-score":{"0":0.8770783848}}