{"acc":{"0":0.86735},"precision":{"0":0.8570466874},"recall":{"0":0.8817998522},"f1-score":{"0":0.8692033897}}