{"acc":{"0":0.7402129894},"precision":{"0":0.8814707305},"recall":{"0":0.5506195225},"f1-score":{"0":0.677827381}}