acc,precision,recall,f1-score
0.5868,0.9296678832253292,0.18780329017921554,0.3124015476123409
