{"acc":{"0":0.7411},"precision":{"0":0.8769374964},"recall":{"0":0.5607468068},"f1-score":{"0":0.6840151744}}