{"acc":{"0":0.5868},"precision":{"0":0.9296678832},"recall":{"0":0.1878032902},"f1-score":{"0":0.3124015476}}