{"acc":{"0":0.7457627119},"precision":{"0":0.8885714286},"recall":{"0":0.5608656447},"f1-score":{"0":0.6876727474}}