{"acc":{"0":0.584520774},"precision":{"0":0.9450381679},"recall":{"0":0.1846107963},"f1-score":{"0":0.3088822355}}