{"acc":{"0":0.7397},"precision":{"0":0.8769483339},"recall":{"0":0.5577509199},"f1-score":{"0":0.681797787}}