{"acc":{"0":0.69995},"precision":{"0":0.898167666},"recall":{"0":0.4510868836},"f1-score":{"0":0.6004696544}}