{"acc":{"0":0.7048147593},"precision":{"0":0.8981860737},"recall":{"0":0.4610994293},"f1-score":{"0":0.6093687971}}