acc,precision,recall,f1-score
0.6791660416979151,0.9032258064516129,0.39710319855159926,0.5516663173338923
