acc,precision,recall,f1-score
0.6768000000000001,0.9064441557404133,0.39426835265673593,0.5494765620307287
