{"acc":{"0":0.658},"precision":{"0":0.9101941483},"recall":{"0":0.3507658141},"f1-score":{"0":0.5062983371}}