acc,precision,recall,f1-score
0.6463500000000001,0.9179006669263481,0.32158093968319174,0.47618596426854876
