{"acc":{"0":0.6253187341},"precision":{"0":0.9287234043},"recall":{"0":0.2642251816},"f1-score":{"0":0.4114043355}}