{"acc":{"0":0.6188},"precision":{"0":0.9270371432},"recall":{"0":0.2581182907},"f1-score":{"0":0.4037045106}}