{"acc":{"0":0.60635},"precision":{"0":0.9287554826},"recall":{"0":0.2304019704},"f1-score":{"0":0.3691408471}}