{"acc":{"0":0.5969},"precision":{"0":0.9299647589},"recall":{"0":0.2097094427},"f1-score":{"0":0.3421658092}}