{"acc":{"0":0.598020099},"precision":{"0":0.9401041667},"recall":{"0":0.2151370679},"f1-score":{"0":0.3501454898}}