Class,address,age,block,creator,direction,inter_direction,txFee,txhash,txn_type,type,value
0,0x006bea43baa3f7a6f765f14f10a1a1b08334ef45,1504022822,4216293.0,0xaf773cb251d81178a611ba74e279bbaddce560c2,IN,3,0.00157224,0x16fb7abbecbcb3ea49a763e60bb42c42cbcaf6e12dab31e3b0638e35dc550e34,external,0,0 Ether
0,0x006bea43baa3f7a6f765f14f10a1a1b08334ef45,1508601295,4404852.0,0xaf773cb251d81178a611ba74e279bbaddce560c2,IN,3,0.00047191,0x1ce7a21ab4056b3793a5de08bbbbe28eb72639f4de3225fa461f4c30375be260,external,0,0 Ether
0,0x006bea43baa3f7a6f765f14f10a1a1b08334ef45,1503978980,4216270.0,0xaf773cb251d81178a611ba74e279bbaddce560c2,IN,3,0.00157224,0x35223e0989949ec0c9d486a87448dd2cdbefaebf79eabf1168f44a944c4b1e49,external,0,0 Ether
0,0x006bea43baa3f7a6f765f14f10a1a1b08334ef45,1504024215,4216352.0,0xaf773cb251d81178a611ba74e279bbaddce560c2,IN,3,0.00112224,0x84658729d83427b25bb4aaa52497dbd234a9b44950b164239376855b0e618d2a,external,0,0 Ether
