Class,address,age,block,creator,direction,inter_direction,txFee,txhash,txn_type,type,value
0,0x006bea43baa3f7a6f765f14f10a1a1b08334ef45,1506511827,4316996.0,0xaf773cb251d81178a611ba74e279bbaddce560c2,IN,3,0.0018704000000000001,0x3bf6710443f96dd4215c24502a09694c90ce6f34a6cabed4477b77b184e4a3b5,external,0,0 Ether
0,0x006bea43baa3f7a6f765f14f10a1a1b08334ef45,1506511827,4316996.0,0xaf773cb251d81178a611ba74e279bbaddce560c2,IN,3,0.0018704,0x3bf6710443f96dd4215c24502a09694c90ce6f34a6cabed4477b77b184e4a3b5,external,0,0 Ether
