Class,address,age,block,creator,direction,inter_direction,txFee,txhash,txn_type,type,value
0,0x006bea43baa3f7a6f765f14f10a1a1b08334ef45,1528114126,5732617.0,0xaf773cb251d81178a611ba74e279bbaddce560c2,IN,3,0.00022344,0x14602506637e1a7ecb9ef3472d7e3b3c71cd5a0738dfb41e2eec20940403c86a,external,0,0 Ether
0,0x006bea43baa3f7a6f765f14f10a1a1b08334ef45,1531702917,5973873.0,0xaf773cb251d81178a611ba74e279bbaddce560c2,IN,3,0.00022344,0x23bb04aea1a0d77eb641ed8036e5bbd788c1f73af9cc6e4592efd737e43fd2f0,external,0,0 Ether
