Class,address,age,block,creator,direction,inter_direction,txFee,txhash,txn_type,type,value
0,0x55d34b686aa8c04921397c5807db9ecedba00a4c,1498001632,0.0,0x6b9ef02657339310e28a7a9d4b5f25f7c1f68d61,OUT,2,0.0,0x11f655c56a1beb5c7c314f9bce7d3dc17d65594a6ecab57d93619a4e8042bd78,internal,call,7.271818702353158 Ether
0,0x55d34b686aa8c04921397c5807db9ecedba00a4c,1497999264,0.0,0x6b9ef02657339310e28a7a9d4b5f25f7c1f68d61,OUT,2,0.0,0x170a8fb041d13292cc05d37d2fc1d17e11b6c2f4993baa7476ee109dc6621c1d,internal,call,15.092868252841168 Ether
0,0x55d34b686aa8c04921397c5807db9ecedba00a4c,1498016512,3908015.0,0x6b9ef02657339310e28a7a9d4b5f25f7c1f68d61,OUT,2,0.0,0x59faabd786e80d103b160c884f7aa891aa4838eb1c533aa032e57891ed42cce4,internal,call,8.2 Ether
