Class,address,age,block,creator,direction,inter_direction,txFee,txhash,txn_type,type,value
0,0x0777f76d195795268388789343068e4fcd286919,1542238868,6707774.0,0xbea8c2f97fa34dc1cfdd7acbdc8226fb1c8c7473,IN,3,0.00159395,0x4a47286f6cf6ec3e2a7bad205890a144af44b49c6ee293ffe2322634fd098272,external,0,0.072 Ether
0,0x0777f76d195795268388789343068e4fcd286919,1542273987,6710276.0,0xbea8c2f97fa34dc1cfdd7acbdc8226fb1c8c7473,IN,3,0.00042392,0x6d841cd3f2566dd8fc11329592f5820eef492b41f81646b8118ab8fe866e9622,external,0,0.072 Ether
