Class,address,age,block,creator,direction,inter_direction,txFee,txhash,txn_type,type,value
1,0x8a883a20940870dc055f2070ac8ec847ed2d9918,1532309848,6015118.0,0xc14f8469d4bb31c8e69fae9c16e262f45edc3635,OUT,2,0.0,0x4ff40a9d1c13f5346d35655f6d7d539364f0972e90253c19201c547e7c2af650,internal,call,0.383712399050896 Ether
1,0x8a883a20940870dc055f2070ac8ec847ed2d9918,1533165011,0.0,0xc14f8469d4bb31c8e69fae9c16e262f45edc3635,OUT,2,0.0,0x4c131e0271545b48401620790d649d1e1017c473beeb52ffc9b7cf36b2235f77,internal,call,0.014653878803411 Ether
1,0x8a883a20940870dc055f2070ac8ec847ed2d9918,1532732889,6043866.0,0xc14f8469d4bb31c8e69fae9c16e262f45edc3635,OUT,2,0.0,0x9842d468eb61e580542101c5b3cea520ef2b7cc813ddda6e7c4d1f448c83bdd7,internal,call,0.005471783301348 Ether
1,0x8a883a20940870dc055f2070ac8ec847ed2d9918,1532291118,6013848.0,0xc14f8469d4bb31c8e69fae9c16e262f45edc3635,OUT,2,0.0,0x224febd20e3214df3f0ec039f69b0e9ba6ded0eedf8b97144cd662093edd8351,internal,call,1.104844743655934 Ether
