Class,address,age,block,creator,direction,inter_direction,txFee,txhash,txn_type,type,value
0,0x07e3c70653548b04f0a75970c1f81b4cbbfb606f,1506507435,4316856.0,0x3e2c6a3b6861d84d98753a2c9fa4f96c65c2ea4f,IN,3,0.00018319999999999998,0x07eeeb50d074d191a574841cc9ac1c2bcc4c1eaf752482a6bd894c89d8be42fa,external,0,0 Ether
0,0x07e3c70653548b04f0a75970c1f81b4cbbfb606f,1529834537,5847344.0,0x3e2c6a3b6861d84d98753a2c9fa4f96c65c2ea4f,IN,3,7.319e-05,0x13ba2c68fd01a9b4f8482ae2ebdaa3b4a95c87d5e11cc97b733589ec593e923d,external,0,0 Ether
0,0x07e3c70653548b04f0a75970c1f81b4cbbfb606f,1529456924,5821712.0,0x3e2c6a3b6861d84d98753a2c9fa4f96c65c2ea4f,IN,3,0.0145584,0x1b0d93e93d8b1e8acd7d40b094f7f8c27386bd4f60a12a7156777f948de11b08,external,0,0 Ether
0,0x07e3c70653548b04f0a75970c1f81b4cbbfb606f,1529834497,5847342.0,0x3e2c6a3b6861d84d98753a2c9fa4f96c65c2ea4f,IN,3,7.319e-05,0x5e1a296e9f7881e0206dac5f085bb01645fbbf32f95d1b3884f205aa3f497157,external,0,0 Ether
0,0x07e3c70653548b04f0a75970c1f81b4cbbfb606f,1529834489,5847340.0,0x3e2c6a3b6861d84d98753a2c9fa4f96c65c2ea4f,IN,3,7.319e-05,0x8076c3ebecdebb1de2b17d71aa1020aa4b4573525ce3d4fde49415e772c86901,external,0,0 Ether
0,0x07e3c70653548b04f0a75970c1f81b4cbbfb606f,1529456934,5821714.0,0x3e2c6a3b6861d84d98753a2c9fa4f96c65c2ea4f,IN,3,0.00072792,0x9dd101555a33bad37ba0c85481830f01b3514945e7fed010a7f2629c80c0a396,external,0,0 Ether
