Class,address,age,block,creator,direction,inter_direction,txFee,txhash,txn_type,type,value
0,0x0777f76d195795268388789343068e4fcd286919,1545999191,6969879.0,0xbea8c2f97fa34dc1cfdd7acbdc8226fb1c8c7473,IN,3,0.00565046,0x0d8ff7336459a5ff4367f31b9371383e3d6ee9f1245011c00fbc14d7a1b7f3c8,external,0,0 Ether
0,0x0777f76d195795268388789343068e4fcd286919,1545817379,6957499.0,0xbea8c2f97fa34dc1cfdd7acbdc8226fb1c8c7473,IN,3,0.00028635,0x4700b8595c16f79e3df3e13ffdf2ca8c68da4f723b6801a9ef182139978a6b0c,external,0,0.012 Ether
0,0x0777f76d195795268388789343068e4fcd286919,1545941164,6965901.0,0xbea8c2f97fa34dc1cfdd7acbdc8226fb1c8c7473,IN,3,0.00565038,0x7aa88cec3fdb611c34ff2938a2cba4a296e62f249e8618783a9dc78f3112e471,external,0,0 Ether
