Class,address,age,block,creator,direction,inter_direction,txFee,txhash,txn_type,type,value
0,0x07e3c70653548b04f0a75970c1f81b4cbbfb606f,1513524299,4751085.0,0x3e2c6a3b6861d84d98753a2c9fa4f96c65c2ea4f,IN,3,0.00017224,0x103882a99ca6c21176f0c5aed09d5c3165295c87f9977961866e6d8bdd70642d,external,0,0 Ether
0,0x07e3c70653548b04f0a75970c1f81b4cbbfb606f,1512219073,4664334.0,0x3e2c6a3b6861d84d98753a2c9fa4f96c65c2ea4f,IN,3,0.00018243,0x67d536ba2d4358d316c2c4d9a16b4d975957ed5696ae6b37065ad8621b939ea0,external,0,0 Ether
0,0x07e3c70653548b04f0a75970c1f81b4cbbfb606f,1513524029,4751068.0,0x3e2c6a3b6861d84d98753a2c9fa4f96c65c2ea4f,IN,3,0.00041224,0x94baeb029364b23048dac02580b3dd30931c09ede829a1531a490fd7b0e1b1a0,external,0,0 Ether
