Class,address,age,block,creator,direction,inter_direction,txFee,txhash,txn_type,type,value
0,0x8d12a197cb00d4747a1fe03395095ce2a5cc6819,1541250411,6638024.0,0x1ed014aec47fae44c9e55bac7662c0b78ae61798,OUT,2,0.0,0x4b3364548fc24e6fba76f5ef0004ec348d4fc30fdc2b2c5fb37c97b067784335,internal,call,2.073571927026218 Ether
0,0x8d12a197cb00d4747a1fe03395095ce2a5cc6819,1542355925,6716123.0,0x1ed014aec47fae44c9e55bac7662c0b78ae61798,OUT,2,0.0,0x5ae243d2e326a7def3849b1ed38edb8193e5f1ec732abeacfb2a83adc2268922,internal,call,0.5 Ether
0,0x8d12a197cb00d4747a1fe03395095ce2a5cc6819,1538288960,6427838.0,0x1ed014aec47fae44c9e55bac7662c0b78ae61798,OUT,2,0.0,0xb2202a9b460e72cd59072754e2969a5746056fffd3f1188980fa31c01c58cfdd,internal,call,0.527643641129927 Ether
