Class,address,age,block,creator,direction,inter_direction,txFee,txhash,txn_type,type,value
0,0x08f5a9235b08173b7569f83645d2c7fb55e8ccd8,1523032349,5391103.0,0x5e9c071070343395106991556d3eb0651edff8cf,IN,3,0.00010803,0x059f14745238b124068fc0f15a23ffd53bf6e3b99e07791f8da7a4a34cf5bb2a,external,0,0 Ether
0,0x08f5a9235b08173b7569f83645d2c7fb55e8ccd8,1522369162,5347861.0,0x5e9c071070343395106991556d3eb0651edff8cf,IN,3,0.00016536,0x84f37721b5c878e10b549f7dcce356adf12eb46e4bcff0a1ecaef329212e671b,external,0,0 Ether
0,0x08f5a9235b08173b7569f83645d2c7fb55e8ccd8,1522968150,5389676.0,0x5e9c071070343395106991556d3eb0651edff8cf,IN,3,0.00027786,0x99b001ede34934c21367ccb9287baee8a3df8a10b2a7764cea5f2bc64549f319,external,0,0 Ether
