Class,address,age,block,creator,direction,inter_direction,txFee,txhash,txn_type,type,value
0,0x08f5a9235b08173b7569f83645d2c7fb55e8ccd8,1529559174,5828644.0,0x5e9c071070343395106991556d3eb0651edff8cf,IN,3,0.00011095,0x2b32933da922c9852efcc0be5627d46f74caa2447c6e1eef243e0b4384509175,external,0,0 Ether
0,0x08f5a9235b08173b7569f83645d2c7fb55e8ccd8,1538890984,6470651.0,0x5e9c071070343395106991556d3eb0651edff8cf,IN,3,0.00011095,0x797a40867cfcae7bf1f9edef741a6bcaf00652f1a22760f866d09f1344c0f051,external,0,0 Ether
