Class,address,age,block,creator,direction,inter_direction,txFee,txhash,txn_type,type,value
0,0x08f5a9235b08173b7569f83645d2c7fb55e8ccd8,1515649429,4890914.0,0x5e9c071070343395106991556d3eb0651edff8cf,IN,3,0.0005071,0x0d0421e52f417501205e5daa75566a5f57c6f89b34fdc33cd2132d06a63afb02,external,0,0 Ether
0,0x08f5a9235b08173b7569f83645d2c7fb55e8ccd8,1515649036,4890889.0,0x5e9c071070343395106991556d3eb0651edff8cf,IN,3,0.000552,0x414a07e8e4929867663272ce9415c33c6b950736047b76ef972f9c9c175496cf,external,0,0 Ether
