Class,address,age,block,creator,direction,inter_direction,txFee,txhash,txn_type,type,value
0,0x08f5a9235b08173b7569f83645d2c7fb55e8ccd8,1531471214,5957736.0,0x5e9c071070343395106991556d3eb0651edff8cf,IN,3,0.00213134,0x183757024bc0227418ff65fe62c115e2de898a5bfe2a2901b24a9dc7f7a391e8,external,0,0 Ether
0,0x08f5a9235b08173b7569f83645d2c7fb55e8ccd8,1516799245,4966165.0,0x5e9c071070343395106991556d3eb0651edff8cf,IN,3,0.00010396,0x5e6c178944674ec8b06290aaf15af36d8a9fef54e0a180926f145d571636d533,external,0,0 Ether
