Class,address,age,block,creator,direction,inter_direction,txFee,txhash,txn_type,type,value
0,0x09678741bd50c3e74301f38fbd0136307099ae5d,1521791167,5307961.0,0xa38f728c9431a4248753c63423518faf4de63e18,IN,3,0.00018054,0x0671300b82788bb05ffebc6bfb20248bc7b1f66dbd3d7b074da5f8e80d618839,external,0,0.04888 Ether
0,0x09678741bd50c3e74301f38fbd0136307099ae5d,1521907813,5313050.0,0xa38f728c9431a4248753c63423518faf4de63e18,IN,3,9.043e-05,0x3e99b029a6d2f3ee90ed4afd7c87120fca669fe1232ffc3cafe430a3ba10d24e,external,0,0.07271 Ether
