Class,address,age,block,creator,direction,inter_direction,txFee,txhash,txn_type,type,value
0,0x09678741bd50c3e74301f38fbd0136307099ae5d,1520321192,5207406.0,0xa38f728c9431a4248753c63423518faf4de63e18,IN,3,0.00027106,0x5d338192a925414c87d0d20c5c8731b658f76bd0f74f7fdec7420afe4d7eeaff,external,0,0.07086 Ether
0,0x09678741bd50c3e74301f38fbd0136307099ae5d,1520496229,5219364.0,0xa38f728c9431a4248753c63423518faf4de63e18,IN,3,0.00027106,0xac7d5387bbd490152fe5776593620c0a117056d17f6afbabb7fbb1803d613a92,external,0,0.01582 Ether
