Class,address,age,block,creator,direction,inter_direction,txFee,txhash,txn_type,type,value
0,0x09678741bd50c3e74301f38fbd0136307099ae5d,1515474847,4880034.0,0xa38f728c9431a4248753c63423518faf4de63e18,IN,3,0.0042506,0x13f83873f6686aac3fb72620027d26ef9d09f28c35e6b81e7ae9c3fac4dafd50,external,0,1.83647 Ether
0,0x09678741bd50c3e74301f38fbd0136307099ae5d,1515491556,4881066.0,0xa38f728c9431a4248753c63423518faf4de63e18,IN,3,0.00406972,0x1787fee32c09d50e5084810b50e95a47551c19380b1c507a01d16d9dc9b219a2,external,0,0.54262 Ether
0,0x09678741bd50c3e74301f38fbd0136307099ae5d,1515469169,4879680.0,0xa38f728c9431a4248753c63423518faf4de63e18,IN,3,0.00406972,0x455bd7ee08437ec5c5cd9019d689848446a8493287caf49a6eb9df513f6c4d87,external,0,0.65233 Ether
