Class,address,age,block,creator,direction,inter_direction,txFee,txhash,txn_type,type,value
0,0x09678741bd50c3e74301f38fbd0136307099ae5d,1515843227,4903091.0,0xa38f728c9431a4248753c63423518faf4de63e18,IN,3,0.00198781,0x5433fc89c4b8edda829fcd9a05107991d790aa743331491e3052232b6cb8cee1,external,0,1.01011 Ether
