Class,address,age,block,creator,direction,inter_direction,txFee,txhash,txn_type,type,value
0,0x0abdace70d3790235af448c88547603b945604ea,1518535970,5085575.0,0x395abb8b97268480229e6c3784a545daee325a83,IN,3,0.004305,0x6b2fcd5fa3cfb34d0f12ab7f178225ab1630e72f926c9aac8a8f9823d9a1b4fb,external,0,0 Ether
0,0x0abdace70d3790235af448c88547603b945604ea,1518535776,5085556.0,0x395abb8b97268480229e6c3784a545daee325a83,IN,3,0.001025,0xb95cb9b00869dd10511bf462b52e98399246b1da142d5187e2024bef6260ec18,external,0,0 Ether
