Class,address,age,block,creator,direction,inter_direction,txFee,txhash,txn_type,type,value
0,0x0abdace70d3790235af448c88547603b945604ea,1545217217,6916462.0,0x395abb8b97268480229e6c3784a545daee325a83,IN,3,0.00391336,0x0f8783563215e8759bbc0322a8edd883bbeea293c439bd3b63aad29ccb022f48,external,0,0 Ether
0,0x0abdace70d3790235af448c88547603b945604ea,1545215922,6916379.0,0x395abb8b97268480229e6c3784a545daee325a83,IN,3,0.00390549,0x2ef364bb2e8650ab5bb1d94369824809ca7d6a5275a106bc18391555d1006564,external,0,0 Ether
0,0x0abdace70d3790235af448c88547603b945604ea,1515423078,4876796.0,0x395abb8b97268480229e6c3784a545daee325a83,IN,3,0.00645138,0x5764262e98c81b26d321538d94786cf4cfc15ce34455b8eae76b18740298cd0a,external,0,0 Ether
