Class,address,age,block,creator,direction,inter_direction,txFee,txhash,txn_type,type,value
0,0x0abdace70d3790235af448c88547603b945604ea,1516733110,4961668.0,0x395abb8b97268480229e6c3784a545daee325a83,IN,3,0.00376778,0x2ab234dc75d9b4624cbe864ecbe171b058a1b9d5c40572969a4e57b47a659b4f,external,0,0 Ether
0,0x0abdace70d3790235af448c88547603b945604ea,1515436312,4877615.0,0x395abb8b97268480229e6c3784a545daee325a83,IN,3,0.00839677,0x321a90195fa0eecc501697ab1c27cf8a714170dbdafa5c6f5236e4deeb076017,external,0,0 Ether
0,0x0abdace70d3790235af448c88547603b945604ea,1516770573,4964235.0,0x395abb8b97268480229e6c3784a545daee325a83,IN,3,0.00290657,0x3a0243d313d2581c24f3218f5e85699d7dfc266919114bb8df8ff6872fe4ae84,external,0,0 Ether
0,0x0abdace70d3790235af448c88547603b945604ea,1516684060,4958256.0,0x395abb8b97268480229e6c3784a545daee325a83,IN,3,0.00269127,0x741e67d1e2753ed4a4d55c47048b3eecd03301a529c8b196e059ceab464e4919,external,0,0 Ether
