Class,address,age,block,creator,direction,inter_direction,txFee,txhash,txn_type,type,value
0,0x0abdace70d3790235af448c88547603b945604ea,1515239767,4865191.0,0x395abb8b97268480229e6c3784a545daee325a83,IN,3,0.01280535,0x1484bc66d261fa80aa3ec2021e12db56430b838cc5aafa456a55475bee7087ae,external,0,0 Ether
0,0x0abdace70d3790235af448c88547603b945604ea,1515238895,4865140.0,0x395abb8b97268480229e6c3784a545daee325a83,IN,3,0.01327178,0x7b917e8f9e7ee3d9c80ee2d7e52b1f46ceff6db80e147ec96f0df02fe733ca0a,external,0,0 Ether
