Class,address,age,block,creator,direction,inter_direction,txFee,txhash,txn_type,type,value
0,0x0abdace70d3790235af448c88547603b945604ea,1535027168,6201078.0,0x395abb8b97268480229e6c3784a545daee325a83,IN,3,0.00118705,0x0535df3c03f889e1ea06302a4dbdd42cd3e2b0cc1daf713f8217fe82f530e27d,external,0,0 Ether
0,0x0abdace70d3790235af448c88547603b945604ea,1525237473,5543584.0,0x395abb8b97268480229e6c3784a545daee325a83,IN,3,0.00064552,0x2c484fa718b9cf40de669e441f782fa73491d31e8bc73c2c5398b9e777a6ea63,external,0,0 Ether
