Class,address,age,block,creator,direction,inter_direction,txFee,txhash,txn_type,type,value
0,0x0abdace70d3790235af448c88547603b945604ea,1521891443,5314930.0,0x395abb8b97268480229e6c3784a545daee325a83,IN,3,0.00041757,0x4ea9f17ab7725621579b9e7e20a6f156f1d4aeb470a51710c6dff1eeed9bd98f,external,0,0 Ether
0,0x0abdace70d3790235af448c88547603b945604ea,1521891545,5314935.0,0x395abb8b97268480229e6c3784a545daee325a83,IN,3,0.0004306,0x68e554e0717d53664fdd560c7cf322ca61f66c2cc3ff7df9661a009be9a93ca6,external,0,0 Ether
0,0x0abdace70d3790235af448c88547603b945604ea,1521891335,5314923.0,0x395abb8b97268480229e6c3784a545daee325a83,IN,3,0.0004306,0xb186d750230e0bc9d8f84805ef1e967acf912b6f594e82e5a067d74570a53439,external,0,0 Ether
