Class,address,age,block,creator,direction,inter_direction,txFee,txhash,txn_type,type,value
0,0x0abdace70d3790235af448c88547603b945604ea,1515599394,4887802.0,0x395abb8b97268480229e6c3784a545daee325a83,IN,3,0.01580588,0x3c6c21fa7b5342b017992500aa0348e83d66eb6fff4f15c235ff9aebb09492b2,external,0,0 Ether
0,0x0abdace70d3790235af448c88547603b945604ea,1516702537,4959483.0,0x395abb8b97268480229e6c3784a545daee325a83,IN,3,0.00538255,0x747d2caa4ab42f57b39422fd896ef4515aec848da3446fad5ac71000a5e873a5,external,0,0 Ether
