Class,address,age,block,creator,direction,inter_direction,txFee,txhash,txn_type,type,value
0,0x0abdace70d3790235af448c88547603b945604ea,1516383216,4937854.0,0x395abb8b97268480229e6c3784a545daee325a83,IN,3,0.0055022,0x095809b8d658cc3b3aa787662563b7975af201a9c888f7cf190995d89a73c2a6,external,0,0 Ether
0,0x0abdace70d3790235af448c88547603b945604ea,1516421567,4937542.0,0x395abb8b97268480229e6c3784a545daee325a83,IN,3,0.0055022,0x17149cc221a67edbd241218c89b03974ccf66bf2d4417bc117da29d3e89d4dfb,external,0,0 Ether
0,0x0abdace70d3790235af448c88547603b945604ea,1516383222,4937855.0,0x395abb8b97268480229e6c3784a545daee325a83,IN,3,0.0055022,0x3920c4317009401ef4b28d66816b9bf5a6b28df77400bb6c06b397cdd59de3ba,external,0,0 Ether
0,0x0abdace70d3790235af448c88547603b945604ea,1516370392,4937011.0,0x395abb8b97268480229e6c3784a545daee325a83,IN,3,0.019063999999999998,0x8cfc52c98783e72ca1f48debe32131bdc719b63a9d163e6d3bf84dcdd92f9f63,external,0,0 Ether
0,0x0abdace70d3790235af448c88547603b945604ea,1516399749,4938938.0,0x395abb8b97268480229e6c3784a545daee325a83,IN,3,0.0055022,0x8fee17a16c4ab67ca5766cb7a396a54d8e8a55af2196ecd9e0244a3afb9052bd,external,0,0 Ether
0,0x0abdace70d3790235af448c88547603b945604ea,1516383222,4937855.0,0x395abb8b97268480229e6c3784a545daee325a83,IN,3,0.0055022,0x9b1b251d2d5f86021c1d7bfe746d1ed84cf19c62b2490a0db56b5dc4fea7809f,external,0,0 Ether
0,0x0abdace70d3790235af448c88547603b945604ea,1516383454,4937867.0,0x395abb8b97268480229e6c3784a545daee325a83,IN,3,0.0055022,0x9c79bbe3fa3a518c519abfa14f5f30087b785bd5091bc821a88a16825be000b3,external,0,0 Ether
