Class,address,age,block,creator,direction,inter_direction,txFee,txhash,txn_type,type,value
0,0x0b76544f6c413a555f309bf76260d1e02377c02a,1518981196,5116288.0,0xe9a24f8628006c7f33f91c0248e10e62a121b516,IN,3,0.00075374,0x2e04579a2475c0e3e648330c677f535f27d632a446fa9e029785dea1d60aa9c7,external,0,0 Ether
0,0x0b76544f6c413a555f309bf76260d1e02377c02a,1521053880,5257332.0,0xe9a24f8628006c7f33f91c0248e10e62a121b516,IN,3,0.00018811,0x8f4662db3b0546e5fcd26eb4a69e9375eea4a8c9ebd32f33c7b31f01a20eee6e,external,0,0 Ether
