Class,address,age,block,creator,direction,inter_direction,txFee,txhash,txn_type,type,value
0,0x0b76544f6c413a555f309bf76260d1e02377c02a,1516703406,4959544.0,0xe9a24f8628006c7f33f91c0248e10e62a121b516,IN,3,0.0015,0x4acef9e68039c17b5bbfed0fde6a870e8010a3543f5bf09bd55854c85054276d,external,0,0 Ether
0,0x0b76544f6c413a555f309bf76260d1e02377c02a,1516706274,4959754.0,0xe9a24f8628006c7f33f91c0248e10e62a121b516,IN,3,0.00188435,0x8720080a48eaa67610b4aa1061096ff93aa02dbb20f87fcea55996e2a10596d5,external,0,0 Ether
0,0x0b76544f6c413a555f309bf76260d1e02377c02a,1516705349,4959689.0,0xe9a24f8628006c7f33f91c0248e10e62a121b516,IN,3,0.0012045,0x87ed09ff619cdf633d841ab9156ef034a17822734e06472a8d5eba798712d8b4,external,0,0 Ether
0,0x0b76544f6c413a555f309bf76260d1e02377c02a,1516705753,4959716.0,0xe9a24f8628006c7f33f91c0248e10e62a121b516,IN,3,0.00188435,0x9b23c6b12299b92068a9ef7a56139fdf962602cde9ad56312e9f2aa461293128,external,0,0 Ether
0,0x0b76544f6c413a555f309bf76260d1e02377c02a,1516706645,4959782.0,0xe9a24f8628006c7f33f91c0248e10e62a121b516,IN,3,0.00188435,0xa88082ee48b2bac4016b3c0218226a46f7592f99837fcc673039b57b7d5a41a3,external,0,0 Ether
