Class,address,age,block,creator,direction,inter_direction,txFee,txhash,txn_type,type,value
0,0x0b76544f6c413a555f309bf76260d1e02377c02a,1516114619,4920428.0,0xe9a24f8628006c7f33f91c0248e10e62a121b516,IN,3,0.00361394,0x145059d3d1091f78aaa2f9e690eda3d73ea504c49cc47fd2d4c08285feecc666,external,0,0 Ether
0,0x0b76544f6c413a555f309bf76260d1e02377c02a,1516306993,4932843.0,0xe9a24f8628006c7f33f91c0248e10e62a121b516,IN,3,0.00224735,0x1874942ac0731d86a73ebd39aaba09070dc132390156648316ea82610a430afa,external,0,0 Ether
0,0x0b76544f6c413a555f309bf76260d1e02377c02a,1516307977,4932914.0,0xe9a24f8628006c7f33f91c0248e10e62a121b516,IN,3,0.00324085,0x580cdc07b768924467e1fe22df2f73e52a2c9015bea926c44534e60da29c7675,external,0,0 Ether
0,0x0b76544f6c413a555f309bf76260d1e02377c02a,1516307677,4932892.0,0xe9a24f8628006c7f33f91c0248e10e62a121b516,IN,3,0.0030786999999999998,0x7773f2434526e50cb58c204e64fcf3407397ac414d9dae2d16112cc1d2080bbe,external,0,0 Ether
0,0x0b76544f6c413a555f309bf76260d1e02377c02a,1516568540,4950443.0,0xe9a24f8628006c7f33f91c0248e10e62a121b516,IN,3,0.00184666,0x8a8ef38bf4f5290ccd42f6de7e8481470aa00d438edcd6f7c579e6b041f63e9b,external,0,0 Ether
0,0x0b76544f6c413a555f309bf76260d1e02377c02a,1516567140,4950349.0,0xe9a24f8628006c7f33f91c0248e10e62a121b516,IN,3,0.00189537,0x8bacdc673dc6a6fc69c6560da631338c9243e980c307226789ee3416518e40fe,external,0,0 Ether
0,0x0b76544f6c413a555f309bf76260d1e02377c02a,1516051682,4916414.0,0xe9a24f8628006c7f33f91c0248e10e62a121b516,IN,3,0.00242179,0xa036bee98a64aea26f3eb121f00eb2b39eeea06b98b66bef6327fbfc62f9d190,external,0,0 Ether
0,0x0b76544f6c413a555f309bf76260d1e02377c02a,1516308285,4932929.0,0xe9a24f8628006c7f33f91c0248e10e62a121b516,IN,3,0.0033478,0xad1680433de28a245405756245786e19158f4c6c766b73f009a5f205e671045b,external,0,0 Ether
