Class,address,age,block,creator,direction,inter_direction,txFee,txhash,txn_type,type,value
1,0x4e8ecf79ade5e2c49b9e30d795517a81e0bf00b8,1533065695,0.0,0xf39e044e1ab204460e06e87c6dca2c6319fc69e3,OUT,2,0.0,0x02a14f943d76a895edecae0e36ae57568b6772e4c9d0321f63b027121e913154,internal,call,0.011035274941198 Ether
1,0x4e8ecf79ade5e2c49b9e30d795517a81e0bf00b8,1532790570,6047857.0,0xf39e044e1ab204460e06e87c6dca2c6319fc69e3,OUT,2,0.0,0xe6add5611d29c69f62f604be0671b587427abf81912b6b9e4187244a376b7b26,internal,call,0.019643331679763 Ether
1,0x4e8ecf79ade5e2c49b9e30d795517a81e0bf00b8,1532799953,6048539.0,0xf39e044e1ab204460e06e87c6dca2c6319fc69e3,OUT,2,0.0,0x4a3900b8134e8ba347f10856d1a2f390d8c75c65ad76cadc24c41a3df82180f0,internal,call,0.01199982826297 Ether
1,0x4e8ecf79ade5e2c49b9e30d795517a81e0bf00b8,1532784479,0.0,0xf39e044e1ab204460e06e87c6dca2c6319fc69e3,OUT,2,0.0,0xcd2675eaafc743fc3da49cbcaa09b9f25ab18bbd565fc9751e76b56ba5c74fcb,internal,call,0.09096437256207 Ether
1,0x4e8ecf79ade5e2c49b9e30d795517a81e0bf00b8,1532723820,0.0,0xf39e044e1ab204460e06e87c6dca2c6319fc69e3,OUT,2,0.0,0xb5b0d19b299274713d7f2d5347e429c5aafcbb2371fa71599908f0c9c37269d2,internal,call,0.065118301491417 Ether
1,0x4e8ecf79ade5e2c49b9e30d795517a81e0bf00b8,1532762509,0.0,0xf39e044e1ab204460e06e87c6dca2c6319fc69e3,OUT,2,0.0,0x9e45e64fa551ae096f154fe434af3fdc391bde7ab59bbf3ee7c04ab3d4cc121a,internal,call,0.020931779324933 Ether
