Class,address,age,block,creator,direction,inter_direction,txFee,txhash,txn_type,type,value
0,0x0d8775f648430679a709e98d2b0cb6250d2887ef,1546696645,7016688.0,0x3095a47305efd248f6ce272c2db01297a91e8c41,IN,3,0.00036341,0x02f74e4042f4ec8bda40656dbe558e8283b71039d245ac44778607c3832f12ef,external,0,0 Ether
0,0x0d8775f648430679a709e98d2b0cb6250d2887ef,1546702011,7017056.0,0x3095a47305efd248f6ce272c2db01297a91e8c41,IN,3,0.00031111,0x27448dbeb62d3c769a9580b49c886385470566cf06c645d3395e7aa415f39de4,external,0,0 Ether
0,0x0d8775f648430679a709e98d2b0cb6250d2887ef,1546628118,7012188.0,0x3095a47305efd248f6ce272c2db01297a91e8c41,IN,3,0.00031149,0x5f69f0e66c192c25c8f792f4d641c0f934e056fe7a8f0f388214259345872cf7,external,0,0 Ether
0,0x0d8775f648430679a709e98d2b0cb6250d2887ef,1546684488,7015891.0,0x3095a47305efd248f6ce272c2db01297a91e8c41,IN,3,0.00051852,0x83c936d8ac2e9dbbab3bf5150863155d0160749d3770ae08c9fa7ed1eff7916f,external,0,0 Ether
0,0x0d8775f648430679a709e98d2b0cb6250d2887ef,1546692536,7016413.0,0x3095a47305efd248f6ce272c2db01297a91e8c41,IN,3,0.00046724,0xa75f2ffa3c8c5ac93f016e448339d8ddb3df02f59721d40efb64848a6c3a409a,external,0,0 Ether
