Class,address,age,block,creator,direction,inter_direction,txFee,txhash,txn_type,type,value
0,0x0d8775f648430679a709e98d2b0cb6250d2887ef,1541824032,6675395.0,0x3095a47305efd248f6ce272c2db01297a91e8c41,IN,3,0.00043832,0x1fc1600c8083692817e813ef0db0693d6a2b1acbd560cff3c9083b4886d96a7a,external,0,0 Ether
0,0x0d8775f648430679a709e98d2b0cb6250d2887ef,1542743822,6743424.0,0x3095a47305efd248f6ce272c2db01297a91e8c41,IN,3,0.00043832,0x36842a005536c6559b9e22a978762f4d07ff565b8d02bce1cfad6ad0c094879d,external,0,0 Ether
0,0x0d8775f648430679a709e98d2b0cb6250d2887ef,1542723439,6741981.0,0x3095a47305efd248f6ce272c2db01297a91e8c41,IN,3,0.00043832,0x4aa0f404bfb7d1fe460bdad881d977bf9bd683a2ec97ff91dd12d2f70f642995,external,0,0 Ether
0,0x0d8775f648430679a709e98d2b0cb6250d2887ef,1542306429,6712559.0,0x3095a47305efd248f6ce272c2db01297a91e8c41,IN,3,0.00043832,0x4eb908b66b5452ddfe39074678e98067bcd0f500292b64cc16456d7e37cb843b,external,0,0 Ether
0,0x0d8775f648430679a709e98d2b0cb6250d2887ef,1544134630,6841066.0,0x3095a47305efd248f6ce272c2db01297a91e8c41,IN,3,0.00043832,0x5aad6f90f2a58d0c48f7f90338387e800e4faa6a8a20b6fd3312df481abdce77,external,0,0 Ether
0,0x0d8775f648430679a709e98d2b0cb6250d2887ef,1542388637,6718421.0,0x3095a47305efd248f6ce272c2db01297a91e8c41,IN,3,0.00043832,0x5e469f70435e247f28ad98364fa5ebfc7534afc65cb34c040c06753b66941455,external,0,0 Ether
0,0x0d8775f648430679a709e98d2b0cb6250d2887ef,1542653830,6737120.0,0x3095a47305efd248f6ce272c2db01297a91e8c41,IN,3,0.00043832,0x864ffea74df1b989bb386c91ef0ac46cde132582695773835677136b1f76d769,external,0,0 Ether
