Class,address,age,block,creator,direction,inter_direction,txFee,txhash,txn_type,type,value
0,0x0d8775f648430679a709e98d2b0cb6250d2887ef,1542219678,6706409.0,0x3095a47305efd248f6ce272c2db01297a91e8c41,IN,3,0.00151618,0x78571e70470706e4489fa23c872080a77041ba11120af1232f79f99640f9bfb0,external,0,0 Ether
0,0x0d8775f648430679a709e98d2b0cb6250d2887ef,1540317907,6572065.0,0x3095a47305efd248f6ce272c2db01297a91e8c41,IN,3,0.00151355,0x65ef146b4e344bc2f0244ab4585522f5b5bcb490f4769356184da8b654d3c572,external,0,0 Ether
