Class,address,age,block,creator,direction,inter_direction,txFee,txhash,txn_type,type,value
0,0x0e0989b1f9b8a38983c2ba8053269ca62ec9b195,1507586461,4352638.0,0x67d8e69b4b58822f7e7de2fe08ace2b019f209bb,IN,3,0.00099065,0x3196686074491a9616850d46708b3b96049299571610f809e9a6074e2ff653c5,external,0,0 Ether
0,0x0e0989b1f9b8a38983c2ba8053269ca62ec9b195,1513818653,4770336.0,0x67d8e69b4b58822f7e7de2fe08ace2b019f209bb,IN,3,0.00333766,0x6b3eb4ee5a0ea59facf0708f6410a97cef69ed364f47752e19ac5ce0911fb8a7,external,0,0 Ether
0,0x0e0989b1f9b8a38983c2ba8053269ca62ec9b195,1514230182,4798259.0,0x67d8e69b4b58822f7e7de2fe08ace2b019f209bb,IN,3,0.00312138,0x6d140d91033e84fc35ad45aa5363066dbc3c296a13700a657173ab925b271775,external,0,0 Ether
0,0x0e0989b1f9b8a38983c2ba8053269ca62ec9b195,1514297526,4802934.0,0x67d8e69b4b58822f7e7de2fe08ace2b019f209bb,IN,3,0.00132906,0x789e4a7ddd46c2cf88b348ec8a325e12ffe2c2ab49e40127ba250127153577d2,external,0,0 Ether
