Class,address,age,block,creator,direction,inter_direction,txFee,txhash,txn_type,type,value
0,0x0e0989b1f9b8a38983c2ba8053269ca62ec9b195,1513636931,4758555.0,0x67d8e69b4b58822f7e7de2fe08ace2b019f209bb,IN,3,0.00067977,0x5023e8131ded80070f70272a363447617246b2edd3065818d817df6188a30bde,external,0,0 Ether
0,0x0e0989b1f9b8a38983c2ba8053269ca62ec9b195,1512943228,4712523.0,0x67d8e69b4b58822f7e7de2fe08ace2b019f209bb,IN,3,0.00092877,0x9e6fec89b50aa33762a443d8b81f4beadb3bbc782b6d5206a5c97a8c97d70beb,external,0,0 Ether
