Class,address,age,block,creator,direction,inter_direction,txFee,txhash,txn_type,type,value
0,0x0e0989b1f9b8a38983c2ba8053269ca62ec9b195,1513389119,4742003.0,0x67d8e69b4b58822f7e7de2fe08ace2b019f209bb,IN,3,0.0009279999999999999,0x555b999048796758a9f1e2714ed47e08f2f95fe4adf7e2732356fad059e02911,external,0,0 Ether
0,0x0e0989b1f9b8a38983c2ba8053269ca62ec9b195,1513403744,4742995.0,0x67d8e69b4b58822f7e7de2fe08ace2b019f209bb,IN,3,0.00109416,0x5c508e1e55d0cd9607cc260ebe8e8175dd9e1c670d9aa0b80d18ed8ce56e7407,external,0,0 Ether
0,0x0e0989b1f9b8a38983c2ba8053269ca62ec9b195,1513388424,4741960.0,0x67d8e69b4b58822f7e7de2fe08ace2b019f209bb,IN,3,0.00046384,0x7c58a9999b413ce82c2ac66f4d98662d7ab3f67566b4cb6b1fff22bc24c91245,external,0,0 Ether
0,0x0e0989b1f9b8a38983c2ba8053269ca62ec9b195,1513388554,4741969.0,0x67d8e69b4b58822f7e7de2fe08ace2b019f209bb,IN,3,0.00069576,0xa6939e755adf5e0e53533dd8a25b5f1e320a773005f12d25b2ee91386d9be1f1,external,0,0 Ether
