Class,address,age,block,creator,direction,inter_direction,txFee,txhash,txn_type,type,value
0,0x0e0989b1f9b8a38983c2ba8053269ca62ec9b195,1505713071,4287678.0,0x67d8e69b4b58822f7e7de2fe08ace2b019f209bb,IN,3,0.00018127,0x391c8ba7aaa152a38cb6b9393eceec50f5906635291e1dd16e414d7f85818b77,external,0,0 Ether
0,0x0e0989b1f9b8a38983c2ba8053269ca62ec9b195,1506681512,4322606.0,0x67d8e69b4b58822f7e7de2fe08ace2b019f209bb,IN,3,0.00018178,0x7c0dea0ada8d537acc85f744378d7072d8c0bb6df9a1477df19eaa3d5aef8949,external,0,0 Ether
0,0x0e0989b1f9b8a38983c2ba8053269ca62ec9b195,1504821592,4250676.0,0x67d8e69b4b58822f7e7de2fe08ace2b019f209bb,IN,3,8.834e-05,0x7ecfad33b00ea03d9696c804c5e2db55655956336d8cefd00fed7f66a3c9851a,external,0,0 Ether
