Class,address,age,block,creator,direction,inter_direction,txFee,txhash,txn_type,type,value
0,0x0e0989b1f9b8a38983c2ba8053269ca62ec9b195,1519897213,5178435.0,0x67d8e69b4b58822f7e7de2fe08ace2b019f209bb,IN,3,0.00090819,0x0db8203567d62cc350ff3f97f08805d6327221d69fded9948317f01846cff181,external,0,0 Ether
0,0x0e0989b1f9b8a38983c2ba8053269ca62ec9b195,1519474116,5149722.0,0x67d8e69b4b58822f7e7de2fe08ace2b019f209bb,IN,3,0.00152056,0x23ddaa248f1c0019d5024c210ea00499114d5482e9e74c59e9820aafd759c4d2,external,0,0 Ether
0,0x0e0989b1f9b8a38983c2ba8053269ca62ec9b195,1522840922,5380784.0,0x67d8e69b4b58822f7e7de2fe08ace2b019f209bb,IN,3,0.00150626,0x2f44bd1d958c8a2acdf1ab2229977dfa415737945eae739b58eba38738a0185a,external,0,0 Ether
0,0x0e0989b1f9b8a38983c2ba8053269ca62ec9b195,1523019998,5393237.0,0x67d8e69b4b58822f7e7de2fe08ace2b019f209bb,IN,3,0.00150191,0x357867f37ce93850736f8acbae8a557a1a701e5498610ad2f6aa0c94160c81b7,external,0,0 Ether
0,0x0e0989b1f9b8a38983c2ba8053269ca62ec9b195,1523743493,5443414.0,0x67d8e69b4b58822f7e7de2fe08ace2b019f209bb,IN,3,0.00033493,0x57d454e77317c9a43fc43fe9f5c38a0d06297a5c110a63f16f1413e500353b2e,external,0,0 Ether
