Class,address,age,block,creator,direction,inter_direction,txFee,txhash,txn_type,type,value
0,0x0e0989b1f9b8a38983c2ba8053269ca62ec9b195,1505989460,4299220.0,0x67d8e69b4b58822f7e7de2fe08ace2b019f209bb,IN,3,0.0001486,0x11c4a4f1a5bbde65f17acef9836cfaba84c5be944f051916ba70c9eec3a9be76,external,0,0 Ether
0,0x0e0989b1f9b8a38983c2ba8053269ca62ec9b195,1507327248,4344032.0,0x67d8e69b4b58822f7e7de2fe08ace2b019f209bb,IN,3,0.00026504,0x2871ddc687700d8b1adf6c88a13842be9e697ec5c50143880af851c1e241af8c,external,0,0 Ether
0,0x0e0989b1f9b8a38983c2ba8053269ca62ec9b195,1505988058,4299158.0,0x67d8e69b4b58822f7e7de2fe08ace2b019f209bb,IN,3,0.0001486,0x4ae535b1dbc5d70bbc74d031ed81ba7ba30a624eca73ee3dfdbc2fee6b1633ae,external,0,0 Ether
0,0x0e0989b1f9b8a38983c2ba8053269ca62ec9b195,1507362948,4345162.0,0x67d8e69b4b58822f7e7de2fe08ace2b019f209bb,IN,3,0.00031011,0x75662791fb11ec40e29ebf7c116bb1066f1c6a3f73e8d8dfaeb1fc0f890b72b2,external,0,0 Ether
0,0x0e0989b1f9b8a38983c2ba8053269ca62ec9b195,1507318190,4343728.0,0x67d8e69b4b58822f7e7de2fe08ace2b019f209bb,IN,3,0.00026581,0x872531dddefc68d83ec1f9eca7b71e300662a2fbf5df4536dc3b2b47039810a3,external,0,0 Ether
0,0x0e0989b1f9b8a38983c2ba8053269ca62ec9b195,1507326131,4343993.0,0x67d8e69b4b58822f7e7de2fe08ace2b019f209bb,IN,3,0.00044581,0x8a34de029ec766dab0cb74c5e4dd4123312a22d0ed7d745277be135d685107cf,external,0,0 Ether
0,0x0e0989b1f9b8a38983c2ba8053269ca62ec9b195,1506061383,4301900.0,0x67d8e69b4b58822f7e7de2fe08ace2b019f209bb,IN,3,8.886e-05,0x8fbe7e00e77cc662d7a8fbcf25d8fec6ffb6bde9c3961d874a945b920afd3c94,external,0,0 Ether
