Class,address,age,block,creator,direction,inter_direction,txFee,txhash,txn_type,type,value
0,0x0f5d2fb29fb7d3cfee444a200298f468908cc942,1540866158,6610899.0,0xa66d83716c7cfe425b44d0f7ef92de263468fb3d,IN,3,0.00033683,0x0ea92e4b0c8cbdee480658fe4eeb95de7810747894a046ae64f145ec57e68311,external,0,0 Ether
0,0x0f5d2fb29fb7d3cfee444a200298f468908cc942,1539806388,6535883.0,0xa66d83716c7cfe425b44d0f7ef92de263468fb3d,IN,3,0.00011242,0x34c524fb17a503223a5db22bbcb60da56872910c86de23c807c6d5e532b36279,external,0,0 Ether
0,0x0f5d2fb29fb7d3cfee444a200298f468908cc942,1539037744,6481171.0,0xa66d83716c7cfe425b44d0f7ef92de263468fb3d,IN,3,0.00018757,0x5e94ada3796e3c3116879de7d9958810aa78d2cb0071c0dd3ad5799738b9a31d,external,0,0 Ether
0,0x0f5d2fb29fb7d3cfee444a200298f468908cc942,1539036998,6481122.0,0xa66d83716c7cfe425b44d0f7ef92de263468fb3d,IN,3,0.00028665,0x73fa795bf31a66732a27eead5389f1fc3300f8c24542e2fb12dfae764932f0ca,external,0,0 Ether
