Class,address,age,block,creator,direction,inter_direction,txFee,txhash,txn_type,type,value
0,0x0f5d2fb29fb7d3cfee444a200298f468908cc942,1545434108,6931165.0,0xa66d83716c7cfe425b44d0f7ef92de263468fb3d,IN,3,0.00044498,0x4bd06fadea5c1730ab8d8369468f0bbac6e7f2566dbc3e0c5ddb0cef31d1eca2,external,0,0 Ether
0,0x0f5d2fb29fb7d3cfee444a200298f468908cc942,1545419737,6930252.0,0xa66d83716c7cfe425b44d0f7ef92de263468fb3d,IN,3,0.00044498,0x874dee6ad55f2aa0bd717dd3feb67384de04cb9ad5008efe24e2069250563ef8,external,0,0 Ether
0,0x0f5d2fb29fb7d3cfee444a200298f468908cc942,1545509132,6936272.0,0xa66d83716c7cfe425b44d0f7ef92de263468fb3d,IN,3,0.00044626,0x8f64e23f0755d669e5a11aa2d6896f5094be254b075ae090ced013ad43432119,external,0,0 Ether
0,0x0f5d2fb29fb7d3cfee444a200298f468908cc942,1545770698,6954280.0,0xa66d83716c7cfe425b44d0f7ef92de263468fb3d,IN,3,0.00044626,0x9cad0a2780f59558f466e24d8b5effd7e15e4f40839f167653a49b2aed2362a0,external,0,0 Ether
