Class,address,age,block,creator,direction,inter_direction,txFee,txhash,txn_type,type,value
0,0x0f5d2fb29fb7d3cfee444a200298f468908cc942,1528212429,5738965.0,0xa66d83716c7cfe425b44d0f7ef92de263468fb3d,IN,3,0.00027696,0x08720e8c44377c71c8a0a6c105d26e9de4d2bd465e0ccbc9e7f354ca68c73eca,external,0,0 Ether
0,0x0f5d2fb29fb7d3cfee444a200298f468908cc942,1528314517,5745637.0,0xa66d83716c7cfe425b44d0f7ef92de263468fb3d,IN,3,0.0004616000000000001,0x4a2afdbfcdb103d4995bfd9de6d248436e887e935e02b2cc139f9b3ce8277734,external,0,0 Ether
0,0x0f5d2fb29fb7d3cfee444a200298f468908cc942,1528942374,5786876.0,0xa66d83716c7cfe425b44d0f7ef92de263468fb3d,IN,3,0.00013848,0x6d7d668343151c82f9f9301c7aa08ecff485a35af079bc25b9f4e4a3761c0aa0,external,0,0 Ether
