Class,address,age,block,creator,direction,inter_direction,txFee,txhash,txn_type,type,value
0,0x0f5d2fb29fb7d3cfee444a200298f468908cc942,1544383573,6858513.0,0xa66d83716c7cfe425b44d0f7ef92de263468fb3d,IN,3,0.00069159,0xad0cc70f9c81704da005a106781883c2601e48ecea7e19466bba1ad979274b2d,external,0,0 Ether
0,0x0f5d2fb29fb7d3cfee444a200298f468908cc942,1532248835,6010911.0,0xa66d83716c7cfe425b44d0f7ef92de263468fb3d,IN,3,0.00019104,0xadc7071c5bc6203a39201880747ba4e7c9f3c252f974c723d077e3e695cad5fe,external,0,0 Ether
