Class,address,age,block,creator,direction,inter_direction,txFee,txhash,txn_type,type,value
1,0x51e9244bae3fca7473fe48651dfd7db53aa55856,1535775366,6249459.0,0xe67e6e677d272a087a3828209e21fe62fe8d4881,OUT,2,0.0,0x59b7f7d85a5240b26a1208c4124c9f6cfb588c6ce182fe3bdcf3f62afb6549da,internal,call,0.000345042194273 Ether
1,0x51e9244bae3fca7473fe48651dfd7db53aa55856,1536630296,6311387.0,0xe67e6e677d272a087a3828209e21fe62fe8d4881,OUT,2,0.0,0xc071d800dcd7d55085b89168b9ad536f89639adb7132e9131eee96c569f999d3,internal,call,0.008370651259937 Ether
1,0x51e9244bae3fca7473fe48651dfd7db53aa55856,1537268288,6356005.0,0xe67e6e677d272a087a3828209e21fe62fe8d4881,OUT,2,0.0,0xc2ee5b46448c0ecd47d4bd7aeabf7f90c2fc1d786f00bf54082d11d829211b51,internal,call,0.012006781151837 Ether
1,0x51e9244bae3fca7473fe48651dfd7db53aa55856,1536448946,6298797.0,0xe67e6e677d272a087a3828209e21fe62fe8d4881,OUT,2,0.0,0x0e89abf0f0c34b03fc7c2b91474dff6bb3016996a89ca0ee7a05c76afcc319c5,internal,call,0.008316908161842 Ether
1,0x51e9244bae3fca7473fe48651dfd7db53aa55856,1537718737,6384562.0,0xe67e6e677d272a087a3828209e21fe62fe8d4881,OUT,2,0.0,0xbdab03aec2bbf51fcf00b293a3c4a6c42eba982de07f806f6125564b31311130,internal,call,0.144007642985687 Ether
1,0x51e9244bae3fca7473fe48651dfd7db53aa55856,1536907066,6330670.0,0xe67e6e677d272a087a3828209e21fe62fe8d4881,OUT,2,0.0,0x0d5ddbd1323e08e3102dbeef876975e2322d22f2ba904e861a76e9c8f26c400a,internal,call,0.01378746985521 Ether
1,0x51e9244bae3fca7473fe48651dfd7db53aa55856,1537155227,6348081.0,0xe67e6e677d272a087a3828209e21fe62fe8d4881,OUT,2,0.0,0x3d1a4dcde1092e4bf75ca9a62445d56e86a83c3d0b431963cd84531e480901a0,internal,call,0.017784770563075 Ether
1,0x51e9244bae3fca7473fe48651dfd7db53aa55856,1537443812,6368314.0,0xe67e6e677d272a087a3828209e21fe62fe8d4881,OUT,2,0.0,0xfcd128f2dfc63a9dd51155edcadfd74cc56a321d0a71d2b850a7a89db689fcda,internal,call,0.045191459759571 Ether
1,0x51e9244bae3fca7473fe48651dfd7db53aa55856,1536228164,6283657.0,0xe67e6e677d272a087a3828209e21fe62fe8d4881,OUT,2,0.0,0x50d200935e933b6021e92ad52fda5c2c42bf3e660db7be8075255cfa404b9a18,internal,call,0.012718860814055 Ether
