Class,address,age,block,creator,direction,inter_direction,txFee,txhash,txn_type,type,value
0,0x8d12a197cb00d4747a1fe03395095ce2a5cc6819,1538598184,6449695.0,0x1ed014aec47fae44c9e55bac7662c0b78ae61798,OUT,2,0.0,0x9171a6eb99531cb9a788fedd2d1473e0a3d2e3375a5bc6098f51006a0cc1fe24,internal,call,0.011 Ether
0,0x8d12a197cb00d4747a1fe03395095ce2a5cc6819,1533400732,6086823.0,0x1ed014aec47fae44c9e55bac7662c0b78ae61798,OUT,2,0.0,0x0efc2185004b07f63f57bfac450fd025e682e4628ab69bc3b4d0cc296e99fa63,internal,call,0.009 Ether
0,0x8d12a197cb00d4747a1fe03395095ce2a5cc6819,1535657656,6244363.0,0x1ed014aec47fae44c9e55bac7662c0b78ae61798,OUT,2,0.0,0x3ec7c2d948074a11d178adeda05a8b90cb0784d9ad2aafeb15d3a70cfa7c8a40,internal,call,0.007063580067 Ether
0,0x8d12a197cb00d4747a1fe03395095ce2a5cc6819,1531894245,5986771.0,0x1ed014aec47fae44c9e55bac7662c0b78ae61798,OUT,2,0.0,0x87e07cb30e3f0f5bc765c6c4df9bb0d9d7b412fdf527ab0854253723f9fbdb51,internal,call,0.008210162478631 Ether
0,0x8d12a197cb00d4747a1fe03395095ce2a5cc6819,1531893708,5986727.0,0x1ed014aec47fae44c9e55bac7662c0b78ae61798,OUT,2,0.0,0x36d88d6298e933f4f2bf98f6178d06881a052d0a7bcdff71466932cdd94b8880,internal,call,0.004924733326858 Ether
0,0x8d12a197cb00d4747a1fe03395095ce2a5cc6819,1531099120,5932349.0,0x1ed014aec47fae44c9e55bac7662c0b78ae61798,OUT,2,0.0,0xa4b9518ad75c00e2f9911f7a96d3d0af0feb5ed81405a5e85afe960d74401c8c,internal,call,0.009 Ether
0,0x8d12a197cb00d4747a1fe03395095ce2a5cc6819,1530915032,5920057.0,0x1ed014aec47fae44c9e55bac7662c0b78ae61798,OUT,2,0.0,0xd2e8609a5a2275d76e0638f11af42ff3983722b458af48315e2b8a2aabc5cbef,internal,call,0.1381587 Ether
0,0x8d12a197cb00d4747a1fe03395095ce2a5cc6819,1531985222,5992909.0,0x1ed014aec47fae44c9e55bac7662c0b78ae61798,OUT,2,0.0,0xb1f7fcdca3c3336d0c9a7b879369891b215ecdeee7ac309011f9505111af7e6d,internal,call,0.005428172664739 Ether
