Class,address,age,block,creator,direction,inter_direction,txFee,txhash,txn_type,type,value
1,0x4e8ecf79ade5e2c49b9e30d795517a81e0bf00b8,1533537478,6099139.0,0xf39e044e1ab204460e06e87c6dca2c6319fc69e3,OUT,2,0.0,0x6c1fec990e0839ed2d7032a33205bf715104faaeed42460b10457a60f55dd15e,internal,call,0.005181095354582 Ether
1,0x4e8ecf79ade5e2c49b9e30d795517a81e0bf00b8,1533468484,6094397.0,0xf39e044e1ab204460e06e87c6dca2c6319fc69e3,OUT,2,0.0,0x512623fc70699b2f9e4eeefd7a1ac60ade69834b3b53a076c6ab57e6ad80f1e6,internal,call,0.022220930434093 Ether
1,0x4e8ecf79ade5e2c49b9e30d795517a81e0bf00b8,1532763993,6045994.0,0xf39e044e1ab204460e06e87c6dca2c6319fc69e3,OUT,2,0.0,0x4ae7195815041ce46298fd4b74cfd4cc278e5b38a6a0ae44797efd7d57d07972,internal,call,0.075559088462155 Ether
1,0x4e8ecf79ade5e2c49b9e30d795517a81e0bf00b8,1533328368,6084764.0,0xf39e044e1ab204460e06e87c6dca2c6319fc69e3,OUT,2,0.0,0x60b6c953bb9dd09d0b3641b3f11b6ef4ff1e8ba5c2cd77da1f1b9826b1dfb63a,internal,call,0.00700314449548 Ether
