Class,address,age,block,creator,direction,inter_direction,txFee,txhash,txn_type,type,value
0,0x177d39ac676ed1c67a2b268ad7f1e58826e5b0af,1506388700,4312872.0,0xa869b2674914ec42b66dafe65acac797cd241cba,IN,3,0.00102034,0x0750cbadf30a566b618c47d699581d7589631b2bdcce23afcf321cebf2791eb1,external,0,0 Ether
0,0x177d39ac676ed1c67a2b268ad7f1e58826e5b0af,1512945143,4712651.0,0xa869b2674914ec42b66dafe65acac797cd241cba,IN,3,0.00042274,0x3fbf0e258c1cba9fbcc831c6b8bb45ad88fec509e1ca60b101d3760a958f5256,external,0,0 Ether
0,0x177d39ac676ed1c67a2b268ad7f1e58826e5b0af,1512955591,4713313.0,0xa869b2674914ec42b66dafe65acac797cd241cba,IN,3,0.00018325,0x74c601a894d7dbe22862fdcaf47d8fb712e82038a803b63b97a9e2e6907b7075,external,0,0 Ether
