Class,address,age,block,creator,direction,inter_direction,txFee,txhash,txn_type,type,value
0,0x177d39ac676ed1c67a2b268ad7f1e58826e5b0af,1513130783,4724924.0,0xa869b2674914ec42b66dafe65acac797cd241cba,IN,3,0.00068935,0x593be1320a61f127e4073b7b2efffc94d7cbc2fc9fa10df113613ee437fecf13,external,0,0 Ether
0,0x177d39ac676ed1c67a2b268ad7f1e58826e5b0af,1513052184,4716879.0,0xa869b2674914ec42b66dafe65acac797cd241cba,IN,3,0.00057427,0x6c7a7ec36711e0a32863159bf69ce22d7bbf171072d35de23a5794cda1c82c14,external,0,0 Ether
0,0x177d39ac676ed1c67a2b268ad7f1e58826e5b0af,1512932442,4711807.0,0xa869b2674914ec42b66dafe65acac797cd241cba,IN,3,0.00091884,0x9005c628012e7ba8be371a429ea7a3dee3296121313cf746cbea733a519f7034,external,0,0 Ether
