Class,address,age,block,creator,direction,inter_direction,txFee,txhash,txn_type,type,value
0,0x177d39ac676ed1c67a2b268ad7f1e58826e5b0af,1523163899,5403358.0,0xa869b2674914ec42b66dafe65acac797cd241cba,IN,3,0.00015872,0x02476296659bfb584d7af6448932ff70cdb4ef1849b45c914b90b4a208427a49,external,0,0 Ether
0,0x177d39ac676ed1c67a2b268ad7f1e58826e5b0af,1522350211,5346596.0,0xa869b2674914ec42b66dafe65acac797cd241cba,IN,3,0.00026453,0x160913cbd269cf7052f29ae661008f0be97dcb6d231780cf5157b222d14b2176,external,0,0 Ether
0,0x177d39ac676ed1c67a2b268ad7f1e58826e5b0af,1523037592,5394487.0,0xa869b2674914ec42b66dafe65acac797cd241cba,IN,3,0.00011653,0x16df9dc333ef28a09d1110bfaca1ffda82ef369a6287bf49d29dc0bcd63fac9c,external,0,0 Ether
0,0x177d39ac676ed1c67a2b268ad7f1e58826e5b0af,1523321414,5414362.0,0xa869b2674914ec42b66dafe65acac797cd241cba,IN,3,0.00079604,0xa703d6b5e85dbdb7b4dee29a9564446043782fbc73e3c4c1500ddba8f497d01c,external,0,0 Ether
