Class,address,age,block,creator,direction,inter_direction,txFee,txhash,txn_type,type,value
0,0x177d39ac676ed1c67a2b268ad7f1e58826e5b0af,1512179219,4661547.0,0xa869b2674914ec42b66dafe65acac797cd241cba,IN,3,0.0011097000000000001,0x17fac61163021316b055987eb21059d52c5e6ba78b70585a1a49b95efa883386,external,0,0 Ether
0,0x177d39ac676ed1c67a2b268ad7f1e58826e5b0af,1512179928,4661597.0,0xa869b2674914ec42b66dafe65acac797cd241cba,IN,3,0.00079604,0x1f115439f6db68685691de38948709a0d69db2279d73fc37f1bd770999853c61,external,0,0 Ether
