Class,address,age,block,creator,direction,inter_direction,txFee,txhash,txn_type,type,value
0,0x177d39ac676ed1c67a2b268ad7f1e58826e5b0af,1518258326,5066422.0,0xa869b2674914ec42b66dafe65acac797cd241cba,IN,3,0.00045814,0x1e689b1ff7c02076e5c25e5fbf8cfb76c9cadd651d51dc36fb6099a1076a1815,external,0,0 Ether
0,0x177d39ac676ed1c67a2b268ad7f1e58826e5b0af,1512748395,4699437.0,0xa869b2674914ec42b66dafe65acac797cd241cba,IN,3,0.00130569,0x39d1da4597d146354cddb44480cb581e2e5d6c1124cbb40b452d1702973024a3,external,0,0 Ether
0,0x177d39ac676ed1c67a2b268ad7f1e58826e5b0af,1514535304,4819158.0,0xa869b2674914ec42b66dafe65acac797cd241cba,IN,3,0.00045814,0x41ad4c85f9023caebb7d6cedb90f2e3123ccc8a801b932c66b5976697e57dcf0,external,0,0 Ether
