Class,address,age,block,creator,direction,inter_direction,txFee,txhash,txn_type,type,value
1,0x4e8ecf79ade5e2c49b9e30d795517a81e0bf00b8,1533665602,6107919.0,0xf39e044e1ab204460e06e87c6dca2c6319fc69e3,OUT,2,0.0,0x421c69952f7611ee3fb4a329d0a78e7a13b1ff396b04a7254a1f8566290fc538,internal,call,0.06442330130799 Ether
1,0x4e8ecf79ade5e2c49b9e30d795517a81e0bf00b8,1533203046,0.0,0xf39e044e1ab204460e06e87c6dca2c6319fc69e3,OUT,2,0.0,0x150bde6e92b336b5b9d68e60dde5a3dd3dc10fd0bb169054ad41accd94888ada,internal,call,0.01147068521378 Ether
1,0x4e8ecf79ade5e2c49b9e30d795517a81e0bf00b8,1532798199,6048422.0,0xf39e044e1ab204460e06e87c6dca2c6319fc69e3,OUT,2,0.0,0xff50f6d96f6ef3bdff762afb7586be6e9305b00d47741df09330bd6b0f3b7276,internal,call,1.494216224568353 Ether
1,0x4e8ecf79ade5e2c49b9e30d795517a81e0bf00b8,1532860495,6052752.0,0xf39e044e1ab204460e06e87c6dca2c6319fc69e3,OUT,2,0.0,0xf7832d3905d807e6a89479d69a67c5e938afbf4dd67e8e1b85fb09a1a943eaa9,internal,call,0.043928271273429 Ether
