Class,address,age,block,creator,direction,inter_direction,txFee,txhash,txn_type,type,value
1,0xe7d2c826292ce8bdd5e51ce44fff4033be657269,1532714712,6042623.0,0x40ae782714c22319ee27e44480e92e6731bda0f1,OUT,2,0.0,0x48ffeb45c959dabc2670c8fde4e76d5069d22733c778845517ab4fb7fa44ef29,internal,call,0.01692555127561 Ether
1,0xe7d2c826292ce8bdd5e51ce44fff4033be657269,1532604076,6035021.0,0x40ae782714c22319ee27e44480e92e6731bda0f1,OUT,2,0.0,0xaf8879ae1e5e22da019b43ccfc58b938312cd252e87ffba939fef3dea388836f,internal,call,0.032424177393115 Ether
