Class,address,age,block,creator,direction,inter_direction,txFee,txhash,txn_type,type,value
0,0x1a95b271b0535d15fa49932daba31ba612b52946,1528610516,5764965.0,0x32d09bec6f29581008f87eab16ee46a01ad9617b,IN,3,0.00023855,0x82a126fd14ec8ac7184fcd25c4566621400a9453241fabe731cff6eb4ebebe28,external,0,0 Ether
0,0x1a95b271b0535d15fa49932daba31ba612b52946,1505482335,4278036.0,0x32d09bec6f29581008f87eab16ee46a01ad9617b,IN,3,0.00149255,0x8402c9a5221cee01dcdda5ec48a6f4857f8ceb18c9dbe20a8c3a9680907e34ba,external,0,0 Ether
0,0x1a95b271b0535d15fa49932daba31ba612b52946,1532387679,6020340.0,0x32d09bec6f29581008f87eab16ee46a01ad9617b,IN,3,9.542e-05,0x8567774e1f70c26af48cb89c5c376296c0dd92a5872629cb16ea95bc90aadb0c,external,0,0 Ether
0,0x1a95b271b0535d15fa49932daba31ba612b52946,1518031438,5050718.0,0x32d09bec6f29581008f87eab16ee46a01ad9617b,IN,3,0.00059638,0xa9264b4cfc7962407e2aad5c993c24c94df9aac224c3181326ada45c590a604c,external,0,0 Ether
0,0x1a95b271b0535d15fa49932daba31ba612b52946,1499842530,4012484.0,0x32d09bec6f29581008f87eab16ee46a01ad9617b,IN,3,0.00119276,0xaff68c320b42e26471038c1b772a71107bdecbec7a679ec4b55ab765bcedb086,external,0,0 Ether
