Class,address,age,block,creator,direction,inter_direction,txFee,txhash,txn_type,type,value
0,0x1a95b271b0535d15fa49932daba31ba612b52946,1518200551,5062394.0,0x32d09bec6f29581008f87eab16ee46a01ad9617b,IN,3,5.963e-05,0x1824cec73e4498677a43de11121418db28065160832711a6f8a3a6d8bb3f7b4c,external,0,0 Ether
0,0x1a95b271b0535d15fa49932daba31ba612b52946,1497690172,3888416.0,0x32d09bec6f29581008f87eab16ee46a01ad9617b,IN,3,0.00065531,0x19bbf1c8caddacc5a0417e6c0a91fe81ffea48998ebfe04348680c44edf0c3a7,external,0,0 Ether
0,0x1a95b271b0535d15fa49932daba31ba612b52946,1526188353,5606660.0,0x32d09bec6f29581008f87eab16ee46a01ad9617b,IN,3,0.00029819,0x201bbe60e9072516922855e5cb57220e7ec8cfd53086ecf48a677f314cac8cc2,external,0,0 Ether
0,0x1a95b271b0535d15fa49932daba31ba612b52946,1506958915,4331728.0,0x32d09bec6f29581008f87eab16ee46a01ad9617b,IN,3,0.00017872,0x4f07d7a4b174c9a5750f6f0795055bcae77ced72ae2729a1533ea3691592cc59,external,0,0 Ether
0,0x1a95b271b0535d15fa49932daba31ba612b52946,1503661353,4203375.0,0x32d09bec6f29581008f87eab16ee46a01ad9617b,IN,3,5.9699999999999994e-05,0x5e0e4304e0d7c1d74157d3b99392ad0015c829d8af0d722676863907d8177006,external,0,0 Ether
0,0x1a95b271b0535d15fa49932daba31ba612b52946,1499608102,4000188.0,0x32d09bec6f29581008f87eab16ee46a01ad9617b,IN,3,0.00047659,0x62f426894600a2b95c2a6d8c1bdc83cd13c751ffd60e49d8d82fadd7bdcd8a38,external,0,0 Ether
0,0x1a95b271b0535d15fa49932daba31ba612b52946,1511497554,4610003.0,0x32d09bec6f29581008f87eab16ee46a01ad9617b,IN,3,5.96e-06,0x857ce380b2925043c73c94a2016aceb0aed8c199da3c4d520fe2b14b83e9de8a,external,0,0 Ether
