Class,address,age,block,creator,direction,inter_direction,txFee,txhash,txn_type,type,value
0,0x1a95b271b0535d15fa49932daba31ba612b52946,1499479247,3992560.0,0x32d09bec6f29581008f87eab16ee46a01ad9617b,IN,3,0.00156739,0xa52277e9ddc3d3a0bdd2b7929a938d6536eb8faecc6d9d82e880bea5821b0c47,external,0,0 Ether
0,0x1a95b271b0535d15fa49932daba31ba612b52946,1505383952,4273930.0,0x32d09bec6f29581008f87eab16ee46a01ad9617b,IN,3,0.00125239,0xaca0ebec3841133429f8c4e8a7974cda3d7b9035c91b9f0ab23def95b6b44f4e,external,0,0 Ether
