Class,address,age,block,creator,direction,inter_direction,txFee,txhash,txn_type,type,value
0,0x1a95b271b0535d15fa49932daba31ba612b52946,1498263935,3922045.0,0x32d09bec6f29581008f87eab16ee46a01ad9617b,IN,3,0.00125239,0x33501abe48af96caebaf0d2119921c8969741ef7aa9183c04cb33c3e803b7a58,external,0,0 Ether
0,0x1a95b271b0535d15fa49932daba31ba612b52946,1503392376,4190803.0,0x32d09bec6f29581008f87eab16ee46a01ad9617b,IN,3,0.00125239,0x5dd7422ff9fe2b3e08f57b89502de0f70f908129711a7b8f3529cbee57b22eb2,external,0,0 Ether
0,0x1a95b271b0535d15fa49932daba31ba612b52946,1505375429,4273556.0,0x32d09bec6f29581008f87eab16ee46a01ad9617b,IN,3,0.00125105,0x9289501103659cc17000c0b2bfc6926a5315db939971b006d195bca5eae6d6d4,external,0,0 Ether
