Class,address,age,block,creator,direction,inter_direction,txFee,txhash,txn_type,type,value
0,0x1a95b271b0535d15fa49932daba31ba612b52946,1504234984,4226683.0,0x32d09bec6f29581008f87eab16ee46a01ad9617b,IN,3,0.00079128,0x043535ad5f4cfcaa3c94f33759b9c025683b6dc51985f320d4a642da38a3ada8,external,0,0 Ether
0,0x1a95b271b0535d15fa49932daba31ba612b52946,1504227395,4226346.0,0x32d09bec6f29581008f87eab16ee46a01ad9617b,IN,3,0.00110359,0x56adce91b33aedb5a0b8336020b2d9d89a54d9bcac63b26c5821244ad6c2f958,external,0,0 Ether
