Class,address,age,block,creator,direction,inter_direction,txFee,txhash,txn_type,type,value
0,0x1d462414fe14cf489c7a21cac78509f4bf8cd7c0,1515398483,4875231.0,0x7702629d7192c4dc4dc4eb8b24d1edba0383ee8a,IN,3,0.00308382,0x2e0a698d0e9320dff6bb4548f99dcd0be27d353ce91c85fa0c6c911339e8cf54,external,0,0 Ether
0,0x1d462414fe14cf489c7a21cac78509f4bf8cd7c0,1531094011,5931991.0,0x7702629d7192c4dc4dc4eb8b24d1edba0383ee8a,IN,3,0.0032246,0x4a980edb75555fd993706ffb147afde5c7111306b4d424713b786847d4be501b,external,0,0 Ether
0,0x1d462414fe14cf489c7a21cac78509f4bf8cd7c0,1515560098,4882651.0,0x7702629d7192c4dc4dc4eb8b24d1edba0383ee8a,IN,3,0.00154687,0x60d412dbf4079d0bf094739e76bf586bf0c4ace2a2e94c6a49cc4376a4daf1b9,external,0,0 Ether
0,0x1d462414fe14cf489c7a21cac78509f4bf8cd7c0,1515470490,4877054.0,0x7702629d7192c4dc4dc4eb8b24d1edba0383ee8a,IN,3,0.00149227,0x75d9791d5253cde50923feb3f2adeee7d5257664b4b4b7bbdf491fda6d926a4f,external,0,0 Ether
0,0x1d462414fe14cf489c7a21cac78509f4bf8cd7c0,1515652618,4891115.0,0x7702629d7192c4dc4dc4eb8b24d1edba0383ee8a,IN,3,0.0021,0x901a3dfbb83fb6465558289545f81d6fa5ce9fb3a238d4d35affc334165613b9,external,0,0 Ether
0,0x1d462414fe14cf489c7a21cac78509f4bf8cd7c0,1515559028,4882575.0,0x7702629d7192c4dc4dc4eb8b24d1edba0383ee8a,IN,3,0.00154687,0x9995df45e1c3acd91d5cf4dbf306f83952f0a5f8fc90c88783e38ab5c425115d,external,0,0 Ether
