Class,address,age,block,creator,direction,inter_direction,txFee,txhash,txn_type,type,value
1,0x4e8ecf79ade5e2c49b9e30d795517a81e0bf00b8,1532733313,6043900.0,0xf39e044e1ab204460e06e87c6dca2c6319fc69e3,OUT,2,0.0,0x7324a1feaf455e157b5d11e3f3bda5682df66b5ef0a7fea574cbc7e5669a73f0,internal,call,3.584624423590863 Ether
1,0x4e8ecf79ade5e2c49b9e30d795517a81e0bf00b8,1532739446,0.0,0xf39e044e1ab204460e06e87c6dca2c6319fc69e3,OUT,2,0.0,0x0b86c0113f51ccd2f797880c58ff33df5f513edf156073b46af15c818521fc96,internal,call,1.745685251219787 Ether
1,0x4e8ecf79ade5e2c49b9e30d795517a81e0bf00b8,1532712460,0.0,0xf39e044e1ab204460e06e87c6dca2c6319fc69e3,OUT,2,0.0,0x926d16f4c1ea076deb326ecff8aa700af1bb039f160cc335290e3323e1e37af3,internal,call,18.423354685636085 Ether
