Class,address,age,block,creator,direction,inter_direction,txFee,txhash,txn_type,type,value
1,0x8a883a20940870dc055f2070ac8ec847ed2d9918,1532299079,6014416.0,0xc14f8469d4bb31c8e69fae9c16e262f45edc3635,OUT,2,0.0,0xc72338410a538c992a1d6884701ee6b960c4e1fb9884735f9b4fd959ee35462a,internal,call,0.000024002183735 Ether
1,0x8a883a20940870dc055f2070ac8ec847ed2d9918,1532299003,6014411.0,0xc14f8469d4bb31c8e69fae9c16e262f45edc3635,OUT,2,0.0,0xbda34c1ae0635a0c3d96a8badea6c6cfb84b62b38aab240eeefc13451c19d13e,internal,call,0.121985542082649 Ether
