Class,address,age,block,creator,direction,inter_direction,txFee,txhash,txn_type,type,value
0,0xf4985070ce32b6b1994329df787d1acc9a2dd9e2,1542568401,0.0,0x01bf1d7c5e192313c26414e134584275f46271cf,OUT,2,0.0,0x03be02964e08057c2065a9326d44330443b64ef2997af0c34fa1828071950cea,internal,call,0.383 Ether
0,0xf4985070ce32b6b1994329df787d1acc9a2dd9e2,1527259389,0.0,0x01bf1d7c5e192313c26414e134584275f46271cf,OUT,2,0.0,0x52a985245821071a536b8bdd21b7f7bb0212597578807adce843e2f90c5997b4,internal,call,0.467698854166666 Ether
0,0xf4985070ce32b6b1994329df787d1acc9a2dd9e2,1527833478,0.0,0x01bf1d7c5e192313c26414e134584275f46271cf,OUT,2,0.0,0x513eaebdf7009b90849724b88f7fc951a08f44b2ccd3cdddd42222fe14969556,internal,call,0.1915 Ether
0,0xf4985070ce32b6b1994329df787d1acc9a2dd9e2,1540680820,0.0,0x01bf1d7c5e192313c26414e134584275f46271cf,OUT,2,0.0,0xda71e8c57753e8fb43507c2a53fd90eb9800790300a86219e355e85590636c05,internal,call,0.28725 Ether
