Class,address,age,block,creator,direction,inter_direction,txFee,txhash,txn_type,type,value
0,0x22c10728343e9d49ef25080f74a223878a3d4052,1527374007,5684250.0,0xfd4bbacf491d7e2a3c9b331be272bbdc067ab6af,IN,3,0.00025251,0x4fb36fecad32a697ad666c738b3e7a572617f8005fc923b8714118642f917004,external,0,0.001 Ether
0,0x22c10728343e9d49ef25080f74a223878a3d4052,1527373859,5684240.0,0xfd4bbacf491d7e2a3c9b331be272bbdc067ab6af,IN,3,0.00025251,0x651760791ccf709f04ceed6552b8167315e36a91dde42facf5c9c424a11b20ce,external,0,0 Ether
