Class,address,age,block,creator,direction,inter_direction,txFee,txhash,txn_type,type,value
0,0x226bb599a12c826476e3a771454697ea52e9e220,1514276800,4801497.0,0x1ff21eca1c3ba96ed53783ab9c92ffbf77862584,IN,3,0.00028649,0x3c4980672198065778c12f32f9455e107c027b839a3da2ec17991098f5c29793,external,0,0 Ether
0,0x226bb599a12c826476e3a771454697ea52e9e220,1514290828,4802472.0,0x1ff21eca1c3ba96ed53783ab9c92ffbf77862584,IN,3,0.00028649,0x941d26fb31045ad042d19c502a69b8dc2eaf4fc1347e0eac30be7af50563aad6,external,0,0 Ether
