Class,address,age,block,creator,direction,inter_direction,txFee,txhash,txn_type,type,value
1,0x4e8ecf79ade5e2c49b9e30d795517a81e0bf00b8,1533227350,0.0,0xf39e044e1ab204460e06e87c6dca2c6319fc69e3,OUT,2,0.0,0xd0d733d38650f4c5825283d5676f0f37ee60d482942f228fbc4a367d5dce1065,internal,call,0.916313696489566 Ether
1,0x4e8ecf79ade5e2c49b9e30d795517a81e0bf00b8,1533114203,6070121.0,0xf39e044e1ab204460e06e87c6dca2c6319fc69e3,OUT,2,0.0,0x3653c4772f9138c8f3831edd7fdcf40e2f813b7a8be41aa936211d6fd20164b3,internal,call,0.796817111185987 Ether
1,0x4e8ecf79ade5e2c49b9e30d795517a81e0bf00b8,1533066600,0.0,0xf39e044e1ab204460e06e87c6dca2c6319fc69e3,OUT,2,0.0,0x4cb30305e7099f3f7237d42b0704e150e09170d1c2e4ce055404f4b781a986a5,internal,call,1.319594442862175 Ether
1,0x4e8ecf79ade5e2c49b9e30d795517a81e0bf00b8,1533091535,6068551.0,0xf39e044e1ab204460e06e87c6dca2c6319fc69e3,OUT,2,0.0,0x8a17fbbe5ad7fee89177106cd20ca2bdf5e1fc5c11b987377c040bc140ed99e4,internal,call,0.34658861014536 Ether
1,0x4e8ecf79ade5e2c49b9e30d795517a81e0bf00b8,1533137645,0.0,0xf39e044e1ab204460e06e87c6dca2c6319fc69e3,OUT,2,0.0,0x6ec8ece6dba4358751adc568a671815d30c80865ecbebab3598a5a122875c999,internal,call,0.97859416867995 Ether
1,0x4e8ecf79ade5e2c49b9e30d795517a81e0bf00b8,1532796657,6045276.0,0xf39e044e1ab204460e06e87c6dca2c6319fc69e3,OUT,2,0.0,0xc042348a49bb65618cdad43431a049d3099045dcb9f38b0d6fb865153acb2454,internal,call,0.460961233380577 Ether
1,0x4e8ecf79ade5e2c49b9e30d795517a81e0bf00b8,1533129362,0.0,0xf39e044e1ab204460e06e87c6dca2c6319fc69e3,OUT,2,0.0,0x7f2031c054769b13d7684f270188b7b76dc243a9445f8cfd34dfd543cfcdfa8b,internal,call,1.152924872920946 Ether
