Class,address,age,block,creator,direction,inter_direction,txFee,txhash,txn_type,type,value
1,0x9b5bbb16a7a68660f6503eff6c8e3159820d6396,1540347738,6574184.0,0xdacca760db181e54d96b9a061acc0d2d48a05593,OUT,2,0.0,0x224e4309fc4fe7433ffe7997e292f0e02a1ae5caea58dab2e9a59cd703895223,internal,call,0.001955 Ether
1,0x9b5bbb16a7a68660f6503eff6c8e3159820d6396,1539822510,6537020.0,0xdacca760db181e54d96b9a061acc0d2d48a05593,OUT,2,0.0,0x1dbb3cf0a173eb166a8ed4f3fb089a5c2c0aca75cbd7a35e14ff691ee5402954,internal,call,0.021505 Ether
1,0x9b5bbb16a7a68660f6503eff6c8e3159820d6396,1540225618,6562496.0,0xdacca760db181e54d96b9a061acc0d2d48a05593,OUT,2,0.0,0xc4cf05ed56884164ea68062b987edd544468494977b3f8d2897524c6bc9cf480,internal,call,0.00782 Ether
1,0x9b5bbb16a7a68660f6503eff6c8e3159820d6396,1538872006,6469268.0,0xdacca760db181e54d96b9a061acc0d2d48a05593,OUT,2,0.0,0xe0a878130a80b66e04a9cbac78ffc8190ac9f62eb9ff84e0aefaf487c22b39bf,internal,call,0.00045 Ether
