Class,address,age,block,creator,direction,inter_direction,txFee,txhash,txn_type,type,value
1,0x7b307c1f0039f5d38770e15f8043b3dd26da5e8f,1539993706,6549082.0,0xe1f3294e25bb72a2fb53addb82aa1a033797e6e3,OUT,2,0.0,0x4f6ae45b2838849050cfb336ac51c878e8361ac6b914ecf26d7cfcefa4d0101f,internal,call,1.030679661016949 Ether
1,0x7b307c1f0039f5d38770e15f8043b3dd26da5e8f,1540256675,6567746.0,0xe1f3294e25bb72a2fb53addb82aa1a033797e6e3,OUT,2,0.0,0x1cda19b49ff29b71874e91e6ac00ebc375ca8d72cd1f552ef59c050af531cad0,internal,call,0.183476610169491 Ether
1,0x7b307c1f0039f5d38770e15f8043b3dd26da5e8f,1538520463,6444237.0,0xe1f3294e25bb72a2fb53addb82aa1a033797e6e3,OUT,2,0.0,0xe94f40c86b4f5652eafa35696338fb322e7318de5b8b51625ee240b8259a7670,internal,call,0.300725084745762 Ether
