Class,address,age,block,creator,direction,inter_direction,txFee,txhash,txn_type,type,value
0,0x255aa6df07540cb5d3d297f0d0d4d84cb52bc8e6,1513418514,4743991.0,0x000f4e7bcc75469aa5c86673eb915db30d267200,IN,3,0.00130817,0x01389792ac2bdb2f5ce03a17150ee259802492eb8f0a50813562f0d0f3b98257,external,0,0 Ether
0,0x255aa6df07540cb5d3d297f0d0d4d84cb52bc8e6,1515065141,4854336.0,0x000f4e7bcc75469aa5c86673eb915db30d267200,IN,3,0.00557985,0x11f3617c939e37fb6d34c22288153bd3edb454d85f6fd876120dc27fc5d12a35,external,0,0 Ether
0,0x255aa6df07540cb5d3d297f0d0d4d84cb52bc8e6,1510747173,4559154.0,0x000f4e7bcc75469aa5c86673eb915db30d267200,IN,3,0.00263928,0x6bf19cb140d306b49f5c8ca314d00911bc319bbd76bb7eb436d148956be1d22c,external,0,0 Ether
