Class,address,age,block,creator,direction,inter_direction,txFee,txhash,txn_type,type,value
0,0x255aa6df07540cb5d3d297f0d0d4d84cb52bc8e6,1521774864,5306829.0,0x000f4e7bcc75469aa5c86673eb915db30d267200,IN,3,0.00011163,0x6be2edcdae4a4043f9cf9a3810eb56880c071b967b73cc353cce2754d91e3ba7,external,0,0 Ether
0,0x255aa6df07540cb5d3d297f0d0d4d84cb52bc8e6,1526807054,5647257.0,0x000f4e7bcc75469aa5c86673eb915db30d267200,IN,3,0.00024418,0x7a2df8bf6a9ce6eeab499a7be3029ee62e755041c1594a7ac17b9200adc97280,external,0,0 Ether
