Class,address,age,block,creator,direction,inter_direction,txFee,txhash,txn_type,type,value
0,0x255aa6df07540cb5d3d297f0d0d4d84cb52bc8e6,1521982826,5321298.0,0x000f4e7bcc75469aa5c86673eb915db30d267200,IN,3,0.00213753,0xac6cb6b0554f4076508e4b7f37f8c70332e570a34ca58d0e539317158fcc482b,external,0,0 Ether
0,0x255aa6df07540cb5d3d297f0d0d4d84cb52bc8e6,1521983116,5321324.0,0x000f4e7bcc75469aa5c86673eb915db30d267200,IN,3,0.00091015,0xb1eeb2fc396e965d31604aa70bd90388d32c24593a721f98ec69bf31eb958120,external,0,0 Ether
