Class,address,age,block,creator,direction,inter_direction,txFee,txhash,txn_type,type,value
0,0x27054b13b1b798b345b591a4d22e6562d47ea75a,1513857800,4772867.0,0x1ff808e34e4df60326a3fc4c2b0f80748a3d60c2,IN,3,0.0009314,0x15adb8db22c6009f13b1bf98633fd0530b0f24e9c9e0fd8ee78b71ba3baa91ff,external,0,0 Ether
0,0x27054b13b1b798b345b591a4d22e6562d47ea75a,1508405480,4390728.0,0x1ff808e34e4df60326a3fc4c2b0f80748a3d60c2,IN,3,0.00025613,0x2af7ec4264c983bfc4885f5656c0a797acf0fa328870b175e4c1b6ce49e7b28d,external,0,0 Ether
0,0x27054b13b1b798b345b591a4d22e6562d47ea75a,1508314583,4384120.0,0x1ff808e34e4df60326a3fc4c2b0f80748a3d60c2,IN,3,3.49e-06,0x6986e1a77c6c2131be96a38e0fe3fddd8ecec7be46fc390724138d0d5d009167,external,0,0 Ether
