Class,address,age,block,creator,direction,inter_direction,txFee,txhash,txn_type,type,value
0,0x2956356cd2a2bf3202f771f50d3d14a367b48070,1513855955,4772736.0,0xa3b2d1087bcebe59d188a23f75620612d967df72,IN,3,0.00189524,0x06b6d1f8275d8e5c812b07de83d9982946b86dac5cdcb64d8abfaff1a6085836,external,0,0.08 Ether
0,0x2956356cd2a2bf3202f771f50d3d14a367b48070,1515138440,4858880.0,0xa3b2d1087bcebe59d188a23f75620612d967df72,IN,3,0.00205632,0x088feba738dc9a06d8154bd8495d9a722fc915a73ff4df8e3c2c3c475869f67e,external,0,0 Ether
0,0x2956356cd2a2bf3202f771f50d3d14a367b48070,1513897776,4775432.0,0xa3b2d1087bcebe59d188a23f75620612d967df72,IN,3,0.0010064,0x41bd5ec2f646f35184343df6c6f166bedf0a0bbe42cbef60bb32f11e3e8f54df,external,0,0 Ether
0,0x2956356cd2a2bf3202f771f50d3d14a367b48070,1515806614,4900796.0,0xa3b2d1087bcebe59d188a23f75620612d967df72,IN,3,0.00048384,0x55c030a127535015ef6d913388a06d387aaf1180b8e33d9a28b1cdc2b5216b6e,external,0,0 Ether
0,0x2956356cd2a2bf3202f771f50d3d14a367b48070,1516905264,4973478.0,0xa3b2d1087bcebe59d188a23f75620612d967df72,IN,3,2.544e-05,0x6ea2b0862172c5ce82ed7426e8e8e37382d14e788e3628f4a9f2b27ac85d7295,external,0,0 Ether
0,0x2956356cd2a2bf3202f771f50d3d14a367b48070,1513941042,4778270.0,0xa3b2d1087bcebe59d188a23f75620612d967df72,IN,3,0.00033999999999999997,0xa656e45fc49abdf14772eb46144ce55a87eb2f12394ff0f9d4d77552b22c675a,external,0,1.8 Ether
0,0x2956356cd2a2bf3202f771f50d3d14a367b48070,1513857489,4772849.0,0xa3b2d1087bcebe59d188a23f75620612d967df72,IN,3,0.00094348,0xb3e160143c9e8f5c913aa16d4f5274692efa0fe4c759a4785b97cd09c8ce2701,external,0,0 Ether
