Class,address,age,block,creator,direction,inter_direction,txFee,txhash,txn_type,type,value
0,0x2956356cd2a2bf3202f771f50d3d14a367b48070,1516411608,4939731.0,0xa3b2d1087bcebe59d188a23f75620612d967df72,IN,3,0.00018952,0x8566e703fc0571e4603a391273cbe651c0f0847550592f629c32a11d6eecb357,external,0,0.1836573 Ether
