Class,address,age,block,creator,direction,inter_direction,txFee,txhash,txn_type,type,value
1,0x4e8ecf79ade5e2c49b9e30d795517a81e0bf00b8,1534905316,6192825.0,0xf39e044e1ab204460e06e87c6dca2c6319fc69e3,OUT,2,0.0,0x98b86f9ef1adf97d782737cba5952b21fea4ffabbb7066ce3dd964318594c397,internal,call,0.000220444381705 Ether
1,0x4e8ecf79ade5e2c49b9e30d795517a81e0bf00b8,1533899685,6123994.0,0xf39e044e1ab204460e06e87c6dca2c6319fc69e3,OUT,2,0.0,0xcdaad0e1c4f0a42f1bbc12ee761810f7078f6ba69485380de8631c4a3efaddaa,internal,call,0.005165011048287 Ether
1,0x4e8ecf79ade5e2c49b9e30d795517a81e0bf00b8,1533582196,6102229.0,0xf39e044e1ab204460e06e87c6dca2c6319fc69e3,OUT,2,0.0,0xda143147d0cc730e57b09932a062e81d537f9b05104dbd5a90a599e2a4324537,internal,call,0.039627906384874 Ether
1,0x4e8ecf79ade5e2c49b9e30d795517a81e0bf00b8,1533613534,6104338.0,0xf39e044e1ab204460e06e87c6dca2c6319fc69e3,OUT,2,0.0,0xa2bc3e62789f384b33bb50fef0ddc2f5dd46f285f66f4d858ed805f0e20f49a4,internal,call,0.003146250418772 Ether
1,0x4e8ecf79ade5e2c49b9e30d795517a81e0bf00b8,1533623473,6105028.0,0xf39e044e1ab204460e06e87c6dca2c6319fc69e3,OUT,2,0.0,0x3b3d7a85deff1a5f819512a855c62b24a9ec0c50e5f24cb93b9d6a2ec65d1ecf,internal,call,0.005541541253526 Ether
