Class,address,age,block,creator,direction,inter_direction,txFee,txhash,txn_type,type,value
0,0x2bdc0d42996017fce214b21607a515da41a9e0c5,1521475969,5283201.0,0x6f2010d0fbaf8b7dbc13ee7252ff8594a2be3c51,IN,3,0.00110046,0x1678b4aa4130fdd1bf73c312745aec6019cb2969699f024d49a0bdddc53a5505,external,0,0 Ether
0,0x2bdc0d42996017fce214b21607a515da41a9e0c5,1520817930,5241302.0,0x6f2010d0fbaf8b7dbc13ee7252ff8594a2be3c51,IN,3,0.00154854,0x3dc9e6a1b2d21ce5c5705717eea98b5f22f99b49513622f42039d9ebfa6de42e,external,0,0 Ether
