Class,address,age,block,creator,direction,inter_direction,txFee,txhash,txn_type,type,value
0,0x2c4e8f2d746113d0696ce89b35f0d8bf88e0aeca,1513639886,4758768.0,0x592f56f480033c80642437d888258cd77f57edce,IN,3,0.00229803,0x32b4fb2077efa77c9106bd8831036b5a870c3e2c83f324daf0934a657030d2de,external,0,0 Ether
0,0x2c4e8f2d746113d0696ce89b35f0d8bf88e0aeca,1513640459,4758804.0,0x592f56f480033c80642437d888258cd77f57edce,IN,3,0.00098084,0x38540e2232dfcdfb6c144466b1d0f96ca66010f6be5e4a625b4f5db06001597b,external,0,0 Ether
0,0x2c4e8f2d746113d0696ce89b35f0d8bf88e0aeca,1516427620,4940871.0,0x592f56f480033c80642437d888258cd77f57edce,IN,3,0.00224136,0x392f8a31247e91e80c1e01dfc59beadc0982428bda576f8be31ca7a833ccca89,external,0,0 Ether
0,0x2c4e8f2d746113d0696ce89b35f0d8bf88e0aeca,1513639769,4758764.0,0x592f56f480033c80642437d888258cd77f57edce,IN,3,0.00229803,0x50c677a9cb610952b6ae6c14fd8fa5c7692dff160743be411864b5b33d61ec5c,external,0,0 Ether
