Class,address,age,block,creator,direction,inter_direction,txFee,txhash,txn_type,type,value
0,0x2c4e8f2d746113d0696ce89b35f0d8bf88e0aeca,1523584760,5432531.0,0x592f56f480033c80642437d888258cd77f57edce,IN,3,0.0018678,0x116d4acfdbc6421a218dc6296ed53577b1cc95fa0fd1b862fcbd4a37213fab6b,external,0,0 Ether
0,0x2c4e8f2d746113d0696ce89b35f0d8bf88e0aeca,1546852887,7026827.0,0x592f56f480033c80642437d888258cd77f57edce,IN,3,0.00153159,0x257573964dc067da50dda6a7a1c27e21e2ea6d33e4ce1ca6f8cea1a05ca23f08,external,0,0 Ether
0,0x2c4e8f2d746113d0696ce89b35f0d8bf88e0aeca,1545165900,6913039.0,0x592f56f480033c80642437d888258cd77f57edce,IN,3,0.00152897,0x3407ddbf6691b9d8b151111f458f3c5647c1d6fb5a644d206838e27cc6a11f38,external,0,0 Ether
0,0x2c4e8f2d746113d0696ce89b35f0d8bf88e0aeca,1541585927,6661645.0,0x592f56f480033c80642437d888258cd77f57edce,IN,3,0.00214134,0x7466f564a67268d1ba0b9d3b7ac69a6b2286c09f20b6a5e0b2cb7a39a89dc6d3,external,0,0 Ether
