Class,address,age,block,creator,direction,inter_direction,txFee,txhash,txn_type,type,value
0,0x2c4e8f2d746113d0696ce89b35f0d8bf88e0aeca,1516444342,4942031.0,0x592f56f480033c80642437d888258cd77f57edce,IN,3,0.0044584,0x126aca17fc53bf4f9a53d725b0cb91299753e6008974f93c78f32f8c07290fcb,external,0,0 Ether
0,0x2c4e8f2d746113d0696ce89b35f0d8bf88e0aeca,1515579871,4886597.0,0x592f56f480033c80642437d888258cd77f57edce,IN,3,0.00454962,0x1a81edfded05afa5ba129029d328d3b5cbf022c00f8f9a7b67b59f16bd1d1013,external,0,0 Ether
