Class,address,age,block,creator,direction,inter_direction,txFee,txhash,txn_type,type,value
0,0x2c4e8f2d746113d0696ce89b35f0d8bf88e0aeca,1517114540,4984890.0,0x592f56f480033c80642437d888258cd77f57edce,IN,3,0.00238259,0x13b713c85bafbb93461cfa0a2c508812d09e6f5f6d74f4d1b6ac7a4fa9be6c99,external,0,0 Ether
0,0x2c4e8f2d746113d0696ce89b35f0d8bf88e0aeca,1520610404,5227120.0,0x592f56f480033c80642437d888258cd77f57edce,IN,3,0.00238668,0xa729db21bac04f327e12903c6601c987171a736feca9cf7f5d5a124f3c00f805,external,0,0 Ether
