Class,address,age,block,creator,direction,inter_direction,txFee,txhash,txn_type,type,value
0,0x2c4e8f2d746113d0696ce89b35f0d8bf88e0aeca,1544386326,6858719.0,0x592f56f480033c80642437d888258cd77f57edce,IN,3,0.00044584,0x0b1765e6c8e9807512b1e9e72d62dda6f95bcb023bb262b0ed98abaac44990b0,external,0,0 Ether
0,0x2c4e8f2d746113d0696ce89b35f0d8bf88e0aeca,1526524815,5628786.0,0x592f56f480033c80642437d888258cd77f57edce,IN,3,0.00024495,0xb0a898ea8739e5da07b903d06eb0c1d69eab613351b3c73e6cb1a26987b3b9ed,external,0,0 Ether
