Class,address,age,block,creator,direction,inter_direction,txFee,txhash,txn_type,type,value
0,0x2c4e8f2d746113d0696ce89b35f0d8bf88e0aeca,1516029401,4914965.0,0x592f56f480033c80642437d888258cd77f57edce,IN,3,0.00078178,0x3e45fe6b2a630a7bb4a4c43132912539b651e7d0675444c61b238d714bf40fea,external,0,0 Ether
0,0x2c4e8f2d746113d0696ce89b35f0d8bf88e0aeca,1515828823,4902232.0,0x592f56f480033c80642437d888258cd77f57edce,IN,3,0.00109678,0x46f7327e6c6f782ac591478b4dd3dbca4fd7dd953a679037d410181585f9c92e,external,0,0 Ether
0,0x2c4e8f2d746113d0696ce89b35f0d8bf88e0aeca,1515829075,4902248.0,0x592f56f480033c80642437d888258cd77f57edce,IN,3,0.00078178,0x52c510d97ba0c3b02e0e220b7214ce58ad3647c2dc724379f0aadd8e65a887e7,external,0,0 Ether
