Class,address,age,block,creator,direction,inter_direction,txFee,txhash,txn_type,type,value
1,0x4e8ecf79ade5e2c49b9e30d795517a81e0bf00b8,1532760206,0.0,0xf39e044e1ab204460e06e87c6dca2c6319fc69e3,OUT,1,0.0,0x932b238600a6a04d1e994d25ff4efd938c413713720ea10127687c82d1535308,internal,call,0.037404135582471 Ether
1,0x4e8ecf79ade5e2c49b9e30d795517a81e0bf00b8,1532800879,6048598.0,0xf39e044e1ab204460e06e87c6dca2c6319fc69e3,OUT,1,0.0,0x97c9e5ede9b83f22f56629ea2abd952681ba76eafc43e08d7c8047467730ae5f,internal,call,0.052718500044476 Ether
1,0x4e8ecf79ade5e2c49b9e30d795517a81e0bf00b8,1532756736,0.0,0xf39e044e1ab204460e06e87c6dca2c6319fc69e3,OUT,2,0.0,0xed71557909eab7435d7c56fd375a1153d12343253949ced4114ef89533aa8f57,internal,call,0.018258659932502 Ether
