Class,address,age,block,creator,direction,inter_direction,txFee,txhash,txn_type,type,value
1,0xf8f04b23dace12841343ecf0e06124354515cc42,1540633288,0.0,0xd06eda1e2c651d8968a3ff8acfe263785445b1ad,OUT,2,0.0,0x302fcc84b4c7eecb93238483911439e190a3ba95d1b178fe6837b3e1eabf863b,internal,call,0.101369998028779 Ether
1,0xf8f04b23dace12841343ecf0e06124354515cc42,1540633513,0.0,0xd06eda1e2c651d8968a3ff8acfe263785445b1ad,OUT,2,0.0,0x3acec047119c2fad14a136d0cfd14abac4eb6165f008eff196b05ab3203e524a,internal,call,0.119270576638738 Ether
1,0xf8f04b23dace12841343ecf0e06124354515cc42,1540633102,0.0,0xd06eda1e2c651d8968a3ff8acfe263785445b1ad,OUT,2,0.0,0xf82350f676235b4d207c8a901041cecbf547b40b3aaa29ba6564f346c54a660c,internal,call,0.0834976340694 Ether
1,0xf8f04b23dace12841343ecf0e06124354515cc42,1540634013,0.0,0xd06eda1e2c651d8968a3ff8acfe263785445b1ad,OUT,2,0.0,0x9bb2705f0dc2a7a7c43b25ee34eca04df0e3015569b7c885dc04190d27da3dd2,internal,call,0.143272978439982 Ether
