Class,address,age,block,creator,direction,inter_direction,txFee,txhash,txn_type,type,value
1,0x4e8ecf79ade5e2c49b9e30d795517a81e0bf00b8,1533560358,6100710.0,0xf39e044e1ab204460e06e87c6dca2c6319fc69e3,OUT,2,0.0,0xb579eff0d59915f6c88152ba44b2835e2ba0e6c96a7df4b190e4cc5d45276e42,internal,call,0.050778611954771 Ether
1,0x4e8ecf79ade5e2c49b9e30d795517a81e0bf00b8,1533569009,6101323.0,0xf39e044e1ab204460e06e87c6dca2c6319fc69e3,OUT,2,0.0,0xf1b85acc9952182ff976f2d14456b78552d80522402b0415d3d2bed8c8ad7dbf,internal,call,0.006311899016575 Ether
