Class,address,age,block,creator,direction,inter_direction,txFee,txhash,txn_type,type,value
1,0x4e8ecf79ade5e2c49b9e30d795517a81e0bf00b8,1533585539,6102433.0,0xf39e044e1ab204460e06e87c6dca2c6319fc69e3,OUT,2,0.0,0x1d9bdd9c579ad373711a758264438d87de0a3c3649858b8a3185c27ed0070ef0,internal,call,0.671641045195377 Ether
1,0x4e8ecf79ade5e2c49b9e30d795517a81e0bf00b8,1534011219,6131643.0,0xf39e044e1ab204460e06e87c6dca2c6319fc69e3,OUT,2,0.0,0x8fd076ca05d8f354048d5e29a820343e26200c5ad96d868c45afb6e9f8fd2575,internal,call,0.241571787851538 Ether
1,0x4e8ecf79ade5e2c49b9e30d795517a81e0bf00b8,1533037396,6064918.0,0xf39e044e1ab204460e06e87c6dca2c6319fc69e3,OUT,2,0.0,0xb75e099158a81c6f7efcfb736b1ba72f5ac0359089e976dae568b9c8aa376c50,internal,call,0.015147464756494 Ether
1,0x4e8ecf79ade5e2c49b9e30d795517a81e0bf00b8,1533114165,6070118.0,0xf39e044e1ab204460e06e87c6dca2c6319fc69e3,OUT,2,0.0,0x5bc7928b3f52c5a32db64c2bb4c6965e66053fca96735327d57d3483c51b67f2,internal,call,0.009592212308473 Ether
1,0x4e8ecf79ade5e2c49b9e30d795517a81e0bf00b8,1533190771,6075307.0,0xf39e044e1ab204460e06e87c6dca2c6319fc69e3,OUT,2,0.0,0x17ca7a439254f731b3b966525381fda5e0fc8c0d8adf9764ee2121937b6f14bd,internal,call,0.009957690755217 Ether
1,0x4e8ecf79ade5e2c49b9e30d795517a81e0bf00b8,1532958807,0.0,0xf39e044e1ab204460e06e87c6dca2c6319fc69e3,OUT,2,0.0,0xae9bc10eadc1cba5489474ca98967b322419873c70f7c22182e4b6188248088d,internal,call,1.159051248316087 Ether
1,0x4e8ecf79ade5e2c49b9e30d795517a81e0bf00b8,1532965031,6059977.0,0xf39e044e1ab204460e06e87c6dca2c6319fc69e3,OUT,2,0.0,0xce92eb6e01ca0e1412358df8b0e07c350976fe6834558f7be5eec19138804594,internal,call,0.688375694354924 Ether
1,0x4e8ecf79ade5e2c49b9e30d795517a81e0bf00b8,1532723161,6043209.0,0xf39e044e1ab204460e06e87c6dca2c6319fc69e3,OUT,2,0.0,0x01f361057fa63c4c46e2aaf0f53c36ca804dcf6988890da06758cb65ee288a5f,internal,call,0.030272329995154 Ether
1,0x4e8ecf79ade5e2c49b9e30d795517a81e0bf00b8,1532720215,6043006.0,0xf39e044e1ab204460e06e87c6dca2c6319fc69e3,OUT,2,0.0,0x22fc2832e0f9fde25966a86661f936c508a40c96a895e5069b4ea4551ec8efcb,internal,call,0.117634128133056 Ether
