Class,address,age,block,creator,direction,inter_direction,txFee,txhash,txn_type,type,value
1,0xfde889c9354d09cec72845e76a0d9f97f4686f7a,1535781642,6252826.0,0x93b5b8e5aefd9197305408df1f824b0e58229fd0,OUT,2,0.0,0x9fedb5f44e5ae76491014c6659444c5f90c02e2a8309d06e7ec376f8fc5c6c0a,internal,call,0.261149808361911 Ether
1,0xfde889c9354d09cec72845e76a0d9f97f4686f7a,1535730365,6249344.0,0x93b5b8e5aefd9197305408df1f824b0e58229fd0,OUT,2,0.0,0x2c209a8ddf0d44163afeefcab3848eb2aac15927659a62f80b9f84a47504ee7f,internal,call,0.498778104032345 Ether
1,0xfde889c9354d09cec72845e76a0d9f97f4686f7a,1535956069,6264826.0,0x93b5b8e5aefd9197305408df1f824b0e58229fd0,OUT,2,0.0,0x2ee70d3e814e396be004c8933bd2183733d94697fac7d0e46ceae1af74c013b5,internal,call,0.167321248658101 Ether
1,0xfde889c9354d09cec72845e76a0d9f97f4686f7a,1535832727,6256289.0,0x93b5b8e5aefd9197305408df1f824b0e58229fd0,OUT,2,0.0,0xbf6876b48d85d4a543f87f83a52e2b5e3b6da72051b9f35f9cce5590a845b8a3,internal,call,0.14867514313177 Ether
1,0xfde889c9354d09cec72845e76a0d9f97f4686f7a,1536064323,6272313.0,0x93b5b8e5aefd9197305408df1f824b0e58229fd0,OUT,2,0.0,0xa59a3385b4bb3f8038deccfdea87c7d0c9348c3590b11e6dc1388ac32a68c845,internal,call,4.246591548159024 Ether
