Class,address,age,block,creator,direction,inter_direction,txFee,txhash,txn_type,type,value
1,0xf00e5a59fde1cb2ead96a8be7711abc3f981e0f1,1537859367,0.0,0x96bb98183e5562913e72613c1979d0a13f8ec76b,OUT,2,0.0,0x577172c458af514d146a5d8400f69bb8bfde27e75a510f8183a3587f75de7f0b,internal,call,3.854166666666666 Ether
1,0xf00e5a59fde1cb2ead96a8be7711abc3f981e0f1,1537852324,0.0,0x96bb98183e5562913e72613c1979d0a13f8ec76b,OUT,2,0.0,0x24cb041caf545c7dbfede596cf6ca8aefa1ef1b920d7e706649e5f50240e703f,internal,call,1.756944444444444 Ether
1,0xf00e5a59fde1cb2ead96a8be7711abc3f981e0f1,1537894122,0.0,0x96bb98183e5562913e72613c1979d0a13f8ec76b,OUT,2,0.0,0xa9cd96cbc1f39508dc546c3a3f3861620ccaf6e2c3672daab4935c9e2cc68b48,internal,call,0.680555555555555 Ether
1,0xf00e5a59fde1cb2ead96a8be7711abc3f981e0f1,1537893242,0.0,0x96bb98183e5562913e72613c1979d0a13f8ec76b,OUT,2,0.0,0xc5706989267fbd64d519d27090053568e8d197128f11754fc8c7172178ae672c,internal,call,0.034722222222222 Ether
1,0xf00e5a59fde1cb2ead96a8be7711abc3f981e0f1,1537893164,0.0,0x96bb98183e5562913e72613c1979d0a13f8ec76b,OUT,2,0.0,0x6bc277d4d699feb2690c999ba18ec751c26b926f3bdddf9acd0ef79497f1b29c,internal,call,0.0625 Ether
1,0xf00e5a59fde1cb2ead96a8be7711abc3f981e0f1,1537857161,0.0,0x96bb98183e5562913e72613c1979d0a13f8ec76b,OUT,2,0.0,0x4608c60baf35e75b5bf9119fdde3c7d5c6a9f35a8f89fef2ad82901df8aa0a0d,internal,call,8.333333333333333 Ether
1,0xf00e5a59fde1cb2ead96a8be7711abc3f981e0f1,1537929813,0.0,0x96bb98183e5562913e72613c1979d0a13f8ec76b,OUT,2,0.0,0x458f7fcb5b5d8c728e46a5ec3d2bf89c1015b674b4051fbf8b893b44b3957a67,internal,call,122.291666666666666 Ether
