Class,address,age,block,creator,direction,inter_direction,txFee,txhash,txn_type,type,value
0,0x3931e02c9acb4f68d7617f19617a20acd3642607,1503769666,4207774.0,0xfa64c66f19bfcd5202765c3e7f7da5faa7316d1f,IN,3,0.00044100000000000004,0x6e8828be96bf5460fc0929b3c954f2015913524664f6fe6492351dc68907603c,external,0,10.18 Ether
0,0x3931e02c9acb4f68d7617f19617a20acd3642607,1503769895,4207787.0,0xfa64c66f19bfcd5202765c3e7f7da5faa7316d1f,IN,3,0.00147231,0x88962f3f1927039cb3aaa5061fadc6e8356149553a93f8c1d8d1ff728b2ecf55,external,0,10 Ether
