Class,address,age,block,creator,direction,inter_direction,txFee,txhash,txn_type,type,value
1,0xf00e5a59fde1cb2ead96a8be7711abc3f981e0f1,1537860131,0.0,0x96bb98183e5562913e72613c1979d0a13f8ec76b,OUT,2,0.0,0x75b19fd985c5eddf28f9eaecbe136bfbc5608c64b61372469a5eb380ec238a67,internal,call,0.059722222222222 Ether
1,0xf00e5a59fde1cb2ead96a8be7711abc3f981e0f1,1537928636,6402432.0,0x96bb98183e5562913e72613c1979d0a13f8ec76b,OUT,2,0.0,0x7fce73c5c6cd0ee7c22be91d883ebd685400beb5a8669e88b1cfaf3b89a0dbea,internal,call,2.416666666666666 Ether
1,0xf00e5a59fde1cb2ead96a8be7711abc3f981e0f1,1537873027,0.0,0x96bb98183e5562913e72613c1979d0a13f8ec76b,OUT,2,0.0,0xb0890ee55ab32a3ceb750330f0bbc63a3fd5b25e947668813a2a57f94fca85af,internal,call,0.208333333333333 Ether
1,0xf00e5a59fde1cb2ead96a8be7711abc3f981e0f1,1537868507,6398177.0,0x96bb98183e5562913e72613c1979d0a13f8ec76b,OUT,2,0.0,0x346bd019c5cd38a919c122af80a4f3966cc31d23a3c52e6511a41d72c849a7dd,internal,call,0.163888888888888 Ether
1,0xf00e5a59fde1cb2ead96a8be7711abc3f981e0f1,1537857550,6397386.0,0x96bb98183e5562913e72613c1979d0a13f8ec76b,OUT,2,0.0,0x07dc764438404c9de4166794209392e695c205c71657a12788c4eff6097575b9,internal,call,0.115277777777777 Ether
1,0xf00e5a59fde1cb2ead96a8be7711abc3f981e0f1,1537876439,0.0,0x96bb98183e5562913e72613c1979d0a13f8ec76b,OUT,2,0.0,0x2cac685799d376eed2cc0dfd3dedd708311f6fe38af3056464de24399fef5608,internal,call,0.158333333333333 Ether
1,0xf00e5a59fde1cb2ead96a8be7711abc3f981e0f1,1537864947,6397927.0,0x96bb98183e5562913e72613c1979d0a13f8ec76b,OUT,2,0.0,0x36b582b9483beded590923c128b6cb3eca6c6fbb3d34fb844acb6aba2e032082,internal,call,0.222222222222222 Ether
