Class,address,age,block,creator,direction,inter_direction,txFee,txhash,txn_type,type,value
0,0x40395044ac3c0c57051906da938b54bd6557f212,1501920841,4120561.0,0xed5eca2d2b341ba7eaa93273557f2b56b74f5107,IN,3,0.00033351,0x052fcf92849158beeaddca93db13bf67b144060c78c4f46424855e9a4daf16f1,external,0,0 Ether
0,0x40395044ac3c0c57051906da938b54bd6557f212,1501924465,4120724.0,0xed5eca2d2b341ba7eaa93273557f2b56b74f5107,IN,3,0.00033389,0x4da412bbd418d76eae2b88b2dabe3baaf950d37e568f20da7c614a1865908372,external,0,0 Ether
0,0x40395044ac3c0c57051906da938b54bd6557f212,1501920728,4120556.0,0xed5eca2d2b341ba7eaa93273557f2b56b74f5107,IN,3,0.000288,0x5b289518fa8d72b19754aa0d37716b52c67298940778691c3af660a7ffc5d434,external,0,0 Ether
0,0x40395044ac3c0c57051906da938b54bd6557f212,1501920644,4120553.0,0xed5eca2d2b341ba7eaa93273557f2b56b74f5107,IN,3,0.000144,0x8309b0bea5048b02606b98e358cdbf7e3afea428a5bb73fd7f289f0026927752,external,0,0 Ether
0,0x40395044ac3c0c57051906da938b54bd6557f212,1501927280,4120858.0,0xed5eca2d2b341ba7eaa93273557f2b56b74f5107,IN,3,0.00024389,0x9dd6607980fa1c2ca9d2354260f6f5567a13f0f976d2bfa65db394909644772a,external,0,0 Ether
0,0x40395044ac3c0c57051906da938b54bd6557f212,1501925837,4120786.0,0xed5eca2d2b341ba7eaa93273557f2b56b74f5107,IN,3,0.00033389,0xa78a4cdb823ea4e5080ea0be38de2578886d0d3046e26d236254c8e0aeec9c74,external,0,0 Ether
