Class,address,age,block,creator,direction,inter_direction,txFee,txhash,txn_type,type,value
0,0x40395044ac3c0c57051906da938b54bd6557f212,1497787842,3894474.0,0xed5eca2d2b341ba7eaa93273557f2b56b74f5107,IN,3,0.00054712,0x93a62c1ed7b4ab027f55954bd5fac5cf6ee3b08b3e103c53223ed412416a91bb,external,0,0 Ether
0,0x40395044ac3c0c57051906da938b54bd6557f212,1498103741,3912923.0,0xed5eca2d2b341ba7eaa93273557f2b56b74f5107,IN,3,0.00057233,0x9e126d80573bdfe0b59480fd53bbe30b7555e16fdd659e8466813e2d25b5e0c0,external,0,0 Ether
