Class,address,age,block,creator,direction,inter_direction,txFee,txhash,txn_type,type,value
1,0xb10ea0d397db942a1083a4af9c6074ab63bc8c8b,1540461196,6582278.0,0x65b041db3135ed5f76d9486aa56f8ca5dc9a3f5e,OUT,2,0.0,0x98e8fb1c94a374b0f3cc0064a27f963e7558ef95c0012c57aa94183b8cf4ba54,internal,call,0.025090169491525 Ether
1,0xb10ea0d397db942a1083a4af9c6074ab63bc8c8b,1540901130,0.0,0x65b041db3135ed5f76d9486aa56f8ca5dc9a3f5e,OUT,2,0.0,0xedf60764594ffbf392d05a53aa71f03a557acd3191060e4d20f058b74149c035,internal,call,0.024810847457627 Ether
1,0xb10ea0d397db942a1083a4af9c6074ab63bc8c8b,1539776228,6533707.0,0x65b041db3135ed5f76d9486aa56f8ca5dc9a3f5e,OUT,2,0.0,0xbe535bc739e42dbde24a913042d438ed3b7145a0992b24dca67c3332991e5253,internal,call,0.017186440677966 Ether
1,0xb10ea0d397db942a1083a4af9c6074ab63bc8c8b,1540201376,6563774.0,0x65b041db3135ed5f76d9486aa56f8ca5dc9a3f5e,OUT,2,0.0,0x002b7a9bad97ea2b458ef3bdc84bb4e8112ee4cf06b43192562efe1ed27b587e,internal,call,0.040768813559322 Ether
1,0xb10ea0d397db942a1083a4af9c6074ab63bc8c8b,1539085850,6484549.0,0x65b041db3135ed5f76d9486aa56f8ca5dc9a3f5e,OUT,2,0.0,0xfeea3fa42b227d0975bc6d4c70da2e608ffd15fe41fd8c375e08e55b1d57a322,internal,call,0.029829152542372 Ether
1,0xb10ea0d397db942a1083a4af9c6074ab63bc8c8b,1540641709,6595036.0,0x65b041db3135ed5f76d9486aa56f8ca5dc9a3f5e,OUT,2,0.0,0x4053b030eb4d5461ea6a9bfaea569e1fbe7c2923a34f277d301fbef8b3fed4dd,internal,call,0.017298983050847 Ether
1,0xb10ea0d397db942a1083a4af9c6074ab63bc8c8b,1539597417,6521032.0,0x65b041db3135ed5f76d9486aa56f8ca5dc9a3f5e,OUT,2,0.0,0xad85bc0b680bba7f29deff4891da35b5711893bad9d5e647909c922bdcded188,internal,call,0.037694915254237 Ether
1,0xb10ea0d397db942a1083a4af9c6074ab63bc8c8b,1539206533,6493232.0,0x65b041db3135ed5f76d9486aa56f8ca5dc9a3f5e,OUT,2,0.0,0xa4763e3e1a177e1530f06a29b9ec6d330337126c8a001f9ce27ede1b2afe41cb,internal,call,0.011773559322033 Ether
1,0xb10ea0d397db942a1083a4af9c6074ab63bc8c8b,1540989663,6619666.0,0x65b041db3135ed5f76d9486aa56f8ca5dc9a3f5e,OUT,2,0.0,0x1fef22a714dc319963b62a9e55fb84eba6254ba7c39b9fdee475165f013811e3,internal,call,0.008585762711864 Ether
