Class,address,age,block,creator,direction,inter_direction,txFee,txhash,txn_type,type,value
0,0x42d6622dece394b54999fbd73d108123806f6a18,1547091152,7042181.0,0xa7f00de671ebeb1b04c19a00842ff1d980847f0b,IN,3,0.00108483,0x1935059e95b37c02cc67a01e1d538a0b3e76b072c2a1f2e9f254b988fbb65add,external,0,0 Ether
0,0x42d6622dece394b54999fbd73d108123806f6a18,1546835095,7022840.0,0xa7f00de671ebeb1b04c19a00842ff1d980847f0b,IN,3,0.00108483,0x242c66a07587a27f9e3746a49a56d873a7a2135edad8e0c4e736096940ec80c0,external,0,0 Ether
0,0x42d6622dece394b54999fbd73d108123806f6a18,1546581510,7009218.0,0xa7f00de671ebeb1b04c19a00842ff1d980847f0b,IN,3,0.00076983,0x2562d0254f94dd49f8ec2580145191943dc8761d768d11d8a124d012b5c6a694,external,0,0 Ether
0,0x42d6622dece394b54999fbd73d108123806f6a18,1545860516,6960381.0,0xa7f00de671ebeb1b04c19a00842ff1d980847f0b,IN,3,0.00108483,0xaa70c54984f9106df996203e08ac5a02c143c8c226831bf67c5c58e9a78c253e,external,0,0 Ether
