Class,address,age,block,creator,direction,inter_direction,txFee,txhash,txn_type,type,value
0,0x42d6622dece394b54999fbd73d108123806f6a18,1517326313,5002421.0,0xa7f00de671ebeb1b04c19a00842ff1d980847f0b,IN,3,0.00257655,0x2a4d577a9cf5c75f90b909be293450343ac57fb42f2c0ed6b4fd6a6acdde1d04,external,0,0 Ether
0,0x42d6622dece394b54999fbd73d108123806f6a18,1517573267,5019092.0,0xa7f00de671ebeb1b04c19a00842ff1d980847f0b,IN,3,0.00164389,0x6c9cb2d6361d5f49243b198948059aeb77f4b78c2553aa81e1a1daac2385214d,external,0,0 Ether
0,0x42d6622dece394b54999fbd73d108123806f6a18,1517571746,5018976.0,0xa7f00de671ebeb1b04c19a00842ff1d980847f0b,IN,3,0.00257655,0x918a15f564911d9b819c024418b44740cd45f38fb222487060bbe2f468a4911b,external,0,0 Ether
