Class,address,age,block,creator,direction,inter_direction,txFee,txhash,txn_type,type,value
0,0x46492473755e8df960f8034877f61732d718ce96,1504386426,4232863.0,0x2700c695b8126d3ed4422301e77af7b7e0711ad7,IN,3,0.00052122,0x91f14ef1315212507eb1c86a14c6a327df359865a02c6c2a2b5dd041f3caad7a,external,0,0 Ether
0,0x46492473755e8df960f8034877f61732d718ce96,1504372076,4232288.0,0x2700c695b8126d3ed4422301e77af7b7e0711ad7,IN,3,0.00047850000000000003,0xb56054d2d75b9e2334d909b29cbe5d32f12dad97e559dadced777f1406fe9da8,external,0,0 Ether
