Class,address,age,block,creator,direction,inter_direction,txFee,txhash,txn_type,type,value
1,0xe1c9a03cf690256ff7738cbd508c88cf5238a535,1523025457,5393635.0,0xc84c18a88789dba5b0ca9c13973435bbce7e961d,OUT,2,0.0,0x48075f4b801c859f2ca72fcf0700ded7ef14611bcb62c559807cf27f4b4184a0,internal,call,0.01979109986843 Ether
1,0xe1c9a03cf690256ff7738cbd508c88cf5238a535,1522965388,5389471.0,0xc84c18a88789dba5b0ca9c13973435bbce7e961d,OUT,2,0.0,0xdd053e53d66c6e72fe0c5102ec8a9a816d5d71b20f42beb86fdaaf0057da87df,internal,call,0.014635824733533 Ether
1,0xe1c9a03cf690256ff7738cbd508c88cf5238a535,1523110842,5399634.0,0xc84c18a88789dba5b0ca9c13973435bbce7e961d,OUT,2,0.0,0x1ebba316225c0e19ed116bfc27a4c39ba65cd0ca245271e4602a1aeec8526ad8,internal,call,0.04415644057785 Ether
1,0xe1c9a03cf690256ff7738cbd508c88cf5238a535,1523110529,5399611.0,0xc84c18a88789dba5b0ca9c13973435bbce7e961d,OUT,2,0.0,0xaab5003784bef99b87e2d5e21e2ed32aa8440a9c4a808bb963a6b23741078bf4,internal,call,0.010397179204807 Ether
