Class,address,age,block,creator,direction,inter_direction,txFee,txhash,txn_type,type,value
0,0x4946fcea7c692606e8908002e55a582af44ac121,1536996216,6336963.0,0x3ce3b6d9372a4d761172a89cf0139129309fa0ae,IN,3,0.00012269,0x36e44229659ce11253f633fbb3ae1608d483d0feafdd0890a29a7275571bf3ee,external,0,0 Ether
0,0x4946fcea7c692606e8908002e55a582af44ac121,1538460956,6440010.0,0x3ce3b6d9372a4d761172a89cf0139129309fa0ae,IN,3,0.00040136,0x561006bc0d013abcdc3123d3a2bdd01d4ebd92820fd2c8ed5643a11c3d6a0558,external,0,0 Ether
0,0x4946fcea7c692606e8908002e55a582af44ac121,1538975964,6476770.0,0x3ce3b6d9372a4d761172a89cf0139129309fa0ae,IN,3,0.00018244,0xa7189b64a61d136ccf09d4d0074b77ef213f891a2b105f3c58588f5242463eee,external,0,0 Ether
0,0x4946fcea7c692606e8908002e55a582af44ac121,1536781524,6321880.0,0x3ce3b6d9372a4d761172a89cf0139129309fa0ae,IN,3,0.00022805,0xa79d3ef1c3afcbdfa70f74d7978d39f9600fa375e13c4c9c8f11fd5cd1e1537b,external,0,0 Ether
