Class,address,age,block,creator,direction,inter_direction,txFee,txhash,txn_type,type,value
0,0x4ae0ede482f825fb9cccce8f0fe089f0379eaa2a,1546752888,7020306.0,0xe7af11370c3bab51230d8307454350bdf6d68f4a,IN,3,3.3100000000000005e-05,0xa21acfe2806e2317be02990e8de1fce87fb3b7f2614cc87f9f799b746f4cd6e6,external,0,0 Ether
0,0x4ae0ede482f825fb9cccce8f0fe089f0379eaa2a,1547060095,7040194.0,0xe7af11370c3bab51230d8307454350bdf6d68f4a,IN,3,3.3100000000000005e-05,0xa6b23139539aa643411f99b518fd13127a05f3246a4e0e79db0b4495c484b049,external,0,0 Ether
0,0x4ae0ede482f825fb9cccce8f0fe089f0379eaa2a,1546705398,7014422.0,0xe7af11370c3bab51230d8307454350bdf6d68f4a,IN,3,5.877e-05,0xa88d74e8a63616f469ad8800e9675847ba0d03d4c674eace0c5fb73c5d51dc3d,external,0,0 Ether
