Class,address,age,block,creator,direction,inter_direction,txFee,txhash,txn_type,type,value
0,0x4ae0ede482f825fb9cccce8f0fe089f0379eaa2a,1546972383,7034508.0,0xe7af11370c3bab51230d8307454350bdf6d68f4a,IN,3,3.3100000000000005e-05,0x04063e20775d9a898955ceaa5fee166185583c4c17c289389cf754db29ba749e,external,0,0 Ether
0,0x4ae0ede482f825fb9cccce8f0fe089f0379eaa2a,1546768380,7021315.0,0xe7af11370c3bab51230d8307454350bdf6d68f4a,IN,3,3.3100000000000005e-05,0x5e6bd4f490bc9b0453599e23b6a0fdc391693f11fea58394d589d035384cce14,external,0,0 Ether
0,0x4ae0ede482f825fb9cccce8f0fe089f0379eaa2a,1546860787,7027339.0,0xe7af11370c3bab51230d8307454350bdf6d68f4a,IN,3,3.3100000000000005e-05,0x7ee0c10c89e95ee4589ec77a46c2861075f0816010098fb677ce6bb334ab6714,external,0,0 Ether
