Class,address,age,block,creator,direction,inter_direction,txFee,txhash,txn_type,type,value
1,0x4e8ecf79ade5e2c49b9e30d795517a81e0bf00b8,1532723990,6043259.0,0xf39e044e1ab204460e06e87c6dca2c6319fc69e3,IN,3,2.949e-05,0x27a1609e6e9e08a1fa4cec0b5e88e3f56649cc2b167eff53198df79004498ae1,external,0,0 Ether
1,0x4e8ecf79ade5e2c49b9e30d795517a81e0bf00b8,1532712345,6042463.0,0xf39e044e1ab204460e06e87c6dca2c6319fc69e3,IN,3,0.01162386,0x3104112e67e150d49f24c8c6c2297fbaf086064b83d2e9ea859b798cc8643fcd,external,0,6 Ether
1,0x4e8ecf79ade5e2c49b9e30d795517a81e0bf00b8,1532712382,6042466.0,0xf39e044e1ab204460e06e87c6dca2c6319fc69e3,IN,3,0.00619464,0x9f47ccdc093dd3f856ad38e04e668922c121ac2edf1ab277d64ea7c4314d0ccc,external,0,12.761721718424613 Ether
