Class,address,age,block,creator,direction,inter_direction,txFee,txhash,txn_type,type,value
1,0x4e8ecf79ade5e2c49b9e30d795517a81e0bf00b8,1532712451,6042471.0,0xf39e044e1ab204460e06e87c6dca2c6319fc69e3,IN,3,0.00812629,0x1bd1aec1cf8ae5ff95be752cd0bbd65e233be3f0e7342690631c6ec8405ce9d5,external,0,1.9 Ether
1,0x4e8ecf79ade5e2c49b9e30d795517a81e0bf00b8,1532722009,6043120.0,0xf39e044e1ab204460e06e87c6dca2c6319fc69e3,IN,3,0.00030312,0x2bbcb92aa5c0d2f287086f86dcc998148fc299ac3ec481a76534d95b83089aeb,external,0,0 Ether
1,0x4e8ecf79ade5e2c49b9e30d795517a81e0bf00b8,1533413395,6090642.0,0xf39e044e1ab204460e06e87c6dca2c6319fc69e3,IN,3,0.00017814,0xa14f118c83c548a09d2f28fbde1d649ff3641e45aa6d1787c885ca7bdf413015,external,0,0 Ether
