Class,address,age,block,creator,direction,inter_direction,txFee,txhash,txn_type,type,value
1,0x4e8ecf79ade5e2c49b9e30d795517a81e0bf00b8,1532713334,6042522.0,0xf39e044e1ab204460e06e87c6dca2c6319fc69e3,IN,3,0.00238991,0x0eb96bb8f1e5cffa08a73ebf7fce859610a81b17afba13f4ea8a3c57a6f45641,external,0,1.703811697205674 Ether
1,0x4e8ecf79ade5e2c49b9e30d795517a81e0bf00b8,1532745557,6044733.0,0xf39e044e1ab204460e06e87c6dca2c6319fc69e3,IN,3,0.00222878,0x118c7ce055b5958d1c3ca08239561ca8d66a4e31a7631018b928683b3c6a7754,external,0,0.246107120875771 Ether
