Class,address,age,block,creator,direction,inter_direction,txFee,txhash,txn_type,type,value
1,0x4e8ecf79ade5e2c49b9e30d795517a81e0bf00b8,1532711819,6042432.0,0xf39e044e1ab204460e06e87c6dca2c6319fc69e3,IN,3,0.0143991,0x45b730d3f02a607b1f25d7332f18b224d6416c10fb8cdc13562474401270c9ed,external,0,0.910901551316043 Ether
