Class,address,age,block,creator,direction,inter_direction,txFee,txhash,txn_type,type,value
1,0x4e8ecf79ade5e2c49b9e30d795517a81e0bf00b8,1534221602,6142982.0,0xf39e044e1ab204460e06e87c6dca2c6319fc69e3,IN,3,0.00585114,0x5fb4eb974bf1098e9c4382f357c056e3286f144ac4a451964200540d9066119e,external,0,0.3 Ether
1,0x4e8ecf79ade5e2c49b9e30d795517a81e0bf00b8,1532716615,6042764.0,0xf39e044e1ab204460e06e87c6dca2c6319fc69e3,IN,3,0.00030125,0x6d4a22ecaf7e6cbb26bdc5ee143f5f182e85190d08dc05f48f0bcfc288d2549f,external,0,0.3 Ether
