Class,address,age,block,creator,direction,inter_direction,txFee,txhash,txn_type,type,value
1,0x4e8ecf79ade5e2c49b9e30d795517a81e0bf00b8,1532712433,6042469.0,0xf39e044e1ab204460e06e87c6dca2c6319fc69e3,IN,3,0.00874069,0x23933868271634c9e585f29ed656f8226a71bfb642ba442ced928dc7f3c5a4e3,external,0,6.205765669760597 Ether
1,0x4e8ecf79ade5e2c49b9e30d795517a81e0bf00b8,1532762096,6045861.0,0xf39e044e1ab204460e06e87c6dca2c6319fc69e3,IN,3,0.00012629999999999998,0x4b8ce75340ba1c6fd7a0180d410084ac1b5f298e21b22c0e7451a82585c11e70,external,0,0 Ether
1,0x4e8ecf79ade5e2c49b9e30d795517a81e0bf00b8,1533905293,6124398.0,0xf39e044e1ab204460e06e87c6dca2c6319fc69e3,IN,3,7.429e-05,0x6d164acfb52e86ab0c01819bc4b80a2dce52a18989382c0f21f9b7b68f5cad20,external,0,0 Ether
1,0x4e8ecf79ade5e2c49b9e30d795517a81e0bf00b8,1532762111,6045864.0,0xf39e044e1ab204460e06e87c6dca2c6319fc69e3,IN,3,0.00014459,0xae154cb3a1c313876ff9034a298f9d68024f440db343925e2a5e74d030785292,external,0,0 Ether
