Class,address,age,block,creator,direction,inter_direction,txFee,txhash,txn_type,type,value
1,0x4e8ecf79ade5e2c49b9e30d795517a81e0bf00b8,1532713271,6042518.0,0xf39e044e1ab204460e06e87c6dca2c6319fc69e3,IN,3,0.01480785,0x03e9e2b6ea29c3c4c25ea467ce6b05fe5dea10fbc4f3068e31ef77910358edae,external,0,5 Ether
1,0x4e8ecf79ade5e2c49b9e30d795517a81e0bf00b8,1532735577,6044067.0,0xf39e044e1ab204460e06e87c6dca2c6319fc69e3,IN,3,6.491e-05,0x27ccedef8db45cde92a9e523c197f7ccf8f502d9c56a4cece4b05b023ae9368c,external,0,0 Ether
1,0x4e8ecf79ade5e2c49b9e30d795517a81e0bf00b8,1532722816,6043185.0,0xf39e044e1ab204460e06e87c6dca2c6319fc69e3,IN,3,0.19447732,0x430fe9d81dac99b0dab7b070207a7020ef0ec80cab7dc9c6f0b0c1a23bd9fa4c,external,0,5 Ether
1,0x4e8ecf79ade5e2c49b9e30d795517a81e0bf00b8,1532784479,6047402.0,0xf39e044e1ab204460e06e87c6dca2c6319fc69e3,IN,3,0.00136321,0x5bf3b2f9ed3e298b9e5cc09d34954fc07bdf1018d2ac0c193669ca06f2f72137,external,0,0 Ether
1,0x4e8ecf79ade5e2c49b9e30d795517a81e0bf00b8,1532784663,6047418.0,0xf39e044e1ab204460e06e87c6dca2c6319fc69e3,IN,3,0.00687489,0xa8da8bb1111fcb076b872b9263b18887dca1aeac67e1537b56796e3412fa6f02,external,0,0 Ether
