Class,address,age,block,creator,direction,inter_direction,txFee,txhash,txn_type,type,value
1,0x4e8ecf79ade5e2c49b9e30d795517a81e0bf00b8,1538617642,6451100.0,0xf39e044e1ab204460e06e87c6dca2c6319fc69e3,IN,3,0.00018691,0x062d53d32f803a7d1c3c2b07557cf86869f13b1d1ec2e2b95dd6d5467bdc6bc4,external,0,0 Ether
1,0x4e8ecf79ade5e2c49b9e30d795517a81e0bf00b8,1533896757,6123784.0,0xf39e044e1ab204460e06e87c6dca2c6319fc69e3,IN,3,0.00014838,0x1d7cd2f9d5562007411ce8ad4634610edf37bb831e5ccef8c9210777cfaab347,external,0,0 Ether
1,0x4e8ecf79ade5e2c49b9e30d795517a81e0bf00b8,1533442337,6089671.0,0xf39e044e1ab204460e06e87c6dca2c6319fc69e3,IN,3,3.709e-05,0x1d96fde8c951a827f963c19f5e8d84c837e90573840f1ff4d4394a08941b8356,external,0,0 Ether
1,0x4e8ecf79ade5e2c49b9e30d795517a81e0bf00b8,1533136344,6071642.0,0xf39e044e1ab204460e06e87c6dca2c6319fc69e3,IN,3,7.419e-05,0x1fd384ba97e4fbd0ad38279e2cb638296531addfc946b639b83381c89c500e0b,external,0,0 Ether
1,0x4e8ecf79ade5e2c49b9e30d795517a81e0bf00b8,1532765701,6046106.0,0xf39e044e1ab204460e06e87c6dca2c6319fc69e3,IN,3,7.419e-05,0x649651b5603d04848b4c3ba9ee8b0f0c3d98f22f5f3bd44ae51775ff854ca4fb,external,0,0 Ether
1,0x4e8ecf79ade5e2c49b9e30d795517a81e0bf00b8,1533489602,6095861.0,0xf39e044e1ab204460e06e87c6dca2c6319fc69e3,IN,3,3.709e-05,0x6912fce5ad4308e548c101728f47659443c69c1ea085ab671b4c05cec4c38ed5,external,0,0 Ether
1,0x4e8ecf79ade5e2c49b9e30d795517a81e0bf00b8,1545408612,6926541.0,0xf39e044e1ab204460e06e87c6dca2c6319fc69e3,IN,3,0.00107991,0x8e462027da81b21d51a305acbb7f292938ac9775c53b79224919cd9ea2475bd2,external,0,0 Ether
1,0x4e8ecf79ade5e2c49b9e30d795517a81e0bf00b8,1534906424,6192902.0,0xf39e044e1ab204460e06e87c6dca2c6319fc69e3,IN,3,0.00011129,0x8f4989aac4aa29a541c9d54ea96fa5de7f9a16ba3d3fb465813889bcc15de387,external,0,0 Ether
1,0x4e8ecf79ade5e2c49b9e30d795517a81e0bf00b8,1533356017,6083675.0,0xf39e044e1ab204460e06e87c6dca2c6319fc69e3,IN,3,3.709e-05,0xa54b15c5b705c200f68fcc173e94217b83c45743fb5b4dd4029d65d7877ff5a6,external,0,0 Ether
