Class,address,age,block,creator,direction,inter_direction,txFee,txhash,txn_type,type,value
1,0x4e8ecf79ade5e2c49b9e30d795517a81e0bf00b8,1532712029,6042446.0,0xf39e044e1ab204460e06e87c6dca2c6319fc69e3,IN,3,0.009476,0x080448e009efbb3178f6688faaff84d0ff3ff70bf1be918cc49ea0f1e646dcba,external,0,6 Ether
1,0x4e8ecf79ade5e2c49b9e30d795517a81e0bf00b8,1532753953,6042364.0,0xf39e044e1ab204460e06e87c6dca2c6319fc69e3,IN,3,0.009000000000000001,0x4b57ebb48170b9425389e85681af9439af5ff0e97ef533c87d90fc4c4418c58d,external,0,6 Ether
