Class,address,age,block,creator,direction,inter_direction,txFee,txhash,txn_type,type,value
1,0x4e8ecf79ade5e2c49b9e30d795517a81e0bf00b8,1532782673,6047284.0,0xf39e044e1ab204460e06e87c6dca2c6319fc69e3,IN,3,0.00012983,0x4c6ecd8b973f290741cf5d94b9af79832859225613f849f0e4256eddcb936d71,external,0,0 Ether
1,0x4e8ecf79ade5e2c49b9e30d795517a81e0bf00b8,1532784254,6047393.0,0xf39e044e1ab204460e06e87c6dca2c6319fc69e3,IN,3,0.00012983,0x51c8da9b8838b03de22e0fd63683b493fcd64539dc53d324f1cec950344cadf3,external,0,0 Ether
1,0x4e8ecf79ade5e2c49b9e30d795517a81e0bf00b8,1532739310,6044335.0,0xf39e044e1ab204460e06e87c6dca2c6319fc69e3,IN,3,0.00308573,0x5c68ccc82068ad1f7dde27f0532e4b18cbd933a03756cb93b839074cb34bc4b2,external,0,0.1 Ether
1,0x4e8ecf79ade5e2c49b9e30d795517a81e0bf00b8,1532740349,6044400.0,0xf39e044e1ab204460e06e87c6dca2c6319fc69e3,IN,3,0.00015983,0x8ef6c3b494a80406cf8bcc7ca578ffe8cc6bea702c759518e6fd4aa814b95801,external,0,0 Ether
1,0x4e8ecf79ade5e2c49b9e30d795517a81e0bf00b8,1532744639,6044682.0,0xf39e044e1ab204460e06e87c6dca2c6319fc69e3,IN,3,0.00012983,0xaeda8eff45392dc50f01ce9889d61d586c8a030a428d77b34b09bc587429d075,external,0,0 Ether
