Class,address,age,block,creator,direction,inter_direction,txFee,txhash,txn_type,type,value
1,0x4e8ecf79ade5e2c49b9e30d795517a81e0bf00b8,1532711164,6042386.0,0xf39e044e1ab204460e06e87c6dca2c6319fc69e3,IN,3,0.028710000000000006,0x3766b7c3dfa37d38a9de4bbffb003b8273f19c133f2ee4d0b107ae3feb7203b1,external,0,1 Ether
1,0x4e8ecf79ade5e2c49b9e30d795517a81e0bf00b8,1532724076,6043266.0,0xf39e044e1ab204460e06e87c6dca2c6319fc69e3,IN,3,0.00031575,0x6b672217766dcdb8e4010bc39bbd755c2821a08322981f4a1645078926307d76,external,0,0 Ether
