Class,address,age,block,creator,direction,inter_direction,txFee,txhash,txn_type,type,value
1,0x4e8ecf79ade5e2c49b9e30d795517a81e0bf00b8,1532725364,6043348.0,0xf39e044e1ab204460e06e87c6dca2c6319fc69e3,IN,3,0.00031575,0x3742acb7e5e56a6cd016cf6ee797210fbdddad3321152e383f3f520291276c19,external,0,0 Ether
1,0x4e8ecf79ade5e2c49b9e30d795517a81e0bf00b8,1532716319,6042737.0,0xf39e044e1ab204460e06e87c6dca2c6319fc69e3,IN,3,0.00072226,0x57b64a31c14b4bcc42538ab671ecd67a23f9a5a881e3a2449ab4589462b2d927,external,0,0 Ether
1,0x4e8ecf79ade5e2c49b9e30d795517a81e0bf00b8,1532714114,6042582.0,0xf39e044e1ab204460e06e87c6dca2c6319fc69e3,IN,3,0.00702916,0x623d18cbab9c71c1bcd020e961664e57cb369319463a3b5e50f66c64f1e37cee,external,0,1.2 Ether
1,0x4e8ecf79ade5e2c49b9e30d795517a81e0bf00b8,1532753932,6042361.0,0xf39e044e1ab204460e06e87c6dca2c6319fc69e3,IN,3,0.00032754,0x9a230f9b314c36b642ce99daf3b236ca874fd3d723a8a759b140d368cfb4e702,external,0,1.2 Ether
