Class,address,age,block,creator,direction,inter_direction,txFee,txhash,txn_type,type,value
1,0x4e8ecf79ade5e2c49b9e30d795517a81e0bf00b8,1532735203,6044047.0,0xf39e044e1ab204460e06e87c6dca2c6319fc69e3,IN,3,0.00044205,0x0317b8d58d1e26d8a3c2009d7e218688fef7ef623ec9a8228dc66b6ec7e2b010,external,0,0 Ether
1,0x4e8ecf79ade5e2c49b9e30d795517a81e0bf00b8,1532724064,6043265.0,0xf39e044e1ab204460e06e87c6dca2c6319fc69e3,IN,3,0.00378376,0x1a38b0715c2c966c80cd6e0e9ecb0dbb6d82b5a84db0150de13b03b6cc77f635,external,0,1.050628461993932 Ether
1,0x4e8ecf79ade5e2c49b9e30d795517a81e0bf00b8,1532726105,6043392.0,0xf39e044e1ab204460e06e87c6dca2c6319fc69e3,IN,3,0.00273243,0x5f2c4ba21210458101c21bbc5296b14457b68ba86d6de7e6cf3c5d70d70b98df,external,0,0.379784625158357 Ether
1,0x4e8ecf79ade5e2c49b9e30d795517a81e0bf00b8,1532765542,6046101.0,0xf39e044e1ab204460e06e87c6dca2c6319fc69e3,IN,3,0.00064915,0x8c807863c319278d8ca3ac6562114782bf5c4f73e1e142fdabc0e750f12cc780,external,0,0 Ether
1,0x4e8ecf79ade5e2c49b9e30d795517a81e0bf00b8,1532714991,6042638.0,0xf39e044e1ab204460e06e87c6dca2c6319fc69e3,IN,3,0.00315755,0xa7b1eca78ec78b0ba80e907d85f160428c4833e47f9ad971b4a3a435b020cd69,external,0,0 Ether
1,0x4e8ecf79ade5e2c49b9e30d795517a81e0bf00b8,1532726251,6043402.0,0xf39e044e1ab204460e06e87c6dca2c6319fc69e3,IN,3,0.00043335,0xb181f449e1386ee5e354e3574ac253854d54f6d715b654e15b668f92c3ca776d,external,0,0 Ether
