Class,address,age,block,creator,direction,inter_direction,txFee,txhash,txn_type,type,value
1,0x4e8ecf79ade5e2c49b9e30d795517a81e0bf00b8,1535043421,6199270.0,0xf39e044e1ab204460e06e87c6dca2c6319fc69e3,IN,3,0.0012497,0x1fbf8b568ca4e2582f599692bdd38f9e0d5269b02b3c9508e8256d7324e56551,external,0,0.007499551712695 Ether
1,0x4e8ecf79ade5e2c49b9e30d795517a81e0bf00b8,1535006437,6199697.0,0xf39e044e1ab204460e06e87c6dca2c6319fc69e3,IN,3,0.00093365,0x5082c37fc6f80b3e29119eefb265b70eb6f826c71c6e7bf06c9c525e636a816c,external,0,0.00862396436765 Ether
1,0x4e8ecf79ade5e2c49b9e30d795517a81e0bf00b8,1535012943,6200128.0,0xf39e044e1ab204460e06e87c6dca2c6319fc69e3,IN,3,9.63e-05,0x639cb7318f040d0e5f3e2f38d2e2f3a5e827a57ab9dd4c112a31d3bfd2d060c2,external,0,0 Ether
1,0x4e8ecf79ade5e2c49b9e30d795517a81e0bf00b8,1535000974,6199322.0,0xf39e044e1ab204460e06e87c6dca2c6319fc69e3,IN,3,0.00060884,0x7d02013fd6d174f87b9072d8d4bf0b64d5c3d3ec07611865db3aeda48295eb4e,external,0,0.00830812136934 Ether
1,0x4e8ecf79ade5e2c49b9e30d795517a81e0bf00b8,1535005567,6199634.0,0xf39e044e1ab204460e06e87c6dca2c6319fc69e3,IN,3,0.00114816,0xa0f45f5f0f29b220825f1d55362541bc81cd064d015038e8c681734597791983,external,0,0.007658048358214 Ether
