Class,address,age,block,creator,direction,inter_direction,txFee,txhash,txn_type,type,value
1,0x4e8ecf79ade5e2c49b9e30d795517a81e0bf00b8,1533208629,6076541.0,0xf39e044e1ab204460e06e87c6dca2c6319fc69e3,IN,3,0.00053038,0x1752b24161654d5c6ab68867ad6b06620a4dbcb0e6ac616fb8e8e7de8a8acce4,external,0,0.040600312350618 Ether
