Class,address,age,block,creator,direction,inter_direction,txFee,txhash,txn_type,type,value
1,0x4e8ecf79ade5e2c49b9e30d795517a81e0bf00b8,1533291647,6082189.0,0xf39e044e1ab204460e06e87c6dca2c6319fc69e3,IN,3,0.00573943,0x5b264eebaec292529b5bb4e72e930f9fad9c431e11b0427f8bd232a293e164ae,external,0,0.037006510712973 Ether
1,0x4e8ecf79ade5e2c49b9e30d795517a81e0bf00b8,1532712106,6042452.0,0xf39e044e1ab204460e06e87c6dca2c6319fc69e3,IN,3,0.012,0xb06d583b87706b5b507ae147f3b938ec8029405ac9c4a3470bec641e46f70ada,external,0,0.220776459876861 Ether
