Class,address,age,block,creator,direction,inter_direction,txFee,txhash,txn_type,type,value
1,0x4e8ecf79ade5e2c49b9e30d795517a81e0bf00b8,1532957853,6059481.0,0xf39e044e1ab204460e06e87c6dca2c6319fc69e3,IN,3,0.00024714,0x54001835a26df97a2e6311021989cd73e7a695456f7dde3bc030cbb9f7fe992b,external,0,0.25 Ether
1,0x4e8ecf79ade5e2c49b9e30d795517a81e0bf00b8,1534002358,6131047.0,0xf39e044e1ab204460e06e87c6dca2c6319fc69e3,IN,3,0.00377383,0x6ced17941c204584d696b24172c03d4580ef4d483be6b39e6ffc98fa403ae4dc,external,0,0.012 Ether
1,0x4e8ecf79ade5e2c49b9e30d795517a81e0bf00b8,1533978948,6129434.0,0xf39e044e1ab204460e06e87c6dca2c6319fc69e3,IN,3,0.011038,0x8c4a1d5b78ce49ad69536ea5e5f72d3480eb383f6f59ae133ced0990864b63a0,external,0,0.1 Ether
