Class,address,age,block,creator,direction,inter_direction,txFee,txhash,txn_type,type,value
1,0x4e8ecf79ade5e2c49b9e30d795517a81e0bf00b8,1532867514,6053207.0,0xf39e044e1ab204460e06e87c6dca2c6319fc69e3,IN,3,0.00253036,0x70335169b213c01dece823f0c5b46bab7d95fab88ca4c1f72ed5292e22421964,external,0,0 Ether
1,0x4e8ecf79ade5e2c49b9e30d795517a81e0bf00b8,1532867514,6053207.0,0xf39e044e1ab204460e06e87c6dca2c6319fc69e3,IN,3,0.00087612,0x7f8ad05b6a853f796e77038c35ff08037f00e6b22c952c3dc13d80e319aa783a,external,0,0 Ether
1,0x4e8ecf79ade5e2c49b9e30d795517a81e0bf00b8,1532867510,6053206.0,0xf39e044e1ab204460e06e87c6dca2c6319fc69e3,IN,3,0.018074,0x84fda36c343842b50b1ecb97b98ce5ef58652911660919fc59740a954f5f49dc,external,0,0 Ether
1,0x4e8ecf79ade5e2c49b9e30d795517a81e0bf00b8,1532711176,6042387.0,0xf39e044e1ab204460e06e87c6dca2c6319fc69e3,IN,3,0.1898125,0x9412a8ef2d90cdaf002d7f093ca8b64947af366db322b10e0f471c832322f2a4,external,0,3.644206205264175 Ether
