Class,address,age,block,creator,direction,inter_direction,txFee,txhash,txn_type,type,value
1,0x4e8ecf79ade5e2c49b9e30d795517a81e0bf00b8,1532716285,6042733.0,0xf39e044e1ab204460e06e87c6dca2c6319fc69e3,IN,3,0.00126302,0x10a0008eb868ddd5caed3d566b3e9f250e00c10c3dfa8e48f4ed8536f99a3f9a,external,0,0 Ether
1,0x4e8ecf79ade5e2c49b9e30d795517a81e0bf00b8,1532732249,6043820.0,0xf39e044e1ab204460e06e87c6dca2c6319fc69e3,IN,3,0.00056835,0x32eae91ad97d0ddf10c1dc801a2f2221d9f53594ef4acb9cec4b94dd48b11e32,external,0,0 Ether
1,0x4e8ecf79ade5e2c49b9e30d795517a81e0bf00b8,1532895173,6055135.0,0xf39e044e1ab204460e06e87c6dca2c6319fc69e3,IN,3,0.00011681,0x6a15f971d9da10f42356b571f313df0fe14cffcaa97c255172b550cefe8e8c5e,external,0,0 Ether
