Class,address,age,block,creator,direction,inter_direction,txFee,txhash,txn_type,type,value
1,0x4e8ecf79ade5e2c49b9e30d795517a81e0bf00b8,1535414522,6227729.0,0xf39e044e1ab204460e06e87c6dca2c6319fc69e3,IN,3,0.00109085,0x3571721cf4631f2c6ce40846725851100644848670cc8f4e7f64848ef011b1f4,external,0,0 Ether
1,0x4e8ecf79ade5e2c49b9e30d795517a81e0bf00b8,1535410562,6227432.0,0xf39e044e1ab204460e06e87c6dca2c6319fc69e3,IN,3,0.00122143,0x7659544ad20d9fb10d1a867aae1feafe479f47d7ea75e2a1b7ef15f36a730dbb,external,0,0 Ether
1,0x4e8ecf79ade5e2c49b9e30d795517a81e0bf00b8,1535100412,6206130.0,0xf39e044e1ab204460e06e87c6dca2c6319fc69e3,IN,3,0.0014613,0x801c7aa23e1f80f63037b491d96f37dcfc9daf9746f801ab4db849f89a8b2383,external,0,0.0001 Ether
1,0x4e8ecf79ade5e2c49b9e30d795517a81e0bf00b8,1536178305,6280172.0,0xf39e044e1ab204460e06e87c6dca2c6319fc69e3,IN,3,0.00124741,0xa1d9d8a93b9d3eaf8c1a21522d7eb38f0fbc7a55bb53ff7117d190df63909ff7,external,0,0 Ether
1,0x4e8ecf79ade5e2c49b9e30d795517a81e0bf00b8,1535100434,6206132.0,0xf39e044e1ab204460e06e87c6dca2c6319fc69e3,IN,3,0.00804528,0xb06a4e74a6e505b43be3fdcc029f878450613d5975af21f2545845a9143a8885,external,0,0.0055 Ether
