Class,address,age,block,creator,direction,inter_direction,txFee,txhash,txn_type,type,value
1,0x4e8ecf79ade5e2c49b9e30d795517a81e0bf00b8,1533001085,6062382.0,0xf39e044e1ab204460e06e87c6dca2c6319fc69e3,IN,3,0.00055443,0x2c7e6b48764477d1b85b4d7064fcc97e5e9ebefae57b83b84288265c8dc331a8,external,0,0.129704017880429 Ether
1,0x4e8ecf79ade5e2c49b9e30d795517a81e0bf00b8,1533000393,6062330.0,0xf39e044e1ab204460e06e87c6dca2c6319fc69e3,IN,3,0.00085484,0xa184fad6985e6b978bc26776c20ee54ea38022f39c6fa54044a28d5c34bed52d,external,0,0.12919933013264 Ether
