Class,address,age,block,creator,direction,inter_direction,txFee,txhash,txn_type,type,value
1,0x4e8ecf79ade5e2c49b9e30d795517a81e0bf00b8,1532732026,6043804.0,0xf39e044e1ab204460e06e87c6dca2c6319fc69e3,IN,3,0.00012629999999999998,0x74b911d343462599afc4e67818309c8324c07d61db20e014f90c3517253c57c8,external,0,0 Ether
1,0x4e8ecf79ade5e2c49b9e30d795517a81e0bf00b8,1532711892,6042437.0,0xf39e044e1ab204460e06e87c6dca2c6319fc69e3,IN,3,0.01726215,0xa0a62f1bd1aef2248547daac192cf2a03d209d167aea62073ad0d941c4434ced,external,0,1.853229668730598 Ether
