Class,address,age,block,creator,direction,inter_direction,txFee,txhash,txn_type,type,value
1,0x4e8ecf79ade5e2c49b9e30d795517a81e0bf00b8,1533740367,6113065.0,0xf39e044e1ab204460e06e87c6dca2c6319fc69e3,IN,3,0.0011837999999999998,0x0cdefb7286c7568dd5f488a83fb32ba127c6c30be60c70d286e63fa74f58f418,external,0,0.013552811563686 Ether
1,0x4e8ecf79ade5e2c49b9e30d795517a81e0bf00b8,1533741542,6113139.0,0xf39e044e1ab204460e06e87c6dca2c6319fc69e3,IN,3,0.00067411,0x225cdf5905608d47c9e5872a74d0a49464e14bdd4826de0a67bff0611cc2d549,external,0,0 Ether
1,0x4e8ecf79ade5e2c49b9e30d795517a81e0bf00b8,1533739246,6112980.0,0xf39e044e1ab204460e06e87c6dca2c6319fc69e3,IN,3,0.00230636,0x2f00a83703ebd9a50ca7fb2b0a828c36da3311bfcec1c9033a7979f625a16963,external,0,0.011661381603769 Ether
1,0x4e8ecf79ade5e2c49b9e30d795517a81e0bf00b8,1532866292,6053122.0,0xf39e044e1ab204460e06e87c6dca2c6319fc69e3,IN,3,0.00176822,0x559e006ded9917ffa6fc9a0f45ed2dca3121c1df326e7ec2abf72d416bcd9712,external,0,0 Ether
1,0x4e8ecf79ade5e2c49b9e30d795517a81e0bf00b8,1533739127,6112968.0,0xf39e044e1ab204460e06e87c6dca2c6319fc69e3,IN,3,0.00277758,0x6dfa3431a9debc91eaf0b61038e932e3bd5f0a41db08297047e1cb091dd15465,external,0,0.017208413741783 Ether
1,0x4e8ecf79ade5e2c49b9e30d795517a81e0bf00b8,1532866292,6053122.0,0xf39e044e1ab204460e06e87c6dca2c6319fc69e3,IN,3,0.00029788,0x8fa643784c6b1d81083053c076c34fbf73b18c92899c5709ede5d5c4343e6b29,external,0,0 Ether
1,0x4e8ecf79ade5e2c49b9e30d795517a81e0bf00b8,1533739529,6113004.0,0xf39e044e1ab204460e06e87c6dca2c6319fc69e3,IN,3,0.00124189,0xa55b023aea0e42c922cd33df5d03b42e323d512d5d01f85fa512b3919bf0aeb1,external,0,0.013053826563562 Ether
1,0x4e8ecf79ade5e2c49b9e30d795517a81e0bf00b8,1532711768,6042430.0,0xf39e044e1ab204460e06e87c6dca2c6319fc69e3,IN,3,0.01385955,0xaab1c13c147db2c55ad253f1f90cf56dcb12069d28f7684d1316265912ed2fdd,external,0,0.05 Ether
