Class,address,age,block,creator,direction,inter_direction,txFee,txhash,txn_type,type,value
1,0x4e8ecf79ade5e2c49b9e30d795517a81e0bf00b8,1532711164,6042386.0,0xf39e044e1ab204460e06e87c6dca2c6319fc69e3,IN,3,0.04521844,0x117de215d574c08bf613327d0c47d0e4a639f5dc90bdfdf806e537206b3f38ed,external,0,6.734187226083258 Ether
1,0x4e8ecf79ade5e2c49b9e30d795517a81e0bf00b8,1532907778,6056018.0,0xf39e044e1ab204460e06e87c6dca2c6319fc69e3,IN,3,0.00018945,0x32583f9657b21065ba233aca09d80ddd974d9d78033521320b5087800fd7aa7a,external,0,0 Ether
