Class,address,age,block,creator,direction,inter_direction,txFee,txhash,txn_type,type,value
1,0x4e8ecf79ade5e2c49b9e30d795517a81e0bf00b8,1533460481,6093837.0,0xf39e044e1ab204460e06e87c6dca2c6319fc69e3,IN,3,0.00064263,0x766a5d23126413321adc7776ae9473ad6e84889cb190d2389b4621e0ebf981bf,external,0,0.0312147807147 Ether
