Class,address,age,block,creator,direction,inter_direction,txFee,txhash,txn_type,type,value
1,0x4e8ecf79ade5e2c49b9e30d795517a81e0bf00b8,1533377388,6088156.0,0xf39e044e1ab204460e06e87c6dca2c6319fc69e3,IN,3,0.00254767,0x4fe5bea27e9afc61034d1892e9d8564c7d977c5c3a4b328db431dd8bdaf9f847,external,0,0.033413927472232 Ether
1,0x4e8ecf79ade5e2c49b9e30d795517a81e0bf00b8,1533377988,6088195.0,0xf39e044e1ab204460e06e87c6dca2c6319fc69e3,IN,3,0.0014938,0x83991ccc0b1327643c819ee86bc650ad0bab2a1e679d2b43f7fc42faf1e579b0,external,0,0.035329286978821 Ether
