Class,address,age,block,creator,direction,inter_direction,txFee,txhash,txn_type,type,value
1,0x4e8ecf79ade5e2c49b9e30d795517a81e0bf00b8,1532759381,6045667.0,0xf39e044e1ab204460e06e87c6dca2c6319fc69e3,IN,3,0.0024921,0x08b300adf12fdd31c01c2d86b2d94e380c42be33ad0de20ee9909d8864b10ac0,external,0,0.01 Ether
1,0x4e8ecf79ade5e2c49b9e30d795517a81e0bf00b8,1532714522,6042611.0,0xf39e044e1ab204460e06e87c6dca2c6319fc69e3,IN,3,0.00036447,0x300ebc07d8a4a251b278b639c21bfc07f8a5ac152ab5667f6ac2052b8ca34c65,external,0,100 wei
1,0x4e8ecf79ade5e2c49b9e30d795517a81e0bf00b8,1532910449,6056207.0,0xf39e044e1ab204460e06e87c6dca2c6319fc69e3,IN,3,7.991e-05,0x9509ef3f9d216af255824cfa83a002e66ae195451ef0f0eee4e41828b79b7dfe,external,0,0 Ether
