Class,address,age,block,creator,direction,inter_direction,txFee,txhash,txn_type,type,value
1,0x4e8ecf79ade5e2c49b9e30d795517a81e0bf00b8,1535052793,6202841.0,0xf39e044e1ab204460e06e87c6dca2c6319fc69e3,IN,3,0.00042576,0x0d17407652a9c9db8d4ecab51d4f3c25497e258f5103f41637ad56c216568e42,external,0,0.0021 Ether
1,0x4e8ecf79ade5e2c49b9e30d795517a81e0bf00b8,1532711595,6042419.0,0xf39e044e1ab204460e06e87c6dca2c6319fc69e3,IN,3,0.02553507,0x9dc41ad547ae550fec0e541725eb2250956e10fe803697b88944fd47654a764c,external,0,1.59645211506704 Ether
