Class,address,age,block,creator,direction,inter_direction,txFee,txhash,txn_type,type,value
1,0x4e8ecf79ade5e2c49b9e30d795517a81e0bf00b8,1532716938,6042786.0,0xf39e044e1ab204460e06e87c6dca2c6319fc69e3,IN,3,0.00019763,0x19888480d8d436abee41a9894126d9e6c6396a849ec3f4feba5191a87b8047ae,external,0,11.537541154360877 Ether
1,0x4e8ecf79ade5e2c49b9e30d795517a81e0bf00b8,1532711253,6042393.0,0xf39e044e1ab204460e06e87c6dca2c6319fc69e3,IN,3,0.0343519,0x34d31eba9e3a6c8b6a41ef6b2eef03ca6a0540dce24c35c42e0911d70fff7f49,external,0,58.873411686689805 Ether
1,0x4e8ecf79ade5e2c49b9e30d795517a81e0bf00b8,1532716992,6042788.0,0xf39e044e1ab204460e06e87c6dca2c6319fc69e3,IN,3,0.0197632,0x986ba3a5e2591f1bb61cea19439bbd8083d0f583f440bb47b281aa50891d61ae,external,0,25.827905535227873 Ether
