Class,address,age,block,creator,direction,inter_direction,txFee,txhash,txn_type,type,value
1,0x4e8ecf79ade5e2c49b9e30d795517a81e0bf00b8,1534195189,6144131.0,0xf39e044e1ab204460e06e87c6dca2c6319fc69e3,IN,3,0.0003789,0x0907839b35d0a16bcb586aa0a70f84ec7d5aa775360af7547b035b26ec6064e0,external,0,0 Ether
1,0x4e8ecf79ade5e2c49b9e30d795517a81e0bf00b8,1532724402,6043289.0,0xf39e044e1ab204460e06e87c6dca2c6319fc69e3,IN,3,0.01917995,0x151a87bf6dfbb80816076905a8c8ea85bdc712019a305aab96308958c6731d3e,external,0,1.571497953113735 Ether
