Class,address,age,block,creator,direction,inter_direction,txFee,txhash,txn_type,type,value
1,0x4e8ecf79ade5e2c49b9e30d795517a81e0bf00b8,1533701545,6107394.0,0xf39e044e1ab204460e06e87c6dca2c6319fc69e3,IN,3,0.01814841,0x15d30f8d03eccab8bc8850b800d8d9a939f4a9e712a1a5ba4cd6c121b9773cda,external,0,0.029660620372951 Ether
1,0x4e8ecf79ade5e2c49b9e30d795517a81e0bf00b8,1534018930,6132123.0,0xf39e044e1ab204460e06e87c6dca2c6319fc69e3,IN,3,0.00173657,0x49b944911d58c9db2f75da3adc7e3a60d0fa900a3ea792a40747ea6197999613,external,0,0.008763128411111 Ether
1,0x4e8ecf79ade5e2c49b9e30d795517a81e0bf00b8,1533703427,6107530.0,0xf39e044e1ab204460e06e87c6dca2c6319fc69e3,IN,3,0.01272171,0x95aae518ac83172f428028d7604992606fab6b3c6acb0ba325d94c78489dde95,external,0,0.0066 Ether
