Class,address,age,block,creator,direction,inter_direction,txFee,txhash,txn_type,type,value
1,0x4e8ecf79ade5e2c49b9e30d795517a81e0bf00b8,1532711477,6042410.0,0xf39e044e1ab204460e06e87c6dca2c6319fc69e3,IN,3,0.0197632,0x186b78a3130afc6f6295b462a2dae5130e27a224a77295edbeecb74838238c07,external,0,1.428448194060121 Ether
1,0x4e8ecf79ade5e2c49b9e30d795517a81e0bf00b8,1532758918,6045638.0,0xf39e044e1ab204460e06e87c6dca2c6319fc69e3,IN,3,0.00101041,0x6133236f84b0aa21f09bb1c97702eea2554646aca2935752da322dc2614de4cc,external,0,0 Ether
