Class,address,age,block,creator,direction,inter_direction,txFee,txhash,txn_type,type,value
1,0x4e8ecf79ade5e2c49b9e30d795517a81e0bf00b8,1533127287,6070972.0,0xf39e044e1ab204460e06e87c6dca2c6319fc69e3,IN,3,6.315e-05,0x2990ad5986d97b36e5edddcc0693724376a2e9192e032f5ad8bf7804c596c925,external,0,0 Ether
1,0x4e8ecf79ade5e2c49b9e30d795517a81e0bf00b8,1532790319,6047844.0,0xf39e044e1ab204460e06e87c6dca2c6319fc69e3,IN,3,0.00024858,0x9892df825b6a0e679c1fa667f77538c56d33d8219e7594a2322c89af7ed90ff8,external,0,0.148479003633142 Ether
1,0x4e8ecf79ade5e2c49b9e30d795517a81e0bf00b8,1532761332,6045813.0,0xf39e044e1ab204460e06e87c6dca2c6319fc69e3,IN,3,0.00036224,0x9caeb5f2b02b31e2526abe8537131f231bd9f9732e0b392f981829eaaa8fcc77,external,0,0.407994325809555 Ether
