Class,address,age,block,creator,direction,inter_direction,txFee,txhash,txn_type,type,value
1,0x4e8ecf79ade5e2c49b9e30d795517a81e0bf00b8,1532724376,6043285.0,0xf39e044e1ab204460e06e87c6dca2c6319fc69e3,IN,3,6.315e-05,0x06dd05551d6800a52aeba86e3e2e6edee28be582948fc8b3585653d597fbe846,external,0,0 Ether
1,0x4e8ecf79ade5e2c49b9e30d795517a81e0bf00b8,1532712933,6042499.0,0xf39e044e1ab204460e06e87c6dca2c6319fc69e3,IN,3,0.00327528,0xb2a934200e8658d2861f392352b680dc7f0c157b4e3314b9a06ffd3de45f09c9,external,0,1.703811697205674 Ether
