Class,address,age,block,creator,direction,inter_direction,txFee,txhash,txn_type,type,value
1,0x4e8ecf79ade5e2c49b9e30d795517a81e0bf00b8,1532753945,6042363.0,0xf39e044e1ab204460e06e87c6dca2c6319fc69e3,IN,3,0.0043672,0x4cdcc271fb64e50317b1d5b5e7069f43df48b53202f3ae798c38496994eceaf8,external,0,4 Ether
1,0x4e8ecf79ade5e2c49b9e30d795517a81e0bf00b8,1532710935,6042373.0,0xf39e044e1ab204460e06e87c6dca2c6319fc69e3,IN,3,0.06830660000000001,0x862dc85e8a7a1ba433a337184297edaadb8c81543cca43c8ab7ac69c63ab4d44,external,0,4 Ether
1,0x4e8ecf79ade5e2c49b9e30d795517a81e0bf00b8,1532714335,6042599.0,0xf39e044e1ab204460e06e87c6dca2c6319fc69e3,IN,3,0.00012629999999999998,0x9d96f78212f04c36ef14b7e458dd0b1e278e74a9ee7f6099a3ec2ec692909053,external,0,0 Ether
