Class,address,age,block,creator,direction,inter_direction,txFee,txhash,txn_type,type,value
1,0x4e8ecf79ade5e2c49b9e30d795517a81e0bf00b8,1534403936,6158478.0,0xf39e044e1ab204460e06e87c6dca2c6319fc69e3,IN,3,0.00111564,0x036006cd93e631be3fedab32e71a30529ce4bcce5600f20ff60464872d6b63e7,external,0,0.0001 Ether
1,0x4e8ecf79ade5e2c49b9e30d795517a81e0bf00b8,1534478544,6160675.0,0xf39e044e1ab204460e06e87c6dca2c6319fc69e3,IN,3,0.00020223,0x0fe8e2ab01858fedc6c14b345576c30398eaa7265b75f342c8acc4d46516dbe1,external,0,0 Ether
1,0x4e8ecf79ade5e2c49b9e30d795517a81e0bf00b8,1534404225,6158499.0,0xf39e044e1ab204460e06e87c6dca2c6319fc69e3,IN,3,0.00102104,0x18a02d399fb7d76da84eeb2454b9166ccc00472ce2536c7ab41e9c78a4d8a465,external,0,0.0002 Ether
1,0x4e8ecf79ade5e2c49b9e30d795517a81e0bf00b8,1534363797,6155720.0,0xf39e044e1ab204460e06e87c6dca2c6319fc69e3,IN,3,0.00207981,0x1ed95ff0e7898cdf1d2bb7e654b05b6a82f5c43bad1e83bb1538b57226990d37,external,0,0.0231 Ether
1,0x4e8ecf79ade5e2c49b9e30d795517a81e0bf00b8,1534433787,6160550.0,0xf39e044e1ab204460e06e87c6dca2c6319fc69e3,IN,3,0.00198244,0x667a5f381d1ce2e6605f1de973fe4c74eac00edc889187600e8855f332e6611d,external,0,0 Ether
1,0x4e8ecf79ade5e2c49b9e30d795517a81e0bf00b8,1542751958,6744012.0,0xf39e044e1ab204460e06e87c6dca2c6319fc69e3,IN,3,0.00148884,0x7bddbf70e3dce5322a44d387e8baf073ee8d27c58b69fff2381b8761a3076a57,external,0,0.0015 Ether
1,0x4e8ecf79ade5e2c49b9e30d795517a81e0bf00b8,1538514507,6443832.0,0xf39e044e1ab204460e06e87c6dca2c6319fc69e3,IN,3,0.00020864,0x8ac88c1186a116b3788f9131bdc9f1259f9a8607eecec7cda35c79f81f1a20a2,external,0,0 Ether
