Class,address,age,block,creator,direction,inter_direction,txFee,txhash,txn_type,type,value
1,0x4e8ecf79ade5e2c49b9e30d795517a81e0bf00b8,1534393731,6154836.0,0xf39e044e1ab204460e06e87c6dca2c6319fc69e3,IN,3,0.0013245,0x715d871023f5baadae7fe14ea1e31124da22299863408e91a594e9deab526b8c,external,0,0.000107625 Ether
1,0x4e8ecf79ade5e2c49b9e30d795517a81e0bf00b8,1534909142,6193101.0,0xf39e044e1ab204460e06e87c6dca2c6319fc69e3,IN,3,0.00023974,0xb1159aecb51a090c0a96f5c5903ed5ea02b8fd3da7fa046ff20b259c11cde7bc,external,0,0 Ether
