Class,address,age,block,creator,direction,inter_direction,txFee,txhash,txn_type,type,value
1,0x4e8ecf79ade5e2c49b9e30d795517a81e0bf00b8,1532740371,6044403.0,0xf39e044e1ab204460e06e87c6dca2c6319fc69e3,IN,3,0.00033135,0x4656ebbc07c1e1db9e76c60b0b27e598cd127249fbaf6dfec327efee452e0381,external,0,0.212693406391151 Ether
1,0x4e8ecf79ade5e2c49b9e30d795517a81e0bf00b8,1533334398,6085196.0,0xf39e044e1ab204460e06e87c6dca2c6319fc69e3,IN,3,0.00044696,0x663b606c3f184a1ee44e161d3c43cc2be1d9c7db4cab1e8f3caf79b5515d8709,external,0,0.030575211897699 Ether
1,0x4e8ecf79ade5e2c49b9e30d795517a81e0bf00b8,1534542533,6167904.0,0xf39e044e1ab204460e06e87c6dca2c6319fc69e3,IN,3,5.8399999999999997e-05,0xae7c540290c0d010c33034851e3f0e9442dc308ecd638679ecd7f5b7aed7ee90,external,0,0 Ether
