Class,address,age,block,creator,direction,inter_direction,txFee,txhash,txn_type,type,value
1,0x4e8ecf79ade5e2c49b9e30d795517a81e0bf00b8,1532739592,6044353.0,0xf39e044e1ab204460e06e87c6dca2c6319fc69e3,IN,3,0.00063151,0x0884aa16758b675a89e39f2a704057df123ea8c19dab6c27c1715e3d5c624a18,external,0,0 Ether
1,0x4e8ecf79ade5e2c49b9e30d795517a81e0bf00b8,1532729241,6043605.0,0xf39e044e1ab204460e06e87c6dca2c6319fc69e3,IN,3,0.00035592,0xa1779590203bd519d750e4876c009601f0ed1d9a51ad421d85b9ae0c8fc456d4,external,0,15 Ether
