Class,address,age,block,creator,direction,inter_direction,txFee,txhash,txn_type,type,value
1,0x4e8ecf79ade5e2c49b9e30d795517a81e0bf00b8,1532712015,6042445.0,0xf39e044e1ab204460e06e87c6dca2c6319fc69e3,IN,3,0.0166004,0x34c3b7f5a331c62dd99e4baff8afdaca8e4eb7d1903ccc912eb419c2f3fdab4c,external,0,0.910901551316043 Ether
