Class,address,age,block,creator,direction,inter_direction,txFee,txhash,txn_type,type,value
1,0x4e8ecf79ade5e2c49b9e30d795517a81e0bf00b8,1532712108,6042453.0,0xf39e044e1ab204460e06e87c6dca2c6319fc69e3,IN,3,0.01150192,0x81ceb113c9b31a1bf5bc221594da57e6eb74e6ab2f16ec7822f602a187455538,external,0,0.3 Ether
1,0x4e8ecf79ade5e2c49b9e30d795517a81e0bf00b8,1532744220,6044653.0,0xf39e044e1ab204460e06e87c6dca2c6319fc69e3,IN,3,0.00012629999999999998,0xabee80959ffc163c3d2d99c6f82d99bac6cb627e621711a112a9dc05d7e90d09,external,0,0 Ether
