Class,address,age,block,creator,direction,inter_direction,txFee,txhash,txn_type,type,value
1,0x4e8ecf79ade5e2c49b9e30d795517a81e0bf00b8,1533452496,6093299.0,0xf39e044e1ab204460e06e87c6dca2c6319fc69e3,IN,3,0.00041035,0x0e3cf0b34fae5a551e582543d2c2681be21c1a287d1cf06b4c675007da077564,external,0,0.051413497692143 Ether
1,0x4e8ecf79ade5e2c49b9e30d795517a81e0bf00b8,1533366809,6087466.0,0xf39e044e1ab204460e06e87c6dca2c6319fc69e3,IN,3,4.815e-05,0x140a7753dd04124113db9ddda9399955b1291be0bf5123e12ddf367f7b6f82fa,external,0,0 Ether
1,0x4e8ecf79ade5e2c49b9e30d795517a81e0bf00b8,1533333466,6085130.0,0xf39e044e1ab204460e06e87c6dca2c6319fc69e3,IN,3,0.00067859,0x2324c6a26c619e6ad39f22654c4fb19f32088b88c4196d0bb99c766bdc222b0a,external,0,0.037961906273244 Ether
1,0x4e8ecf79ade5e2c49b9e30d795517a81e0bf00b8,1533341364,6085671.0,0xf39e044e1ab204460e06e87c6dca2c6319fc69e3,IN,3,0.00050137,0x4bbd52563a835d9e0758d11239bd9034414cbfce829e6c518f1f46f0204a3e50,external,0,0.023254300587996 Ether
1,0x4e8ecf79ade5e2c49b9e30d795517a81e0bf00b8,1533477913,6095062.0,0xf39e044e1ab204460e06e87c6dca2c6319fc69e3,IN,3,0.00029728,0x7bdf3ec5252cfdbde46cc9d9ccd7c97d00126426a51a0c95113086f8d38e591b,external,0,0.021795278870157 Ether
1,0x4e8ecf79ade5e2c49b9e30d795517a81e0bf00b8,1533726409,6112106.0,0xf39e044e1ab204460e06e87c6dca2c6319fc69e3,IN,3,0.003,0x8a1ef2860f8277829eb9b242a300d94edd3ad312e92c649b1bdc5498118177bd,external,0,0.00110948100502 Ether
1,0x4e8ecf79ade5e2c49b9e30d795517a81e0bf00b8,1534486440,6164120.0,0xf39e044e1ab204460e06e87c6dca2c6319fc69e3,IN,3,0.00048437,0x8fa56788286eaa67389800407fdeff9cc892dc96d5ece32a012486f35008ba00,external,0,0 Ether
1,0x4e8ecf79ade5e2c49b9e30d795517a81e0bf00b8,1533341400,6085676.0,0xf39e044e1ab204460e06e87c6dca2c6319fc69e3,IN,3,0.00037421,0xa1b27aa63d3292b71317bc785e5e82bdd79f12d90af986aa3ec153b26c65c868,external,0,0.02453250478768 Ether
