Class,address,age,block,creator,direction,inter_direction,txFee,txhash,txn_type,type,value
1,0x4e8ecf79ade5e2c49b9e30d795517a81e0bf00b8,1532712780,6042487.0,0xf39e044e1ab204460e06e87c6dca2c6319fc69e3,IN,3,0.00803853,0x14ab30271f65f607040a1a1554ffcca7a49fe6b3b3c18bff8eacf23e6d0c1466,external,0,0.01 Ether
1,0x4e8ecf79ade5e2c49b9e30d795517a81e0bf00b8,1532791476,6047923.0,0xf39e044e1ab204460e06e87c6dca2c6319fc69e3,IN,3,4.815e-05,0x3d3f90dfcddffc2bab4921f29c71d33acb8a859dabbc46ddf7b85f1b0a70ccc0,external,0,0 Ether
1,0x4e8ecf79ade5e2c49b9e30d795517a81e0bf00b8,1532762544,6045890.0,0xf39e044e1ab204460e06e87c6dca2c6319fc69e3,IN,3,0.00027184,0x5ec60df50b7deabb83063bb8b4b64227754e1a35f037c55e841c8895a091b1f7,external,0,0 Ether
1,0x4e8ecf79ade5e2c49b9e30d795517a81e0bf00b8,1532762499,6045886.0,0xf39e044e1ab204460e06e87c6dca2c6319fc69e3,IN,3,0.00169345,0x9a3f073ea88c82f2cd25324529c8d4056352f01786b2c4ecc35708c815c6379b,external,0,0.208656685887352 Ether
1,0x4e8ecf79ade5e2c49b9e30d795517a81e0bf00b8,1532759381,6045667.0,0xf39e044e1ab204460e06e87c6dca2c6319fc69e3,IN,3,0.00190691,0xa84dcdfbc2866fc6477f377436d8b1ace6ac89264f6f6be254b1313afcae92f2,external,0,0.1 Ether
