Class,address,age,block,creator,direction,inter_direction,txFee,txhash,txn_type,type,value
1,0x4e8ecf79ade5e2c49b9e30d795517a81e0bf00b8,1532893012,6054992.0,0xf39e044e1ab204460e06e87c6dca2c6319fc69e3,IN,3,0.0328227,0x52ce1e7d0445da102a1c6c22c67a0af36d49985924a75b3b3e24e602452c9941,external,0,0.9 Ether
1,0x4e8ecf79ade5e2c49b9e30d795517a81e0bf00b8,1533064507,6066787.0,0xf39e044e1ab204460e06e87c6dca2c6319fc69e3,IN,3,0.0250427,0x739350ce197474a4824ad1ce08abb69deac8c9871c21042700ebe324cfb23193,external,0,1.38 Ether
1,0x4e8ecf79ade5e2c49b9e30d795517a81e0bf00b8,1532969420,6057289.0,0xf39e044e1ab204460e06e87c6dca2c6319fc69e3,IN,3,7.991e-05,0x99e91cf3679997de2482499eb0939a747bbbab0b4d51f612534619cfae64e561,external,0,0 Ether
