Class,address,age,block,creator,direction,inter_direction,txFee,txhash,txn_type,type,value
1,0x4e8ecf79ade5e2c49b9e30d795517a81e0bf00b8,1533937975,6126632.0,0xf39e044e1ab204460e06e87c6dca2c6319fc69e3,IN,3,0.01111612,0x7385d2e7fc1d51decaf6f8d6c942ec3472be7bcbfa9a4da498b57c28bbdb1d0c,external,0,0.057090402336792 Ether
1,0x4e8ecf79ade5e2c49b9e30d795517a81e0bf00b8,1533940570,6126815.0,0xf39e044e1ab204460e06e87c6dca2c6319fc69e3,IN,3,0.00048151,0x981565c201cb85fd1ead4debe510f73e31127ab3d9c75ae0ce946d010d820a2b,external,0,0 Ether
