Class,address,age,block,creator,direction,inter_direction,txFee,txhash,txn_type,type,value
1,0x4e8ecf79ade5e2c49b9e30d795517a81e0bf00b8,1532773448,6046647.0,0xf39e044e1ab204460e06e87c6dca2c6319fc69e3,IN,3,0.00189453,0x1d75eea5d3270d54e5e4a7d9f58e7fbe80e008ce81050cfb1cbdafb042eeb623,external,0,0 Ether
1,0x4e8ecf79ade5e2c49b9e30d795517a81e0bf00b8,1532711362,6042402.0,0xf39e044e1ab204460e06e87c6dca2c6319fc69e3,IN,3,0.034524300000000015,0x347060df4cc3442a08f9a4ae33676935a87d0160713f595fabcfebfb586fc41e,external,0,8.342683509287695 Ether
