Class,address,age,block,creator,direction,inter_direction,txFee,txhash,txn_type,type,value
1,0x4e8ecf79ade5e2c49b9e30d795517a81e0bf00b8,1532723327,6043218.0,0xf39e044e1ab204460e06e87c6dca2c6319fc69e3,IN,3,0.00012629999999999998,0x22b123abb5d6f32e54493bfe2425edc45cd5494bf0854ebe1418f0b6878ed861,external,0,0 Ether
1,0x4e8ecf79ade5e2c49b9e30d795517a81e0bf00b8,1532711251,6042392.0,0xf39e044e1ab204460e06e87c6dca2c6319fc69e3,IN,3,0.028710000000000006,0x8ab9c12a1e3048a60b95760dbe5404207fc2c52b24e2c13ce34ac03dac2b79a8,external,0,1.111338909169539 Ether
1,0x4e8ecf79ade5e2c49b9e30d795517a81e0bf00b8,1532716413,6042747.0,0xf39e044e1ab204460e06e87c6dca2c6319fc69e3,IN,3,6.315e-05,0x93756bb56163f6efa4b7f89754f1f96bfa1d61a127c6197130c3633e318eab6e,external,0,0 Ether
