Class,address,age,block,creator,direction,inter_direction,txFee,txhash,txn_type,type,value
1,0x4e8ecf79ade5e2c49b9e30d795517a81e0bf00b8,1535101735,6206216.0,0xf39e044e1ab204460e06e87c6dca2c6319fc69e3,IN,3,0.00018574,0x2b063dec5a088a08f786c0cdd0d90bf1c2828d3abac892dc675f703bc62e6d10,external,0,0 Ether
1,0x4e8ecf79ade5e2c49b9e30d795517a81e0bf00b8,1532711317,6042399.0,0xf39e044e1ab204460e06e87c6dca2c6319fc69e3,IN,3,0.036717900000000005,0x39cbe083c0bfe353af3bf3f9fec84c50be4ed65ebc7e9247221c42403241c888,external,0,0.948296375672902 Ether
1,0x4e8ecf79ade5e2c49b9e30d795517a81e0bf00b8,1533211880,6076765.0,0xf39e044e1ab204460e06e87c6dca2c6319fc69e3,IN,3,9.63e-05,0x518f25ee774e67032b88764c0cb29f954178b37d09a67cf0cb0451eb8bb8bbcc,external,0,0 Ether
1,0x4e8ecf79ade5e2c49b9e30d795517a81e0bf00b8,1544732836,6883019.0,0xf39e044e1ab204460e06e87c6dca2c6319fc69e3,IN,3,0.00090166,0x77fe8d3c2d6b4a721c5d87b3509aad27c183009e310d8cd1b6252500c0ab3ea1,external,0,0 Ether
1,0x4e8ecf79ade5e2c49b9e30d795517a81e0bf00b8,1535599917,6240385.0,0xf39e044e1ab204460e06e87c6dca2c6319fc69e3,IN,3,0.00108011,0xae057a9e990bfdb47a0d1b37f5c7b33b5843b0883f783af13f19a02e9365398b,external,0,0 Ether
