Class,address,age,block,creator,direction,inter_direction,txFee,txhash,txn_type,type,value
1,0x4e8ecf79ade5e2c49b9e30d795517a81e0bf00b8,1532739446,6044346.0,0xf39e044e1ab204460e06e87c6dca2c6319fc69e3,IN,3,0.0003789,0x0b86c0113f51ccd2f797880c58ff33df5f513edf156073b46af15c818521fc96,external,0,0 Ether
1,0x4e8ecf79ade5e2c49b9e30d795517a81e0bf00b8,1532753978,6042365.0,0xf39e044e1ab204460e06e87c6dca2c6319fc69e3,IN,3,0.64665851,0x32b90a8c9cea914305c7f86ad9e949905753aa16b673930ed8ae4190a2cde3a6,external,0,11 Ether
1,0x4e8ecf79ade5e2c49b9e30d795517a81e0bf00b8,1532729770,6043644.0,0xf39e044e1ab204460e06e87c6dca2c6319fc69e3,IN,3,0.00119164,0x4ed0a612f709d16c0e2b13e33b96622484b31df5ec10b720133727a218cb467f,external,0,0.421477278149412 Ether
1,0x4e8ecf79ade5e2c49b9e30d795517a81e0bf00b8,1532733313,6043900.0,0xf39e044e1ab204460e06e87c6dca2c6319fc69e3,IN,3,0.0002889,0x7324a1feaf455e157b5d11e3f3bda5682df66b5ef0a7fea574cbc7e5669a73f0,external,0,0 Ether
1,0x4e8ecf79ade5e2c49b9e30d795517a81e0bf00b8,1532712460,6042472.0,0xf39e044e1ab204460e06e87c6dca2c6319fc69e3,IN,3,0.00167821,0x926d16f4c1ea076deb326ecff8aa700af1bb039f160cc335290e3323e1e37af3,external,0,0 Ether
1,0x4e8ecf79ade5e2c49b9e30d795517a81e0bf00b8,1532729759,6043642.0,0xf39e044e1ab204460e06e87c6dca2c6319fc69e3,IN,3,0.01451758,0x9c6dac4460e4199c453bbc00d606fc73582c2da2424644f8c8b9754e53095302,external,0,12.085632947126059 Ether
