Class,address,age,block,creator,direction,inter_direction,txFee,txhash,txn_type,type,value
1,0x4e8ecf79ade5e2c49b9e30d795517a81e0bf00b8,1535112444,6206965.0,0xf39e044e1ab204460e06e87c6dca2c6319fc69e3,IN,3,0.00111322,0x48e5da71eecdf391d4b2588f13ba50d084897f310bb58c0923853e45f542d40a,external,0,0.2 Ether
1,0x4e8ecf79ade5e2c49b9e30d795517a81e0bf00b8,1535113414,6207030.0,0xf39e044e1ab204460e06e87c6dca2c6319fc69e3,IN,3,0.00070419,0x58774d8e851f42f5c1a08e8e2084490a4a9bf69ba9ddf42b9b17da9ae98a1ee0,external,0,0.009555154414091 Ether
1,0x4e8ecf79ade5e2c49b9e30d795517a81e0bf00b8,1535109768,6206782.0,0xf39e044e1ab204460e06e87c6dca2c6319fc69e3,IN,3,0.00222528,0x66b7e2c3951303db374106b03d07c3f349cd01fb8834df7b377adb0bd1a11920,external,0,0 Ether
1,0x4e8ecf79ade5e2c49b9e30d795517a81e0bf00b8,1534337087,6153911.0,0xf39e044e1ab204460e06e87c6dca2c6319fc69e3,IN,3,0.00102668,0x759eac14eabd6f1faa7ba815d8412ad46056cae060a75f1ef74a6bdd874f80eb,external,0,0.1 Ether
1,0x4e8ecf79ade5e2c49b9e30d795517a81e0bf00b8,1535110563,6206845.0,0xf39e044e1ab204460e06e87c6dca2c6319fc69e3,IN,3,0.00115359,0x82fd0e0bfffec2b4d73b25da84aafe9ef5f21806b16f0affcfe6cddc52b2ac02,external,0,0.006535302630766 Ether
1,0x4e8ecf79ade5e2c49b9e30d795517a81e0bf00b8,1534737190,6181222.0,0xf39e044e1ab204460e06e87c6dca2c6319fc69e3,IN,3,0.00035092,0x8b955f67ae9aef20deab69e11f713e572aa00b5d5034ca185f738d49a142349f,external,0,0.004956506007486 Ether
1,0x4e8ecf79ade5e2c49b9e30d795517a81e0bf00b8,1535109768,6206782.0,0xf39e044e1ab204460e06e87c6dca2c6319fc69e3,IN,3,0.00014445,0x8ebca09a583f0cdfe6bb494f1ce3661d3da51b4b5f7cf1cfc27655c94fcadf16,external,0,0 Ether
1,0x4e8ecf79ade5e2c49b9e30d795517a81e0bf00b8,1535110222,6206820.0,0xf39e044e1ab204460e06e87c6dca2c6319fc69e3,IN,3,0.00115359,0x93392e33a2e7765a7134eb2793ca7685213472965d1564756a9959ee71fc1a76,external,0,0.005718315162852 Ether
