Class,address,age,block,creator,direction,inter_direction,txFee,txhash,txn_type,type,value
1,0x72ee07223ad92dfd9e37ce03ad795b1aeddd28b4,1535933557,6263317.0,0xaf9c025ce6322a23ac00301c714f4f42895c9818,OUT,2,0.0,0x57bd203fea2b75e05688c73df2c55171539c1ac8fa804eb258a38b83f8bac425,internal,call,0.179336085540997 Ether
1,0x72ee07223ad92dfd9e37ce03ad795b1aeddd28b4,1535933495,6263314.0,0xaf9c025ce6322a23ac00301c714f4f42895c9818,OUT,2,0.0,0x8c47fd3a496241e9a3dbf74975673393283bb9bc33645235a89047f59971e85f,internal,call,0.00202667935152 Ether
1,0x72ee07223ad92dfd9e37ce03ad795b1aeddd28b4,1535894438,6260632.0,0xaf9c025ce6322a23ac00301c714f4f42895c9818,OUT,2,0.0,0x5ed1f32aa6fb096debf260f915dd4c10d6d943eb56fb7d071e43a4e64688591d,internal,call,0.008288696679599 Ether
