Class,address,age,block,creator,direction,inter_direction,txFee,txhash,txn_type,type,value
1,0x702392282255f8c0993dbbbb148d80d2ef6795b1,1523056311,5395781.0,0xfea0904acc8df0f3288b6583f60b86c36ea52acd,OUT,2,0.0,0xc4ee90254d60bf9d4a704c0ad8965a69ab306b03b76250dc3eec0b452242dd11,internal,call,1.049440675634893 Ether
1,0x702392282255f8c0993dbbbb148d80d2ef6795b1,1523558176,5430702.0,0xfea0904acc8df0f3288b6583f60b86c36ea52acd,OUT,2,0.0,0x72d345fca4a1abfcc13a1c4b248c8a250d9cb330d5cce40e287a66032379c3bd,internal,call,2.00258339849328 Ether
