Class,address,age,block,creator,direction,inter_direction,txFee,txhash,txn_type,type,value
0,0x514910771af9ca656af840dff83e8264ecf986ca,1539637034,6523866.0,0xf55037738604fddfc4043d12f25124e94d7d1780,IN,3,0.00151966,0x1dc40485f55251c3180fe1318fd78774d3a4f5e78130b384e1dbb007897e9c46,external,0,0 Ether
0,0x514910771af9ca656af840dff83e8264ecf986ca,1527047247,5662867.0,0xf55037738604fddfc4043d12f25124e94d7d1780,IN,3,0.00212941,0x6eee8fcf677bc76efc21be3d0b3599965391009baed88f44abb58e3a1fcc49d6,external,0,0 Ether
0,0x514910771af9ca656af840dff83e8264ecf986ca,1527047490,5662881.0,0xf55037738604fddfc4043d12f25124e94d7d1780,IN,3,0.00151704,0x79f7f2394f15f33b39fd0f873270323d3fdd27fda52f2b7394634022fd12a20b,external,0,0 Ether
0,0x514910771af9ca656af840dff83e8264ecf986ca,1539636876,6523854.0,0xf55037738604fddfc4043d12f25124e94d7d1780,IN,3,0.00151966,0x9d3bf9aae2856bd09d95cde6f144411c272a83e3903fdd275d71215ebb71ed2c,external,0,0 Ether
