Class,address,age,block,creator,direction,inter_direction,txFee,txhash,txn_type,type,value
0,0x514910771af9ca656af840dff83e8264ecf986ca,1516446591,4942182.0,0xf55037738604fddfc4043d12f25124e94d7d1780,IN,3,0.004413,0x0ad3fdd8d6644bf1ab38f0f20d0e2bafed0376d1d9bb77757d300ec3e9bce2c8,external,0,0 Ether
0,0x514910771af9ca656af840dff83e8264ecf986ca,1516751526,4962931.0,0xf55037738604fddfc4043d12f25124e94d7d1780,IN,3,0.00070166,0x3ab490ac2040d937a481e2e7750a922486ac09d5d97b169d0dda61736e3b38cd,external,0,0 Ether
0,0x514910771af9ca656af840dff83e8264ecf986ca,1512804107,4703162.0,0xf55037738604fddfc4043d12f25124e94d7d1780,IN,3,0.00121357,0x62ba9f2e554eb50c71dcf46b2b6b460487b16044b3fe61bc3d9c2aa8a0922bc1,external,0,0 Ether
0,0x514910771af9ca656af840dff83e8264ecf986ca,1518552143,5086679.0,0xf55037738604fddfc4043d12f25124e94d7d1780,IN,3,0.0004413000000000001,0x7e6b8da49fb4f68ebe79a9721afe2b2f5fddafdf0d816976cd634940dc04bab9,external,0,0 Ether
