Class,address,age,block,creator,direction,inter_direction,txFee,txhash,txn_type,type,value
0,0x51db5ad35c671a87207d88fc11d593ac0c8415bd,1506363582,4312032.0,0x2f37be861699b6127881693010596b4bdd146f5e,IN,3,0.005231399999999999,0x3587af850d4fec322d61f4d7cb6e0445da1167caa3fdf96ac10e2400493f3198,external,0,0 Ether
0,0x51db5ad35c671a87207d88fc11d593ac0c8415bd,1505802375,4291371.0,0x2f37be861699b6127881693010596b4bdd146f5e,IN,3,0.00266801,0x4f17a66a18add37b6f2782285556bd74fd2d4e8700760dcb4a879e83eb9a29aa,external,0,0 Ether
