Class,address,age,block,creator,direction,inter_direction,txFee,txhash,txn_type,type,value
0,0x514910771af9ca656af840dff83e8264ecf986ca,1511592452,4619950.0,0xf55037738604fddfc4043d12f25124e94d7d1780,IN,3,0.00018354,0x3c0841bc5c24bef5b25fd1788d1327bb9040ae5c59dd500d099552db9bed57cb,external,0,0 Ether
0,0x514910771af9ca656af840dff83e8264ecf986ca,1511592828,4619985.0,0xf55037738604fddfc4043d12f25124e94d7d1780,IN,3,0.00018354,0x454bf63ab9f18bf60d0792b83dd8a61c853428f352e9d64f156c4c3b219be85e,external,0,0 Ether
