Class,address,age,block,creator,direction,inter_direction,txFee,txhash,txn_type,type,value
0,0x514910771af9ca656af840dff83e8264ecf986ca,1519023730,5119213.0,0xf55037738604fddfc4043d12f25124e94d7d1780,IN,3,0.0004413000000000001,0x1ac36ce221e58e5985e19d69d828510f44f0820cd1813d63dc483a15ea383a07,external,0,0 Ether
0,0x514910771af9ca656af840dff83e8264ecf986ca,1522027328,5324411.0,0xf55037738604fddfc4043d12f25124e94d7d1780,IN,3,0.00011032,0x1b2179643ef31e0b51d27d5dc6c39eb9c527cc18314217d6a1d956b19694f98b,external,0,0 Ether
0,0x514910771af9ca656af840dff83e8264ecf986ca,1546464708,7001718.0,0xf55037738604fddfc4043d12f25124e94d7d1780,IN,3,0.0004413000000000001,0x8893da8da91527fe448531b2a40d6b7071c6f124eb3c7a95e0b1bf22ad3246e7,external,0,0 Ether
