Class,address,age,block,creator,direction,inter_direction,txFee,txhash,txn_type,type,value
1,0x536a6ba0d913d5d6a4ce2c6eb7ed0de3c0f0b89e,1537793140,6392832.0,0xb648cc3367571c9166e966d1eb97de3f9ebfb8fd,IN,3,0.00068254,0x15474831c699a13b6c77e60ba2fe20a6fa6eee438347e086ec95f169408aaa8b,external,0,0.0185 Ether
1,0x536a6ba0d913d5d6a4ce2c6eb7ed0de3c0f0b89e,1537516657,6373337.0,0xb648cc3367571c9166e966d1eb97de3f9ebfb8fd,IN,3,0.00035599,0x25e8dfadd4327d75743a76182f4653842577c0fa69ecff3d2b24f01b6bd44928,external,0,0.022 Ether
1,0x536a6ba0d913d5d6a4ce2c6eb7ed0de3c0f0b89e,1537197416,6351094.0,0xb648cc3367571c9166e966d1eb97de3f9ebfb8fd,IN,3,0.00029666,0x271130c1cb6092e3b64eda03dcbecd30d96d6960a384088304c9e13bbe481ebe,external,0,0.019 Ether
1,0x536a6ba0d913d5d6a4ce2c6eb7ed0de3c0f0b89e,1537507566,6372709.0,0xb648cc3367571c9166e966d1eb97de3f9ebfb8fd,IN,3,0.00023279,0x2c81258381e07b30203283475982c3a9517398736f5768d9bf149a6ea372f182,external,0,0 Ether
1,0x536a6ba0d913d5d6a4ce2c6eb7ed0de3c0f0b89e,1537406869,6365735.0,0xb648cc3367571c9166e966d1eb97de3f9ebfb8fd,IN,3,0.00023279,0x4c822c9003a86119fe5c0eb4111d7fe43d77e53441c914672a8797db9b69f529,external,0,0 Ether
1,0x536a6ba0d913d5d6a4ce2c6eb7ed0de3c0f0b89e,1537603972,6379516.0,0xb648cc3367571c9166e966d1eb97de3f9ebfb8fd,IN,3,0.00017459,0x69104a669a7446439e1660c4883c5ae8647d35752907f345aa89038c351d121a,external,0,0 Ether
1,0x536a6ba0d913d5d6a4ce2c6eb7ed0de3c0f0b89e,1537939166,6403188.0,0xb648cc3367571c9166e966d1eb97de3f9ebfb8fd,IN,3,0.00031815,0x692d08cabaf2c522f53e346ceeea5cca7e21abdaefc7bac54c321b61057324cd,external,0,0 Ether
1,0x536a6ba0d913d5d6a4ce2c6eb7ed0de3c0f0b89e,1537706260,6386732.0,0xb648cc3367571c9166e966d1eb97de3f9ebfb8fd,IN,3,0.00017847,0x6cf237d62a369e1bbbfff48e50f63f99c122b2c6d9b5bb3e4d7f5a646bee2e89,external,0,0 Ether
1,0x536a6ba0d913d5d6a4ce2c6eb7ed0de3c0f0b89e,1537110047,6344964.0,0xb648cc3367571c9166e966d1eb97de3f9ebfb8fd,IN,3,0.00053549,0x934a3659c8e4f54344775584a0580cf87630a901736c41f86a184c8cd315c37e,external,0,0.45 Ether
