Class,address,age,block,creator,direction,inter_direction,txFee,txhash,txn_type,type,value
1,0x536a6ba0d913d5d6a4ce2c6eb7ed0de3c0f0b89e,1537812829,6394227.0,0xb648cc3367571c9166e966d1eb97de3f9ebfb8fd,IN,3,0.00159075,0x2fc9a0c73dec4e24e2cf7f57e0bc1a58535ed2c3046b0caecce07419e88a3819,external,0,0 Ether
1,0x536a6ba0d913d5d6a4ce2c6eb7ed0de3c0f0b89e,1537630933,6381433.0,0xb648cc3367571c9166e966d1eb97de3f9ebfb8fd,IN,3,0.0036592,0x40aabc5e56efa00a1a3cb30cbff1adea5717b4edd40b5bd197a7399ee93f69e5,external,0,0.3 Ether
