Class,address,age,block,creator,direction,inter_direction,txFee,txhash,txn_type,type,value
1,0x536a6ba0d913d5d6a4ce2c6eb7ed0de3c0f0b89e,1537223718,6352926.0,0xb648cc3367571c9166e966d1eb97de3f9ebfb8fd,IN,3,0.00053549,0x510a2c3d985d189c2eac65d9bb927a38b6f05fc74e1d37f5a5891153938bbce6,external,0,0.055 Ether
1,0x536a6ba0d913d5d6a4ce2c6eb7ed0de3c0f0b89e,1537765347,6390905.0,0xb648cc3367571c9166e966d1eb97de3f9ebfb8fd,IN,3,0.00023733,0x5b374ffae96a7b50c9d09084ad4f997655a3d39771db715cc8fc5939b0fc74c3,external,0,0.075 Ether
1,0x536a6ba0d913d5d6a4ce2c6eb7ed0de3c0f0b89e,1537941911,6403379.0,0xb648cc3367571c9166e966d1eb97de3f9ebfb8fd,IN,3,0.00018304,0x7b00278aa1d9f57ae1934525e156292e1006287a1158881577deb2bfb3c02559,external,0,0 Ether
1,0x536a6ba0d913d5d6a4ce2c6eb7ed0de3c0f0b89e,1537760614,6390565.0,0xb648cc3367571c9166e966d1eb97de3f9ebfb8fd,IN,3,0.00023279,0x90c464f9172e16d1eef52e970f7acc4366986cde2ed506bcab95ec3014e34021,external,0,0 Ether
1,0x536a6ba0d913d5d6a4ce2c6eb7ed0de3c0f0b89e,1537941885,6403375.0,0xb648cc3367571c9166e966d1eb97de3f9ebfb8fd,IN,3,0.00038799,0x916096f6ad0ae3531f66e69406d8548d125e8e2f7a91f4093f1f39aba3eae188,external,0,0 Ether
