Class,address,age,block,creator,direction,inter_direction,txFee,txhash,txn_type,type,value
0,0x55d34b686aa8c04921397c5807db9ecedba00a4c,1498021081,3905778.0,0x6b9ef02657339310e28a7a9d4b5f25f7c1f68d61,IN,3,0.0061514,0x02bc90cb5a5e179d37d01ee773ef1aa9501dd8043533b5970d2d7becb1313f12,external,0,1.3 Ether
0,0x55d34b686aa8c04921397c5807db9ecedba00a4c,1497995160,3906792.0,0x6b9ef02657339310e28a7a9d4b5f25f7c1f68d61,IN,3,0.00478615,0x0c335f4c00487566a62e074ab2773071753b3d43bd1e54d6f5cab982d46eb061,external,0,0.08 Ether
