Class,address,age,block,creator,direction,inter_direction,txFee,txhash,txn_type,type,value
0,0x55d34b686aa8c04921397c5807db9ecedba00a4c,1497988629,3906414.0,0x6b9ef02657339310e28a7a9d4b5f25f7c1f68d61,IN,3,0.00725645,0x015e53dc8d0a8d4510a283dc43fe3b3dfef04cf9d0a09a4d9f505d0ef4e47c6f,external,0,8 Ether
0,0x55d34b686aa8c04921397c5807db9ecedba00a4c,1498063491,3908190.0,0x6b9ef02657339310e28a7a9d4b5f25f7c1f68d61,IN,3,0.00895,0x5fe9af9d7998719a5adebdaf241f9eafa0ce03b3d2fb5b570ce349df9dc2468d,external,0,5 Ether
