Class,address,age,block,creator,direction,inter_direction,txFee,txhash,txn_type,type,value
0,0x55d34b686aa8c04921397c5807db9ecedba00a4c,1498013797,3907850.0,0x6b9ef02657339310e28a7a9d4b5f25f7c1f68d61,IN,3,0.00325055,0x45747c5f1e09b534da30064e707d2274f7611d31bbc8ff486d164f0c4077379c,external,0,0.31 Ether
0,0x55d34b686aa8c04921397c5807db9ecedba00a4c,1499115903,3971333.0,0x6b9ef02657339310e28a7a9d4b5f25f7c1f68d61,IN,3,0.0001008,0x7012900806cbf05d5ecb9c7f7f12628d7e1e736736f5bcc7ab7f6b42395258e0,external,0,0 Ether
