Class,address,age,block,creator,direction,inter_direction,txFee,txhash,txn_type,type,value
0,0x55d34b686aa8c04921397c5807db9ecedba00a4c,1498014050,3907863.0,0x6b9ef02657339310e28a7a9d4b5f25f7c1f68d61,IN,3,0.00250055,0x0d4df21d5376b995a8618fc5358931a36b24cfa20521366b2668d756342287f7,external,0,3.2 Ether
0,0x55d34b686aa8c04921397c5807db9ecedba00a4c,1498012204,3907754.0,0x6b9ef02657339310e28a7a9d4b5f25f7c1f68d61,IN,3,0.00668805,0x3cf56eaa2f04eee711b79098a5f63b0d4a4625bd964ef2bba3c94c8822d33dbd,external,0,6.2 Ether
0,0x55d34b686aa8c04921397c5807db9ecedba00a4c,1498012335,3907764.0,0x6b9ef02657339310e28a7a9d4b5f25f7c1f68d61,IN,3,0.00895,0x402f2ac25f054c4b9c4d4ea66dfa6a9c1cc15c667a04e911c61e79e6723d2b9d,external,0,7.6 Ether
0,0x55d34b686aa8c04921397c5807db9ecedba00a4c,1498014392,3907883.0,0x6b9ef02657339310e28a7a9d4b5f25f7c1f68d61,IN,3,0.00895,0x40e80857cad80823c00ce9827454395b5d3509ccc7a28d6506c859287043535e,external,0,3.6 Ether
0,0x55d34b686aa8c04921397c5807db9ecedba00a4c,1498013285,3907821.0,0x6b9ef02657339310e28a7a9d4b5f25f7c1f68d61,IN,3,0.00895,0x4250978d1127e702c1a9cc39f95c4ca7f27463c403827a86e7a894d07d3f546b,external,0,3.9 Ether
