Class,address,age,block,creator,direction,inter_direction,txFee,txhash,txn_type,type,value
0,0x55d34b686aa8c04921397c5807db9ecedba00a4c,1498003907,3907261.0,0x6b9ef02657339310e28a7a9d4b5f25f7c1f68d61,IN,3,0.00895,0x0aaca113ff3c996669856b5a9fc90ceae99e24a67c25bb476e8fed5129512f78,external,0,18.88 Ether
0,0x55d34b686aa8c04921397c5807db9ecedba00a4c,1498003763,3907256.0,0x6b9ef02657339310e28a7a9d4b5f25f7c1f68d61,IN,3,0.00654455,0x3181ab466ef4cebca71fec04e3a69c56abe78d15b051c7271dae94f1a98ea04a,external,0,11.97 Ether
0,0x55d34b686aa8c04921397c5807db9ecedba00a4c,1497951840,3904257.0,0x6b9ef02657339310e28a7a9d4b5f25f7c1f68d61,IN,3,0.02,0x80e9afbb9c791e41103bdbb17ebb021c105217933c57b9dfa52b4ca91e7d4204,external,0,10 Ether
