Class,address,age,block,creator,direction,inter_direction,txFee,txhash,txn_type,type,value
1,0x4e8ecf79ade5e2c49b9e30d795517a81e0bf00b8,1533901126,6124101.0,0xf39e044e1ab204460e06e87c6dca2c6319fc69e3,OUT,2,0.0,0x3d7be9dd4ae4d2702516b94dd671b5f9e50bcb21e0e9a9474cd36522835ceb2c,internal,call,0.038428840372677 Ether
1,0x4e8ecf79ade5e2c49b9e30d795517a81e0bf00b8,1533292378,6082240.0,0xf39e044e1ab204460e06e87c6dca2c6319fc69e3,OUT,2,0.0,0x0ddd3a3a37f8f68216d011caea8fd7e6fd930df4a06c7d51114c5b9f60fbb1f5,internal,call,0.098637859970916 Ether
1,0x4e8ecf79ade5e2c49b9e30d795517a81e0bf00b8,1533278942,0.0,0xf39e044e1ab204460e06e87c6dca2c6319fc69e3,OUT,2,0.0,0x0a863b14e9945da7894b2780df43a2de705c024b7cedeef1c559035b6007022e,internal,call,0.191954247245726 Ether
1,0x4e8ecf79ade5e2c49b9e30d795517a81e0bf00b8,1533235513,0.0,0xf39e044e1ab204460e06e87c6dca2c6319fc69e3,OUT,2,0.0,0xe12ef09bc34445bcacc996b8c9243a3a3b1a9d16fd47f70830e386079844d133,internal,call,0.301503465453042 Ether
1,0x4e8ecf79ade5e2c49b9e30d795517a81e0bf00b8,1533206861,6076416.0,0xf39e044e1ab204460e06e87c6dca2c6319fc69e3,OUT,2,0.0,0x81352e0da28a8e28631f994b204320008f757f89039daa92d87ccc6e0eaac836,internal,call,0.231336444955269 Ether
1,0x4e8ecf79ade5e2c49b9e30d795517a81e0bf00b8,1533480674,6095261.0,0xf39e044e1ab204460e06e87c6dca2c6319fc69e3,OUT,2,0.0,0x4b24bcb5f944e6cca3ad00c18e974ac16ccf35b8bfc02bf62a13bf8239b5af22,internal,call,0.206929900660094 Ether
1,0x4e8ecf79ade5e2c49b9e30d795517a81e0bf00b8,1533264895,6080366.0,0xf39e044e1ab204460e06e87c6dca2c6319fc69e3,OUT,2,0.0,0x06c29bc390bb74b71eb4ad9677494cc77597ce3daef7b5b5ce4d5d669c0c4402,internal,call,0.033560519665055 Ether
1,0x4e8ecf79ade5e2c49b9e30d795517a81e0bf00b8,1532748820,6044950.0,0xf39e044e1ab204460e06e87c6dca2c6319fc69e3,OUT,2,0.0,0xbe12c87d68566de1768fc3b403da1957c35db2f8b8d3acc926ed2ba82813aa50,internal,call,0.139321905996724 Ether
1,0x4e8ecf79ade5e2c49b9e30d795517a81e0bf00b8,1532712902,0.0,0xf39e044e1ab204460e06e87c6dca2c6319fc69e3,OUT,2,0.0,0x51f66c26ac665da838bdc6f63587d30df54d9de77a334a7b4f422ca4898e9b81,internal,call,0.405451338486004 Ether
