Class,address,age,block,creator,direction,inter_direction,txFee,txhash,txn_type,type,value
0,0x5af2be193a6abca9c8817001f45744777db30756,1512430817,4678576.0,0x1e10231145c0b670e9ee5a7f5b47172afa3b6186,IN,3,0.00151774,0x7d966b9abdcf0d85dbc3a142d9f25652a6218122d8737f8f358ca483ad7e30cd,external,0,0 Ether
0,0x5af2be193a6abca9c8817001f45744777db30756,1514922401,4845262.0,0x1e10231145c0b670e9ee5a7f5b47172afa3b6186,IN,3,0.00314016,0xa695f2e716b6063d0ed714add61ff8ac7b78b06fb3bc9722210fec7d14150f61,external,0,0 Ether
