Class,address,age,block,creator,direction,inter_direction,txFee,txhash,txn_type,type,value
0,0x5af2be193a6abca9c8817001f45744777db30756,1510610337,4549366.0,0x1e10231145c0b670e9ee5a7f5b47172afa3b6186,IN,3,0.00109905,0x0395ef21472a84271ce1dbf4405f770a80aa7b58d73d3dbf694acc55dc2ddce4,external,0,0 Ether
0,0x5af2be193a6abca9c8817001f45744777db30756,1510778299,4561384.0,0x1e10231145c0b670e9ee5a7f5b47172afa3b6186,IN,3,0.0004704,0x898ddcb248fd67acb47aa3702655f9a6f010063848cf20dd0d63e39716213ba4,external,0,0 Ether
0,0x5af2be193a6abca9c8817001f45744777db30756,1510610669,4549390.0,0x1e10231145c0b670e9ee5a7f5b47172afa3b6186,IN,3,0.00078405,0xa031479097e9a0fbf736b7d1233413fc46d0ae3918cb8b70e51bdc9acd82d1ac,external,0,0 Ether
