Class,address,age,block,creator,direction,inter_direction,txFee,txhash,txn_type,type,value
0,0x5af2be193a6abca9c8817001f45744777db30756,1521895271,5315221.0,0x1e10231145c0b670e9ee5a7f5b47172afa3b6186,IN,3,0.00011168,0x52c5c22d943da22c76ece366d5a2cd723cf3e1b5542eed57f282a9827b303dc4,external,0,0 Ether
0,0x5af2be193a6abca9c8817001f45744777db30756,1517382065,5006228.0,0x1e10231145c0b670e9ee5a7f5b47172afa3b6186,IN,3,0.00046905,0x5dd67ab8b1a0196c7bb4243acbccd11127be513bf10cc7f4d1096871f849bd7f,external,0,0 Ether
0,0x5af2be193a6abca9c8817001f45744777db30756,1529206875,5804719.0,0x1e10231145c0b670e9ee5a7f5b47172afa3b6186,IN,3,0.00044672,0x70531e6ba39c51cb2c64c19687692b07890a6c6aa5335faa03d467b590069654,external,0,0 Ether
