Class,address,age,block,creator,direction,inter_direction,txFee,txhash,txn_type,type,value
0,0x5af2be193a6abca9c8817001f45744777db30756,1535104592,6206406.0,0x1e10231145c0b670e9ee5a7f5b47172afa3b6186,IN,3,0.00031401,0x277b0e34aef02182dcb477ba5b309ebb6d815c7d59d2566258252711b04584af,external,0,0 Ether
0,0x5af2be193a6abca9c8817001f45744777db30756,1545638840,6945192.0,0x1e10231145c0b670e9ee5a7f5b47172afa3b6186,IN,3,0.00052336,0x5b190981243eb6faa0cd9040138c701d201a77f17bb9ee04595cc6d8982679fa,external,0,0 Ether
