Class,address,age,block,creator,direction,inter_direction,txFee,txhash,txn_type,type,value
0,0x5af2be193a6abca9c8817001f45744777db30756,1511344354,4602075.0,0x1e10231145c0b670e9ee5a7f5b47172afa3b6186,IN,3,0.00051321,0x6ca28b9c10ee59f38d32a1e44f6e28ab5221843fec0bcaa91d07b8403290c972,external,0,0 Ether
0,0x5af2be193a6abca9c8817001f45744777db30756,1511344515,4602089.0,0x1e10231145c0b670e9ee5a7f5b47172afa3b6186,IN,3,0.00046905,0x858dc500e1095865e6eb4f3ea21987c2ce2b67027095d1a86952ee81b85e40fe,external,0,0 Ether
