Class,address,age,block,creator,direction,inter_direction,txFee,txhash,txn_type,type,value
0,0x5d65d971895edc438f465c17db6992698a52318d,1529060854,5794767.0,0x089731260b16eab0b941cc060ad078fbcda64986,IN,3,0.00014805,0x78225201de7f581eb106d55c39cf45ba2e865a7b2f990fd80453a4f4d0b374e6,external,0,0 Ether
0,0x5d65d971895edc438f465c17db6992698a52318d,1528931465,5786135.0,0x089731260b16eab0b941cc060ad078fbcda64986,IN,3,0.00014779,0xadc977285078ebdef14119a739dc6e878b2f77795b0624e44a429f7d76532578,external,0,0 Ether
