Class,address,age,block,creator,direction,inter_direction,txFee,txhash,txn_type,type,value
0,0x8d12a197cb00d4747a1fe03395095ce2a5cc6819,1533729819,6112327.0,0x1ed014aec47fae44c9e55bac7662c0b78ae61798,OUT,2,0.0,0x784d4d6f5bb50becc02e0abc0ab04caf9b78757d4a78db116158bfaf8cb7cbba,internal,call,0.499643517651 Ether
0,0x8d12a197cb00d4747a1fe03395095ce2a5cc6819,1533724788,6111985.0,0x1ed014aec47fae44c9e55bac7662c0b78ae61798,OUT,2,0.0,0xd13955b4561937a7a24c9be7bb388ba8a700e1d3587ada0058be5080d2e24fd2,internal,call,0.061681627242829 Ether
