Class,address,age,block,creator,direction,inter_direction,txFee,txhash,txn_type,type,value
0,0x5d65d971895edc438f465c17db6992698a52318d,1518167334,5060135.0,0x089731260b16eab0b941cc060ad078fbcda64986,IN,3,0.00212462,0x12b1818a5555ac1e8ff544ae140017960a8e678e831450c2c87e28bf0bd31779,external,0,0 Ether
0,0x5d65d971895edc438f465c17db6992698a52318d,1518168379,5060226.0,0x089731260b16eab0b941cc060ad078fbcda64986,IN,3,0.00089199,0x81b1c6f446bcc45545c94d4c812bcbf601d522d4278566eed79b5fbb808a2570,external,0,0 Ether
