Class,address,age,block,creator,direction,inter_direction,txFee,txhash,txn_type,type,value
0,0x5d65d971895edc438f465c17db6992698a52318d,1522155589,5333244.0,0x089731260b16eab0b941cc060ad078fbcda64986,IN,3,0.00091218,0x7650bcf7b78c06ffb43ea665bf5a5c93ae79b20eba3d7d47a57d7670406b9560,external,0,0 Ether
0,0x5d65d971895edc438f465c17db6992698a52318d,1522325049,5344844.0,0x089731260b16eab0b941cc060ad078fbcda64986,IN,3,0.00091474,0x8afceb5ad5e30217c23dc0c68b0ff5131341007fc4e998d5e1ccf9d599b7d678,external,0,0 Ether
