Class,address,age,block,creator,direction,inter_direction,txFee,txhash,txn_type,type,value
0,0x5d65d971895edc438f465c17db6992698a52318d,1514716744,4831373.0,0x089731260b16eab0b941cc060ad078fbcda64986,IN,3,0.0008097000000000001,0x0651d31e80fe8a3ddedb030f02d87617f8cb48974873d0a9869f3a8781dd94ac,external,0,0 Ether
0,0x5d65d971895edc438f465c17db6992698a52318d,1525499691,5560814.0,0x089731260b16eab0b941cc060ad078fbcda64986,IN,3,0.00013568,0x0c4c65ff6fa23123912fc7e8fb93022a59c69a5630fef3fd6a50da7edb34241b,external,0,0 Ether
