Class,address,age,block,creator,direction,inter_direction,txFee,txhash,txn_type,type,value
0,0x964f35fae36d75b1e72770e244f6595b68508cf5,1522735376,5373413.0,0x8007ce15acda724689760b4ba493d4766f973649,OUT,2,0.0,0xb57f6fb184aa7c5778da8e4dda92c2c5d4028669681bf734ee9bbb12ded3f48e,internal,call,0.044776471458526 Ether
0,0x964f35fae36d75b1e72770e244f6595b68508cf5,1519977705,5183912.0,0x8007ce15acda724689760b4ba493d4766f973649,OUT,2,0.0,0x07c963e9550a3e97dc88e894e31fc4057c86ef609f2ec3d7c7efd082b2318fd2,internal,call,0.010424131857473 Ether
