Class,address,age,block,creator,direction,inter_direction,txFee,txhash,txn_type,type,value
0,0x6090a6e47849629b7245dfa1ca21d94cd15878ef,1545141130,6911349.0,0xfdb33f8ac7ce72d7d4795dd8610e323b4c122fbb,IN,3,0.00274391,0x69d4caf5fe4d1b5d36baf3d274e741de0d272cf110c9a3843a667ef416e2e8c8,external,0,0.05 Ether
0,0x6090a6e47849629b7245dfa1ca21d94cd15878ef,1544730678,6882872.0,0xfdb33f8ac7ce72d7d4795dd8610e323b4c122fbb,IN,3,0.00274391,0x7313bee5463bd552e1bec21f077b980bc2914b468a23463c7f5bcb6719f5f132,external,0,0.1 Ether
0,0x6090a6e47849629b7245dfa1ca21d94cd15878ef,1545545081,6938760.0,0xfdb33f8ac7ce72d7d4795dd8610e323b4c122fbb,IN,3,0.00055931,0xa2a6481a6f445571ce2dabaad22fa16f18465c4cddedb9e8558cd25bac3caf78,external,0,0 Ether
0,0x6090a6e47849629b7245dfa1ca21d94cd15878ef,1545121524,6909955.0,0xfdb33f8ac7ce72d7d4795dd8610e323b4c122fbb,IN,3,0.00052689,0xaac329a33150f48986cf6c10e619024085804265b54f99b0fdd0c8694413539b,external,0,0 Ether
