Class,address,age,block,creator,direction,inter_direction,txFee,txhash,txn_type,type,value
0,0x6090a6e47849629b7245dfa1ca21d94cd15878ef,1539513650,6515095.0,0xfdb33f8ac7ce72d7d4795dd8610e323b4c122fbb,IN,3,0.00046896,0x11373d69b31018ec74a390c6714f60a6cb248449b2e6ba9a7ed8569b5ab88a26,external,0,0 Ether
0,0x6090a6e47849629b7245dfa1ca21d94cd15878ef,1539517500,6515398.0,0xfdb33f8ac7ce72d7d4795dd8610e323b4c122fbb,IN,3,0.00055056,0x131d35ec3c79824bcf5b17ee85eb1b8921b8b1d19b23c7957d61e670b63deb0f,external,0,0 Ether
0,0x6090a6e47849629b7245dfa1ca21d94cd15878ef,1539513791,6515110.0,0xfdb33f8ac7ce72d7d4795dd8610e323b4c122fbb,IN,3,0.00055056,0x1c8dafbd3526063fc98ac49d1e6c39c960bd69528b3a987dae0d2bab6bfdf44e,external,0,0 Ether
0,0x6090a6e47849629b7245dfa1ca21d94cd15878ef,1539517965,6515431.0,0xfdb33f8ac7ce72d7d4795dd8610e323b4c122fbb,IN,3,0.00112864,0x4fca21544e16c7a1d43e707aac8dd1f328e07e8fcf48c90d6835cbe9a1d64e0c,external,0,0 Ether
0,0x6090a6e47849629b7245dfa1ca21d94cd15878ef,1539517488,6515396.0,0xfdb33f8ac7ce72d7d4795dd8610e323b4c122fbb,IN,3,0.00055056,0x626af66ffa473982dc877766fe90e75abadbf8038ebea7096626bee82f997bee,external,0,0 Ether
0,0x6090a6e47849629b7245dfa1ca21d94cd15878ef,1539513442,6515084.0,0xfdb33f8ac7ce72d7d4795dd8610e323b4c122fbb,IN,3,0.00046896,0x6dc0ef9f101e4d59a5d53cfbfcdf17c53680e03acfa783de58cf00d9c5a42995,external,0,0 Ether
