Class,address,age,block,creator,direction,inter_direction,txFee,txhash,txn_type,type,value
0,0x6090a6e47849629b7245dfa1ca21d94cd15878ef,1539539345,6516941.0,0xfdb33f8ac7ce72d7d4795dd8610e323b4c122fbb,IN,3,0.00025287,0x159b7bde3fe0fb5a37c4066b978b922167c826416ca1d8ddac26dcbc106bb55f,external,0,0 Ether
0,0x6090a6e47849629b7245dfa1ca21d94cd15878ef,1539539585,6516959.0,0xfdb33f8ac7ce72d7d4795dd8610e323b4c122fbb,IN,3,0.00025287,0xb3038e6ea1b4f04397ae938001e6ab36a0f52167f3b6e3b2a445d22acb57e11c,external,0,0 Ether
