Class,address,age,block,creator,direction,inter_direction,txFee,txhash,txn_type,type,value
1,0x9b5bbb16a7a68660f6503eff6c8e3159820d6396,1539961082,6546798.0,0xdacca760db181e54d96b9a061acc0d2d48a05593,OUT,2,0.0,0xf315f4e87649fb7b5daf74fcf471a3667bc0c19f88cc05d9c16e9a1c363219ab,internal,call,0.00255 Ether
1,0x9b5bbb16a7a68660f6503eff6c8e3159820d6396,1539441979,6510023.0,0xdacca760db181e54d96b9a061acc0d2d48a05593,OUT,2,0.0,0x681ccacf5976a589d06a9ab37acfc8f8b1533aada8eb7e3b3ede7aa65247be3c,internal,call,0.00595 Ether
1,0x9b5bbb16a7a68660f6503eff6c8e3159820d6396,1540479333,6583537.0,0xdacca760db181e54d96b9a061acc0d2d48a05593,OUT,2,0.0,0xce98841561139a86a170fcdd720d0cc2ded29acdc9edaceaf9e38afa1811e85f,internal,call,0.000425 Ether
1,0x9b5bbb16a7a68660f6503eff6c8e3159820d6396,1540392846,6577411.0,0xdacca760db181e54d96b9a061acc0d2d48a05593,OUT,2,0.0,0x6e319e0fa15c6696ca49504148f6e8c18e62b27aa72d3915c18ff591b47064c1,internal,call,0.000425 Ether
1,0x9b5bbb16a7a68660f6503eff6c8e3159820d6396,1540565999,6589640.0,0xdacca760db181e54d96b9a061acc0d2d48a05593,OUT,2,0.0,0x2acac6627aa95334853cd3da91cb147ba27efe19b345159f7bfac161937fbc9c,internal,call,0.000425 Ether
1,0x9b5bbb16a7a68660f6503eff6c8e3159820d6396,1540305533,6571216.0,0xdacca760db181e54d96b9a061acc0d2d48a05593,OUT,2,0.0,0x3e8958d6f8f6cb89d6cfdf5b7937c6c2989b4f369f2e5259d1dda0ebeb50ed99,internal,call,0.001275 Ether
