Class,address,age,block,creator,direction,inter_direction,txFee,txhash,txn_type,type,value
1,0x4e8ecf79ade5e2c49b9e30d795517a81e0bf00b8,1534542562,6167907.0,0xf39e044e1ab204460e06e87c6dca2c6319fc69e3,OUT,2,0.0,0x235580cd0f3d57b4da5e77585f22b90474aaf31f2a52379a1c4148bcafb6c1f8,internal,call,0.005832899314734 Ether
1,0x4e8ecf79ade5e2c49b9e30d795517a81e0bf00b8,1533419831,6091074.0,0xf39e044e1ab204460e06e87c6dca2c6319fc69e3,OUT,2,0.0,0xe5a6f16ddafee2f1e79e3da6d53f43b0c4d6a42857fdc87038f3e8cafe7898c9,internal,call,0.048439972566945 Ether
1,0x4e8ecf79ade5e2c49b9e30d795517a81e0bf00b8,1532959543,6059590.0,0xf39e044e1ab204460e06e87c6dca2c6319fc69e3,OUT,2,0.0,0x8d00ef5ad4e27f757ab5ccabcc24d62f9ac3484b166ec5bf929f85730ed19dfb,internal,call,0.237508088661094 Ether
