Class,address,age,block,creator,direction,inter_direction,txFee,txhash,txn_type,type,value
0,0x6531f133e6deebe7f2dce5a0441aa7ef330b4e53,1488616430,3291361.0,0x28a44f49b940b3875f882d08487d16295fb8bc09,IN,3,0.00125772,0x345e6ca3c29e918828cc4bd07488c7ddc8152a703d9806bd62a34c44b72db040,external,0,0 Ether
0,0x6531f133e6deebe7f2dce5a0441aa7ef330b4e53,1489025066,3319698.0,0x28a44f49b940b3875f882d08487d16295fb8bc09,IN,3,0.00125772,0x64fe1a215b0046236bbfb27cf82b2a1e7f3d347d54c504c6a9406b09e442e3ae,external,0,0 Ether
