Class,address,age,block,creator,direction,inter_direction,txFee,txhash,txn_type,type,value
0,0x459f7854776ed005b6ec63a88f834fdab0b6993e,1506736941,0.0,0xa7b0883a9e885177f30fcdc42b6e4a015f20e53b,OUT,2,0.0,0x4396e1374dbbd86e88d6c70d1019dc5f0da6b6a3354b797f86851ef3a37b2663,internal,call,0.000001 Ether
0,0x459f7854776ed005b6ec63a88f834fdab0b6993e,1506736522,0.0,0xa7b0883a9e885177f30fcdc42b6e4a015f20e53b,OUT,2,0.0,0x85d38ceef9d2a6dd6411e29b893cf692ecf300938a1a1b64fafc9cfdbffc48b2,internal,call,0.000002 Ether
