Class,address,age,block,creator,direction,inter_direction,txFee,txhash,txn_type,type,value
0,0x67a5de922c1f4d1a4dbd848466b86b5455fb6a3b,1538553526,6446565.0,0x7ce6c6f1002e5ad54c3d8326fddcf2fc78b80277,IN,3,0.00042412,0x3eeafd698f044104c0ed1045ffb14210b0a64e629be988198d7b615b9031f88a,external,0,0.006 Ether
0,0x67a5de922c1f4d1a4dbd848466b86b5455fb6a3b,1538556663,6446765.0,0x7ce6c6f1002e5ad54c3d8326fddcf2fc78b80277,IN,3,0.00040579,0x8fdc2538652021d841d8eb476b64dd175aa6ca7ace12653b1e65de03b47af114,external,0,0.0059 Ether
