Class,address,age,block,creator,direction,inter_direction,txFee,txhash,txn_type,type,value
0,0x67a5de922c1f4d1a4dbd848466b86b5455fb6a3b,1531462422,5957165.0,0x7ce6c6f1002e5ad54c3d8326fddcf2fc78b80277,IN,3,0.0009693,0x410cfe717721862f7f166355ba5b972d020a396c44e28eeed4c7abdf8793a2ae,external,0,0.0778846211 Ether
0,0x67a5de922c1f4d1a4dbd848466b86b5455fb6a3b,1531559157,5963916.0,0x7ce6c6f1002e5ad54c3d8326fddcf2fc78b80277,IN,3,0.0011270999999999998,0x4aea84b8106c66109f7ebe35dd0999cc723677e3270590e162e42c4846890b6c,external,0,0.0794300124 Ether
0,0x67a5de922c1f4d1a4dbd848466b86b5455fb6a3b,1531731076,5975752.0,0x7ce6c6f1002e5ad54c3d8326fddcf2fc78b80277,IN,3,0.00054821,0x7067356502ef257f2e4d941aa2ed66bf922d80c1100e4c71a2a839f41f3b348e,external,0,0.0799164758 Ether
0,0x67a5de922c1f4d1a4dbd848466b86b5455fb6a3b,1531714735,5971731.0,0x7ce6c6f1002e5ad54c3d8326fddcf2fc78b80277,IN,3,0.00015779,0xaacaff209ddbc00b7ef3094c751d61b96b3c04f0a2032ee013693688d914c39d,external,0,0.078531819 Ether
