Class,address,age,block,creator,direction,inter_direction,txFee,txhash,txn_type,type,value
0,0x671abbe5ce652491985342e85428eb1b07bc6c64,1517672565,5025967.0,0xd1c4fdbdadcf9c9993df37c86b84526beec9fadb,IN,3,0.00122746,0x936de5beaee6b7588852d8c21b2e896f73268669c797a2dd5f6e62f4d53302be,external,0,0 Ether
0,0x671abbe5ce652491985342e85428eb1b07bc6c64,1517672473,5025959.0,0xd1c4fdbdadcf9c9993df37c86b84526beec9fadb,IN,3,0.00050542,0xa07a25cb0d2969721541c9a6987b982ad477c360d3be0dfe324c2570e26f7870,external,0,0 Ether
