Class,address,age,block,creator,direction,inter_direction,txFee,txhash,txn_type,type,value
0,0x6810e776880c02933d47db1b9fc05908e5386b96,1496755460,3831389.0,0xbe4e25443df23382228e6347b06565edd838f901,IN,3,0.00123381,0x3e9f8e29bb1f10d1492939e94c1712f658f6fbfd6930b9db2f3913181e0ab3ce,external,0,0 Ether
0,0x6810e776880c02933d47db1b9fc05908e5386b96,1496754971,3831358.0,0xbe4e25443df23382228e6347b06565edd838f901,IN,3,0.00123381,0x82657e3995a431b073021bcc217d3094341c85a408da7a1b54fa953982a4f294,external,0,0 Ether
