Class,address,age,block,creator,direction,inter_direction,txFee,txhash,txn_type,type,value
0,0x6810e776880c02933d47db1b9fc05908e5386b96,1514171927,4794183.0,0xbe4e25443df23382228e6347b06565edd838f901,IN,3,0.00085892,0x1c4032bb16e6a5fe7afab97aae698b1a837af1ed859fbd219b1219d0e3fce872,external,0,0 Ether
0,0x6810e776880c02933d47db1b9fc05908e5386b96,1514166868,4793833.0,0xbe4e25443df23382228e6347b06565edd838f901,IN,3,0.00085892,0x6295786f7344594b77faf2b560a68a83fa46befc8b3d1e3f732bb7805610b156,external,0,0 Ether
