Class,address,age,block,creator,direction,inter_direction,txFee,txhash,txn_type,type,value
0,0x6810e776880c02933d47db1b9fc05908e5386b96,1503725083,4206024.0,0xbe4e25443df23382228e6347b06565edd838f901,IN,3,0.00095436,0x20041e00a5660e539b26220907455046e42b3d5e3ea97eeeff9b644cea83b98c,external,0,0 Ether
0,0x6810e776880c02933d47db1b9fc05908e5386b96,1503976970,4216169.0,0xbe4e25443df23382228e6347b06565edd838f901,IN,3,0.00095302,0x4762afa2f4aed854221a09d0bf5f8a719f8d2c19abda10a6f6595049cdd73117,external,0,0 Ether
0,0x6810e776880c02933d47db1b9fc05908e5386b96,1504023246,4216314.0,0xbe4e25443df23382228e6347b06565edd838f901,IN,3,0.00095436,0x64593c215594605201257704435e60cebea0e31314dcea9f5270321c435d8986,external,0,0 Ether
0,0x6810e776880c02933d47db1b9fc05908e5386b96,1504541921,4237450.0,0xbe4e25443df23382228e6347b06565edd838f901,IN,3,0.00123708,0xaf8ec5b087c6f4385ab81f68087bca2ce06151a0b9b14e573f8fa1726814eb1f,external,0,0 Ether
