Class,address,age,block,creator,direction,inter_direction,txFee,txhash,txn_type,type,value
0,0x6810e776880c02933d47db1b9fc05908e5386b96,1524628111,5503073.0,0xbe4e25443df23382228e6347b06565edd838f901,IN,3,0.00211039,0x269929631e34a5283d86ac67b2e22bb5be62d5150743623ea2ac20b92a82a5a3,external,0,0 Ether
0,0x6810e776880c02933d47db1b9fc05908e5386b96,1530526264,5893811.0,0xbe4e25443df23382228e6347b06565edd838f901,IN,3,0.00211039,0x3c4173a5d859123278ff9953316283952cd6d24294ce5bf29fee9bf97959ddda,external,0,0 Ether
0,0x6810e776880c02933d47db1b9fc05908e5386b96,1527839506,5714633.0,0xbe4e25443df23382228e6347b06565edd838f901,IN,3,0.00210776,0x3c9f3d41858617ab870929377cf099004c787886b437ac80fb9f3472e918820c,external,0,0 Ether
0,0x6810e776880c02933d47db1b9fc05908e5386b96,1527840269,5714679.0,0xbe4e25443df23382228e6347b06565edd838f901,IN,3,0.00211039,0x778dd71aab155b144f10ce14af8028552edcbe4fa56e93dad4d3c5e1fcf34ef7,external,0,0 Ether
0,0x6810e776880c02933d47db1b9fc05908e5386b96,1527838908,5714591.0,0xbe4e25443df23382228e6347b06565edd838f901,IN,3,0.00211039,0x99db2dd616928d5394e0a53bccbb4ff4db8e5ca9f6091a387ead348f86c1e759,external,0,0 Ether
0,0x6810e776880c02933d47db1b9fc05908e5386b96,1527220214,5674184.0,0xbe4e25443df23382228e6347b06565edd838f901,IN,3,0.00210776,0xaab5a4e0656a0dd3b5a7159e6aba62eeecda134532c4b59f83a6e7669589fdd1,external,0,0 Ether
