Class,address,age,block,creator,direction,inter_direction,txFee,txhash,txn_type,type,value
1,0x4e8ecf79ade5e2c49b9e30d795517a81e0bf00b8,1533164644,6073599.0,0xf39e044e1ab204460e06e87c6dca2c6319fc69e3,OUT,1,0.0,0x22a1d841da593dda24574c25b4f45f1ccb5ba27a764f980257031826a6dae8c8,internal,call,0.071346458708895 Ether
1,0x4e8ecf79ade5e2c49b9e30d795517a81e0bf00b8,1533065840,6066872.0,0xf39e044e1ab204460e06e87c6dca2c6319fc69e3,OUT,1,0.0,0x2a9ab9593de857bc60496609b3c933cbaca3d92f26fa1a531ee1cbe12a7ffe3e,internal,call,0.034363105891251 Ether
1,0x4e8ecf79ade5e2c49b9e30d795517a81e0bf00b8,1532785881,0.0,0xf39e044e1ab204460e06e87c6dca2c6319fc69e3,OUT,1,0.0,0x2d815627e063423cd6f5f04af01990c73427fd9301b0bb9740bfc8184506c0c3,internal,call,0.02557350892582 Ether
1,0x4e8ecf79ade5e2c49b9e30d795517a81e0bf00b8,1532838478,6048204.0,0xf39e044e1ab204460e06e87c6dca2c6319fc69e3,OUT,1,0.0,0xa96cc174d630df6075e08ab1c07cb91c344ad4c1480f82e8a5b36b8099c35ab4,internal,call,0.01861299993226 Ether
1,0x4e8ecf79ade5e2c49b9e30d795517a81e0bf00b8,1532725219,6043338.0,0xf39e044e1ab204460e06e87c6dca2c6319fc69e3,OUT,1,0.0,0x61bc13a7558de30ae833881a95caddb5bf29df6e7f44b31518e1b4da8f8106bd,internal,call,0.332077750585549 Ether
