Class,address,age,block,creator,direction,inter_direction,txFee,txhash,txn_type,type,value
0,0x6ccb56947ea1d6efdc81acfbacd8263ddfa9b202,1515261916,4866567.0,0x4ce73b5f65eb59c8f740373d557a6bcbf723b279,IN,3,0.00255787,0x62130cfc154a6c42af62a26eda3bd4446bad89fe9cad3dd8011642b028f489f6,external,0,0 Ether
0,0x6ccb56947ea1d6efdc81acfbacd8263ddfa9b202,1515262521,4866604.0,0x4ce73b5f65eb59c8f740373d557a6bcbf723b279,IN,3,0.00122685,0x7f3a0bb6d9cf944129d2561e234d9eb973c84eba021b82d5a9613c872785e2b5,external,0,0 Ether
0,0x6ccb56947ea1d6efdc81acfbacd8263ddfa9b202,1521684178,5300522.0,0x4ce73b5f65eb59c8f740373d557a6bcbf723b279,IN,3,0.00141909,0x87ea5f9c3783cfa3ed94cc144f94e5a4f9210d57a0a647e5131eb0a13536d401,external,0,0 Ether
