Class,address,age,block,creator,direction,inter_direction,txFee,txhash,txn_type,type,value
0,0x6fff3806bbac52a20e0d79bc538d527f6a22c96b,1518375369,5074502.0,0x00e34f866e953de05dcb97818c3722ee58a72eec,IN,3,0.00229571,0x8f3c9a6cf810c384f656be7caaba5fc2d1b032dc92502f1d45d02b516242fb7e,external,0,0 Ether
0,0x6fff3806bbac52a20e0d79bc538d527f6a22c96b,1503727756,4206117.0,0x00e34f866e953de05dcb97818c3722ee58a72eec,IN,3,0.0051348,0x9eac04bdb1292af7c3b87ad0b89e5f639b6356e21157ad1d5945cb0f620894ab,external,0,1.64 Ether
