Class,address,age,block,creator,direction,inter_direction,txFee,txhash,txn_type,type,value
0,0x701c244b988a513c945973defa05de933b23fe1d,1534332502,6153613.0,0xa0c81e7bca6b95b6cb1d6d4e5db744228ed6f5c1,IN,3,0.00014216,0x050e08176f633c654e5344722649d4800a397c21738cb9408f6d77a82f9dfdf1,external,0,0 Ether
0,0x701c244b988a513c945973defa05de933b23fe1d,1534327349,6153253.0,0xa0c81e7bca6b95b6cb1d6d4e5db744228ed6f5c1,IN,3,0.000245,0x5c6aecfc6244a8edcbccd7ffdf3c6f8083d27a687720992caba020029673ff5b,external,0,0 Ether
