Class,address,age,block,creator,direction,inter_direction,txFee,txhash,txn_type,type,value
1,0xe1c9a03cf690256ff7738cbd508c88cf5238a535,1523084318,5397789.0,0xc84c18a88789dba5b0ca9c13973435bbce7e961d,OUT,2,0.0,0x2691d04230494d5d19fb485ca3ef1516ebe7b12a17c246134f6a95b2dc38cb4b,internal,call,0.03494989596639 Ether
1,0xe1c9a03cf690256ff7738cbd508c88cf5238a535,1522953762,5388650.0,0xc84c18a88789dba5b0ca9c13973435bbce7e961d,OUT,2,0.0,0x254eca799fb45a228073c44502dd955c05d0395ae95c8e9d8dfebf0e676e8dce,internal,call,0.041717218439149 Ether
1,0xe1c9a03cf690256ff7738cbd508c88cf5238a535,1523087519,0.0,0xc84c18a88789dba5b0ca9c13973435bbce7e961d,OUT,2,0.0,0x18f19af80fc79e41d51827f5e5a714d3a026dfc16af3781cf6c432f7de54117b,internal,call,0.044622040298054 Ether
