Class,address,age,block,creator,direction,inter_direction,txFee,txhash,txn_type,type,value
0,0x744d70fdbe2ba4cf95131626614a1763df805b9e,1543547745,6800048.0,0x6b9ef02657339310e28a7a9d4b5f25f7c1f68d61,IN,3,0.00182516,0x37c9d8e2bea785f0f01bcafe893c8bad1c9ee277c1c5ee845c202f9b8e616b0a,external,0,0 Ether
0,0x744d70fdbe2ba4cf95131626614a1763df805b9e,1543547745,6800048.0,0x6b9ef02657339310e28a7a9d4b5f25f7c1f68d61,IN,3,0.00083157,0x448c992904c6d163b72e3b2d0429d9820c1c4c827a78cd616a57793f3f1cccdd,external,0,0 Ether
0,0x744d70fdbe2ba4cf95131626614a1763df805b9e,1543547745,6800048.0,0x6b9ef02657339310e28a7a9d4b5f25f7c1f68d61,IN,3,0.00055438,0x540787eb549b36edefaacaec26234305805f84bb3be54a20474228e62e8da537,external,0,0 Ether
0,0x744d70fdbe2ba4cf95131626614a1763df805b9e,1543547745,6800048.0,0x6b9ef02657339310e28a7a9d4b5f25f7c1f68d61,IN,3,0.00083157,0x8cfa340303640ff8a3be1335b12827fc9a9389602e0755ba88448f8b846a8f45,external,0,0 Ether
