Class,address,age,block,creator,direction,inter_direction,txFee,txhash,txn_type,type,value
0,0x744d70fdbe2ba4cf95131626614a1763df805b9e,1539739279,6531076.0,0x6b9ef02657339310e28a7a9d4b5f25f7c1f68d61,IN,3,0.00182516,0x4290386d8b790d4e9ed4fcb5695e3e87238867c4ff10d1c088b03c2783ba08a1,external,0,0 Ether
0,0x744d70fdbe2ba4cf95131626614a1763df805b9e,1539808271,6536011.0,0x6b9ef02657339310e28a7a9d4b5f25f7c1f68d61,IN,3,0.00141148,0x518fa3f405374b4fb3a267f92226800117824e518a1c282cdd335887fe0bed65,external,0,0 Ether
