Class,address,age,block,creator,direction,inter_direction,txFee,txhash,txn_type,type,value
0,0x744d70fdbe2ba4cf95131626614a1763df805b9e,1545569594,6940402.0,0x6b9ef02657339310e28a7a9d4b5f25f7c1f68d61,IN,3,0.00067533,0x8a6f1dd8ba81ee4672e93ae60913dadf12bfc701126ff6a6eece996585398f83,external,0,0 Ether
0,0x744d70fdbe2ba4cf95131626614a1763df805b9e,1545586447,6941579.0,0x6b9ef02657339310e28a7a9d4b5f25f7c1f68d61,IN,3,0.00091194,0xb5aa8d28d3ad7d5266b89c3f952a9d321e9f03c9316f80d747474f5759741467,external,0,0 Ether
