Class,address,age,block,creator,direction,inter_direction,txFee,txhash,txn_type,type,value
0,0x459f7854776ed005b6ec63a88f834fdab0b6993e,1507536002,0.0,0xa7b0883a9e885177f30fcdc42b6e4a015f20e53b,OUT,2,0.0,0xe559e91d3fa57427688a2bde3a336b1e303dfd73e6eb8418f74e031e50e8b49e,internal,call,0.000002 Ether
0,0x459f7854776ed005b6ec63a88f834fdab0b6993e,1507534810,0.0,0xa7b0883a9e885177f30fcdc42b6e4a015f20e53b,OUT,2,0.0,0x30035c1d1c66c543d93e3ad70086859e8ae221f7007b732c93a01ab63232f8fd,internal,call,0.000001 Ether
0,0x459f7854776ed005b6ec63a88f834fdab0b6993e,1507534341,0.0,0xa7b0883a9e885177f30fcdc42b6e4a015f20e53b,OUT,2,0.0,0x7069a178bc7409a52a7db7e4a24daeb55f64481de90c1307301e3b5985fff362,internal,call,0.000001 Ether
