Class,address,age,block,creator,direction,inter_direction,txFee,txhash,txn_type,type,value
0,0x744d70fdbe2ba4cf95131626614a1763df805b9e,1530710346,5906270.0,0x6b9ef02657339310e28a7a9d4b5f25f7c1f68d61,IN,3,0.00424083,0x097ba7e3120f6d31f4bc8f883f3a61f69dfeb3a460ba568a125123c070541836,external,0,0 Ether
0,0x744d70fdbe2ba4cf95131626614a1763df805b9e,1530868791,5916904.0,0x6b9ef02657339310e28a7a9d4b5f25f7c1f68d61,IN,3,0.00111911,0x30e285bb6f61d6d8c2599059d7f66a50cff51134e001a07d6b3c916b3da4d5b5,external,0,0 Ether
