Class,address,age,block,creator,direction,inter_direction,txFee,txhash,txn_type,type,value
0,0x744d70fdbe2ba4cf95131626614a1763df805b9e,1537981444,6406171.0,0x6b9ef02657339310e28a7a9d4b5f25f7c1f68d61,IN,3,0.00094151,0x84e7e26fd1383fc47aeebf2106ce028df09c19d5633ab5c72078176bd98ec204,external,0,0 Ether
0,0x744d70fdbe2ba4cf95131626614a1763df805b9e,1525299988,5547697.0,0x6b9ef02657339310e28a7a9d4b5f25f7c1f68d61,IN,3,0.00107058,0x92d1ddaf8e1414fb266dff3c8f4e314941e1daaeb73b6cdce00b3259ad30c8e7,external,0,0 Ether
