Class,address,age,block,creator,direction,inter_direction,txFee,txhash,txn_type,type,value
0,0x744d70fdbe2ba4cf95131626614a1763df805b9e,1540720758,6600633.0,0x6b9ef02657339310e28a7a9d4b5f25f7c1f68d61,IN,3,0.00071279,0x0f9679325a7af191f43eb0ce1450258465ea9851f0ac0a9ae2b20c177c5ea473,external,0,0 Ether
0,0x744d70fdbe2ba4cf95131626614a1763df805b9e,1540720540,6600621.0,0x6b9ef02657339310e28a7a9d4b5f25f7c1f68d61,IN,3,0.00021955,0xa4b7d5148b5409c64c771ac51d1cc093b3f410b259192be37310088c37cf3a80,external,0,0 Ether
