Class,address,age,block,creator,direction,inter_direction,txFee,txhash,txn_type,type,value
0,0x755cdba6ae4f479f7164792b318b2a06c759833b,1490180986,3399819.0,0xd68ba7734753e2ee54103116323aba2d94c78dc5,IN,3,0.00115811,0x2162e7fa40e58e4c6d28c48edd1f6953dea4ac798bed89216e1894f9272edef1,external,0,0 Ether
0,0x755cdba6ae4f479f7164792b318b2a06c759833b,1491125092,3464764.0,0xd68ba7734753e2ee54103116323aba2d94c78dc5,IN,3,0.00118264,0x26e042a5d604aa395f81fceb136d008177577b77f33ae3512209bd5607e8e4db,external,0,0 Ether
0,0x755cdba6ae4f479f7164792b318b2a06c759833b,1491103683,3463261.0,0xd68ba7734753e2ee54103116323aba2d94c78dc5,IN,3,0.03948282,0x30a566155a74105e19eddf7b716cd415af3bb3273e8df1276844a217c6193ab8,external,0,0 Ether
0,0x755cdba6ae4f479f7164792b318b2a06c759833b,1491102662,3463204.0,0xd68ba7734753e2ee54103116323aba2d94c78dc5,IN,3,0.03948282,0x59850f3059df1376fea16a22773728b3c8b33bc25339835524ae0b9d237c0cae,external,0,0 Ether
0,0x755cdba6ae4f479f7164792b318b2a06c759833b,1491125384,3464783.0,0xd68ba7734753e2ee54103116323aba2d94c78dc5,IN,3,0.00118264,0x65d3d07204960b01804419fc289d9498d78695811c7ff9b0130cb0d2ff0cd0c0,external,0,0 Ether
0,0x755cdba6ae4f479f7164792b318b2a06c759833b,1491098599,3462933.0,0xd68ba7734753e2ee54103116323aba2d94c78dc5,IN,3,0.03948282,0x71303300eb4a4f89cc61de4b7af504409f77cf308bff74cec21473be0aae82c7,external,0,0 Ether
0,0x755cdba6ae4f479f7164792b318b2a06c759833b,1491124245,3464711.0,0xd68ba7734753e2ee54103116323aba2d94c78dc5,IN,3,0.00118264,0xb9f8ad3e6335b7a2b6d00980e1f406f77283decad19d296e01011f8b9b8e330c,external,0,0 Ether
