Class,address,age,block,creator,direction,inter_direction,txFee,txhash,txn_type,type,value
1,0xf00e5a59fde1cb2ead96a8be7711abc3f981e0f1,1537894980,6400067.0,0x96bb98183e5562913e72613c1979d0a13f8ec76b,OUT,2,0.0,0x19e4912505a0357d353591c575e383988c419ae6e9904af39a30359144184968,internal,call,0.534722222222222 Ether
1,0xf00e5a59fde1cb2ead96a8be7711abc3f981e0f1,1537913032,6401320.0,0x96bb98183e5562913e72613c1979d0a13f8ec76b,OUT,2,0.0,0x4f4597f0b4f8ed54d39465e1c117eae5bacb63b4acb363cc436ea88dc506460b,internal,call,0.116666666666666 Ether
1,0xf00e5a59fde1cb2ead96a8be7711abc3f981e0f1,1537922580,6402018.0,0x96bb98183e5562913e72613c1979d0a13f8ec76b,OUT,2,0.0,0x948394e410a36f40c46234f3e4cc8e4fcd579fde4bc4b05731d06f67f756acac,internal,call,0.1125 Ether
1,0xf00e5a59fde1cb2ead96a8be7711abc3f981e0f1,1537917717,0.0,0x96bb98183e5562913e72613c1979d0a13f8ec76b,OUT,2,0.0,0x5a20fd53a47735d3c66e812d127e5f4523c74480e1e6cc4759a567cca5d80c69,internal,call,0.108333333333333 Ether
1,0xf00e5a59fde1cb2ead96a8be7711abc3f981e0f1,1537907974,6400961.0,0x96bb98183e5562913e72613c1979d0a13f8ec76b,OUT,2,0.0,0x3ad4b80ff820ef161f648037eeac0fd9b8ae92be9c5ad29b395bf4be38114c3e,internal,call,0.106944444444444 Ether
1,0xf00e5a59fde1cb2ead96a8be7711abc3f981e0f1,1537903381,6400662.0,0x96bb98183e5562913e72613c1979d0a13f8ec76b,OUT,2,0.0,0x691be67dc39a8e00adc3ae22b6e231f990a0c36b4de110a155fd63c0ca40b611,internal,call,0.194444444444444 Ether
1,0xf00e5a59fde1cb2ead96a8be7711abc3f981e0f1,1537927704,6402375.0,0x96bb98183e5562913e72613c1979d0a13f8ec76b,OUT,2,0.0,0xa65449970f96483b60a1abd86cf2e0285a716db4846a40ecc2cc0017bd137f45,internal,call,0.119444444444444 Ether
