Class,address,age,block,creator,direction,inter_direction,txFee,txhash,txn_type,type,value
1,0xb10ea0d397db942a1083a4af9c6074ab63bc8c8b,1540600910,6592155.0,0x65b041db3135ed5f76d9486aa56f8ca5dc9a3f5e,OUT,2,0.0,0xb31dcc5cba7a1e9394b8782da0b3d55d3c130d7b7c2f8b7ed8c91e661aa97350,internal,call,0.022398644067796 Ether
1,0xb10ea0d397db942a1083a4af9c6074ab63bc8c8b,1540711752,6599998.0,0x65b041db3135ed5f76d9486aa56f8ca5dc9a3f5e,OUT,2,0.0,0xae22a1d3290ecb70e688a20ef29be5d7e9ba399dd3bc72fe586e253bfffdbc7e,internal,call,0.010634576271186 Ether
1,0xb10ea0d397db942a1083a4af9c6074ab63bc8c8b,1539587865,6520371.0,0x65b041db3135ed5f76d9486aa56f8ca5dc9a3f5e,OUT,2,0.0,0xca7e332b8b561ce56e83fa50a6db44e79deb1537ba44605dfe04461094873457,internal,call,0.014127457627118 Ether
1,0xb10ea0d397db942a1083a4af9c6074ab63bc8c8b,1539441090,6509952.0,0x65b041db3135ed5f76d9486aa56f8ca5dc9a3f5e,OUT,2,0.0,0xf4f95e71cb121d0e6fe9c4de35f0471341ebb7e616c86e202e2051809e35b57f,internal,call,0.019275932203389 Ether
1,0xb10ea0d397db942a1083a4af9c6074ab63bc8c8b,1540367991,6575636.0,0x65b041db3135ed5f76d9486aa56f8ca5dc9a3f5e,OUT,2,0.0,0xcfc1f1ce0bf49a0a63f770625df977d61042eea3926bb44b7fb472ab6ff8924a,internal,call,0.023858983050847 Ether
1,0xb10ea0d397db942a1083a4af9c6074ab63bc8c8b,1540884921,0.0,0x65b041db3135ed5f76d9486aa56f8ca5dc9a3f5e,OUT,2,0.0,0x2cba8a835cdbccc2a5a45eb074b87fa80a16f3526cb7ac6f379183ae39dc49bf,internal,call,0.016589830508474 Ether
1,0xb10ea0d397db942a1083a4af9c6074ab63bc8c8b,1540119940,6558040.0,0x65b041db3135ed5f76d9486aa56f8ca5dc9a3f5e,OUT,2,0.0,0x625600266252127c1f4df3e755795f74f11784f7c9b8fcf8d001a76c842f2785,internal,call,0.017671864406779 Ether
1,0xb10ea0d397db942a1083a4af9c6074ab63bc8c8b,1539935987,6545007.0,0x65b041db3135ed5f76d9486aa56f8ca5dc9a3f5e,OUT,2,0.0,0xb3c9e3079d27d7a86b5e3e9c045dcf5d64570bcef0d686a9b77b05623b51f96e,internal,call,0.033404745762711 Ether
1,0xb10ea0d397db942a1083a4af9c6074ab63bc8c8b,1540993226,0.0,0x65b041db3135ed5f76d9486aa56f8ca5dc9a3f5e,OUT,2,0.0,0xfd5a55862f8d45f7a757cad11c9edb2f0246f3c3a1333f483dd417716683063b,internal,call,0.0104 Ether
