Class,address,age,block,creator,direction,inter_direction,txFee,txhash,txn_type,type,value
1,0xbeefd8fb3b5778f99e021afa2e41e0614af6af11,1541410659,6649265.0,0x300758881bf3756b6cb5b2e96f545d7b3566ce3a,OUT,2,0.0,0x6cae06c3ccb7e25058d11dfca0c294f10c93de0b982b590ae646bef203832582,internal,call,0.028874640983606 Ether
1,0xbeefd8fb3b5778f99e021afa2e41e0614af6af11,1541878322,6682296.0,0x300758881bf3756b6cb5b2e96f545d7b3566ce3a,OUT,2,0.0,0xf6a840a42a611f06b6f86086e3e7725ff2a9a015b49556028ea0e02a812e54d7,internal,call,0.012321762295081 Ether
1,0xbeefd8fb3b5778f99e021afa2e41e0614af6af11,1541769470,6674587.0,0x300758881bf3756b6cb5b2e96f545d7b3566ce3a,OUT,2,0.0,0xa2718da0fac17dda3d67ed7e5ce0b41b369c84f542a39b8b1a11af6739ed71c9,internal,call,0.04047368852459 Ether
1,0xbeefd8fb3b5778f99e021afa2e41e0614af6af11,1541173111,0.0,0x300758881bf3756b6cb5b2e96f545d7b3566ce3a,OUT,2,0.0,0x56947dfd3d9679338585a61399159e3627d0bd2b39e3b34095888526c866892b,internal,call,0.0078 Ether
