Class,address,age,block,creator,direction,inter_direction,txFee,txhash,txn_type,type,value
1,0xb10ea0d397db942a1083a4af9c6074ab63bc8c8b,1540881629,6612011.0,0x65b041db3135ed5f76d9486aa56f8ca5dc9a3f5e,OUT,2,0.0,0xe34dfc3f2358859dbc4452c45dd4a8bb050b60c0e097c9820d0cca86df9fa81e,internal,call,0.023151186440677 Ether
1,0xb10ea0d397db942a1083a4af9c6074ab63bc8c8b,1540003773,6549807.0,0x65b041db3135ed5f76d9486aa56f8ca5dc9a3f5e,OUT,2,0.0,0x410ed224ca1114ae705d6b7b240ac700175a9d7aacf183a8baa3b6e5681bd42c,internal,call,0.021045559322033 Ether
1,0xb10ea0d397db942a1083a4af9c6074ab63bc8c8b,1540032207,6551841.0,0x65b041db3135ed5f76d9486aa56f8ca5dc9a3f5e,OUT,2,0.0,0x28f960c0cafada00b7523cb1a937713a05f11d834c984567fc7b57f613e8d78a,internal,call,0.00262006779661 Ether
1,0xb10ea0d397db942a1083a4af9c6074ab63bc8c8b,1540973055,6618434.0,0x65b041db3135ed5f76d9486aa56f8ca5dc9a3f5e,OUT,2,0.0,0xf88b8ac49355f98aa410927e71915be66f4c24119c0eb6e782232a67ae069dc3,internal,call,0.008709152542372 Ether
1,0xb10ea0d397db942a1083a4af9c6074ab63bc8c8b,1539506984,6514624.0,0x65b041db3135ed5f76d9486aa56f8ca5dc9a3f5e,OUT,2,0.0,0x8035199a9e1e7988f95ce4d582b26117ac0a45ba3e7d4c54cff51439bc057554,internal,call,0.008559661016949 Ether
1,0xb10ea0d397db942a1083a4af9c6074ab63bc8c8b,1540640247,6594937.0,0x65b041db3135ed5f76d9486aa56f8ca5dc9a3f5e,OUT,2,0.0,0xca7bee53b63de10fb595fd49f90be95f480989c9864c1f0332d6ad175ce93fdd,internal,call,0.058435254237288 Ether
1,0xb10ea0d397db942a1083a4af9c6074ab63bc8c8b,1539772735,6533469.0,0x65b041db3135ed5f76d9486aa56f8ca5dc9a3f5e,OUT,2,0.0,0xe056f068cb251a40e4c2a23643e1a72fffd566512ab7c0720a1c11d0919722b7,internal,call,0.012811796610169 Ether
1,0xb10ea0d397db942a1083a4af9c6074ab63bc8c8b,1539632073,6523523.0,0x65b041db3135ed5f76d9486aa56f8ca5dc9a3f5e,OUT,2,0.0,0x1e9e68535d9aa2c32abc359124fdd43bdb21499a8242b14139b1566457e5fc24,internal,call,0.011463118644067 Ether
