Class,address,age,block,creator,direction,inter_direction,txFee,txhash,txn_type,type,value
1,0x7b307c1f0039f5d38770e15f8043b3dd26da5e8f,1539440048,6509881.0,0xe1f3294e25bb72a2fb53addb82aa1a033797e6e3,IN,3,3.976e-05,0x25c75cea1c53b3c67c2e52f0f70d98dff2129ee732ecdafd58b2bc9e8a1c46fb,external,0,0 Ether
1,0x7b307c1f0039f5d38770e15f8043b3dd26da5e8f,1537924576,6402160.0,0xe1f3294e25bb72a2fb53addb82aa1a033797e6e3,IN,3,0.00035785,0x38bd47c011a77a7d0f0dae474255fa42fb9c8128bc30f8b2e907c180ec1fd99b,external,0,0 Ether
1,0x7b307c1f0039f5d38770e15f8043b3dd26da5e8f,1537835748,6395859.0,0xe1f3294e25bb72a2fb53addb82aa1a033797e6e3,IN,3,0.00037003,0x3c3fbd831ca8a9efa1520f16c7f5dae1b506d760206f31914cfe885c8438258a,external,0,0.01 Ether
