Class,address,age,block,creator,direction,inter_direction,txFee,txhash,txn_type,type,value
1,0x7b307c1f0039f5d38770e15f8043b3dd26da5e8f,1540345241,6574009.0,0xe1f3294e25bb72a2fb53addb82aa1a033797e6e3,IN,3,0.00079524,0x291b51a87c2e98750025db09de8b56858ea60a59a5d3b3032fa9a1b3976ef854,external,0,0 Ether
1,0x7b307c1f0039f5d38770e15f8043b3dd26da5e8f,1539802487,6535600.0,0xe1f3294e25bb72a2fb53addb82aa1a033797e6e3,IN,3,0.00123344,0x2b2bb501aa1311ea7a40b4b6f62dd2b435d9b62aad6ba368041582f6202b1e25,external,0,2.7 Ether
1,0x7b307c1f0039f5d38770e15f8043b3dd26da5e8f,1540239009,6566490.0,0xe1f3294e25bb72a2fb53addb82aa1a033797e6e3,IN,3,0.00079524,0x414b7594776250431a10e2ccfb5619f3f10a17de0ab6c3f8da6cc09fe866019e,external,0,0 Ether
1,0x7b307c1f0039f5d38770e15f8043b3dd26da5e8f,1539997413,6549338.0,0xe1f3294e25bb72a2fb53addb82aa1a033797e6e3,IN,3,0.00079524,0x4453ca3a8ace1384eef4fb31305141c78d9c7e8fe6fdbdb2e195c63845ab0088,external,0,0 Ether
1,0x7b307c1f0039f5d38770e15f8043b3dd26da5e8f,1540344642,6573967.0,0xe1f3294e25bb72a2fb53addb82aa1a033797e6e3,IN,3,0.00079524,0x67470bfdd2520d5b9abc3c1a531ec6b70165f4c6e62ac6335da5a1d899a4c1ec,external,0,0 Ether
1,0x7b307c1f0039f5d38770e15f8043b3dd26da5e8f,1539889679,6541752.0,0xe1f3294e25bb72a2fb53addb82aa1a033797e6e3,IN,3,0.00079524,0x6761046bd5006339509bce01c9150e753f10c969ba5d64d7025c077ac944af2d,external,0,0 Ether
1,0x7b307c1f0039f5d38770e15f8043b3dd26da5e8f,1540158661,6560814.0,0xe1f3294e25bb72a2fb53addb82aa1a033797e6e3,IN,3,0.00079524,0xa23938ae2cc1f0a8f5442b97500a175b3d7704e3f33bfa539ca60e7092606448,external,0,0 Ether
