Class,address,age,block,creator,direction,inter_direction,txFee,txhash,txn_type,type,value
1,0x7b307c1f0039f5d38770e15f8043b3dd26da5e8f,1538554609,6446639.0,0xe1f3294e25bb72a2fb53addb82aa1a033797e6e3,IN,3,0.00024668,0x1d6cddda8938a651c93cf4b66df93c68817fec0558255d040a1e3a5067c2ee52,external,0,0.1 Ether
1,0x7b307c1f0039f5d38770e15f8043b3dd26da5e8f,1539173978,6490885.0,0xe1f3294e25bb72a2fb53addb82aa1a033797e6e3,IN,3,0.00019881,0x24bf613562f325d68a2f04ac6f8fe16e04d16d3e9d65f1118ae7a20a41f04a23,external,0,0 Ether
1,0x7b307c1f0039f5d38770e15f8043b3dd26da5e8f,1539174056,6490891.0,0xe1f3294e25bb72a2fb53addb82aa1a033797e6e3,IN,3,0.00019881,0x27eff03c38fd6d74bf06c1f44c2eb43f39bce735e8a084c1581e67c137744444,external,0,0 Ether
1,0x7b307c1f0039f5d38770e15f8043b3dd26da5e8f,1540255681,6567676.0,0xe1f3294e25bb72a2fb53addb82aa1a033797e6e3,IN,3,0.00019881,0x36f43c76f2f9f20d7ec8c1eae93ee79a9a15cf48364a77032da5d5a849f4c0ec,external,0,0 Ether
1,0x7b307c1f0039f5d38770e15f8043b3dd26da5e8f,1539987195,6548624.0,0xe1f3294e25bb72a2fb53addb82aa1a033797e6e3,IN,3,0.00015904,0x526298f0d570ed38024e6a0ef96a62e77b4ed2dc2893bc1b0eb5a24d9d19ff9f,external,0,0 Ether
1,0x7b307c1f0039f5d38770e15f8043b3dd26da5e8f,1538826711,6466049.0,0xe1f3294e25bb72a2fb53addb82aa1a033797e6e3,IN,3,3.976e-05,0x54481330299127c6213ee64b2c6bf40b8d6eaf625c059dffcd0ec252eb63cd2d,external,0,0 Ether
1,0x7b307c1f0039f5d38770e15f8043b3dd26da5e8f,1539000034,6478478.0,0xe1f3294e25bb72a2fb53addb82aa1a033797e6e3,IN,3,7.952e-05,0x91a4e6dccdfec690b12879c28629bb09d15902ff084fd816782749329090d03b,external,0,0 Ether
1,0x7b307c1f0039f5d38770e15f8043b3dd26da5e8f,1539778822,6533905.0,0xe1f3294e25bb72a2fb53addb82aa1a033797e6e3,IN,3,3.976e-05,0x983a9fcf78d5e8627a974219ecf956bfafce2f26982f5d11c41dbff256694104,external,0,0 Ether
1,0x7b307c1f0039f5d38770e15f8043b3dd26da5e8f,1538708586,6457567.0,0xe1f3294e25bb72a2fb53addb82aa1a033797e6e3,IN,3,0.00015904,0xb108d6c41882ccd5eda992ccf95b7e9ab578aa0db09050f875bf250c7023657c,external,0,0 Ether
