Class,address,age,block,creator,direction,inter_direction,txFee,txhash,txn_type,type,value
1,0x7b307c1f0039f5d38770e15f8043b3dd26da5e8f,1539006861,6478963.0,0xe1f3294e25bb72a2fb53addb82aa1a033797e6e3,IN,3,0.00047714,0x020031cf0db0ce7d76263b2d435c6d29a48970d6d88233f754cc91dbd555655b,external,0,0 Ether
1,0x7b307c1f0039f5d38770e15f8043b3dd26da5e8f,1540219412,6565045.0,0xe1f3294e25bb72a2fb53addb82aa1a033797e6e3,IN,3,0.00047714,0x03ec4cdc2afd809fb429c72958afb88e03d0f0c301027d41ef0df1344ef5aecb,external,0,0 Ether
1,0x7b307c1f0039f5d38770e15f8043b3dd26da5e8f,1539094694,6485194.0,0xe1f3294e25bb72a2fb53addb82aa1a033797e6e3,IN,3,0.00047714,0x482bd2c65749d1918ce406cd46904627da23a7309074dabcf74ba5e1a67d3bfa,external,0,0 Ether
1,0x7b307c1f0039f5d38770e15f8043b3dd26da5e8f,1540045555,6552814.0,0xe1f3294e25bb72a2fb53addb82aa1a033797e6e3,IN,3,0.00047714,0x53335fe145d896ecc5efe9946de5cb06b7877ecdc9f65fae570fb810c9e76978,external,0,0 Ether
1,0x7b307c1f0039f5d38770e15f8043b3dd26da5e8f,1540134726,6559096.0,0xe1f3294e25bb72a2fb53addb82aa1a033797e6e3,IN,3,0.00047714,0x5f4e2a51d8bcc2305405c9bd6990b034891ec60f8e08934687885a6859c2e3cb,external,0,0 Ether
1,0x7b307c1f0039f5d38770e15f8043b3dd26da5e8f,1540328031,6572802.0,0xe1f3294e25bb72a2fb53addb82aa1a033797e6e3,IN,3,0.00047714,0x7ce757bae712ff404aed22da3f4641199caa61df7d4609deea13707c103ba5c6,external,0,0 Ether
1,0x7b307c1f0039f5d38770e15f8043b3dd26da5e8f,1538574496,6448023.0,0xe1f3294e25bb72a2fb53addb82aa1a033797e6e3,IN,3,0.00074006,0x81ac8de6da7f3cef67edcf8da263fb98c47f7497d0b18bc3574c7a371bea6109,external,0,0.35 Ether
1,0x7b307c1f0039f5d38770e15f8043b3dd26da5e8f,1539181426,6491415.0,0xe1f3294e25bb72a2fb53addb82aa1a033797e6e3,IN,3,0.00047714,0x9bb44aff761964b43e0bbee3b6732ab2b1bec0ee45b91ee0d9cc0b9c991b4feb,external,0,0 Ether
