Class,address,age,block,creator,direction,inter_direction,txFee,txhash,txn_type,type,value
1,0xb547027a4ccd46ec98199fa88aaedf5aa981db26,1537992112,6406927.0,0xaf9c025ce6322a23ac00301c714f4f42895c9818,OUT,2,0.0,0x044d45e9182d2df887051c3cd14acc1f55f9c472981886bcc54e9af999fbb5d8,internal,call,0.0083455625 Ether
1,0xb547027a4ccd46ec98199fa88aaedf5aa981db26,1537988428,6406654.0,0xaf9c025ce6322a23ac00301c714f4f42895c9818,OUT,2,0.0,0x5b04fc6212f7c8c3411226db8576ff00929e1853b66e59caa81b41ae90c54500,internal,call,0.0015049375 Ether
1,0xb547027a4ccd46ec98199fa88aaedf5aa981db26,1537987755,0.0,0xaf9c025ce6322a23ac00301c714f4f42895c9818,OUT,2,0.0,0x0d2cea8ed8f338ccd703a2d7c66821a43ec69c596315ed920f45d9c95e918dfe,internal,call,0.0567771875 Ether
1,0xb547027a4ccd46ec98199fa88aaedf5aa981db26,1537962880,6404856.0,0xaf9c025ce6322a23ac00301c714f4f42895c9818,OUT,2,0.0,0x9792ab0bcde5105fce6e0be728b9a8c5dba2df906c5ec7d14be5ee8326126b11,internal,call,0.2313499375 Ether
1,0xb547027a4ccd46ec98199fa88aaedf5aa981db26,1537861431,6397685.0,0xaf9c025ce6322a23ac00301c714f4f42895c9818,OUT,2,0.0,0x4e5fffffdfc5f551c48ce738537ee32a17af527612e72f0d07f5c0be901dff30,internal,call,0.117932375 Ether
1,0xb547027a4ccd46ec98199fa88aaedf5aa981db26,1537809657,0.0,0xaf9c025ce6322a23ac00301c714f4f42895c9818,OUT,2,0.0,0x8f856098ecd740fec7313940bddd41691af1bf5bc72f3f2fec3e2d705d2e634b,internal,call,0.001959375 Ether
1,0xb547027a4ccd46ec98199fa88aaedf5aa981db26,1537808756,0.0,0xaf9c025ce6322a23ac00301c714f4f42895c9818,OUT,2,0.0,0x87fa0fca60c85ff5fb82fb3b149e757de4424ed1169bcdfe093387cd5ee0019d,internal,call,0.024656041666666 Ether
1,0xb547027a4ccd46ec98199fa88aaedf5aa981db26,1537796575,0.0,0xaf9c025ce6322a23ac00301c714f4f42895c9818,OUT,2,0.0,0xcc157026c59535bd4d38098c0778744d62cf0c36c30862b4acef9213f9725699,internal,call,0.003813333333333 Ether
