Class,address,age,block,creator,direction,inter_direction,txFee,txhash,txn_type,type,value
1,0x7b307c1f0039f5d38770e15f8043b3dd26da5e8f,1539657602,6525287.0,0xe1f3294e25bb72a2fb53addb82aa1a033797e6e3,IN,3,7.952e-05,0x0317bb86bf4a0c0deca938f432bdde456f8e313610aa36e1ba481e30d115440c,external,0,0 Ether
1,0x7b307c1f0039f5d38770e15f8043b3dd26da5e8f,1539132227,6487957.0,0xe1f3294e25bb72a2fb53addb82aa1a033797e6e3,IN,3,0.00011928,0x10c63dd909b3f630615d361241c840152a430221200bbab2d2bf1f5252a79438,external,0,0 Ether
1,0x7b307c1f0039f5d38770e15f8043b3dd26da5e8f,1538615177,6450930.0,0xe1f3294e25bb72a2fb53addb82aa1a033797e6e3,IN,3,0.00019881,0x193ead8a90c970f876f92fe7e8fb04e9c5255bdf9cae96fa3e5346e4dec31eb2,external,0,0 Ether
1,0x7b307c1f0039f5d38770e15f8043b3dd26da5e8f,1539564169,6518704.0,0xe1f3294e25bb72a2fb53addb82aa1a033797e6e3,IN,3,0.00031809,0x9d55a21b7ecb3943821e25179accd89cc06e67b6af422a19bb7d5ac013746196,external,0,0 Ether
1,0x7b307c1f0039f5d38770e15f8043b3dd26da5e8f,1538958183,6475486.0,0xe1f3294e25bb72a2fb53addb82aa1a033797e6e3,IN,3,0.00011928,0x9dd3e257a88b974b2d335db2b04ab43b2f96d66f1442b3fe53fdd1af92762143,external,0,0 Ether
1,0x7b307c1f0039f5d38770e15f8043b3dd26da5e8f,1540173102,6561832.0,0xe1f3294e25bb72a2fb53addb82aa1a033797e6e3,IN,3,0.00011928,0x9f6694bee4bc52a2ab94f62f5f6b249891c379ac42648eb749509384f2238c4c,external,0,0 Ether
1,0x7b307c1f0039f5d38770e15f8043b3dd26da5e8f,1540348179,6574212.0,0xe1f3294e25bb72a2fb53addb82aa1a033797e6e3,IN,3,0.00031809,0xa9881bc7f8453ce04c3c82debb61770d14c50421d5cee1aa6b2adc1fd8c00577,external,0,0 Ether
1,0x7b307c1f0039f5d38770e15f8043b3dd26da5e8f,1539914620,6543500.0,0xe1f3294e25bb72a2fb53addb82aa1a033797e6e3,IN,3,0.00023857,0xb061df28400fc03f5b675c505ba9b2acc6139fc4fc72b4d7d8f8df637378dfaf,external,0,0 Ether
