Class,address,age,block,creator,direction,inter_direction,txFee,txhash,txn_type,type,value
1,0x7b307c1f0039f5d38770e15f8043b3dd26da5e8f,1539691763,6527701.0,0xe1f3294e25bb72a2fb53addb82aa1a033797e6e3,IN,3,0.00035785,0x220c547bd83fcc1ae282c854275725e45a20006b9560e76febad61d0b5967137,external,0,0 Ether
1,0x7b307c1f0039f5d38770e15f8043b3dd26da5e8f,1538234392,6424005.0,0xe1f3294e25bb72a2fb53addb82aa1a033797e6e3,IN,3,0.00035785,0x31fe605f309505cd03c06203bfbf6becdcb25eb78f7287abbb59eeb721a62e06,external,0,0 Ether
1,0x7b307c1f0039f5d38770e15f8043b3dd26da5e8f,1540019968,6550961.0,0xe1f3294e25bb72a2fb53addb82aa1a033797e6e3,IN,3,0.00035785,0x588111919ea0f8a6838efb7f3e4faa98db635f7ae3bb645788e21ce8f08a39dd,external,0,0 Ether
1,0x7b307c1f0039f5d38770e15f8043b3dd26da5e8f,1537882168,6399141.0,0xe1f3294e25bb72a2fb53addb82aa1a033797e6e3,IN,3,0.00035785,0x7dbbfac019fbe984a2c6c73dc76b7fe067a46e705d6ac6d485e25e92791a53ec,external,0,0.3 Ether
1,0x7b307c1f0039f5d38770e15f8043b3dd26da5e8f,1539907770,6543054.0,0xe1f3294e25bb72a2fb53addb82aa1a033797e6e3,IN,3,0.00035785,0x9f859d665156e4cd800397e88d140449aa7c5b45d44389ea08c3d87ebf4f034b,external,0,0 Ether
