Class,address,age,block,creator,direction,inter_direction,txFee,txhash,txn_type,type,value
1,0x7b307c1f0039f5d38770e15f8043b3dd26da5e8f,1537370942,6363222.0,0xe1f3294e25bb72a2fb53addb82aa1a033797e6e3,IN,3,0.0019881,0x0cdee37f25db33586bbe7c0e1ad181a25aa0081d8741571cc66a080ac425a820,external,0,0 Ether
1,0x7b307c1f0039f5d38770e15f8043b3dd26da5e8f,1537283714,6357072.0,0xe1f3294e25bb72a2fb53addb82aa1a033797e6e3,IN,3,0.0030836,0x9721c59db3185e4fbae3dd397421c65c30c85c2f7adaec1b5abe8c24817f9843,external,0,0.05 Ether
