Class,address,age,block,creator,direction,inter_direction,txFee,txhash,txn_type,type,value
1,0x7b307c1f0039f5d38770e15f8043b3dd26da5e8f,1538017034,6408662.0,0xe1f3294e25bb72a2fb53addb82aa1a033797e6e3,IN,3,0.00074006,0x607ab4de5dcc3fe180b94d11ae6686ee44f90c55835f7870cf55674a62186bdc,external,0,5 Ether
1,0x7b307c1f0039f5d38770e15f8043b3dd26da5e8f,1539140651,6488556.0,0xe1f3294e25bb72a2fb53addb82aa1a033797e6e3,IN,3,0.00019881,0x8c968691bcb8fe625ebce9b9d6820594a1353a93f7a7c631ca015f9f5bd21258,external,0,0 Ether
1,0x7b307c1f0039f5d38770e15f8043b3dd26da5e8f,1540260604,6568019.0,0xe1f3294e25bb72a2fb53addb82aa1a033797e6e3,IN,3,0.00043738,0xb1dc3e43f347f7564f76213a4c36baee355ad086e9808a73b4e55674eb5577c4,external,0,0 Ether
