Class,address,age,block,creator,direction,inter_direction,txFee,txhash,txn_type,type,value
1,0x7b307c1f0039f5d38770e15f8043b3dd26da5e8f,1538880882,6469909.0,0xe1f3294e25bb72a2fb53addb82aa1a033797e6e3,IN,3,0.000308,0x06beddea78c3f249ee86f6772d324dcb8f2af7fda457eb09107751e6ea697076,external,0,0 Ether
1,0x7b307c1f0039f5d38770e15f8043b3dd26da5e8f,1540236922,6566334.0,0xe1f3294e25bb72a2fb53addb82aa1a033797e6e3,IN,3,0.00020402,0x2e0a65f9e5cc4b8f08b2f2c276e70cabf7380d4d0b2ed4a151b99e193b6b7ea1,external,0,0 Ether
1,0x7b307c1f0039f5d38770e15f8043b3dd26da5e8f,1540064649,6554152.0,0xe1f3294e25bb72a2fb53addb82aa1a033797e6e3,IN,3,0.00024379,0x3a0b20ea7d16b928cf76df513e68a31b0232489ba2f7d1da3b61b8523359a0a0,external,0,0 Ether
1,0x7b307c1f0039f5d38770e15f8043b3dd26da5e8f,1539222250,6494291.0,0xe1f3294e25bb72a2fb53addb82aa1a033797e6e3,IN,3,0.00022306,0x41639403b60ccc8d4285f6e379de1989d07daf6b3f81efc2e6d3a4d8f1237af5,external,0,0 Ether
1,0x7b307c1f0039f5d38770e15f8043b3dd26da5e8f,1539095805,6485277.0,0xe1f3294e25bb72a2fb53addb82aa1a033797e6e3,IN,3,9.622e-05,0x85deafc52eb02e46b4be7f5e8349bc7747e1050af78969650867e71ed15e6177,external,0,0 Ether
1,0x7b307c1f0039f5d38770e15f8043b3dd26da5e8f,1538185362,6420522.0,0xe1f3294e25bb72a2fb53addb82aa1a033797e6e3,IN,3,0.00084047,0x9fc0b229d82afe7d62bc93242b23f54ec6a6b524c3821bdfb6b81f76a827cf9c,external,0,1.488 Ether
