Class,address,age,block,creator,direction,inter_direction,txFee,txhash,txn_type,type,value
1,0x7b307c1f0039f5d38770e15f8043b3dd26da5e8f,1538477524,6441217.0,0xe1f3294e25bb72a2fb53addb82aa1a033797e6e3,IN,3,0.00031809,0x036f4f100143c0e488cc736080b2adfefa005b4e3580f1e97e568fc2ac2d585f,external,0,0.088 Ether
1,0x7b307c1f0039f5d38770e15f8043b3dd26da5e8f,1538386958,6434776.0,0xe1f3294e25bb72a2fb53addb82aa1a033797e6e3,IN,3,0.00035785,0x099824ccb48e5d91a6ef037181cf75f63bab5ee9276f7df4135e1f6e33805dd0,external,0,0.038 Ether
1,0x7b307c1f0039f5d38770e15f8043b3dd26da5e8f,1538389561,6434967.0,0xe1f3294e25bb72a2fb53addb82aa1a033797e6e3,IN,3,0.00119286,0x509c4fc224f72fc38e5bddc2f3cd4280cd5bfc3d7df9a5e4a7d9ab0d0c481713,external,0,0 Ether
1,0x7b307c1f0039f5d38770e15f8043b3dd26da5e8f,1538371880,6433664.0,0xe1f3294e25bb72a2fb53addb82aa1a033797e6e3,IN,3,0.00049337,0x709a6fad47f07b2a5d0d20b4fb108e467851886fba8c706f63870fecb6366a81,external,0,0.036 Ether
