Class,address,age,block,creator,direction,inter_direction,txFee,txhash,txn_type,type,value
1,0x7b307c1f0039f5d38770e15f8043b3dd26da5e8f,1538930060,6470331.0,0xe1f3294e25bb72a2fb53addb82aa1a033797e6e3,IN,3,0.00023857,0x04cc981867bd0a60edc5faf5606cabf24b9fb49395457ef6974c39e97b2be208,external,0,0.06 Ether
1,0x7b307c1f0039f5d38770e15f8043b3dd26da5e8f,1538929220,6470267.0,0xe1f3294e25bb72a2fb53addb82aa1a033797e6e3,IN,3,0.00015904,0x0678d6a680bc14b47a05c737341b8f4bdc372a71a3e6d458f0a05c250a6bb955,external,0,0 Ether
1,0x7b307c1f0039f5d38770e15f8043b3dd26da5e8f,1539903963,6542786.0,0xe1f3294e25bb72a2fb53addb82aa1a033797e6e3,IN,3,0.00015904,0x46ba92292bab584aae2ab0a9b82db813385a0ceaabc42d6fde75bc0240b05dc9,external,0,0 Ether
1,0x7b307c1f0039f5d38770e15f8043b3dd26da5e8f,1539446057,6510284.0,0xe1f3294e25bb72a2fb53addb82aa1a033797e6e3,IN,3,0.00011928,0x4b1e2a2bbc10e755ed5a79929c9be199b627cd100c8b024ab1b4772e86cddb6d,external,0,0 Ether
1,0x7b307c1f0039f5d38770e15f8043b3dd26da5e8f,1538356013,6432577.0,0xe1f3294e25bb72a2fb53addb82aa1a033797e6e3,IN,3,0.00031809,0x617c3126053cb0d3607c8fcbab7802aaa0119c4fc59f035a73fcdab91c5988ba,external,0,0 Ether
1,0x7b307c1f0039f5d38770e15f8043b3dd26da5e8f,1540339874,6573623.0,0xe1f3294e25bb72a2fb53addb82aa1a033797e6e3,IN,3,0.00027833,0x789cf9feba5a3b5ebe6b4aa6f522fb68401b0c592b8f3e2c226cfa2275c9a29f,external,0,0 Ether
1,0x7b307c1f0039f5d38770e15f8043b3dd26da5e8f,1539168374,6490476.0,0xe1f3294e25bb72a2fb53addb82aa1a033797e6e3,IN,3,0.00031809,0xa71ccece3cb3b99490d4c3cda35813d5ffbb907d7b41a3afd27b4e2291aaca8f,external,0,0 Ether
