Class,address,age,block,creator,direction,inter_direction,txFee,txhash,txn_type,type,value
1,0x7b307c1f0039f5d38770e15f8043b3dd26da5e8f,1539586494,6520262.0,0xe1f3294e25bb72a2fb53addb82aa1a033797e6e3,IN,3,0.00119286,0x0727d5606d023bfe8ffd527f81ca1e57341ee47ecc6b409b9ee28b16dd77dd01,external,0,0 Ether
1,0x7b307c1f0039f5d38770e15f8043b3dd26da5e8f,1539068001,6483333.0,0xe1f3294e25bb72a2fb53addb82aa1a033797e6e3,IN,3,0.00059643,0x0f5c04c89839d4161e32104d01576402cbaae9ee8ddf741a6bfd4810cfa4ea73,external,0,0 Ether
1,0x7b307c1f0039f5d38770e15f8043b3dd26da5e8f,1540105139,6556969.0,0xe1f3294e25bb72a2fb53addb82aa1a033797e6e3,IN,3,0.00119286,0x238e05cd9308bfba2610822fc12f196b321071ff1c791d4240b6302ad2c42c08,external,0,0 Ether
1,0x7b307c1f0039f5d38770e15f8043b3dd26da5e8f,1538376699,6433997.0,0xe1f3294e25bb72a2fb53addb82aa1a033797e6e3,IN,3,0.00123344,0x43775316c0e7fb5798df1353495624b181557f45a6868d4e86fca822fce8e722,external,0,1 Ether
1,0x7b307c1f0039f5d38770e15f8043b3dd26da5e8f,1538981577,6477173.0,0xe1f3294e25bb72a2fb53addb82aa1a033797e6e3,IN,3,0.00079524,0x4377b689a59bf4a4d354fd47a6ce82e9825844625a11231494158539770b4e63,external,0,0 Ether
1,0x7b307c1f0039f5d38770e15f8043b3dd26da5e8f,1540191756,6563113.0,0xe1f3294e25bb72a2fb53addb82aa1a033797e6e3,IN,3,0.00079524,0x9289fb0b59a97b56937e356a4901210e1312b9baacd94c1c91dde0aeb030c1a2,external,0,0 Ether
1,0x7b307c1f0039f5d38770e15f8043b3dd26da5e8f,1539154445,6489486.0,0xe1f3294e25bb72a2fb53addb82aa1a033797e6e3,IN,3,0.00039762,0x98bd4142d7e69bf14f302eb3af45ee1089807d46af6b1393d7de512ccbc360ed,external,0,0 Ether
