Class,address,age,block,creator,direction,inter_direction,txFee,txhash,txn_type,type,value
1,0x7b307c1f0039f5d38770e15f8043b3dd26da5e8f,1539382706,6505725.0,0xe1f3294e25bb72a2fb53addb82aa1a033797e6e3,IN,3,7.952e-05,0x03dd60dbbd328d3de72bbd663991fd1ca3fb9c41daa46c40843b11cb5fd2ddd9,external,0,0 Ether
1,0x7b307c1f0039f5d38770e15f8043b3dd26da5e8f,1538001098,6407558.0,0xe1f3294e25bb72a2fb53addb82aa1a033797e6e3,IN,3,0.00034989999999999994,0x064f11919a273758bcd2981e09285714f52dbb3c0f7e0a220eed12f3e75a36b2,external,0,0.76 Ether
1,0x7b307c1f0039f5d38770e15f8043b3dd26da5e8f,1540115815,6557758.0,0xe1f3294e25bb72a2fb53addb82aa1a033797e6e3,IN,3,0.00011928,0x09b2319fe1219d13161968e188084bd527ee16c8bcff5f6e9b84ce884c5fcfd0,external,0,0 Ether
1,0x7b307c1f0039f5d38770e15f8043b3dd26da5e8f,1540265010,6568361.0,0xe1f3294e25bb72a2fb53addb82aa1a033797e6e3,IN,3,0.00019881,0x13cce2e25a0919b03b7615173841bd15434b6f9d631a0de827b1e0511b7e5357,external,0,0 Ether
1,0x7b307c1f0039f5d38770e15f8043b3dd26da5e8f,1537834262,6395744.0,0xe1f3294e25bb72a2fb53addb82aa1a033797e6e3,IN,3,0.00037311,0x1dc6a0ce5c53d03187f4d0aed9ab4c4248d6f39f05d727c55a986c1db1d441f9,external,0,0.17 Ether
1,0x7b307c1f0039f5d38770e15f8043b3dd26da5e8f,1538610624,6450587.0,0xe1f3294e25bb72a2fb53addb82aa1a033797e6e3,IN,3,0.00017892,0x4f1e2d559f8fcea55b8ac77e3e9a9058f4808ac3ffa043308b10ecb0375a9254,external,0,0 Ether
1,0x7b307c1f0039f5d38770e15f8043b3dd26da5e8f,1540235461,6566224.0,0xe1f3294e25bb72a2fb53addb82aa1a033797e6e3,IN,3,0.00015904,0x6c8e55bb6be774e0202fda436d77748ec7fc9942d3d5695d835b92697add39ad,external,0,0 Ether
1,0x7b307c1f0039f5d38770e15f8043b3dd26da5e8f,1537852935,6397082.0,0xe1f3294e25bb72a2fb53addb82aa1a033797e6e3,IN,3,0.00015904,0x8ab309c7ad2d73746b3658c091d49786a1aeac46a0b4967e254540a06f94276b,external,0,0.39 Ether
1,0x7b307c1f0039f5d38770e15f8043b3dd26da5e8f,1537990951,6406840.0,0xe1f3294e25bb72a2fb53addb82aa1a033797e6e3,IN,3,0.00033797,0xaf3df1732a66a5c65e99024bf66502e69ad3f9450699cfd9de37ff61150465d5,external,0,0 Ether
