Class,address,age,block,creator,direction,inter_direction,txFee,txhash,txn_type,type,value
0,0x7c5a0ce9267ed19b22f8cae653f198e3e8daf098,1505020122,4258821.0,0x008cdc9b89ad677cef7f2c055efc97d3606a50bd,IN,3,0.00110264,0x1daf932386cb461678a241b422834e58065e000f0f5bc2f1f762bbc64248998f,external,0,0 Ether
0,0x7c5a0ce9267ed19b22f8cae653f198e3e8daf098,1505303546,4270602.0,0x008cdc9b89ad677cef7f2c055efc97d3606a50bd,IN,3,0.00078764,0x219ba0b86d6b4a26f6e082c5560d0c06f7641fb4b2fff05be680e0c59c4cd67c,external,0,0 Ether
0,0x7c5a0ce9267ed19b22f8cae653f198e3e8daf098,1503572065,4199589.0,0x008cdc9b89ad677cef7f2c055efc97d3606a50bd,IN,3,0.00048972,0xb6139541dc50bb8f214f9b800b97e1fb3305e153c865292987637612d058e306,external,0,0 Ether
