Class,address,age,block,creator,direction,inter_direction,txFee,txhash,txn_type,type,value
0,0x7c5a0ce9267ed19b22f8cae653f198e3e8daf098,1501205310,4084973.0,0x008cdc9b89ad677cef7f2c055efc97d3606a50bd,IN,3,0.00068841,0x777f50f99ee49b4209f54f33f5eb3196966f028678437475dbd7b1d83a46f789,external,0,0 Ether
0,0x7c5a0ce9267ed19b22f8cae653f198e3e8daf098,1501245884,4087145.0,0x008cdc9b89ad677cef7f2c055efc97d3606a50bd,IN,3,0.00068841,0x9dab06b2acef270ac520e4abbf26a281551f565e2145b88702da4ec14cf8dc98,external,0,0 Ether
0,0x7c5a0ce9267ed19b22f8cae653f198e3e8daf098,1501209622,4085177.0,0x008cdc9b89ad677cef7f2c055efc97d3606a50bd,IN,3,0.00075469,0xb1c75b7cec5926bb247f144177e3e8e59cb5edae3784c525ea144b6b73133c2c,external,0,0 Ether
