Class,address,age,block,creator,direction,inter_direction,txFee,txhash,txn_type,type,value
0,0x67a5de922c1f4d1a4dbd848466b86b5455fb6a3b,1522364416,5347534.0,0x7ce6c6f1002e5ad54c3d8326fddcf2fc78b80277,OUT,2,0.0,0xf494c001f23b32e1c3bd82f686162c09ba96e2c2dbd92567423f83726f59938d,internal,call,0.003662037037037 Ether
0,0x67a5de922c1f4d1a4dbd848466b86b5455fb6a3b,1522364053,5347512.0,0x7ce6c6f1002e5ad54c3d8326fddcf2fc78b80277,OUT,2,0.0,0xa1f6a73d37bcc243a9c078177323a0c8eac0966ad97f56968db2d4d64f0b8093,internal,call,0.003687962962962 Ether
0,0x67a5de922c1f4d1a4dbd848466b86b5455fb6a3b,1522363282,5347475.0,0x7ce6c6f1002e5ad54c3d8326fddcf2fc78b80277,OUT,2,0.0,0xd029373b9f9ecbb01a3fdca3f8418b7be7024cc18373cb48bbf6b81d9390f845,internal,call,0.000983796296296 Ether
0,0x67a5de922c1f4d1a4dbd848466b86b5455fb6a3b,1522363066,5347460.0,0x7ce6c6f1002e5ad54c3d8326fddcf2fc78b80277,OUT,2,0.0,0xcd0a0e366c7dfb28a3dabf2abfad873e8166a27032ee3cc6423064588c2a3173,internal,call,0.00423928914195 Ether
0,0x67a5de922c1f4d1a4dbd848466b86b5455fb6a3b,1522361296,5347329.0,0x7ce6c6f1002e5ad54c3d8326fddcf2fc78b80277,OUT,2,0.0,0x60a2b0057ed009860965544019beb7a33b401bbbacdced7812bd3f2afd7a9559,internal,call,0.003628462080701 Ether
0,0x67a5de922c1f4d1a4dbd848466b86b5455fb6a3b,1522372573,5348086.0,0x7ce6c6f1002e5ad54c3d8326fddcf2fc78b80277,OUT,2,0.0,0x9f3c25fc1096f2b1cb4716e1b7ef4efe27a02f403e81fdf1a2454304fd1aca40,internal,call,0.004728269230613 Ether
