Class,address,age,block,creator,direction,inter_direction,txFee,txhash,txn_type,type,value
1,0x51e9244bae3fca7473fe48651dfd7db53aa55856,1535832714,6256288.0,0xe67e6e677d272a087a3828209e21fe62fe8d4881,OUT,2,0.0,0x3f78c922e1a0845ab85ff50a14d7b3287275f7311836796b5701054bf3a46c91,internal,call,0.003070597472204 Ether
1,0x51e9244bae3fca7473fe48651dfd7db53aa55856,1536618163,6310551.0,0xe67e6e677d272a087a3828209e21fe62fe8d4881,OUT,2,0.0,0x35219ebe6733f95acfa3e2eb066628c1f64c784eeadba65b53b5f3b7284fb35e,internal,call,0.011716111413984 Ether
1,0x51e9244bae3fca7473fe48651dfd7db53aa55856,1537207921,6351848.0,0xe67e6e677d272a087a3828209e21fe62fe8d4881,OUT,2,0.0,0xaf69e0b401240c8ce812f196b02ea1f5e8f49719b70ac28e44a35145aec4fabf,internal,call,0.014611801024532 Ether
1,0x51e9244bae3fca7473fe48651dfd7db53aa55856,1537672293,6384356.0,0xe67e6e677d272a087a3828209e21fe62fe8d4881,OUT,2,0.0,0x381a4a00ed4e8987e1e6315fcf7a96b7e2bb5db0f5dde68174d7176fb37043c0,internal,call,0.075128284876345 Ether
1,0x51e9244bae3fca7473fe48651dfd7db53aa55856,1537602565,6379408.0,0xe67e6e677d272a087a3828209e21fe62fe8d4881,OUT,2,0.0,0x4b55cf0740961f6e1b0e7249442cec3008306d75f79250686ca1f713668742ac,internal,call,0.032236074192963 Ether
1,0x51e9244bae3fca7473fe48651dfd7db53aa55856,1536955037,6334041.0,0xe67e6e677d272a087a3828209e21fe62fe8d4881,OUT,2,0.0,0xc1a24f715503d7ee4f85c5b952a23715c9dc5a9a1db17e06a7b0edb314bcd85c,internal,call,0.012193062546699 Ether
1,0x51e9244bae3fca7473fe48651dfd7db53aa55856,1537479120,6370726.0,0xe67e6e677d272a087a3828209e21fe62fe8d4881,OUT,2,0.0,0x73096a4369b3e927e7b2afbbad20e9555b7e58aab743f30d71002872c15ad060,internal,call,0.043955591759181 Ether
1,0x51e9244bae3fca7473fe48651dfd7db53aa55856,1536255358,6285546.0,0xe67e6e677d272a087a3828209e21fe62fe8d4881,OUT,2,0.0,0x8db9396f8da9d14b42e0e1777471282d31bfd3582d7abf53b442f70a273d95b8,internal,call,0.009782719040955 Ether
