Class,address,age,block,creator,direction,inter_direction,txFee,txhash,txn_type,type,value
1,0x702392282255f8c0993dbbbb148d80d2ef6795b1,1523157940,5402952.0,0xfea0904acc8df0f3288b6583f60b86c36ea52acd,OUT,2,0.0,0xe06e4ffdd1dbbd1f2c7be94312f8b8ba629fa8a6d8f56c6bafdf182bf3ab0a01,internal,call,0.001469954668986 Ether
1,0x702392282255f8c0993dbbbb148d80d2ef6795b1,1523171427,5403889.0,0xfea0904acc8df0f3288b6583f60b86c36ea52acd,OUT,2,0.0,0x0b1810e8c7d63e118d29a72c1eee56f70b4e74fff3f1940ed7dabf05c837a8dc,internal,call,0.102382955144791 Ether
