Class,address,age,block,creator,direction,inter_direction,txFee,txhash,txn_type,type,value
1,0x4e8ecf79ade5e2c49b9e30d795517a81e0bf00b8,1534014496,6131842.0,0xf39e044e1ab204460e06e87c6dca2c6319fc69e3,OUT,2,0.0,0x255ec69a1ae97bfac5ad6a9f4b6de4b9c2c5bcfff5c34f56611d769c3465114e,internal,call,0.005364823256944 Ether
1,0x4e8ecf79ade5e2c49b9e30d795517a81e0bf00b8,1535116136,6207224.0,0xf39e044e1ab204460e06e87c6dca2c6319fc69e3,OUT,2,0.0,0x4abe037c3a4b1d55a2a077cb7ae14da7da0018d7fe0346f3163b902716bd6b82,internal,call,0.000018657548871 Ether
1,0x4e8ecf79ade5e2c49b9e30d795517a81e0bf00b8,1539146103,6485809.0,0xf39e044e1ab204460e06e87c6dca2c6319fc69e3,OUT,2,0.0,0x09667d63f932b540988cb73abd945cd9b1fa73313f1eacc02c0744fa2b50964f,internal,call,0.0019331716986 Ether
1,0x4e8ecf79ade5e2c49b9e30d795517a81e0bf00b8,1533844302,6120165.0,0xf39e044e1ab204460e06e87c6dca2c6319fc69e3,OUT,2,0.0,0xc1031a1dcdf92ca771f2f6d7f8210850bde3f8f587ae62d64d833049453488f1,internal,call,0.004340209518029 Ether
