Class,address,age,block,creator,direction,inter_direction,txFee,txhash,txn_type,type,value
1,0x80e4f014c98320eab524ae16b0aaf1603f4dc01d,1538099873,6414498.0,0x96bb98183e5562913e72613c1979d0a13f8ec76b,IN,3,0.00063454,0x0b1f2a86510df19f302b7975944e2e7b3917f3fcc73d7b091decbe78fa830693,external,0,0 Ether
1,0x80e4f014c98320eab524ae16b0aaf1603f4dc01d,1538029754,6409565.0,0x96bb98183e5562913e72613c1979d0a13f8ec76b,IN,3,0.00033067,0x15bc1223c8dedd5ada98c29478fad7d6835307dca9540843257bd7557b54d397,external,0,0 Ether
1,0x80e4f014c98320eab524ae16b0aaf1603f4dc01d,1538077281,6412907.0,0x96bb98183e5562913e72613c1979d0a13f8ec76b,IN,3,0.00027561,0x2f2fc7197ea140f275733873041ef81e38780955908434fdfdc018549d587629,external,0,0 Ether
1,0x80e4f014c98320eab524ae16b0aaf1603f4dc01d,1538078247,6412981.0,0x96bb98183e5562913e72613c1979d0a13f8ec76b,IN,3,0.00027561,0x3acb94e001e53cc7870170a11ec9c2ca4ac630378a3b3069318180a463499184,external,0,0 Ether
1,0x80e4f014c98320eab524ae16b0aaf1603f4dc01d,1538055188,6411343.0,0x96bb98183e5562913e72613c1979d0a13f8ec76b,IN,3,0.00035429,0x813a1a9c671ae72e2ff107e81c7fb238b4c047ef81be7ca98c3ad957cc7fa05f,external,0,0 Ether
