Class,address,age,block,creator,direction,inter_direction,txFee,txhash,txn_type,type,value
1,0xb10ea0d397db942a1083a4af9c6074ab63bc8c8b,1539940661,6545338.0,0x65b041db3135ed5f76d9486aa56f8ca5dc9a3f5e,OUT,2,0.0,0x81587de842a3dcd78af66afde63420472519c17cb501038b6cc54897b695ef4a,internal,call,0.003863504074277 Ether
1,0xb10ea0d397db942a1083a4af9c6074ab63bc8c8b,1540166275,6561338.0,0x65b041db3135ed5f76d9486aa56f8ca5dc9a3f5e,OUT,2,0.0,0xbefd3e867c213ea70c41f6c36ce1af4abaf3d7759b5ec0bd5f1a5241de97c4f6,internal,call,0.00029423391964 Ether
1,0xb10ea0d397db942a1083a4af9c6074ab63bc8c8b,1541003879,6617589.0,0x65b041db3135ed5f76d9486aa56f8ca5dc9a3f5e,OUT,2,0.0,0x11e2bac183dcb4d77ae425989865a47960f827372352aefb339a4d937474a84a,internal,call,0.189370123844006 Ether
1,0xb10ea0d397db942a1083a4af9c6074ab63bc8c8b,1541024561,0.0,0x65b041db3135ed5f76d9486aa56f8ca5dc9a3f5e,OUT,2,0.0,0x4208d729638283663425a731f6d86290b0b6e85c0fde86cde8ecaf66055b9efb,internal,call,0.020056276213274 Ether
1,0xb10ea0d397db942a1083a4af9c6074ab63bc8c8b,1540363527,6575308.0,0x65b041db3135ed5f76d9486aa56f8ca5dc9a3f5e,OUT,2,0.0,0x098cfaa30492bb9fef9307176d6e6c22e9deab96bc00e4d4d2ef8adb7fde9250,internal,call,0.000053201280291 Ether
1,0xb10ea0d397db942a1083a4af9c6074ab63bc8c8b,1540363382,6575295.0,0x65b041db3135ed5f76d9486aa56f8ca5dc9a3f5e,OUT,2,0.0,0x43597d46070933bd59f0c15d6899d81148ad75ee0480bc81fbb24634cba668b8,internal,call,0.057117713002216 Ether
1,0xb10ea0d397db942a1083a4af9c6074ab63bc8c8b,1540018510,6550852.0,0x65b041db3135ed5f76d9486aa56f8ca5dc9a3f5e,OUT,2,0.0,0x819b2239317e517374f7b5d101a268bd08f636b842ef4b148dce0718f47a267c,internal,call,0.000070026903789 Ether
1,0xb10ea0d397db942a1083a4af9c6074ab63bc8c8b,1540018254,6550833.0,0x65b041db3135ed5f76d9486aa56f8ca5dc9a3f5e,OUT,2,0.0,0xba8849316ce7a672ce0af7e8a8b75eda4ae046e7184439591b1e4b72470d3ec0,internal,call,0.020252517701322 Ether
1,0xb10ea0d397db942a1083a4af9c6074ab63bc8c8b,1540165184,6561261.0,0x65b041db3135ed5f76d9486aa56f8ca5dc9a3f5e,OUT,2,0.0,0x08b2ce1a50f46e2a2e63e39afd1830e9c7627cd355941ba7f88dc32002a4e0dd,internal,call,0.039775076227789 Ether
