Class,address,age,block,creator,direction,inter_direction,txFee,txhash,txn_type,type,value
0,0x84119cb33e8f590d75c2d6ea4e6b0741a7494eda,1524800153,5514572.0,0xad8b03bb5576f31ff3fd29ebda4d5d920a5eafc9,IN,3,0.00018056,0x06263703f85a9202b1a3ffcf09085ef55b471761d37a8d29b598993dd3457d10,external,0,0 Ether
0,0x84119cb33e8f590d75c2d6ea4e6b0741a7494eda,1523917602,5455351.0,0xad8b03bb5576f31ff3fd29ebda4d5d920a5eafc9,IN,3,0.00027575,0x99ec0cc79edb999080ce72007a7a3a9405002077ebf379046885b67fbbf3fed9,external,0,0 Ether
0,0x84119cb33e8f590d75c2d6ea4e6b0741a7494eda,1514738343,4829911.0,0xad8b03bb5576f31ff3fd29ebda4d5d920a5eafc9,IN,3,0.00045658,0xa80be545496a7444c67ae5742a17ddabc930a30d80084350db8f148faa5d7cf4,external,0,0 Ether
0,0x84119cb33e8f590d75c2d6ea4e6b0741a7494eda,1514845635,4840223.0,0xad8b03bb5576f31ff3fd29ebda4d5d920a5eafc9,IN,3,0.00027575,0xa91833cbbb28305f786b84d8d6d9ae7103ea34e4cc319f0fc19e87f1f3d731d1,external,0,0 Ether
