Class,address,age,block,creator,direction,inter_direction,txFee,txhash,txn_type,type,value
0,0x867ffb5a3871b500f65bdfafe0136f9667deae06,1537752656,6390002.0,0x47d70d729c6efd464cc49ebb6f4ee240219ecb9e,IN,3,0.00050871,0x5a3b1277777cae6d9a284f86f71194c84ac0990d93ec3ae2e205d373571ab5e2,external,0,0.04092 Ether
0,0x867ffb5a3871b500f65bdfafe0136f9667deae06,1537557153,6376271.0,0x47d70d729c6efd464cc49ebb6f4ee240219ecb9e,IN,3,0.00045832,0x7f50a8c381158dde685752b68dc1a089e275a30a373f5c89bb4e78360902ee93,external,0,0.04099 Ether
0,0x867ffb5a3871b500f65bdfafe0136f9667deae06,1537632203,6378469.0,0x47d70d729c6efd464cc49ebb6f4ee240219ecb9e,IN,3,0.00042392,0x9f568a0875c0e2f0e6f2b5a96d66cec3f88d2fd04b8d3a945fc2e9787731ed51,external,0,0.03898 Ether
0,0x867ffb5a3871b500f65bdfafe0136f9667deae06,1537487793,6371358.0,0x47d70d729c6efd464cc49ebb6f4ee240219ecb9e,IN,3,0.00059412,0xaa559e512a7a2eb30a66553479c816628978a2f47e9b8a4f79c2879b29c4d85a,external,0,0.05977 Ether
