Class,address,age,block,creator,direction,inter_direction,txFee,txhash,txn_type,type,value
0,0x867ffb5a3871b500f65bdfafe0136f9667deae06,1535531227,6235638.0,0x47d70d729c6efd464cc49ebb6f4ee240219ecb9e,IN,3,0.00023739,0x1307a30c0b63ecc5988ac1b640159647998c938d64d47a44e0de7b3e4dd907fc,external,0,0.04813 Ether
0,0x867ffb5a3871b500f65bdfafe0136f9667deae06,1535531269,6235641.0,0x47d70d729c6efd464cc49ebb6f4ee240219ecb9e,IN,3,0.0002379,0x4bf92ba2db9c8fd8252fb4e0ba2dc9da6dd3d8a2c9e3dd530b30f27d889ecc02,external,0,0.1131 Ether
