Class,address,age,block,creator,direction,inter_direction,txFee,txhash,txn_type,type,value
0,0x867ffb5a3871b500f65bdfafe0136f9667deae06,1532457693,6025084.0,0x47d70d729c6efd464cc49ebb6f4ee240219ecb9e,IN,3,0.00012744,0x9ba36eafbe7645e58abc0fe0f5a34225684f5e976a34f398748775039c9107e6,external,0,0.56327 Ether
