Class,address,age,block,creator,direction,inter_direction,txFee,txhash,txn_type,type,value
0,0x867ffb5a3871b500f65bdfafe0136f9667deae06,1530652020,5902333.0,0x47d70d729c6efd464cc49ebb6f4ee240219ecb9e,IN,3,0.00288575,0x8a43f37720950028e15cc79187787e893c1340ead0f59bbd07822ac029f76f88,external,0,0.03518 Ether
