Class,address,age,block,creator,direction,inter_direction,txFee,txhash,txn_type,type,value
0,0x867ffb5a3871b500f65bdfafe0136f9667deae06,1545957443,6967028.0,0x47d70d729c6efd464cc49ebb6f4ee240219ecb9e,IN,3,0.00024613,0xa2102752b82dc3ae44ffb74717feaf4762c91be2f7383b5ba14fec1f9317ba30,external,0,3.53536 Ether
