Class,address,age,block,creator,direction,inter_direction,txFee,txhash,txn_type,type,value
0,0x89d24a6b4ccb1b6faa2625fe562bdd9a23260359,1528310297,5745382.0,0x552f355ccb9b91c8fb47d9c011abad5b72ec30e9,IN,3,0.00011181,0x1e2939180c1a0a7d03b1b07a92fc495e49195b9ce2b5f29e52e39976e07c309f,external,0,0 Ether
0,0x89d24a6b4ccb1b6faa2625fe562bdd9a23260359,1525909852,5588180.0,0x552f355ccb9b91c8fb47d9c011abad5b72ec30e9,IN,3,0.00057528,0x24c7d80beac92704b3e23f45aa12ba959cb1fe9931e739cf065e08ea96d79b9b,external,0,0 Ether
0,0x89d24a6b4ccb1b6faa2625fe562bdd9a23260359,1541577243,6661000.0,0x552f355ccb9b91c8fb47d9c011abad5b72ec30e9,IN,3,0.0005978,0x512d95f296b0b8005a16c2c4d0bb869e7161823d91add87796bba70b3e1ea3b2,external,0,0 Ether
0,0x89d24a6b4ccb1b6faa2625fe562bdd9a23260359,1523224451,5407577.0,0x552f355ccb9b91c8fb47d9c011abad5b72ec30e9,IN,3,5.242e-05,0x618345f8af7210d12035e0c4803b17611a0d5d7aa8c42cb9b48550bfbf197ba7,external,0,0 Ether
