Class,address,age,block,creator,direction,inter_direction,txFee,txhash,txn_type,type,value
0,0x89d24a6b4ccb1b6faa2625fe562bdd9a23260359,1543487740,6795799.0,0x552f355ccb9b91c8fb47d9c011abad5b72ec30e9,IN,3,0.00028551,0x0012966b7b153d019ea538b390792daa5e320ab2ef2838c5c76417c7a20871af,external,0,0 Ether
0,0x89d24a6b4ccb1b6faa2625fe562bdd9a23260359,1543591465,6803114.0,0x552f355ccb9b91c8fb47d9c011abad5b72ec30e9,IN,3,0.00013494,0x6cfec2c836975b1920552e8c08e6de5d3a5803fc1593a9fdc1ebd5a137301df8,external,0,0 Ether
0,0x89d24a6b4ccb1b6faa2625fe562bdd9a23260359,1545240845,6918091.0,0x552f355ccb9b91c8fb47d9c011abad5b72ec30e9,IN,3,0.00028551,0x7f179a1143455ba280a644081a83be27a563c9003c84c04cdb4783c4f53d7852,external,0,0 Ether
