Class,address,age,block,creator,direction,inter_direction,txFee,txhash,txn_type,type,value
0,0x89d24a6b4ccb1b6faa2625fe562bdd9a23260359,1536405165,6295836.0,0x552f355ccb9b91c8fb47d9c011abad5b72ec30e9,IN,3,0.00153446,0x6ff8d3ab493569c145aac23b25b7d252c8519c1f7c7db410b56e6b966ea4fe5d,external,0,0 Ether
0,0x89d24a6b4ccb1b6faa2625fe562bdd9a23260359,1536430725,6297567.0,0x552f355ccb9b91c8fb47d9c011abad5b72ec30e9,IN,3,0.00067482,0xa92577b3154f9e6a36bda032fdbceec4847666f1d1c5c593cd0104c6f631639c,external,0,0 Ether
