Class,address,age,block,creator,direction,inter_direction,txFee,txhash,txn_type,type,value
0,0x89d24a6b4ccb1b6faa2625fe562bdd9a23260359,1542195571,6704719.0,0x552f355ccb9b91c8fb47d9c011abad5b72ec30e9,IN,3,0.00047585,0x0696495d9e59b34e746610fc1ac333d5ec5baf6aa1fd60ad0f982809b3f30811,external,0,0 Ether
0,0x89d24a6b4ccb1b6faa2625fe562bdd9a23260359,1526245339,5610456.0,0x552f355ccb9b91c8fb47d9c011abad5b72ec30e9,IN,3,0.00038068,0x6bcf75d2f3d51c2c5ac2275c3a7e2c396b4ad7fac2e8894fe1edc4d64e61a01d,external,0,0 Ether
0,0x89d24a6b4ccb1b6faa2625fe562bdd9a23260359,1526250766,5610785.0,0x552f355ccb9b91c8fb47d9c011abad5b72ec30e9,IN,3,0.00045601,0x80d5a73a1f0a01464d0289795d721e0a84e28d2373297f703c19401a1999fdbd,external,0,0 Ether
0,0x89d24a6b4ccb1b6faa2625fe562bdd9a23260359,1534222077,6143014.0,0x552f355ccb9b91c8fb47d9c011abad5b72ec30e9,IN,3,0.00062098,0x94065c1df1cc33cb84a7f724ed529c47b0fca9460ba4e73d7edf4551aff4dbbd,external,0,0 Ether
0,0x89d24a6b4ccb1b6faa2625fe562bdd9a23260359,1526246114,5610503.0,0x552f355ccb9b91c8fb47d9c011abad5b72ec30e9,IN,3,0.00038068,0xa707bd190d5187ca14cde8b8e02ec454e730804befea79a6eede02c338a8e123,external,0,0 Ether
