Class,address,age,block,creator,direction,inter_direction,txFee,txhash,txn_type,type,value
0,0x89d24a6b4ccb1b6faa2625fe562bdd9a23260359,1539560650,6518448.0,0x552f355ccb9b91c8fb47d9c011abad5b72ec30e9,IN,3,0.00125822,0x7576c1d671957e4eb16aca36183bd73570e0eb0c8c91e0017be4ef01e4067c79,external,0,0 Ether
0,0x89d24a6b4ccb1b6faa2625fe562bdd9a23260359,1539461787,6511388.0,0x552f355ccb9b91c8fb47d9c011abad5b72ec30e9,IN,3,0.00055335,0x941d1bcd7b1e6fed9a2671c7d8656f9c9800862921f53290da74d12583907ab7,external,0,0 Ether
