Class,address,age,block,creator,direction,inter_direction,txFee,txhash,txn_type,type,value
0,0x89d24a6b4ccb1b6faa2625fe562bdd9a23260359,1515136645,4858755.0,0x552f355ccb9b91c8fb47d9c011abad5b72ec30e9,IN,3,0.00148011,0x464331baaa895893e0f1fab5ea4a0355b87aed6c0d93c550fec3387e145534aa,external,0,0 Ether
0,0x89d24a6b4ccb1b6faa2625fe562bdd9a23260359,1514251500,4799717.0,0x552f355ccb9b91c8fb47d9c011abad5b72ec30e9,IN,3,0.00049337,0x4be654cc4c11fbbb98f629d455ee7b1b7889411d300a5632a3fe5db2f0ed1114,external,0,0 Ether
0,0x89d24a6b4ccb1b6faa2625fe562bdd9a23260359,1522301325,5343191.0,0x552f355ccb9b91c8fb47d9c011abad5b72ec30e9,IN,3,8.97e-05,0x59146c8ac190112a34aa50f3b3bc6d86db392e6065dcfb8d2fc0a622d0e902ec,external,0,0 Ether
0,0x89d24a6b4ccb1b6faa2625fe562bdd9a23260359,1515640302,4890372.0,0x552f355ccb9b91c8fb47d9c011abad5b72ec30e9,IN,3,0.00148011,0x5ec03fd6caf0eecd574f2082db8f6d9d020e58a3d974625eb3a18b9b6539b627,external,0,0 Ether
0,0x89d24a6b4ccb1b6faa2625fe562bdd9a23260359,1518401763,5076363.0,0x552f355ccb9b91c8fb47d9c011abad5b72ec30e9,IN,3,0.00020183,0x62f744a2aafe8ec71ddd9d0dd98fd16e7c34bd3d61f0feb36d634eb7e0b743cb,external,0,0 Ether
0,0x89d24a6b4ccb1b6faa2625fe562bdd9a23260359,1520544054,5222607.0,0x552f355ccb9b91c8fb47d9c011abad5b72ec30e9,IN,3,0.00020183,0x82364d3299998806b7ce285b953e5183dff3b1aa270347b7cce8e85ca13edd57,external,0,0 Ether
0,0x89d24a6b4ccb1b6faa2625fe562bdd9a23260359,1515573922,4886207.0,0x552f355ccb9b91c8fb47d9c011abad5b72ec30e9,IN,3,0.00241381,0x879bbff8aab290e8790f380dcbe8eab09f02b456621415a277ad3935c5fa32ec,external,0,0 Ether
