Class,address,age,block,creator,direction,inter_direction,txFee,txhash,txn_type,type,value
0,0x89d24a6b4ccb1b6faa2625fe562bdd9a23260359,1526458439,5624421.0,0x552f355ccb9b91c8fb47d9c011abad5b72ec30e9,IN,3,0.00068401,0x17c095e541f7417702403a616f0b90a4bc598dc6e6a6da13aefa1d0b955066cd,external,0,0 Ether
0,0x89d24a6b4ccb1b6faa2625fe562bdd9a23260359,1521606956,5292212.0,0x552f355ccb9b91c8fb47d9c011abad5b72ec30e9,IN,3,0.00018394,0x2269a63356f9f47ce8b379bd95c3d3cec5e908bde0bb06535a80b144bfff938e,external,0,0 Ether
0,0x89d24a6b4ccb1b6faa2625fe562bdd9a23260359,1523718652,5441683.0,0x552f355ccb9b91c8fb47d9c011abad5b72ec30e9,IN,3,4.598e-05,0x28b5e232f4cb2a0fab6c11c8416fbafca734223ca17297424b13d916eccf2b3c,external,0,0 Ether
0,0x89d24a6b4ccb1b6faa2625fe562bdd9a23260359,1521549912,5291270.0,0x552f355ccb9b91c8fb47d9c011abad5b72ec30e9,IN,3,9.517e-05,0x671affb88c749b97f1142e5128334f48236b01f3ef3b7fe6c722651c227f9759,external,0,0 Ether
0,0x89d24a6b4ccb1b6faa2625fe562bdd9a23260359,1521549912,5291270.0,0x552f355ccb9b91c8fb47d9c011abad5b72ec30e9,IN,3,9.517e-05,0x82857929f4c340703965c3776215bba94ff2d462efb1281e2616de79c269e93d,external,0,0 Ether
0,0x89d24a6b4ccb1b6faa2625fe562bdd9a23260359,1523717889,5441632.0,0x552f355ccb9b91c8fb47d9c011abad5b72ec30e9,IN,3,4.758e-05,0xa61b304669d360d29d3f916e58a71bcae41a84f2225247b54a5f01c88a516489,external,0,0 Ether
