Class,address,age,block,creator,direction,inter_direction,txFee,txhash,txn_type,type,value
1,0xb10ea0d397db942a1083a4af9c6074ab63bc8c8b,1540881318,6611994.0,0x65b041db3135ed5f76d9486aa56f8ca5dc9a3f5e,OUT,2,0.0,0xd37c4128c37bb4ace14511ee395b43243fcf513f5ed998666775dcf0b23ff557,internal,call,0.024901694915254 Ether
1,0xb10ea0d397db942a1083a4af9c6074ab63bc8c8b,1540452181,6581609.0,0x65b041db3135ed5f76d9486aa56f8ca5dc9a3f5e,OUT,2,0.0,0xbc270062684c66956470a32265ffc37030d3f07ad197574d1a171fe2c21c1916,internal,call,0.000204745762711 Ether
1,0xb10ea0d397db942a1083a4af9c6074ab63bc8c8b,1540399468,6574784.0,0x65b041db3135ed5f76d9486aa56f8ca5dc9a3f5e,OUT,2,0.0,0x38b700fcea6524f9f83a0f08400d7ef1bcdddac6a02b25cc7e5b944f1fc859fe,internal,call,0.001646101694915 Ether
1,0xb10ea0d397db942a1083a4af9c6074ab63bc8c8b,1540621578,6593629.0,0x65b041db3135ed5f76d9486aa56f8ca5dc9a3f5e,OUT,2,0.0,0x0cf28503cd3946e46cbf6f4bb7d4fdf63f17faea01c081d278d407eb8bdda701,internal,call,0.007895593220338 Ether
1,0xb10ea0d397db942a1083a4af9c6074ab63bc8c8b,1540516853,6586190.0,0x65b041db3135ed5f76d9486aa56f8ca5dc9a3f5e,OUT,2,0.0,0xcd5ae54043a1afc11a9004f08cdb2535636134d56a6de3c4a3456425f6c5f6cd,internal,call,0.006211525423728 Ether
1,0xb10ea0d397db942a1083a4af9c6074ab63bc8c8b,1540982683,6619136.0,0x65b041db3135ed5f76d9486aa56f8ca5dc9a3f5e,OUT,2,0.0,0x099a6a7413c61d3b49471d08950f49be7e340cec99971c4b219f7e677eb8291a,internal,call,0.00968406779661 Ether
1,0xb10ea0d397db942a1083a4af9c6074ab63bc8c8b,1540448233,6581307.0,0x65b041db3135ed5f76d9486aa56f8ca5dc9a3f5e,OUT,2,0.0,0x141a889c1a1c8e118b6315b498112b835ff6be478e2ed05605bc154697cdb62e,internal,call,0.003603389830508 Ether
1,0xb10ea0d397db942a1083a4af9c6074ab63bc8c8b,1540372850,6575992.0,0x65b041db3135ed5f76d9486aa56f8ca5dc9a3f5e,OUT,2,0.0,0x4b622fbbae97e0cc3498169e42a11d53b78552e14b83f9ed40329242b131cac5,internal,call,0.000409491525423 Ether
1,0xb10ea0d397db942a1083a4af9c6074ab63bc8c8b,1540539776,6587806.0,0x65b041db3135ed5f76d9486aa56f8ca5dc9a3f5e,OUT,2,0.0,0x218794db93a1643db61cf64f839bd64c33174e05c6f05df335ae9bad2763d0c3,internal,call,0.002191186440677 Ether
