Class,address,age,block,creator,direction,inter_direction,txFee,txhash,txn_type,type,value
0,0x8d12a197cb00d4747a1fe03395095ce2a5cc6819,1544348525,6856025.0,0x1ed014aec47fae44c9e55bac7662c0b78ae61798,IN,3,0.00086542,0x63ce841dda697775e987d943524a91f88b852777cffe018363172235874b2d84,external,0,0 Ether
0,0x8d12a197cb00d4747a1fe03395095ce2a5cc6819,1544348618,6856031.0,0x1ed014aec47fae44c9e55bac7662c0b78ae61798,IN,3,0.00038488,0x65ecf57d3343bc0a602495418504bc5578f2744b1106b559932ab989e675e31a,external,0,0 Ether
0,0x8d12a197cb00d4747a1fe03395095ce2a5cc6819,1544346376,6855846.0,0x1ed014aec47fae44c9e55bac7662c0b78ae61798,IN,3,0.00023594,0x7632f5d3ff281043f4201f17b56eaebba9370ce1d9f016cf9942a833d10cc440,external,0,1.04 Ether
0,0x8d12a197cb00d4747a1fe03395095ce2a5cc6819,1544347855,6855965.0,0x1ed014aec47fae44c9e55bac7662c0b78ae61798,IN,3,0.00074491,0x8b20c50956a7b93650f07036ffd6b8e5809a3ce75b2d3892c19083cb1da42720,external,0,0 Ether
0,0x8d12a197cb00d4747a1fe03395095ce2a5cc6819,1544347969,6855972.0,0x1ed014aec47fae44c9e55bac7662c0b78ae61798,IN,3,0.00038152,0x9d3193ae7eb81526127a579f1212d82348c311edf3e3d31811b3134857e4324a,external,0,0 Ether
0,0x8d12a197cb00d4747a1fe03395095ce2a5cc6819,1544349471,6856078.0,0x1ed014aec47fae44c9e55bac7662c0b78ae61798,IN,3,0.00038624,0xb22dd8b381ce719733cf1779e1ab944edd23bc4f76947d75a858cfd7dd8099bd,external,0,0 Ether
0,0x8d12a197cb00d4747a1fe03395095ce2a5cc6819,1544349471,6856078.0,0x1ed014aec47fae44c9e55bac7662c0b78ae61798,IN,3,0.00038624,0xb22dd8b381ce719733cf1779e1ab944edd23bc4f76947d75a858cfd7dd8099bd,external,0,0 Ether
