Class,address,age,block,creator,direction,inter_direction,txFee,txhash,txn_type,type,value
0,0x8d12a197cb00d4747a1fe03395095ce2a5cc6819,1546648698,7013547.0,0x1ed014aec47fae44c9e55bac7662c0b78ae61798,IN,3,0.00031402,0x5c72e6786d4bdb9e103a94977b0601f0dec8efdcdb1fd437515cfc9e7f70b8c4,external,0,0 Ether
0,0x8d12a197cb00d4747a1fe03395095ce2a5cc6819,1546431457,6999518.0,0x1ed014aec47fae44c9e55bac7662c0b78ae61798,IN,3,0.00018885,0xab0743096f88484a48ce7d353f4e28d7605600b152b281276ab226657d881467,external,0,0 Ether
