Class,address,age,block,creator,direction,inter_direction,txFee,txhash,txn_type,type,value
0,0x8d12a197cb00d4747a1fe03395095ce2a5cc6819,1545670283,6944355.0,0x1ed014aec47fae44c9e55bac7662c0b78ae61798,IN,3,0.00126278,0x0f29e7950e7348d7ab43fda7333733d34236833249e787e02c7e8b42da83adc7,external,0,0 Ether
0,0x8d12a197cb00d4747a1fe03395095ce2a5cc6819,1545809627,6956967.0,0x1ed014aec47fae44c9e55bac7662c0b78ae61798,IN,3,0.00126406,0x7aa23849f4d35dd8216cb94d619e927ccbb37253f47edc818d72c3655f72bcc4,external,0,0 Ether
