Class,address,age,block,creator,direction,inter_direction,txFee,txhash,txn_type,type,value
0,0x8d12a197cb00d4747a1fe03395095ce2a5cc6819,1545136033,6910984.0,0x1ed014aec47fae44c9e55bac7662c0b78ae61798,IN,3,0.00019319,0x2b1d42527e4b294a54afd81b0a3fef2fc1a0a1a17054939877679ff8a9a86e38,external,0,0 Ether
0,0x8d12a197cb00d4747a1fe03395095ce2a5cc6819,1545655109,6946309.0,0x1ed014aec47fae44c9e55bac7662c0b78ae61798,IN,3,0.00026744,0x61aee3e245657e52d8501c3d4abe8334844736e2e0b63ffd2343d84170f3de55,external,0,0 Ether
0,0x8d12a197cb00d4747a1fe03395095ce2a5cc6819,1544774970,6885987.0,0x1ed014aec47fae44c9e55bac7662c0b78ae61798,IN,3,0.00020645,0x8c2c4cd6bf7943a1dbd22d54bae1f14dfd58f1344a009d8d033b81f5074435d5,external,0,0.001170823088631 Ether
0,0x8d12a197cb00d4747a1fe03395095ce2a5cc6819,1546608216,7010927.0,0x1ed014aec47fae44c9e55bac7662c0b78ae61798,IN,3,0.00029677,0xa2a36a0a61e4e9e38790474ccc592ae98cb678280f180d3f3f51e85d39e56604,external,0,0 Ether
0,0x8d12a197cb00d4747a1fe03395095ce2a5cc6819,1544774440,6885941.0,0x1ed014aec47fae44c9e55bac7662c0b78ae61798,IN,3,0.00030451,0xa6e7f3e439cce4f65526820144fbad273af690db483f857bf2dea57af1207d04,external,0,0 Ether
0,0x8d12a197cb00d4747a1fe03395095ce2a5cc6819,1546608403,7010940.0,0x1ed014aec47fae44c9e55bac7662c0b78ae61798,IN,3,0.00016924,0xb22d848c2ec0ec2db961698b1fbbda2478bc33d659b9085271603221addad5fa,external,0,0 Ether
0,0x8d12a197cb00d4747a1fe03395095ce2a5cc6819,1546608403,7010940.0,0x1ed014aec47fae44c9e55bac7662c0b78ae61798,IN,3,0.00016924,0xb22d848c2ec0ec2db961698b1fbbda2478bc33d659b9085271603221addad5fa,external,0,0 Ether
