Class,address,age,block,creator,direction,inter_direction,txFee,txhash,txn_type,type,value
0,0x8d12a197cb00d4747a1fe03395095ce2a5cc6819,1545460755,6933011.0,0x1ed014aec47fae44c9e55bac7662c0b78ae61798,IN,3,0.00023639,0x0873e742a9abeea3eaa0619150504fda7dc2d84d7975263df0f1610013b3079d,external,0,0 Ether
0,0x8d12a197cb00d4747a1fe03395095ce2a5cc6819,1546001950,6970068.0,0x1ed014aec47fae44c9e55bac7662c0b78ae61798,IN,3,0.00020726,0x0f51fb56886a208796c71c1e59553ed836ad9fe2c7dbb795b77604bad7cd8ac1,external,0,0 Ether
0,0x8d12a197cb00d4747a1fe03395095ce2a5cc6819,1545457018,6932758.0,0x1ed014aec47fae44c9e55bac7662c0b78ae61798,IN,3,0.00019585,0x30f90d75d89a697794e8ca71b825b84151dd00b64eef646e5c4da09ae0d34157,external,0,0 Ether
0,0x8d12a197cb00d4747a1fe03395095ce2a5cc6819,1545460787,6933013.0,0x1ed014aec47fae44c9e55bac7662c0b78ae61798,IN,3,0.00023613,0x6f028bf0f7187e8449a241b715952610e2ed499289cfd9ff2f2dcb5bf02bbe09,external,0,0 Ether
0,0x8d12a197cb00d4747a1fe03395095ce2a5cc6819,1546001790,6970058.0,0x1ed014aec47fae44c9e55bac7662c0b78ae61798,IN,3,0.00012902,0x91677157d1fe87af04960395a8b9e99602442dc0b526863366fff175af6f2e64,external,0,0 Ether
0,0x8d12a197cb00d4747a1fe03395095ce2a5cc6819,1546000758,6969978.0,0x1ed014aec47fae44c9e55bac7662c0b78ae61798,IN,3,0.0002369,0x99cea319fd6ac9b1f281cafa114f790bd96b431b65ae5eb88aa1ad2aca9e40d0,external,0,0 Ether
0,0x8d12a197cb00d4747a1fe03395095ce2a5cc6819,1545457307,6932773.0,0x1ed014aec47fae44c9e55bac7662c0b78ae61798,IN,3,0.00015489,0xb4d656395c8a6eb7198a8b95043b2610124a636aa78591da8fb50a62dab9ae87,external,0,0 Ether
