Class,address,age,block,creator,direction,inter_direction,txFee,txhash,txn_type,type,value
0,0x8d12a197cb00d4747a1fe03395095ce2a5cc6819,1544307116,6853086.0,0x1ed014aec47fae44c9e55bac7662c0b78ae61798,IN,3,0.00015134,0x166773c28c03adaa23b86a87517ebca5dcea2292c1ad8c48a2582b62e0195fd5,external,0,0 Ether
0,0x8d12a197cb00d4747a1fe03395095ce2a5cc6819,1544306903,6853068.0,0x1ed014aec47fae44c9e55bac7662c0b78ae61798,IN,3,0.0001516,0x379b68d16ace51d58a30f7e51801e279dc16504b72918ea87006a6ce6a1859da,external,0,0 Ether
0,0x8d12a197cb00d4747a1fe03395095ce2a5cc6819,1544305368,6852962.0,0x1ed014aec47fae44c9e55bac7662c0b78ae61798,IN,3,0.00011797,0x98ed3591f2442c4265fee29a45bc12011aed0b318b472a011c678dd05db96fe7,external,0,0.07 Ether
