Class,address,age,block,creator,direction,inter_direction,txFee,txhash,txn_type,type,value
0,0x8effd494eb698cc399af6231fccd39e08fd20b15,1513359250,4740052.0,0x0066222017fffa99158baa57d4977be7f8ddf67b,IN,3,0.00094511,0x20a4b2bb96207225677507d7bef4c97ac16a2a7eb38d6a0d18e5071b8f905877,external,0,0 Ether
0,0x8effd494eb698cc399af6231fccd39e08fd20b15,1502876475,4165914.0,0x0066222017fffa99158baa57d4977be7f8ddf67b,IN,3,0.00101216,0x7c5fd1b090162e74dea0092171f0c2a0d7074a3d6c443d1a605614957119516e,external,0,1 Ether
