Class,address,age,block,creator,direction,inter_direction,txFee,txhash,txn_type,type,value
0,0x8effd494eb698cc399af6231fccd39e08fd20b15,1518968524,5115421.0,0x0066222017fffa99158baa57d4977be7f8ddf67b,IN,3,0.00027184,0x812dcd2ab9b68dff3b817a06f37b2e3d089023ed29918d934a49e9956e165547,external,0,0 Ether
0,0x8effd494eb698cc399af6231fccd39e08fd20b15,1520082780,5191132.0,0x0066222017fffa99158baa57d4977be7f8ddf67b,IN,3,0.00067962,0xb051805ace73749d8efb2351aaed03e617be9e18fc87fd6e4240e0795ace46bd,external,0,0 Ether
