Class,address,age,block,creator,direction,inter_direction,txFee,txhash,txn_type,type,value
0,0x8effd494eb698cc399af6231fccd39e08fd20b15,1503015135,4172547.0,0x0066222017fffa99158baa57d4977be7f8ddf67b,IN,3,0.00141748,0x2c893583f42c9c4fe2763bc5ebf25afb461ad0edbce5ce2ee0feb0671f3e2f32,external,0,8 Ether
0,0x8effd494eb698cc399af6231fccd39e08fd20b15,1503131218,4178178.0,0x0066222017fffa99158baa57d4977be7f8ddf67b,IN,3,0.0005,0x3ed49134703cacf1977d4aab0b31e6e51580d0c0fc2bd3443a2b56cce2700ebe,external,0,0 Ether
0,0x8effd494eb698cc399af6231fccd39e08fd20b15,1503172005,4180141.0,0x0066222017fffa99158baa57d4977be7f8ddf67b,IN,3,0.0017081,0x6b25c5fe03a4cee69ebfae65d9e239d46563333d172a8b51cc01cfdff1f2a373,external,0,0 Ether
0,0x8effd494eb698cc399af6231fccd39e08fd20b15,1503132689,4178262.0,0x0066222017fffa99158baa57d4977be7f8ddf67b,IN,3,0.00105,0x9b6f802b05c74f3983d4ec50b4539db6f982a30900b1bd754b33b0d2b00c7642,external,0,0 Ether
0,0x8effd494eb698cc399af6231fccd39e08fd20b15,1503266430,4184721.0,0x0066222017fffa99158baa57d4977be7f8ddf67b,IN,3,0.00144271,0xb5f007849fd9a670c24aaa4c5ec7602616e949f27a0a08d79209d23a09f62c70,external,0,0 Ether
