Class,address,age,block,creator,direction,inter_direction,txFee,txhash,txn_type,type,value
0,0x8effd494eb698cc399af6231fccd39e08fd20b15,1503214347,4182226.0,0x0066222017fffa99158baa57d4977be7f8ddf67b,IN,3,0.00126,0x1e192491d33f2f79209bf175c5b86ff42ef64acf94a8481ce1b0580ef0814d47,external,0,0 Ether
0,0x8effd494eb698cc399af6231fccd39e08fd20b15,1503720630,4204056.0,0x0066222017fffa99158baa57d4977be7f8ddf67b,IN,3,0.02,0x3484b4249808eedb9f817994dfad2462bd3021c516901f1863f5c000dc9049f8,external,0,0 Ether
0,0x8effd494eb698cc399af6231fccd39e08fd20b15,1505838065,4291063.0,0x0066222017fffa99158baa57d4977be7f8ddf67b,IN,3,0.00110573,0x4a57e01ae24479d2350b87aa54c578c34ee59bec82b54da532fd0f90ba14acf1,external,0,0 Ether
0,0x8effd494eb698cc399af6231fccd39e08fd20b15,1520377594,5211270.0,0x0066222017fffa99158baa57d4977be7f8ddf67b,IN,3,0.00075308,0x5c238919697299e7fcb6749e535e7da756f3e14d515c096028afa503f6fe8adf,external,0,0 Ether
0,0x8effd494eb698cc399af6231fccd39e08fd20b15,1502651170,4155101.0,0x0066222017fffa99158baa57d4977be7f8ddf67b,IN,3,0.00198732,0xb4c7ee4a7fa4ea492e46546e2ae0d7d19956853146aed8e940b59a517e5152ed,external,0,23 Ether
0,0x8effd494eb698cc399af6231fccd39e08fd20b15,1505837849,4291053.0,0x0066222017fffa99158baa57d4977be7f8ddf67b,IN,3,0.00110573,0xb76032b1c8c2aa1c2e7448d5b6e2e5e4e8d0eb0ba77330e83b556b49dd269590,external,0,0 Ether
