Class,address,age,block,creator,direction,inter_direction,txFee,txhash,txn_type,type,value
0,0x8effd494eb698cc399af6231fccd39e08fd20b15,1506370168,4312263.0,0x0066222017fffa99158baa57d4977be7f8ddf67b,IN,3,0.00087057,0x0afe142dce6f62402aee3dc273ed4d40e4564c3e2166511d5ebfbaabe5ec7d98,external,0,0 Ether
0,0x8effd494eb698cc399af6231fccd39e08fd20b15,1506068871,4302175.0,0x0066222017fffa99158baa57d4977be7f8ddf67b,IN,3,0.00110573,0x2d33e914e8df259da3abbe5c39ac7e39978492a250f7438e45f02fb728a80ff5,external,0,0 Ether
0,0x8effd494eb698cc399af6231fccd39e08fd20b15,1511520311,4614714.0,0x0066222017fffa99158baa57d4977be7f8ddf67b,IN,3,0.00105308,0x502ba5fbc9eabf4a4401e2fa0d91af6fc15aaf7f4794756cdf225d8ffbb44e60,external,0,0 Ether
