Class,address,age,block,creator,direction,inter_direction,txFee,txhash,txn_type,type,value
0,0x8f3470a7388c05ee4e7af3d01d8c722b0ff52374,1504382267,4232679.0,0x44cab6f6dc7045fd4acd1d0f3d09fc7a83004bd3,IN,3,0.00045782,0x6838f162d290da9b7adf98679a445dbc04beaee28832013b8bb9fe1ed063ba81,external,0,0 Ether
0,0x8f3470a7388c05ee4e7af3d01d8c722b0ff52374,1502254164,4134223.0,0x44cab6f6dc7045fd4acd1d0f3d09fc7a83004bd3,IN,3,0.00077147,0x87fd0023e3ce8c286b25e858a1d726feb679318b0b719077c05e27da68a61d0c,external,0,0 Ether
