Class,address,age,block,creator,direction,inter_direction,txFee,txhash,txn_type,type,value
1,0x8a883a20940870dc055f2070ac8ec847ed2d9918,1532377826,6019704.0,0xc14f8469d4bb31c8e69fae9c16e262f45edc3635,OUT,2,0.0,0xa8307a8d49cb24d8a8c36d0f63e94662c0e38bc42e2b1ab54a2a7f701c3a60c0,internal,call,0.147826691351337 Ether
1,0x8a883a20940870dc055f2070ac8ec847ed2d9918,1532300586,6014520.0,0xc14f8469d4bb31c8e69fae9c16e262f45edc3635,OUT,2,0.0,0xaab44ea9697d90440547a891ec91ac45bdb19847c94cae7efa7865bab685445e,internal,call,0.279663017001244 Ether
1,0x8a883a20940870dc055f2070ac8ec847ed2d9918,1533252999,6079556.0,0xc14f8469d4bb31c8e69fae9c16e262f45edc3635,OUT,2,0.0,0x3f301f3ef294ae327c5d4cf9c5bacb3be94c838b8beaf80ec8cb7b40dd411144,internal,call,0.194114421357243 Ether
