Class,address,age,block,creator,direction,inter_direction,txFee,txhash,txn_type,type,value
0,0x8f3470a7388c05ee4e7af3d01d8c722b0ff52374,1504143002,4222962.0,0x44cab6f6dc7045fd4acd1d0f3d09fc7a83004bd3,IN,3,0.00273642,0x0d7d5e64be0d3972589a0860b5fbb3974c9944ade113bc232260ecd8718c60f0,external,0,0 Ether
0,0x8f3470a7388c05ee4e7af3d01d8c722b0ff52374,1502025711,4125479.0,0x44cab6f6dc7045fd4acd1d0f3d09fc7a83004bd3,IN,3,0.00273258,0x1cf641a06ea7c511db3449242dd1d0c88b8734a8dcdff332601966de570c6e24,external,0,0 Ether
0,0x8f3470a7388c05ee4e7af3d01d8c722b0ff52374,1514692933,4826788.0,0x44cab6f6dc7045fd4acd1d0f3d09fc7a83004bd3,IN,3,0.0045543,0x2f6a05958380c781ee38da31dd710d6e3f164988e0df60b35c3befd2b8f92753,external,0,0 Ether
0,0x8f3470a7388c05ee4e7af3d01d8c722b0ff52374,1508592597,4404250.0,0x44cab6f6dc7045fd4acd1d0f3d09fc7a83004bd3,IN,3,0.0009564,0x410f0be4f0a83b7ed5af27f271d86c3c4ec149c7894372300ebb8b3a7d761eb9,external,0,0 Ether
0,0x8f3470a7388c05ee4e7af3d01d8c722b0ff52374,1504149226,4223195.0,0x44cab6f6dc7045fd4acd1d0f3d09fc7a83004bd3,IN,3,0.00273258,0x49d9ec117e7bc2056f93c13e5086e2e866a6503440298d03256937fb2ee2e99c,external,0,0 Ether
0,0x8f3470a7388c05ee4e7af3d01d8c722b0ff52374,1511916077,4642851.0,0x44cab6f6dc7045fd4acd1d0f3d09fc7a83004bd3,IN,3,0.0009564,0x6e86aa02ffe9e7a9e9bebd38f05ab23c57b2f3d5a9c68925ce67c69fdda216b2,external,0,0 Ether
0,0x8f3470a7388c05ee4e7af3d01d8c722b0ff52374,1512001285,4648929.0,0x44cab6f6dc7045fd4acd1d0f3d09fc7a83004bd3,IN,3,0.00018217,0x7846099e94106917d24ef32f1e506c7f3a4f1144d9d65eff0fc18dc84575de84,external,0,0 Ether
0,0x8f3470a7388c05ee4e7af3d01d8c722b0ff52374,1514652949,4824085.0,0x44cab6f6dc7045fd4acd1d0f3d09fc7a83004bd3,IN,3,0.00220422,0x7c9a1c33ee1a82b0f1f0a18b4c7566ba698379dc15a371e82e6ecf8b84052f78,external,0,0 Ether
0,0x8f3470a7388c05ee4e7af3d01d8c722b0ff52374,1544539071,6869446.0,0x44cab6f6dc7045fd4acd1d0f3d09fc7a83004bd3,IN,3,0.00018294,0x968ec506ae2e900136b71d713321aa96bf1851b5be9d8c33cfc683da0bae18ec,external,0,0 Ether
