Class,address,age,block,creator,direction,inter_direction,txFee,txhash,txn_type,type,value
0,0x8f3470a7388c05ee4e7af3d01d8c722b0ff52374,1540408245,6578484.0,0x44cab6f6dc7045fd4acd1d0f3d09fc7a83004bd3,IN,3,0.00103474,0x05869065255cb814dbe0581f2cb4a839f3d34932e1937f7a9a0dbb8de79a32f1,external,0,0 Ether
0,0x8f3470a7388c05ee4e7af3d01d8c722b0ff52374,1530726362,5907345.0,0x44cab6f6dc7045fd4acd1d0f3d09fc7a83004bd3,IN,3,0.0075,0x31f79acb727fd062322b6c8666cdeef24c690d19b2d17eef5bb03f70ddaa9fc2,external,0,0 Ether
0,0x8f3470a7388c05ee4e7af3d01d8c722b0ff52374,1534099460,6137625.0,0x44cab6f6dc7045fd4acd1d0f3d09fc7a83004bd3,IN,3,0.00103474,0x347e6c091965854597ea2cffff42a53d1d6d665ca49bfe25ee862c2750d227d6,external,0,0 Ether
0,0x8f3470a7388c05ee4e7af3d01d8c722b0ff52374,1537292833,6357722.0,0x44cab6f6dc7045fd4acd1d0f3d09fc7a83004bd3,IN,3,0.00103474,0x42908f9dea0183abe3c55458632cf7878050899fa111c9499a9f64eb2c9adc5b,external,0,0 Ether
0,0x8f3470a7388c05ee4e7af3d01d8c722b0ff52374,1533793653,6116666.0,0x44cab6f6dc7045fd4acd1d0f3d09fc7a83004bd3,IN,3,0.00103474,0x5363f99dcbf54886304d0db83ce3ad29ca7e7f650defb819f5b077e310bdf836,external,0,0 Ether
0,0x8f3470a7388c05ee4e7af3d01d8c722b0ff52374,1536606659,6309719.0,0x44cab6f6dc7045fd4acd1d0f3d09fc7a83004bd3,IN,3,0.00073474,0x73b31653c937215908d1f9151f1c5ec3d4e43c6e7810fd531c78d660227569d9,external,0,0 Ether
0,0x8f3470a7388c05ee4e7af3d01d8c722b0ff52374,1530726355,5907344.0,0x44cab6f6dc7045fd4acd1d0f3d09fc7a83004bd3,IN,3,0.00103474,0x8c40c9009f6464efa4d7540e7394e4979cb2ba1dcddf8e4ad6b4157f4e8a05f8,external,0,0 Ether
0,0x8f3470a7388c05ee4e7af3d01d8c722b0ff52374,1530551495,5895554.0,0x44cab6f6dc7045fd4acd1d0f3d09fc7a83004bd3,IN,3,0.00073474,0xa962c368c932b737703dd79de8036163689c12c41710594d0fb70aa0faecca17,external,0,0 Ether
