Class,address,age,block,creator,direction,inter_direction,txFee,txhash,txn_type,type,value
0,0x8f3470a7388c05ee4e7af3d01d8c722b0ff52374,1522729778,5370046.0,0x44cab6f6dc7045fd4acd1d0f3d09fc7a83004bd3,IN,3,0.00212121,0x00484bc7d5f1902dbd28c570b0d0eaa6d4b6d44e7d41a3e2e67c279f3ef5905d,external,0,0 Ether
0,0x8f3470a7388c05ee4e7af3d01d8c722b0ff52374,1524813374,5515470.0,0x44cab6f6dc7045fd4acd1d0f3d09fc7a83004bd3,IN,3,0.00364856,0x0379a8c9a33ae23cba9db3cdace90a0194ec50d41d13a15de21cd20a2539e7b8,external,0,0 Ether
0,0x8f3470a7388c05ee4e7af3d01d8c722b0ff52374,1522729922,5370053.0,0x44cab6f6dc7045fd4acd1d0f3d09fc7a83004bd3,IN,3,0.00150621,0x1b25b0ae5833bdc6d0aa9c82dc7d7252596a2f36e8fbbc07d4b2a19e6cd394d6,external,0,0 Ether
0,0x8f3470a7388c05ee4e7af3d01d8c722b0ff52374,1502343641,4140500.0,0x44cab6f6dc7045fd4acd1d0f3d09fc7a83004bd3,IN,3,0.00108782,0x30e12a946671e45b41f76038c301eb7b96c289595ec293d801fc457b1cf5648d,external,0,0 Ether
0,0x8f3470a7388c05ee4e7af3d01d8c722b0ff52374,1527831342,5714110.0,0x44cab6f6dc7045fd4acd1d0f3d09fc7a83004bd3,IN,3,0.00150884,0x3cfddccc9e86b5636110565ea802679ee8879f595716578a0e9553b9e738be2d,external,0,0 Ether
0,0x8f3470a7388c05ee4e7af3d01d8c722b0ff52374,1527831224,5714100.0,0x44cab6f6dc7045fd4acd1d0f3d09fc7a83004bd3,IN,3,0.00212121,0x8327bd26a7a5bfc063ee9bedee365bc5b17de4decfbdc956a98776ff34d37a00,external,0,0 Ether
0,0x8f3470a7388c05ee4e7af3d01d8c722b0ff52374,1524821271,5515986.0,0x44cab6f6dc7045fd4acd1d0f3d09fc7a83004bd3,IN,3,0.00150884,0xb1c2925dca859366f6533fbf074e915122feec6822155e6277d8d9ebd0452527,external,0,0 Ether
0,0x8f3470a7388c05ee4e7af3d01d8c722b0ff52374,1522729986,5370058.0,0x44cab6f6dc7045fd4acd1d0f3d09fc7a83004bd3,IN,3,0.00150884,0xb1ede33fc355ff5f422eb5e124259fd4ab74a39843006cc803c6b72d9edbebc2,external,0,0 Ether
