Class,address,age,block,creator,direction,inter_direction,txFee,txhash,txn_type,type,value
0,0x8f3470a7388c05ee4e7af3d01d8c722b0ff52374,1522564941,5361500.0,0x44cab6f6dc7045fd4acd1d0f3d09fc7a83004bd3,IN,3,0.00040551,0x114ec0141a65737ab85683e2ce42614aede3a3752f36db20db6cfbef730025e6,external,0,0 Ether
0,0x8f3470a7388c05ee4e7af3d01d8c722b0ff52374,1529320644,5812506.0,0x44cab6f6dc7045fd4acd1d0f3d09fc7a83004bd3,IN,3,0.00050167,0xa960c60d6b3b73083f65a492aa82108c117be1fcbed8222106bb1751751ab1c3,external,0,0 Ether
