Class,address,age,block,creator,direction,inter_direction,txFee,txhash,txn_type,type,value
0,0x8f3470a7388c05ee4e7af3d01d8c722b0ff52374,1502155472,4131579.0,0x44cab6f6dc7045fd4acd1d0f3d09fc7a83004bd3,IN,3,4.5600000000000004e-05,0x21808691b3269bb8800a19fe160a2a86bb3e68e33e63dfd894491d4ae0399d87,external,0,0 Ether
0,0x8f3470a7388c05ee4e7af3d01d8c722b0ff52374,1504286398,4228767.0,0x44cab6f6dc7045fd4acd1d0f3d09fc7a83004bd3,IN,3,9.134e-05,0x3e44cf326a68f9481be83e2c817facb91c880212315aea815bee3638ee73f7fa,external,0,0 Ether
0,0x8f3470a7388c05ee4e7af3d01d8c722b0ff52374,1502243141,4135755.0,0x44cab6f6dc7045fd4acd1d0f3d09fc7a83004bd3,IN,3,0.00013682,0x4a02e4115e2824462a81b61e165e94c53ea98f65302ebaee64684c80fa4fc750,external,0,0 Ether
