Class,address,age,block,creator,direction,inter_direction,txFee,txhash,txn_type,type,value
0,0x93e682107d1e9defb0b5ee701c71707a4b2e46bc,1522797951,5377816.0,0xc5cf6410a3f2eda2b31ea73a4fd9b3e80d035fe1,IN,3,0.00150847,0x4c48880256bc2cde6ba5ecb410b06f5fae75ea3a65ccec57aa4643675c2340e3,external,0,0 Ether
0,0x93e682107d1e9defb0b5ee701c71707a4b2e46bc,1521511839,5288643.0,0xc5cf6410a3f2eda2b31ea73a4fd9b3e80d035fe1,IN,3,0.00212347,0xa1f5195841b15608c4378d268530d4dd791e7bcee92e106c0ae844211c6066fd,external,0,0 Ether
