Class,address,age,block,creator,direction,inter_direction,txFee,txhash,txn_type,type,value
0,0x93e682107d1e9defb0b5ee701c71707a4b2e46bc,1525916556,5588607.0,0xc5cf6410a3f2eda2b31ea73a4fd9b3e80d035fe1,IN,3,0.00151109,0x009a8b35e13b414c47b77f1188aae3f7be5f66bb6dbc87fd78f72290d8fe1bf9,external,0,0 Ether
0,0x93e682107d1e9defb0b5ee701c71707a4b2e46bc,1523610642,5434290.0,0xc5cf6410a3f2eda2b31ea73a4fd9b3e80d035fe1,IN,3,0.00207168,0x0288e86cf1758ef6a296ed3e79188afe75a63fd334f247047158315e538dbdf8,external,0,0 Ether
0,0x93e682107d1e9defb0b5ee701c71707a4b2e46bc,1524131447,5469658.0,0xc5cf6410a3f2eda2b31ea73a4fd9b3e80d035fe1,IN,3,0.00147424,0x286feabecb07706e92589a548301b3e2856305f2c6a5f96d3b4a9d85bd1a18e1,external,0,0 Ether
0,0x93e682107d1e9defb0b5ee701c71707a4b2e46bc,1532475572,6026286.0,0xc5cf6410a3f2eda2b31ea73a4fd9b3e80d035fe1,IN,3,0.00212609,0x2916583f3e31c9eced54872f7db6b3a0b520aae2b7cc4e1bc1f1c9823f769c71,external,0,0 Ether
0,0x93e682107d1e9defb0b5ee701c71707a4b2e46bc,1522797434,5377781.0,0xc5cf6410a3f2eda2b31ea73a4fd9b3e80d035fe1,IN,3,0.00207424,0x4d46ad0dcae8b6e9dc79816af45d273f63bb4db16c1bfdf6bf7e3e8e57aaaa8e,external,0,0 Ether
0,0x93e682107d1e9defb0b5ee701c71707a4b2e46bc,1528325865,5746394.0,0xc5cf6410a3f2eda2b31ea73a4fd9b3e80d035fe1,IN,3,0.00212609,0x77778563ea27ad807df3c41d50c09eb97ac0f68a7dd228bf15b6ee3d7a00026a,external,0,0 Ether
0,0x93e682107d1e9defb0b5ee701c71707a4b2e46bc,1535103780,6206358.0,0xc5cf6410a3f2eda2b31ea73a4fd9b3e80d035fe1,IN,3,0.00151109,0xa7903ebe77dea8e72af932232b5f5c61feceb53c905fd1ca02b712c07b5e5acc,external,0,0 Ether
