Class,address,age,block,creator,direction,inter_direction,txFee,txhash,txn_type,type,value
1,0x80e4f014c98320eab524ae16b0aaf1603f4dc01d,1538046030,6410667.0,0x96bb98183e5562913e72613c1979d0a13f8ec76b,OUT,2,0.0,0xce31bccf3c19666c9edbeb1a554ff6d0a108b34dbaac53566deb416b681c43b6,internal,call,0.218263888888888 Ether
1,0x80e4f014c98320eab524ae16b0aaf1603f4dc01d,1538060658,6411733.0,0x96bb98183e5562913e72613c1979d0a13f8ec76b,OUT,2,0.0,0xf5aad0046db1ed1ccfdf7d0dd7b1bde428c35dc1606ea4daff8d9227ab0f9bea,internal,call,0.058333333333333 Ether
1,0x80e4f014c98320eab524ae16b0aaf1603f4dc01d,1538053450,6411205.0,0x96bb98183e5562913e72613c1979d0a13f8ec76b,OUT,2,0.0,0x262f11bf5b04b85c0bde72d9e90603e642053e6c2ffdf5b811f68d45c77ae789,internal,call,0.027222222222222 Ether
1,0x80e4f014c98320eab524ae16b0aaf1603f4dc01d,1538050115,0.0,0x96bb98183e5562913e72613c1979d0a13f8ec76b,OUT,2,0.0,0x140d51c7672d7b00e4d1ab8556ef0aa345b610e3edda9b955557de1e47a40e42,internal,call,0.033055555555555 Ether
