Class,address,age,block,creator,direction,inter_direction,txFee,txhash,txn_type,type,value
0,0x95daaab98046846bf4b2853e23cba236fa394a31,1537757637,6390379.0,0xe0a66218c40230967d4240d25f6220a28e52c7ff,IN,3,0.00023572,0x2befd6ea4fa13c71d55f5a7c72ab2712f8797e7dac8a837347d9bc960e9d0d7a,external,0,0 Ether
0,0x95daaab98046846bf4b2853e23cba236fa394a31,1539915855,6543576.0,0xe0a66218c40230967d4240d25f6220a28e52c7ff,IN,3,0.00018623,0x4d23fc0d584e8c3629a477dd0f6861aea32cc7f5f35d22bbd45c3482b6c84ab7,external,0,0 Ether
0,0x95daaab98046846bf4b2853e23cba236fa394a31,1527236202,5675194.0,0xe0a66218c40230967d4240d25f6220a28e52c7ff,IN,3,0.0003793,0x6aaa529591247634e6e74eb707088be20048c349edcf95e8503fa548ceefad7a,external,0,0 Ether
