Class,address,age,block,creator,direction,inter_direction,txFee,txhash,txn_type,type,value
0,0x459f7854776ed005b6ec63a88f834fdab0b6993e,1504443981,0.0,0xa7b0883a9e885177f30fcdc42b6e4a015f20e53b,OUT,2,0.0,0x35409e26986669ed669c9ec1b36b08e58f6ca5117704c7367df583eb8cf8cd76,internal,call,0.000002 Ether
0,0x459f7854776ed005b6ec63a88f834fdab0b6993e,1503577600,0.0,0xa7b0883a9e885177f30fcdc42b6e4a015f20e53b,OUT,2,0.0,0xafc2bdafc175539392f950418431a502a7600d3ac4934ecb0639ee29e9214d81,internal,call,0.000002 Ether
