Class,address,age,block,creator,direction,inter_direction,txFee,txhash,txn_type,type,value
0,0x95daaab98046846bf4b2853e23cba236fa394a31,1546660731,7014317.0,0xe0a66218c40230967d4240d25f6220a28e52c7ff,IN,3,0.00039158,0x1adcf4bc942385228531fd22374b084d6e8f133c05fee23780f4e20736ad3891,external,0,0 Ether
0,0x95daaab98046846bf4b2853e23cba236fa394a31,1546726054,7018622.0,0xe0a66218c40230967d4240d25f6220a28e52c7ff,IN,3,0.00039158,0x47eb7b3adf148aa7135b3de2d2129e11a91d3a4402f381dfc931e2a3fd964c9f,external,0,0 Ether
0,0x95daaab98046846bf4b2853e23cba236fa394a31,1546694521,7016551.0,0xe0a66218c40230967d4240d25f6220a28e52c7ff,IN,3,0.00058738,0x47f7f8c350717a3d9309c21779b673291d9e6ed5a12d9f7e82fcae4b9dad8b3a,external,0,0 Ether
0,0x95daaab98046846bf4b2853e23cba236fa394a31,1546617536,7011545.0,0xe0a66218c40230967d4240d25f6220a28e52c7ff,IN,3,0.00039158,0x4a3ae62d7642434cc0bcff4eff4f8590045fe3f062458a02e60be0052fd2f919,external,0,0 Ether
0,0x95daaab98046846bf4b2853e23cba236fa394a31,1546628056,7012186.0,0xe0a66218c40230967d4240d25f6220a28e52c7ff,IN,3,0.00058738,0x4eff2cf1fa9a4a12828616ab8a850f54c2cadaaf5e656317f298895fc0446543,external,0,0 Ether
0,0x95daaab98046846bf4b2853e23cba236fa394a31,1546654302,7013906.0,0xe0a66218c40230967d4240d25f6220a28e52c7ff,IN,3,0.00039158,0x603f3a542b9804754e0b1d8e3769c4c1a3f817fb19b13ec3306c9714c1c5715b,external,0,0 Ether
0,0x95daaab98046846bf4b2853e23cba236fa394a31,1546680214,7015611.0,0xe0a66218c40230967d4240d25f6220a28e52c7ff,IN,3,0.00039158,0x6a6447e5062366ab0486854da3467f4c3b1b9108c584030424b1b361cc6bf143,external,0,0 Ether
0,0x95daaab98046846bf4b2853e23cba236fa394a31,1546572904,7008676.0,0xe0a66218c40230967d4240d25f6220a28e52c7ff,IN,3,0.00058738,0x831ca267c8d15730d937324e8a8901f4fa297fe05a14f10c55dea152a346d518,external,0,0 Ether
0,0x95daaab98046846bf4b2853e23cba236fa394a31,1546567070,7008315.0,0xe0a66218c40230967d4240d25f6220a28e52c7ff,IN,3,0.00058738,0xabfd96d35c9433dc73ef584a312c7b095f189a8eda850c3e4b5efd76e0e3e1eb,external,0,0 Ether
