Class,address,age,block,creator,direction,inter_direction,txFee,txhash,txn_type,type,value
0,0x96a65609a7b84e8842732deb08f56c3e21ac6f8a,1504006273,4217369.0,0x387792f7d2aa6e7fa1312261cf36f5f6f6b97c00,IN,3,0.00018212,0x40c273aa7d9fd0b51b514f5b86903004c69236623ccf154eedbe59462d6987d5,external,0,0 Ether
0,0x96a65609a7b84e8842732deb08f56c3e21ac6f8a,1502017839,4125114.0,0x387792f7d2aa6e7fa1312261cf36f5f6f6b97c00,IN,3,0.0047546,0x698a2f4db5b7d2676f50687b88d3b4ce9dc6070b122d8eab11044803bcc7a628,external,0,3 Ether
