Class,address,age,block,creator,direction,inter_direction,txFee,txhash,txn_type,type,value
0,0x96a65609a7b84e8842732deb08f56c3e21ac6f8a,1507980249,4365861.0,0x387792f7d2aa6e7fa1312261cf36f5f6f6b97c00,IN,3,0.00131607,0x006852b87cfa174643584c8daba5373dbc122d7eb252cb9e5282654cfc01fad3,external,0,0 Ether
0,0x96a65609a7b84e8842732deb08f56c3e21ac6f8a,1503637439,4202433.0,0x387792f7d2aa6e7fa1312261cf36f5f6f6b97c00,IN,3,0.00199665,0x0a0ffb35f7d2ebf232bb12aa7a99ac4517cb1496109da6f81d8dd778e1225c12,external,0,8 Ether
0,0x96a65609a7b84e8842732deb08f56c3e21ac6f8a,1516028795,4914922.0,0x387792f7d2aa6e7fa1312261cf36f5f6f6b97c00,IN,3,0.00150316,0x9504966fed277bda58ce813e5f396fc8c0890b3ef5595edbf3b1d432ed395d44,external,0,0 Ether
