Class,address,age,block,creator,direction,inter_direction,txFee,txhash,txn_type,type,value
0,0x8d12a197cb00d4747a1fe03395095ce2a5cc6819,1545888286,6962288.0,0x1ed014aec47fae44c9e55bac7662c0b78ae61798,OUT,2,0.0,0x6611f9c8901040df326ba14e97a3367652bc4dc6f169a62a259a6713686bfeea,internal,call,0.015 Ether
0,0x8d12a197cb00d4747a1fe03395095ce2a5cc6819,1546412454,6998191.0,0x1ed014aec47fae44c9e55bac7662c0b78ae61798,OUT,2,0.0,0x4e51692ce3625a49481b9aec87658ce132b1cdb88af3d1cf50b9274a2e3c24fb,internal,call,0.031808610775 Ether
0,0x8d12a197cb00d4747a1fe03395095ce2a5cc6819,1546991326,7035758.0,0x1ed014aec47fae44c9e55bac7662c0b78ae61798,OUT,2,0.0,0x965bd4f07548fc0efaa5ad9172c1d00c9255ca63bb307fd2df5fbdfe4acc2ad5,internal,call,0.012959824543913 Ether
0,0x8d12a197cb00d4747a1fe03395095ce2a5cc6819,1545419801,6930260.0,0x1ed014aec47fae44c9e55bac7662c0b78ae61798,OUT,2,0.0,0xa442f7e6727a37bc07fb87883126773a4f54ec730e7f43d634254af10109cf60,internal,call,0.080190709122612 Ether
0,0x8d12a197cb00d4747a1fe03395095ce2a5cc6819,1545367405,6923734.0,0x1ed014aec47fae44c9e55bac7662c0b78ae61798,OUT,2,0.0,0xfd3dd0a3e5bff0db8ed46b430890cd119f6955812a475be3c258360345805613,internal,call,0.08859 Ether
0,0x8d12a197cb00d4747a1fe03395095ce2a5cc6819,1546895555,7029536.0,0x1ed014aec47fae44c9e55bac7662c0b78ae61798,OUT,2,0.0,0x122c825375742d81d8ed1efa74016cc725d4c58d6daa8647221028909663554f,internal,call,0.012918721961982 Ether
