Class,address,age,block,creator,direction,inter_direction,txFee,txhash,txn_type,type,value
0,0xc7af99fe5513eb6710e6d5f44f9989da40f27f26,1535333340,6222114.0,0xba52c75764d6f594735dc735be7f1830cdf58ddf,OUT,2,0.0,0x24fdb04d2d598ac00b340dcb3c16ff190252093286e99a7b71bb5a81709ceb3d,internal,call,0.0009625 Ether
0,0xc7af99fe5513eb6710e6d5f44f9989da40f27f26,1534495703,6164747.0,0xba52c75764d6f594735dc735be7f1830cdf58ddf,OUT,2,0.0,0x0af8109fc523529551f7f2d6ca2637a6528b27fd835b676c997ad01dac4d961c,internal,call,0.000000000009625 Ether
