Class,address,age,block,creator,direction,inter_direction,txFee,txhash,txn_type,type,value
1,0x4e8ecf79ade5e2c49b9e30d795517a81e0bf00b8,1532927901,6057413.0,0xf39e044e1ab204460e06e87c6dca2c6319fc69e3,OUT,2,0.0,0xfb22ec99aca51d9f5c28057baceb86be265303bc695c8483b8935fc3826c532e,internal,call,0.002983532212895 Ether
1,0x4e8ecf79ade5e2c49b9e30d795517a81e0bf00b8,1532740857,6044439.0,0xf39e044e1ab204460e06e87c6dca2c6319fc69e3,OUT,2,0.0,0x7b993b84b66a71a8165c85ee8476b8efbd963eca87f2cd5a23a6874945d1ccce,internal,call,0.095918639715227 Ether
