Class,address,age,block,creator,direction,inter_direction,txFee,txhash,txn_type,type,value
1,0x4e8ecf79ade5e2c49b9e30d795517a81e0bf00b8,1532771920,6046547.0,0xf39e044e1ab204460e06e87c6dca2c6319fc69e3,OUT,2,0.0,0x3f4bac19547c12b52cdb695ca2a19ce06a0014b84f134223d553cd8f91f9fba1,internal,call,0.399353653806063 Ether
1,0x4e8ecf79ade5e2c49b9e30d795517a81e0bf00b8,1532713557,0.0,0xf39e044e1ab204460e06e87c6dca2c6319fc69e3,OUT,2,0.0,0x072afed4ffca71cd799d3419f9436315dc2d242b9e878b2a721e6f4c710d783d,internal,call,15.001 Ether
1,0x4e8ecf79ade5e2c49b9e30d795517a81e0bf00b8,1532737264,6044184.0,0xf39e044e1ab204460e06e87c6dca2c6319fc69e3,OUT,2,0.0,0xa33bc0b89cf87951f1ef97231ccbe76b374ca331be4f37c55f6d1fb34d9b70b2,internal,call,4.318841208469118 Ether
