Class,address,age,block,creator,direction,inter_direction,txFee,txhash,txn_type,type,value
0,0x9b6443b0fb9c241a7fdac375595cea13e6b7807a,1523908951,5454757.0,0xd18d973c6bbea7b9a8b66cf9e460e8c21446451a,IN,3,0.00049,0x26a3c3f2a46bc02038a2d9863dedaf14102145a0a4fe65cad7aba8ec364635e1,external,0,0 Ether
0,0x9b6443b0fb9c241a7fdac375595cea13e6b7807a,1523909124,5454769.0,0xd18d973c6bbea7b9a8b66cf9e460e8c21446451a,IN,3,0.0010199999999999999,0x88212398119b49112159eef5f739ca48c8104aabd6b47ae2b1df18ea3a2b0d37,external,0,0 Ether
0,0x9b6443b0fb9c241a7fdac375595cea13e6b7807a,1523909258,5454774.0,0xd18d973c6bbea7b9a8b66cf9e460e8c21446451a,IN,3,0.00104508,0x9214cd7006d9821375592b80fc63576e742f322b25938553f49b46562ad92ba3,external,0,0 Ether
