Class,address,age,block,creator,direction,inter_direction,txFee,txhash,txn_type,type,value
0,0xc7af99fe5513eb6710e6d5f44f9989da40f27f26,1547963384,7098684.0,0xba52c75764d6f594735dc735be7f1830cdf58ddf,OUT,2,0.0,0x1088436ff3e1a76aa5d85a8985d8483f5829f17da6b2a252ad6e28eb487f9f15,internal,call,0.009625 Ether
0,0xc7af99fe5513eb6710e6d5f44f9989da40f27f26,1547885737,7093714.0,0xba52c75764d6f594735dc735be7f1830cdf58ddf,OUT,2,0.0,0x623b2f7b09b639ff5f54ee9538d0cfbe0487c14ad02f588412ec1a96b0db2bf0,internal,call,0.009625 Ether
0,0xc7af99fe5513eb6710e6d5f44f9989da40f27f26,1547728170,7083408.0,0xba52c75764d6f594735dc735be7f1830cdf58ddf,OUT,2,0.0,0x90bd8f82ad0d848072f7a265a218cedda89d7e3b48104f4623cf4e385e1139c5,internal,call,0.009625 Ether
