Class,address,age,block,creator,direction,inter_direction,txFee,txhash,txn_type,type,value
0,0x9d9832d1beb29cc949d75d61415fd00279f84dc2,1536596746,6305996.0,0x3cf26a9fe33c219db87c2e50572e50803efb2981,IN,3,0.00028,0x1aba8e82351f8dcf32bf1a62183bd8296904acdc7ef68b82c20e909517a268bb,external,0,0 Ether
0,0x9d9832d1beb29cc949d75d61415fd00279f84dc2,1536564688,6306803.0,0x3cf26a9fe33c219db87c2e50572e50803efb2981,IN,3,0.00023151,0x370e6c70f628a72a293fe21da85e7f90dffad135f38159858281a4c44ebfb0bc,external,0,0 Ether
0,0x9d9832d1beb29cc949d75d61415fd00279f84dc2,1536560691,6306520.0,0x3cf26a9fe33c219db87c2e50572e50803efb2981,IN,3,0.00060896,0x921ff7c0faf67b58ec1fee6d9b0025ab3dac3f31b30978e280c55efa75cac0ee,external,0,0 Ether
