Class,address,age,block,creator,direction,inter_direction,txFee,txhash,txn_type,type,value
0,0x9f8f72aa9304c8b593d555f12ef6589cc3a579a2,1539052202,6482213.0,0x731c6f8c754fa404cfcc2ed8035ef79262f65702,IN,3,0.00147356,0x12aef07f38aba67167bb53fb82d3ec62d440d2bd282ba22248a81747338e33b5,external,0,0 Ether
0,0x9f8f72aa9304c8b593d555f12ef6589cc3a579a2,1542268567,6709895.0,0x731c6f8c754fa404cfcc2ed8035ef79262f65702,IN,3,0.00115122,0x2e21df08acfb47f9ed7c9d07140ff502788ca4e62836d7a87b53b477e7765850,external,0,0 Ether
0,0x9f8f72aa9304c8b593d555f12ef6589cc3a579a2,1536157349,6278748.0,0x731c6f8c754fa404cfcc2ed8035ef79262f65702,IN,3,0.00027629,0x8bd0740c8bf2a3e01fdea6b0a6f222b4abf8932a2c6b7546743617fed1b913df,external,0,0 Ether
0,0x9f8f72aa9304c8b593d555f12ef6589cc3a579a2,1537794667,6392949.0,0x731c6f8c754fa404cfcc2ed8035ef79262f65702,IN,3,0.00050653,0xab00063d33c87dc76f694f65fe53dccb95073f99631ee027a5e403f2ad99ad7d,external,0,0 Ether
0,0x9f8f72aa9304c8b593d555f12ef6589cc3a579a2,1539177066,6491091.0,0x731c6f8c754fa404cfcc2ed8035ef79262f65702,IN,3,0.00170381,0xadc4bba2c0b83fd3366a0c8493fcdbea7293c7ef54c635a555ecbe5e48c76195,external,0,0 Ether
