Class,address,age,block,creator,direction,inter_direction,txFee,txhash,txn_type,type,value
0,0x9f8f72aa9304c8b593d555f12ef6589cc3a579a2,1516252926,4929313.0,0x731c6f8c754fa404cfcc2ed8035ef79262f65702,IN,3,0.00115623,0x736ec0bdc80887a45b998de85cb4c450dba0f4f8dbddf27a04349cd1b4c3826c,external,0,0 Ether
0,0x9f8f72aa9304c8b593d555f12ef6589cc3a579a2,1519976463,5183826.0,0x731c6f8c754fa404cfcc2ed8035ef79262f65702,IN,3,0.00024668,0x88c56e27f34ad98201b8862bc3d4f85a452e14ed52c2f7c65c9c4e525c52b8d1,external,0,0 Ether
