Class,address,age,block,creator,direction,inter_direction,txFee,txhash,txn_type,type,value
1,0x4f3db6d4c97b8248ad5e244e4f619086084f6848,1541842065,6679720.0,0xac560ed699346e4e3a3c2106ac90136883f7f624,OUT,2,0.0,0x26d21ffa3307559d2ece31e5da7bd08663ff2b3c345e5250da859efe033a8f39,internal,call,0.537765972222222 Ether
1,0x4f3db6d4c97b8248ad5e244e4f619086084f6848,1540603106,6592315.0,0xac560ed699346e4e3a3c2106ac90136883f7f624,OUT,2,0.0,0xea05b00b3333b6e44475c97e5d71713b9037345d303608f6863cfa987ca7419d,internal,call,0.0182875 Ether
1,0x4f3db6d4c97b8248ad5e244e4f619086084f6848,1540960570,6614465.0,0xac560ed699346e4e3a3c2106ac90136883f7f624,OUT,2,0.0,0x849c69a78593edc0778bb38684d56b7a6b4b8da448cc990dcf428fb26cfcca52,internal,call,0.365736805555555 Ether
1,0x4f3db6d4c97b8248ad5e244e4f619086084f6848,1541380394,6647141.0,0xac560ed699346e4e3a3c2106ac90136883f7f624,OUT,2,0.0,0x0c8af58b0a85627c075d3dae143e208780ba464bc6b8f3b24ddd539fe76f8d1e,internal,call,0.539514236111111 Ether
1,0x4f3db6d4c97b8248ad5e244e4f619086084f6848,1542724789,6742066.0,0xac560ed699346e4e3a3c2106ac90136883f7f624,OUT,2,0.0,0xbd1f742cca16fdf77ffa92d0e6ed1085554e9e1981645eb85c9f79cea3ce3511,internal,call,1.028678472222222 Ether
1,0x4f3db6d4c97b8248ad5e244e4f619086084f6848,1543705743,6811101.0,0xac560ed699346e4e3a3c2106ac90136883f7f624,OUT,2,0.0,0xdd13e7971d0a7bb36eb53c94ebf13d9d47c7d43f19a464efe037eb17a5c527b9,internal,call,1.143014930555555 Ether
1,0x4f3db6d4c97b8248ad5e244e4f619086084f6848,1543747066,6813976.0,0xac560ed699346e4e3a3c2106ac90136883f7f624,OUT,2,0.0,0x310fedde658f2d83475b09eb667ddbc038d5d3a86b61560939eb996eda6c6883,internal,call,0.095804861111111 Ether
