Class,address,age,block,creator,direction,inter_direction,txFee,txhash,txn_type,type,value
0,0xa74476443119a942de498590fe1f2454d7d4ac0d,1545191921,6914765.0,0x42c8fcbc73d625f1d258a32915b6a573095de93d,IN,3,0.00041633,0x1388bad432830ae74e8749f278bf0677b07b4e9ca0d8eb19514bea4d07874a62,external,0,0 Ether
0,0xa74476443119a942de498590fe1f2454d7d4ac0d,1544260069,6849777.0,0x42c8fcbc73d625f1d258a32915b6a573095de93d,IN,3,0.00046605,0x4bcd68443ab6f373d81d9ceaeb8531930c93e6063ec88337d3520ef518b050a2,external,0,0 Ether
