Class,address,age,block,creator,direction,inter_direction,txFee,txhash,txn_type,type,value
0,0xa74476443119a942de498590fe1f2454d7d4ac0d,1542451958,6722858.0,0x42c8fcbc73d625f1d258a32915b6a573095de93d,IN,3,0.00049108,0x159801d733cf2b4fb8d4ff4c66f3fc6aaad3428322649c8b080dc89614524e12,external,0,0 Ether
0,0xa74476443119a942de498590fe1f2454d7d4ac0d,1542451958,6722858.0,0x42c8fcbc73d625f1d258a32915b6a573095de93d,IN,3,0.00043696,0x6eb7987e732693275d11d57629114dabd0a9d59b43dd7f1b25504437f8e936d8,external,0,0 Ether
