Class,address,age,block,creator,direction,inter_direction,txFee,txhash,txn_type,type,value
0,0xa74476443119a942de498590fe1f2454d7d4ac0d,1531795405,5980124.0,0x42c8fcbc73d625f1d258a32915b6a573095de93d,IN,3,0.00065352,0x054f1abcc7aef4bf63800171b5df619f1c9effb547edf3baf4e7aa535f92e939,external,0,0 Ether
0,0xa74476443119a942de498590fe1f2454d7d4ac0d,1531390835,5952208.0,0x42c8fcbc73d625f1d258a32915b6a573095de93d,IN,3,0.0009476,0x3e03601cc040f2341871a1308346678f44d53d5397e1a2159a434886e5464f3b,external,0,0 Ether
