Class,address,age,block,creator,direction,inter_direction,txFee,txhash,txn_type,type,value
0,0xa74476443119a942de498590fe1f2454d7d4ac0d,1527872632,5716835.0,0x42c8fcbc73d625f1d258a32915b6a573095de93d,IN,3,0.00036927,0x4a892a924a6b6546f3f865316eb7ec85bb5c6ea034bb9ab81cb5c86cc9adc61d,external,0,0 Ether
0,0xa74476443119a942de498590fe1f2454d7d4ac0d,1527872632,5716835.0,0x42c8fcbc73d625f1d258a32915b6a573095de93d,IN,3,0.00036927,0x6efdde8b487a46a723396c18a5760a9da206e9ee0d7de4f54df497416617ff00,external,0,0 Ether
0,0xa74476443119a942de498590fe1f2454d7d4ac0d,1527872632,5716835.0,0x42c8fcbc73d625f1d258a32915b6a573095de93d,IN,3,0.00036927,0xa1a3b0cb488b6fcabb5cd136c5f64d1914ee3a32f0b6b7c03c6a47efbfbb72ba,external,0,0 Ether
