Class,address,age,block,creator,direction,inter_direction,txFee,txhash,txn_type,type,value
0,0xa74476443119a942de498590fe1f2454d7d4ac0d,1544724088,6882416.0,0x42c8fcbc73d625f1d258a32915b6a573095de93d,IN,3,0.00073824,0x16323d3511b1d29117fb700168b53f682767a5bf51b073b40a43fdcd323cf20f,external,0,0 Ether
0,0xa74476443119a942de498590fe1f2454d7d4ac0d,1527271346,5677468.0,0x42c8fcbc73d625f1d258a32915b6a573095de93d,IN,3,0.00073824,0x9ff94d2f8801e6d9f2682adb201e7562204e171f68f7927f1bc1c1e96e9531a9,external,0,0 Ether
