Class,address,age,block,creator,direction,inter_direction,txFee,txhash,txn_type,type,value
0,0xaaab2ec23dd5dd9602e631b8399fa94c9d134b3a,1503072903,4173257.0,0x5cd9f1c602ca78444142568958151027b1334d36,IN,3,0.00105,0xa6aae8aaa8a3b484d478d6ad5119d88f0692b3517015d4819ca49f48d3d40852,external,0,1.03 Ether
0,0xaaab2ec23dd5dd9602e631b8399fa94c9d134b3a,1503073329,4173282.0,0x5cd9f1c602ca78444142568958151027b1334d36,IN,3,0.00174335,0xaa387384cbfdc162a5404f93277203f4c4be604ecf1d5bca0286c8ea70e5eb62,external,0,1 Ether
