Class,address,age,block,creator,direction,inter_direction,txFee,txhash,txn_type,type,value
0,0xab16e0d25c06cb376259cc18c1de4aca57605589,1516300097,4932373.0,0x5cb8a6440469ef1c632a50fa796f4a631d5798a2,IN,3,0.00080667,0x1a509b4205c86ada4bec37bf687e2e7e88ca26e558bc4cda7de00b0707823ec3,external,0,0 Ether
0,0xab16e0d25c06cb376259cc18c1de4aca57605589,1516299580,4932338.0,0x5cb8a6440469ef1c632a50fa796f4a631d5798a2,IN,3,0.00191193,0xa13062da16cee5b4b52fe4393f85dfc2d579fa76c19130f4f2f8f35308e86d93,external,0,0 Ether
