Class,address,age,block,creator,direction,inter_direction,txFee,txhash,txn_type,type,value
1,0x8a883a20940870dc055f2070ac8ec847ed2d9918,1532306304,6014901.0,0xc14f8469d4bb31c8e69fae9c16e262f45edc3635,OUT,2,0.0,0xeebe50c8ca8c3ac1f23ee471dbb0e321d1ce5484e02df03d5b52fda99cb70472,internal,call,0.783857344866861 Ether
1,0x8a883a20940870dc055f2070ac8ec847ed2d9918,1533228559,6074967.0,0xc14f8469d4bb31c8e69fae9c16e262f45edc3635,OUT,2,0.0,0xf222d897ec26d9c81e47b41e5570ca5c80f27cc4abdb76e9a809fd21fc87854e,internal,call,0.101563523160439 Ether
1,0x8a883a20940870dc055f2070ac8ec847ed2d9918,1532702235,6041748.0,0xc14f8469d4bb31c8e69fae9c16e262f45edc3635,OUT,2,0.0,0xb2e129893dd5e7fb9d7feee9a2b003fade7424d46e1be8cf58de5a06df3a670b,internal,call,0.041637853520783 Ether
