Class,address,age,block,creator,direction,inter_direction,txFee,txhash,txn_type,type,value
0,0xaec2e87e0a235266d9c5adc9deb4b2e29b54d009,1498827283,3954479.0,0x0860df0aeb7fdd29c6da4dbc7aaed0da59325ddd,IN,3,0.00278087,0x2337ca2f137da0a5bf2355c51f8d2b0295bfb0ba1f6dd2032144eaf27b96abae,external,0,0 Ether
0,0xaec2e87e0a235266d9c5adc9deb4b2e29b54d009,1506442894,4313234.0,0x0860df0aeb7fdd29c6da4dbc7aaed0da59325ddd,IN,3,0.00274207,0x57ae77ae0a8e27614690122230df5aaa820eaaa628c74070a5199349b7a5c1a0,external,0,0 Ether
0,0xaec2e87e0a235266d9c5adc9deb4b2e29b54d009,1513866739,4773417.0,0x0860df0aeb7fdd29c6da4dbc7aaed0da59325ddd,IN,3,0.00387336,0x5f3ae580aec3981372cc27d58c65f792cfb854c8759631004eb70805b74f1b7a,external,0,0 Ether
