Class,address,age,block,creator,direction,inter_direction,txFee,txhash,txn_type,type,value
0,0xaec2e87e0a235266d9c5adc9deb4b2e29b54d009,1500000260,4020782.0,0x0860df0aeb7fdd29c6da4dbc7aaed0da59325ddd,IN,3,0.00177065,0x0a3d6a19a8f4766eed9ac315ea952fce5a369674607b44f1cecb5b67209e59c8,external,0,0 Ether
0,0xaec2e87e0a235266d9c5adc9deb4b2e29b54d009,1497162924,3856108.0,0x0860df0aeb7fdd29c6da4dbc7aaed0da59325ddd,IN,3,0.00208565,0x36e0d79e436dc127d0106ec68d672e6b2227837b31138b83ef540525918a16b1,external,0,0 Ether
0,0xaec2e87e0a235266d9c5adc9deb4b2e29b54d009,1502798361,4162165.0,0x0860df0aeb7fdd29c6da4dbc7aaed0da59325ddd,IN,3,0.001457,0x906ca7dae94cc11249a0adff218c542b6a11a8293413682a9b0dd7a3bc80ac10,external,0,0 Ether
0,0xaec2e87e0a235266d9c5adc9deb4b2e29b54d009,1502797710,4162135.0,0x0860df0aeb7fdd29c6da4dbc7aaed0da59325ddd,IN,3,0.00176931,0x9b7a1e08a4458bb5dd826b741ab8ba2b38660113e216bf2109383706d8d2e907,external,0,0 Ether
