Class,address,age,block,creator,direction,inter_direction,txFee,txhash,txn_type,type,value
0,0xaf4dce16da2877f8c9e00544c93b62ac40631f16,1504629746,4241038.0,0x009ad183826518ca658c2be352eaafb3990416c0,IN,3,0.00246,0x4953e1c6c144600d192a1ba2f24a27bfc1b7e9f2426e677c090c8861e228440d,external,0,0 Ether
0,0xaf4dce16da2877f8c9e00544c93b62ac40631f16,1504662050,4244095.0,0x009ad183826518ca658c2be352eaafb3990416c0,IN,3,0.00046419999999999995,0x86863a0f2faf46a3a66f8695d40e7c58fa6168c54910fe48e96c8f482d30d6a9,external,0,0 Ether
0,0xaf4dce16da2877f8c9e00544c93b62ac40631f16,1504654300,4243791.0,0x009ad183826518ca658c2be352eaafb3990416c0,IN,3,0.00078054,0x92e21c1ad1386146ab4c123033739b7caad30323d2c5ee9868a998c1e9c9f42c,external,0,0 Ether
0,0xaf4dce16da2877f8c9e00544c93b62ac40631f16,1504653937,4243784.0,0x009ad183826518ca658c2be352eaafb3990416c0,IN,3,0.0007792000000000001,0xb073fff0a30289d127a5106525851d33a21bf60ca8dff06163e0e998e6fead60,external,0,0 Ether
