Class,address,age,block,creator,direction,inter_direction,txFee,txhash,txn_type,type,value
0,0xaf30d2a7e90d7dc361c8c4585e9bb7d2f6f15bc7,1521775159,5306853.0,0x7b174763483367307a177ecebf043697eb4673c7,IN,3,0.0018920000000000002,0x641397d1d381fb310d61e2c9d503c9e1e3c1eb9fc1a0dc7198699ef154464aa0,external,0,0 Ether
0,0xaf30d2a7e90d7dc361c8c4585e9bb7d2f6f15bc7,1521775159,5306853.0,0x7b174763483367307a177ecebf043697eb4673c7,IN,3,0.001892,0x641397d1d381fb310d61e2c9d503c9e1e3c1eb9fc1a0dc7198699ef154464aa0,external,0,0 Ether
