Class,address,age,block,creator,direction,inter_direction,txFee,txhash,txn_type,type,value
0,0xaf30d2a7e90d7dc361c8c4585e9bb7d2f6f15bc7,1508853083,4423122.0,0x7b174763483367307a177ecebf043697eb4673c7,IN,3,0.00022250000000000001,0x5c00eefc21b627b72d51c20baaf6cba402aae0bca26dccb05a76c6e89ea44da2,external,0,0 Ether
0,0xaf30d2a7e90d7dc361c8c4585e9bb7d2f6f15bc7,1508853083,4423122.0,0x7b174763483367307a177ecebf043697eb4673c7,IN,3,0.0002225,0x5c00eefc21b627b72d51c20baaf6cba402aae0bca26dccb05a76c6e89ea44da2,external,0,0 Ether
