Class,address,age,block,creator,direction,inter_direction,txFee,txhash,txn_type,type,value
0,0xaf30d2a7e90d7dc361c8c4585e9bb7d2f6f15bc7,1526377169,5619101.0,0x7b174763483367307a177ecebf043697eb4673c7,IN,3,0.0007568,0x2cca53c79a463502f345bf9848b1fb65eb8a0d19da5770e07f4fc1a017cbf1c4,external,0,0 Ether
0,0xaf30d2a7e90d7dc361c8c4585e9bb7d2f6f15bc7,1528419236,5752438.0,0x7b174763483367307a177ecebf043697eb4673c7,IN,3,0.0007568,0x93d225d7e8d6c3bf3556e1b82eea32a188500d74249c3322423e3a72e85cb5f2,external,0,0 Ether
