Class,address,age,block,creator,direction,inter_direction,txFee,txhash,txn_type,type,value
0,0xaf4dce16da2877f8c9e00544c93b62ac40631f16,1505397799,4274509.0,0x009ad183826518ca658c2be352eaafb3990416c0,IN,3,0.00014816,0x26653b729ff958d82014f723abe0ab81f2f2af9453892b9665e3d554795e2fac,external,0,0 Ether
0,0xaf4dce16da2877f8c9e00544c93b62ac40631f16,1505398007,4274522.0,0x009ad183826518ca658c2be352eaafb3990416c0,IN,3,0.00014816,0xad27315a65adaa001c6a8746bbc29141fb4c70487470b1f68c21215909aec928,external,0,0 Ether
0,0xaf4dce16da2877f8c9e00544c93b62ac40631f16,1505398232,4274532.0,0x009ad183826518ca658c2be352eaafb3990416c0,IN,3,8.842e-05,0xb361c4459c70ad1244b87ca25deafe393175e0a477bb33082a6f8fdf069972e5,external,0,0 Ether
