Class,address,age,block,creator,direction,inter_direction,txFee,txhash,txn_type,type,value
0,0xaf4dce16da2877f8c9e00544c93b62ac40631f16,1520893617,5246452.0,0x009ad183826518ca658c2be352eaafb3990416c0,IN,3,0.00037169,0x039c1efb313794ce711a59e3fb53c719bccb707fa725a149b61d03523c314a3d,external,0,0 Ether
0,0xaf4dce16da2877f8c9e00544c93b62ac40631f16,1520895770,5246591.0,0x009ad183826518ca658c2be352eaafb3990416c0,IN,3,0.00037169,0x3cddde1458722f65b7cb8fe73d5d4f64a81a331c9f5064a3374add28d8e25a7a,external,0,0 Ether
0,0xaf4dce16da2877f8c9e00544c93b62ac40631f16,1520894642,5246525.0,0x009ad183826518ca658c2be352eaafb3990416c0,IN,3,0.00037169,0x411b2b34fb0b50ff3e15c7bbce7bcd5d7c183ad1f3cf58e3b37557d49aac3776,external,0,0 Ether
0,0xaf4dce16da2877f8c9e00544c93b62ac40631f16,1520892159,5246380.0,0x009ad183826518ca658c2be352eaafb3990416c0,IN,3,0.00037169,0x45aeb09910481eac5318361338e1ebb037f282cad19398c22cea31d4941c626a,external,0,0 Ether
0,0xaf4dce16da2877f8c9e00544c93b62ac40631f16,1520896343,5246628.0,0x009ad183826518ca658c2be352eaafb3990416c0,IN,3,0.00037169,0x470f9258b720dfb9b45919ed7b71e97c764b67690fd9d1f0c5eb0cdfd70deec9,external,0,0 Ether
