Class,address,age,block,creator,direction,inter_direction,txFee,txhash,txn_type,type,value
0,0xaf30d2a7e90d7dc361c8c4585e9bb7d2f6f15bc7,1513965123,4779894.0,0x7b174763483367307a177ecebf043697eb4673c7,IN,3,0.00051624,0x2dbad6628bd46799f249c9d8709fb90a3f9b846cc25a37b1c40f839e413b303f,external,0,0 Ether
0,0xaf30d2a7e90d7dc361c8c4585e9bb7d2f6f15bc7,1513965410,4779913.0,0x7b174763483367307a177ecebf043697eb4673c7,IN,3,0.00051758,0x69e8bc1baafd8bb1eea4199f82284c37b7c2ebf88ed83f55206a948a6eb7d487,external,0,0 Ether
0,0xaf30d2a7e90d7dc361c8c4585e9bb7d2f6f15bc7,1513967657,4780061.0,0x7b174763483367307a177ecebf043697eb4673c7,IN,3,0.0006369,0x8bd40f1cc5b875aea8fa72359c2d9b335a24de7125cc6a5dff3ebe1127103349,external,0,0 Ether
0,0xaf30d2a7e90d7dc361c8c4585e9bb7d2f6f15bc7,1513967572,4780055.0,0x7b174763483367307a177ecebf043697eb4673c7,IN,3,0.00094922,0xa12018f5f13582e44218e4c9fbb8233484ef92fabe9f7e3fb3102afc494b8acd,external,0,0 Ether
0,0xaf30d2a7e90d7dc361c8c4585e9bb7d2f6f15bc7,1513967473,4780048.0,0x7b174763483367307a177ecebf043697eb4673c7,IN,3,0.00051624,0xa353e78829472d4d67aecec0c557a1466c45ac284b598364c7aff52289ad39f6,external,0,0 Ether
