Class,address,age,block,creator,direction,inter_direction,txFee,txhash,txn_type,type,value
1,0xb10ea0d397db942a1083a4af9c6074ab63bc8c8b,1540637962,6594782.0,0x65b041db3135ed5f76d9486aa56f8ca5dc9a3f5e,IN,3,0.00029364,0x12f306e90df2bda55a39eb12b24c1bf94492d1400a19b9726aec07244047f8d7,external,0,0 Ether
1,0xb10ea0d397db942a1083a4af9c6074ab63bc8c8b,1540384429,6576802.0,0x65b041db3135ed5f76d9486aa56f8ca5dc9a3f5e,IN,3,0.00066193,0x3853a938b1e8ad03313c96138397f4de24b6fd60c343c5783ab70ddd40506a19,external,0,0.12 Ether
1,0xb10ea0d397db942a1083a4af9c6074ab63bc8c8b,1541039999,6623165.0,0x65b041db3135ed5f76d9486aa56f8ca5dc9a3f5e,IN,3,0.00023364,0x5ca085df64d999533696752238cd550b32b99eb11d178d4d2e2dafa32e2c1c0c,external,0,0 Ether
1,0xb10ea0d397db942a1083a4af9c6074ab63bc8c8b,1541036153,6622892.0,0x65b041db3135ed5f76d9486aa56f8ca5dc9a3f5e,IN,3,0.00019139,0x7a45d03df2b287c3b620ceaffc90ee4269c6f3a719d6a37ae14124bd823cb576,external,0,0 Ether
