Class,address,age,block,creator,direction,inter_direction,txFee,txhash,txn_type,type,value
0,0xb1690c08e213a35ed9bab7b318de14420fb57d8c,1540910271,6613966.0,0xba52c75764d6f594735dc735be7f1830cdf58ddf,IN,3,9.101e-05,0x3cc9505d5428d3c1f5e4031efe99f49a0434d4e7c52b2dd9663fe2928adbe727,external,0,0.003289891865952 Ether
0,0xb1690c08e213a35ed9bab7b318de14420fb57d8c,1540909711,6613928.0,0xba52c75764d6f594735dc735be7f1830cdf58ddf,IN,3,7.541e-05,0x59dc6795918a80bf7fb4d84769cda8500cfbce14ce7b1c935093f85a7840f74d,external,0,0.003 Ether
0,0xb1690c08e213a35ed9bab7b318de14420fb57d8c,1540876072,6611613.0,0xba52c75764d6f594735dc735be7f1830cdf58ddf,IN,3,0.00017735,0x5bda82d7cc1a9df1735aecfc2511b522ae43c34c8a9a37dc72327ab74743dcfd,external,0,0.003 Ether
