Class,address,age,block,creator,direction,inter_direction,txFee,txhash,txn_type,type,value
1,0xb10ea0d397db942a1083a4af9c6074ab63bc8c8b,1539309103,6500513.0,0x65b041db3135ed5f76d9486aa56f8ca5dc9a3f5e,IN,3,0.00030419,0x34afcde019e393beed6f8effa4b40f37e5c061248ed5987ef1580f6720d56f52,external,0,0.000001 Ether
1,0xb10ea0d397db942a1083a4af9c6074ab63bc8c8b,1538801987,6461121.0,0x65b041db3135ed5f76d9486aa56f8ca5dc9a3f5e,IN,3,0.00124956,0x5b9f6fd53fbb1dcbe26d73619048d9d2fadd515a45cbc3edb416119d2a2b9e6a,external,0,0.20019582 Ether
1,0xb10ea0d397db942a1083a4af9c6074ab63bc8c8b,1540991829,6619811.0,0x65b041db3135ed5f76d9486aa56f8ca5dc9a3f5e,IN,3,0.00015101,0x72f3fe47e792b624f60662c95016c883f8974eec4bc376897d2b7235bd297bf2,external,0,0.000001 Ether
1,0xb10ea0d397db942a1083a4af9c6074ab63bc8c8b,1541036377,6622905.0,0x65b041db3135ed5f76d9486aa56f8ca5dc9a3f5e,IN,3,0.00018614,0x882785ef7d471f8dbbb776bd5fae8b8a7ad77ccd486563c71a2c5cfd80624a5a,external,0,0.00000001 Ether
