Class,address,age,block,creator,direction,inter_direction,txFee,txhash,txn_type,type,value
0,0xb1690c08e213a35ed9bab7b318de14420fb57d8c,1544528932,6868771.0,0xba52c75764d6f594735dc735be7f1830cdf58ddf,IN,3,0.00018203,0x4fd65378f24c89c975a98ac10e5770dcbbcdd6259cbadf15b46f72c501ee61af,external,0,0.002868190935621 Ether
0,0xb1690c08e213a35ed9bab7b318de14420fb57d8c,1544273723,6850781.0,0xba52c75764d6f594735dc735be7f1830cdf58ddf,IN,3,0.00022754,0x94bc2d7ee17658d4f786b797225f2d556ec5cc4514e2e44ff7f827fcf1f999fd,external,0,0.002991314334546 Ether
