Class,address,age,block,creator,direction,inter_direction,txFee,txhash,txn_type,type,value
1,0xb10ea0d397db942a1083a4af9c6074ab63bc8c8b,1540521962,6586556.0,0x65b041db3135ed5f76d9486aa56f8ca5dc9a3f5e,IN,3,0.00356339,0x5e622471d7b052169216e7fbf3b5d28515b03b214656829c9f349ecf8a94856d,external,0,0.7 Ether
1,0xb10ea0d397db942a1083a4af9c6074ab63bc8c8b,1540462236,6582345.0,0x65b041db3135ed5f76d9486aa56f8ca5dc9a3f5e,IN,3,0.00398991,0x931364b4ce6ba10dfb6faa914e281068b3b819374d6cf80065f4b1af3557fb8a,external,0,0.5 Ether
1,0xb10ea0d397db942a1083a4af9c6074ab63bc8c8b,1541121578,6628846.0,0x65b041db3135ed5f76d9486aa56f8ca5dc9a3f5e,IN,3,0.00130785,0x9e99d3c17f3538ab9559ff038835769f89570dfed75c12b1cecf155723ac10fe,external,0,0 Ether
