Class,address,age,block,creator,direction,inter_direction,txFee,txhash,txn_type,type,value
1,0xb10ea0d397db942a1083a4af9c6074ab63bc8c8b,1538992760,6477950.0,0x65b041db3135ed5f76d9486aa56f8ca5dc9a3f5e,IN,3,0.00024822,0x64622474d823819db35133dc0a6a826ca428bc6e4a5f5df9cb33075e63305370,external,0,0.01 Ether
1,0xb10ea0d397db942a1083a4af9c6074ab63bc8c8b,1539425079,6508830.0,0x65b041db3135ed5f76d9486aa56f8ca5dc9a3f5e,IN,3,0.00036705,0x74acdf8502745e628de5798fc9120f723b0e861a1c3892aaf1e3f3eebde1fd5a,external,0,0 Ether
1,0xb10ea0d397db942a1083a4af9c6074ab63bc8c8b,1540794595,6605805.0,0x65b041db3135ed5f76d9486aa56f8ca5dc9a3f5e,IN,3,0.00046728,0x8ffd545e57ab8483eed51d2062dd26b5873f8e75ddd3d8b4977da9afdd30b9f3,external,0,0 Ether
