Class,address,age,block,creator,direction,inter_direction,txFee,txhash,txn_type,type,value
1,0xb10ea0d397db942a1083a4af9c6074ab63bc8c8b,1541026302,6622197.0,0x65b041db3135ed5f76d9486aa56f8ca5dc9a3f5e,IN,3,0.000126,0x18bcc95ad8a1c4aaf50c7b87db0c4210fd16ec4820112426f2f191856f33ac9a,external,0,0 Ether
1,0xb10ea0d397db942a1083a4af9c6074ab63bc8c8b,1540550761,6588585.0,0x65b041db3135ed5f76d9486aa56f8ca5dc9a3f5e,IN,3,0.00029205,0x26bd56d6fdbb9dba051fd6a3d59f66cdd7c75284c18d5ea8cc63f6ec36555b1d,external,0,0 Ether
1,0xb10ea0d397db942a1083a4af9c6074ab63bc8c8b,1538906510,6471762.0,0x65b041db3135ed5f76d9486aa56f8ca5dc9a3f5e,IN,3,0.00024822,0x3a42ec555b5d63ba5e537e41e1facddc3dc7f048bef4fe47e2e01c88afd702bf,external,0,0.08 Ether
1,0xb10ea0d397db942a1083a4af9c6074ab63bc8c8b,1539759141,6532494.0,0x65b041db3135ed5f76d9486aa56f8ca5dc9a3f5e,IN,3,0.00093456,0x6067834630f6a73cfb7ecd581982c959da196a9c4cfdae3f9241f47f491ae87a,external,0,0 Ether
1,0xb10ea0d397db942a1083a4af9c6074ab63bc8c8b,1540679774,6597720.0,0x65b041db3135ed5f76d9486aa56f8ca5dc9a3f5e,IN,3,0.00029205,0x72c094fe6b421ed58d44658f6560458a47950aa2421dc6e7ab96a86f90775aa3,external,0,0 Ether
1,0xb10ea0d397db942a1083a4af9c6074ab63bc8c8b,1540866462,6610917.0,0x65b041db3135ed5f76d9486aa56f8ca5dc9a3f5e,IN,3,0.00029205,0x8d58f59fc92039cb1cd53a06ef43a0c18ffb7266dba3cf6ce59fa350362f6b6f,external,0,0 Ether
1,0xb10ea0d397db942a1083a4af9c6074ab63bc8c8b,1540110300,6557353.0,0x65b041db3135ed5f76d9486aa56f8ca5dc9a3f5e,IN,3,0.00029205,0x9c850c4cdc3bf09d960a517b4415118626fd5d2f14c75705587a18c7f81a63b6,external,0,0 Ether
1,0xb10ea0d397db942a1083a4af9c6074ab63bc8c8b,1539906224,6542946.0,0x65b041db3135ed5f76d9486aa56f8ca5dc9a3f5e,IN,3,0.00029205,0xaab3ef46f14f7e72c0fea46411262e88111d7076ed2bb4fe961ebb8485a56dfd,external,0,0 Ether
