Class,address,age,block,creator,direction,inter_direction,txFee,txhash,txn_type,type,value
0,0xb1690c08e213a35ed9bab7b318de14420fb57d8c,1539631607,6523486.0,0xba52c75764d6f594735dc735be7f1830cdf58ddf,IN,3,0.00021843,0x29d361f5dd1d1520279d4bd17c72335a614a0d0a2b1e3f15349cc5a2ec67e9d9,external,0,0.001905231205565 Ether
0,0xb1690c08e213a35ed9bab7b318de14420fb57d8c,1539637982,6523946.0,0xba52c75764d6f594735dc735be7f1830cdf58ddf,IN,3,8.374e-05,0x30b8e32fbb9f6659a85928d2ce6e9c9510b681f43fa6b81a80d4710a7480a220,external,0,0.171 Ether
0,0xb1690c08e213a35ed9bab7b318de14420fb57d8c,1539630327,6523391.0,0xba52c75764d6f594735dc735be7f1830cdf58ddf,IN,3,0.00042355,0x36f04122cb7be87dd2eaa1bdcf181d81075d51f2f80873921bcad49e6061db8b,external,0,0.001521125739089 Ether
0,0xb1690c08e213a35ed9bab7b318de14420fb57d8c,1539630470,6523396.0,0xba52c75764d6f594735dc735be7f1830cdf58ddf,IN,3,0.0002931,0x4a1072ff633ebad751dfb7eda6491872b063bd8b793f5837689b919ed6942b43,external,0,0.002 Ether
