Class,address,age,block,creator,direction,inter_direction,txFee,txhash,txn_type,type,value
0,0xb1690c08e213a35ed9bab7b318de14420fb57d8c,1543073929,6766757.0,0xba52c75764d6f594735dc735be7f1830cdf58ddf,IN,3,0.00020936,0x11f37802bfbac03cabd032c0f397946b9b196bcf3b38cd54111eb53fac837cfc,external,0,0.25 Ether
0,0xb1690c08e213a35ed9bab7b318de14420fb57d8c,1542116054,6699105.0,0xba52c75764d6f594735dc735be7f1830cdf58ddf,IN,3,0.00028172,0x18d8bc08b685418777548178e06d4882d8c69f1952edcf530178e6e1876d3091,external,0,0.292710974421102 Ether
0,0xb1690c08e213a35ed9bab7b318de14420fb57d8c,1543073676,6766739.0,0xba52c75764d6f594735dc735be7f1830cdf58ddf,IN,3,0.00022754,0x8d34c236ee8d30b9ee5d5952274f705341a48f988424ce7f4442768dd145ea5d,external,0,0.371576437158168 Ether
