Class,address,age,block,creator,direction,inter_direction,txFee,txhash,txn_type,type,value
1,0xb10ea0d397db942a1083a4af9c6074ab63bc8c8b,1541085063,6626345.0,0x65b041db3135ed5f76d9486aa56f8ca5dc9a3f5e,IN,3,0.00015949,0x387c95274e61511ee88a0ec5f6425056cd9dd9d063749c237cefff34aecfcff8,external,0,0 Ether
1,0xb10ea0d397db942a1083a4af9c6074ab63bc8c8b,1540930138,6615397.0,0x65b041db3135ed5f76d9486aa56f8ca5dc9a3f5e,IN,3,0.00035046,0x3e49e56a5f821801e31fe0b0f249b9dcb7173fe5cea9e1fdd404a0fd56f5ac5a,external,0,0 Ether
1,0xb10ea0d397db942a1083a4af9c6074ab63bc8c8b,1541185366,6633354.0,0x65b041db3135ed5f76d9486aa56f8ca5dc9a3f5e,IN,3,0.00012759,0x7ad530ec7cc7bc0be8aed0eb6b1188c5af7d6687b2691e9a8fcae54a5ca3ef1c,external,0,0 Ether
1,0xb10ea0d397db942a1083a4af9c6074ab63bc8c8b,1540493043,6584521.0,0x65b041db3135ed5f76d9486aa56f8ca5dc9a3f5e,IN,3,0.00041371,0x7fe91923db3693cc81d8e39d38abde23eb556ff1e4b5825595d195240bceba5d,external,0,0.1 Ether
1,0xb10ea0d397db942a1083a4af9c6074ab63bc8c8b,1540841954,6609160.0,0x65b041db3135ed5f76d9486aa56f8ca5dc9a3f5e,IN,3,0.00017523,0xaf8cc1c9f28dd0561db67f6d7c1f569783d0b7df73f62b7017dff4867b67b922,external,0,0 Ether
1,0xb10ea0d397db942a1083a4af9c6074ab63bc8c8b,1540581169,6590767.0,0x65b041db3135ed5f76d9486aa56f8ca5dc9a3f5e,IN,3,0.00022023,0xb0cb18ff483a60a76531e49877bc6995e376b939b127812b4ef01080cf5f96d2,external,0,0 Ether
