Class,address,age,block,creator,direction,inter_direction,txFee,txhash,txn_type,type,value
1,0xb10ea0d397db942a1083a4af9c6074ab63bc8c8b,1539292604,6499348.0,0x65b041db3135ed5f76d9486aa56f8ca5dc9a3f5e,IN,3,0.00300981,0x03fc9331b4dddab61f79d3a64a8889a2cb9f8a321a999006cc2f4c645fb20db3,external,0,0 Ether
1,0xb10ea0d397db942a1083a4af9c6074ab63bc8c8b,1539880651,6538075.0,0x65b041db3135ed5f76d9486aa56f8ca5dc9a3f5e,IN,3,0.00239481,0x09b0495455248389cc712ad9e63abf6b42a8bf34d3ff6f748beabb1630d3542f,external,0,0 Ether
1,0xb10ea0d397db942a1083a4af9c6074ab63bc8c8b,1539651986,6524889.0,0x65b041db3135ed5f76d9486aa56f8ca5dc9a3f5e,IN,3,0.00239481,0x105bbb26633a95bdb08f77f24e91486b88f3ec19afb5b38faf392bd4e1ab2efb,external,0,0 Ether
1,0xb10ea0d397db942a1083a4af9c6074ab63bc8c8b,1539142542,6488689.0,0x65b041db3135ed5f76d9486aa56f8ca5dc9a3f5e,IN,3,0.00339242,0x4e2c006260cc0916b460f4c9a5f6a90b3a85180d589b7b5f2b06717c5b630022,external,0,0.41843656 Ether
1,0xb10ea0d397db942a1083a4af9c6074ab63bc8c8b,1539142163,6488665.0,0x65b041db3135ed5f76d9486aa56f8ca5dc9a3f5e,IN,3,0.00123,0x57b7d83d2fc2a50a752c72119f6080a1d905c9bd2e3664c42188f8305fa1c629,external,0,0.43073656 Ether
1,0xb10ea0d397db942a1083a4af9c6074ab63bc8c8b,1540281189,6569460.0,0x65b041db3135ed5f76d9486aa56f8ca5dc9a3f5e,IN,3,0.00239481,0xa6b4ae5756e3f5e157750259bdf492731a10e9f8651fc1e21589fffe4b6d81f1,external,0,0 Ether
1,0xb10ea0d397db942a1083a4af9c6074ab63bc8c8b,1541023207,6621967.0,0x65b041db3135ed5f76d9486aa56f8ca5dc9a3f5e,IN,3,0.00239481,0xb28dce229f80b4a292260a4c7db7a8a80d65cd35d4761fca40cb8259277c12f1,external,0,0 Ether
