Class,address,age,block,creator,direction,inter_direction,txFee,txhash,txn_type,type,value
0,0xb1690c08e213a35ed9bab7b318de14420fb57d8c,1538109845,6412156.0,0xba52c75764d6f594735dc735be7f1830cdf58ddf,IN,3,0.00040957,0x3fab13836968e3222ad843d3c981d233513f27f55a84566c16905a3fcb8ce7dc,external,0,0.004642722931073 Ether
