Class,address,age,block,creator,direction,inter_direction,txFee,txhash,txn_type,type,value
0,0xb24754be79281553dc1adc160ddf5cd9b74361a4,1502301668,4138550.0,0xe49b91d0a956356501fcbbad3b488ee052102aa8,IN,3,0.00046605,0x285ad336bffd812b6c09e3558c8b3cadc1b719968f688d2d4d7ab1368fbfc58b,external,0,0 Ether
0,0xb24754be79281553dc1adc160ddf5cd9b74361a4,1503678558,4202360.0,0xe49b91d0a956356501fcbbad3b488ee052102aa8,IN,3,0.00078239,0x2c142290e9aeed5c8ff262df1ed2c23cab56fe7a7946a761b8506d4112e1a938,external,0,0 Ether
0,0xb24754be79281553dc1adc160ddf5cd9b74361a4,1500116379,4026852.0,0xe49b91d0a956356501fcbbad3b488ee052102aa8,IN,3,0.00109739,0x715903ffe8d2818195bef6fafcd808353ab6e5638e4f2550963fcb754ac09308,external,0,0 Ether
