Class,address,age,block,creator,direction,inter_direction,txFee,txhash,txn_type,type,value
0,0xb2f7eb1f2c37645be61d73953035360e768d81e6,1513825749,4770784.0,0x1667c5c1b15df4edd64ade7c96f2165e97c6577e,IN,3,0.00162302,0x04d6b6e983a3d04f65246a0e5b40ea7047e0cc736ed241e7163cd86fea76760c,external,0,0 Ether
0,0xb2f7eb1f2c37645be61d73953035360e768d81e6,1515225412,4864285.0,0x1667c5c1b15df4edd64ade7c96f2165e97c6577e,IN,3,0.0023048,0x1187c6e9051c8abfaee2478b10335dd94721294bcb523e50658598329ebaf549,external,0,0 Ether
0,0xb2f7eb1f2c37645be61d73953035360e768d81e6,1515233794,4864821.0,0x1667c5c1b15df4edd64ade7c96f2165e97c6577e,IN,3,0.0023048,0x63355a09783e0800884be03c37c29e4c6a1c615d58c5f0f1e2e7a25135dbf0c8,external,0,0 Ether
