Class,address,age,block,creator,direction,inter_direction,txFee,txhash,txn_type,type,value
0,0xb24754be79281553dc1adc160ddf5cd9b74361a4,1524615851,5502222.0,0xe49b91d0a956356501fcbbad3b488ee052102aa8,IN,3,0.00111285,0x8b3251bd7e9783eb4c1aed66cec024a6076697ed5b95f06fc5dc557414d980a4,external,0,0 Ether
0,0xb24754be79281553dc1adc160ddf5cd9b74361a4,1524617641,5502350.0,0xe49b91d0a956356501fcbbad3b488ee052102aa8,IN,3,0.00026708,0x98ac7723a6fb9ca9db3731ea843ec1067a38c333c1a0a0aba11543533a993364,external,0,0 Ether
