Class,address,age,block,creator,direction,inter_direction,txFee,txhash,txn_type,type,value
1,0xbeefd8fb3b5778f99e021afa2e41e0614af6af11,1541394395,6648158.0,0x300758881bf3756b6cb5b2e96f545d7b3566ce3a,OUT,2,0.0,0x7b17e677cb8ba672a6a47a52a6c0d7d89a2f2464b79633aa787fd85851fe378e,internal,call,0.020294262295081 Ether
1,0xbeefd8fb3b5778f99e021afa2e41e0614af6af11,1541135050,6629818.0,0x300758881bf3756b6cb5b2e96f545d7b3566ce3a,OUT,2,0.0,0xc9cfbc755144f1d148953a5dfb05014352af99f7f2d16dc88286522c92306630,internal,call,0.023908278688524 Ether
1,0xbeefd8fb3b5778f99e021afa2e41e0614af6af11,1539880867,0.0,0x300758881bf3756b6cb5b2e96f545d7b3566ce3a,OUT,2,0.0,0x9694208ad587c96bfb5976f7e83aad8d847cb440f3785d1c3df9c7df75c0208a,internal,call,0.005 Ether
1,0xbeefd8fb3b5778f99e021afa2e41e0614af6af11,1540828042,6608212.0,0x300758881bf3756b6cb5b2e96f545d7b3566ce3a,OUT,2,0.0,0x38bad7df834e5bc78c71673397ca0ffd669bfd9b87ddd95986a58068c2bab96d,internal,call,0.028688114754098 Ether
1,0xbeefd8fb3b5778f99e021afa2e41e0614af6af11,1541741914,6672662.0,0x300758881bf3756b6cb5b2e96f545d7b3566ce3a,OUT,2,0.0,0x700e781efe2fe417f970bec70bdcec7f209ee4ddf46af14bef44803c96dec7da,internal,call,0.025106557377049 Ether
1,0xbeefd8fb3b5778f99e021afa2e41e0614af6af11,1540498035,6584879.0,0x300758881bf3756b6cb5b2e96f545d7b3566ce3a,OUT,2,0.0,0xcbfd0102ccea85dca44e39fd339b50b9bdd72304d56e2ad7f63e1bfae1f6f1d1,internal,call,0.027388524590163 Ether
1,0xbeefd8fb3b5778f99e021afa2e41e0614af6af11,1540227202,6562603.0,0x300758881bf3756b6cb5b2e96f545d7b3566ce3a,OUT,2,0.0,0xab3d2054b0bb1680a524f2f8fe52f701a33df299f638f37573e634811b7f6a9f,internal,call,0.030141393442622 Ether
