Class,address,age,block,creator,direction,inter_direction,txFee,txhash,txn_type,type,value
0,0xb2f7eb1f2c37645be61d73953035360e768d81e6,1516783360,4965074.0,0x1667c5c1b15df4edd64ade7c96f2165e97c6577e,IN,3,0.00243868,0x5a7dc1259cb275aa1eb288ec78303dd8c8a99535a2712ef18cb27d5819b4caa3,external,0,0 Ether
0,0xb2f7eb1f2c37645be61d73953035360e768d81e6,1516889069,4972295.0,0x1667c5c1b15df4edd64ade7c96f2165e97c6577e,IN,3,0.00103771,0xae1612dceafbf548c01a2de59109884f82155480c8d50b59ce1220edf7d9fa41,external,0,0 Ether
