Class,address,age,block,creator,direction,inter_direction,txFee,txhash,txn_type,type,value
0,0xb2f7eb1f2c37645be61d73953035360e768d81e6,1515950870,4910041.0,0x1667c5c1b15df4edd64ade7c96f2165e97c6577e,IN,3,0.00138288,0x047523af8be3cb99038791e3838dc9702b6f2c8f3697c5fa863fa56fddc8a930,external,0,0 Ether
0,0xb2f7eb1f2c37645be61d73953035360e768d81e6,1516281372,4931148.0,0x1667c5c1b15df4edd64ade7c96f2165e97c6577e,IN,3,0.00138288,0x5961d36db1d434cc1976fd8b04413de8e2c06850bac15bcdaec823e90d18b081,external,0,0 Ether
