Class,address,age,block,creator,direction,inter_direction,txFee,txhash,txn_type,type,value
0,0xb2f7eb1f2c37645be61d73953035360e768d81e6,1513422990,4744270.0,0x1667c5c1b15df4edd64ade7c96f2165e97c6577e,IN,3,0.0018844999999999999,0x33772e9be4e67b9cc7d16c9376b29bbe0169d127042dcc6d3d9f7f04b85f59ce,external,0,0 Ether
0,0xb2f7eb1f2c37645be61d73953035360e768d81e6,1513382977,4741587.0,0x1667c5c1b15df4edd64ade7c96f2165e97c6577e,IN,3,0.00092217,0x5302b6fbfbd690e83566737e7ac972ba4371c36a8f4692dcb528e2210cbfd6b2,external,0,0 Ether
0,0xb2f7eb1f2c37645be61d73953035360e768d81e6,1513378908,4741313.0,0x1667c5c1b15df4edd64ade7c96f2165e97c6577e,IN,3,0.00077597,0xa44f1b4a35144a184af3470117a0f1eed4c277cd8f4cf22be3a7777129647770,external,0,0 Ether
0,0xb2f7eb1f2c37645be61d73953035360e768d81e6,1514132449,4788397.0,0x1667c5c1b15df4edd64ade7c96f2165e97c6577e,IN,3,0.00025865,0xb5ec234259cbc3d83db8676afb05243279026d358f8eaec0ef7346a5712da6d7,external,0,0 Ether
