Class,address,age,block,creator,direction,inter_direction,txFee,txhash,txn_type,type,value
0,0xb24754be79281553dc1adc160ddf5cd9b74361a4,1503407316,4191581.0,0xe49b91d0a956356501fcbbad3b488ee052102aa8,IN,3,0.00018176,0x671947ab86f7a6c0846f432e5897fabdfcc908a057742d965b76cc6e92b0c54a,external,0,0 Ether
0,0xb24754be79281553dc1adc160ddf5cd9b74361a4,1503412525,4191831.0,0xe49b91d0a956356501fcbbad3b488ee052102aa8,IN,3,0.00014902,0xab6eb5f61835aabc6e6483430d53a9bfa83cc194ea598821d09a393eb1b1278a,external,0,0 Ether
