Class,address,age,block,creator,direction,inter_direction,txFee,txhash,txn_type,type,value
0,0xb26631c6dda06ad89b93c71400d25692de89c068,1535722599,6248804.0,0x8ba5b43842ecf44e08988dd824db544a94e05b2a,IN,3,0.00550084,0x062b58e5754ca0d92f5724329975d65a28b779ac08a34fcb65d55ab1bd61d0f6,external,0,0 Ether
0,0xb26631c6dda06ad89b93c71400d25692de89c068,1539609366,6521883.0,0x8ba5b43842ecf44e08988dd824db544a94e05b2a,IN,3,0.0047278,0x11cf68b593057816a60d155dcfedc71b28e791a04883c967819902639a7ae59d,external,0,0 Ether
0,0xb26631c6dda06ad89b93c71400d25692de89c068,1539078422,6484049.0,0x8ba5b43842ecf44e08988dd824db544a94e05b2a,IN,3,0.00443232,0x2927fc433208c0e415d8afaebc9f19917811f47c30428d394d580cab8651bd77,external,0,0 Ether
0,0xb26631c6dda06ad89b93c71400d25692de89c068,1535817899,6252357.0,0x8ba5b43842ecf44e08988dd824db544a94e05b2a,IN,3,0.00590976,0x39faaf3c41705c7e2633188729fa100bac8129550b740f66331bf4b8744057c1,external,0,0 Ether
0,0xb26631c6dda06ad89b93c71400d25692de89c068,1535723688,6248874.0,0x8ba5b43842ecf44e08988dd824db544a94e05b2a,IN,3,0.00590976,0x4e94017a94cf182454c5a518fc23f8bedc4410381645c83a75cd0cb2a8d7c7ca,external,0,0 Ether
0,0xb26631c6dda06ad89b93c71400d25692de89c068,1535723847,6248884.0,0x8ba5b43842ecf44e08988dd824db544a94e05b2a,IN,3,0.00590976,0x5b967c649922153cb279c0b493990f0f9d9b6ae44bb42e155b7f7c93d192b30f,external,0,0 Ether
0,0xb26631c6dda06ad89b93c71400d25692de89c068,1542716320,6741473.0,0x8ba5b43842ecf44e08988dd824db544a94e05b2a,IN,3,0.00429828,0x5de63136417d445839ea2f552c7129430167c938e30d52119dd3f84a4e6cbfd0,external,0,0 Ether
0,0xb26631c6dda06ad89b93c71400d25692de89c068,1539795651,6535108.0,0x8ba5b43842ecf44e08988dd824db544a94e05b2a,IN,3,0.0047278,0x69afd892e624e05ea7facd7f44d81b54b2a9236d487daca5633ea1d907463e20,external,0,0 Ether
