Class,address,age,block,creator,direction,inter_direction,txFee,txhash,txn_type,type,value
0,0x8d12a197cb00d4747a1fe03395095ce2a5cc6819,1543945417,6827850.0,0x1ed014aec47fae44c9e55bac7662c0b78ae61798,OUT,2,0.0,0x6648680aa29356c857f848f45f570379dd485cf5b854a7bf700498315df45d59,internal,call,0.223 Ether
0,0x8d12a197cb00d4747a1fe03395095ce2a5cc6819,1543984423,6827563.0,0x1ed014aec47fae44c9e55bac7662c0b78ae61798,OUT,2,0.0,0xc87b0aeb387cc447e38c705fcff05367a6408091e8e1bab706ca9aa7c2a0fafd,internal,call,0.466881681988022 Ether
0,0x8d12a197cb00d4747a1fe03395095ce2a5cc6819,1542888942,6753643.0,0x1ed014aec47fae44c9e55bac7662c0b78ae61798,OUT,2,0.0,0xdf5ae6c8fd8ef709dcfe30a47249e98150a089de079bd2f3956ef47122ec28fe,internal,call,0.221837304356494 Ether
