Class,address,age,block,creator,direction,inter_direction,txFee,txhash,txn_type,type,value
1,0xb547027a4ccd46ec98199fa88aaedf5aa981db26,1538046582,6410711.0,0xaf9c025ce6322a23ac00301c714f4f42895c9818,IN,3,0.0001944,0x144fc5033973696ee120ff2e287f8d6ee612d4ab2353c962eda960b2c6198dc6,external,0,0 Ether
1,0xb547027a4ccd46ec98199fa88aaedf5aa981db26,1537879935,6398986.0,0xaf9c025ce6322a23ac00301c714f4f42895c9818,IN,3,0.00034944,0x1fea7223cb032a033e583ab586242ce572599d752b82457ed64c54111380e2cf,external,0,0.11 Ether
1,0xb547027a4ccd46ec98199fa88aaedf5aa981db26,1537947359,6403767.0,0xaf9c025ce6322a23ac00301c714f4f42895c9818,IN,3,0.00023588,0x5ca711cfcefeaea0645c596ccd2ab1496d1f3194aecce5aaac0d25631933d9c3,external,0,0 Ether
1,0xb547027a4ccd46ec98199fa88aaedf5aa981db26,1538009497,6408126.0,0xaf9c025ce6322a23ac00301c714f4f42895c9818,IN,3,0.0003861,0x7af0c3f797d13e4afab9f8a3b1e67c1ff58362ba0ac14f6256eccf2fb35e394d,external,0,0 Ether
