Class,address,age,block,creator,direction,inter_direction,txFee,txhash,txn_type,type,value
1,0xb547027a4ccd46ec98199fa88aaedf5aa981db26,1538018828,6408796.0,0xaf9c025ce6322a23ac00301c714f4f42895c9818,IN,3,0.0003861,0x994c886a43cbf218a5a96f3d833ac132f77c68f74c92214acb2a43ec18ce7885,external,0,0 Ether
1,0xb547027a4ccd46ec98199fa88aaedf5aa981db26,1537841329,6396255.0,0xaf9c025ce6322a23ac00301c714f4f42895c9818,IN,3,0.00055593,0x9a650a1fdef83cac4e44c1cc037dec062ae9c791a5ecc20cd06dee7944aaad1b,external,0,0.1 Ether
