Class,address,age,block,creator,direction,inter_direction,txFee,txhash,txn_type,type,value
1,0xb547027a4ccd46ec98199fa88aaedf5aa981db26,1537946164,6403687.0,0xaf9c025ce6322a23ac00301c714f4f42895c9818,IN,3,0.00019305,0x170acc6b656123c1145baf23ee323659ea221dc13e8f3d3a085ed91cadeef3b4,external,0,0 Ether
1,0xb547027a4ccd46ec98199fa88aaedf5aa981db26,1537862146,6397734.0,0xaf9c025ce6322a23ac00301c714f4f42895c9818,IN,3,0.00032166,0x43a7c54f1df21707f47b47a2218a0e2f7694d1504873f03cadb58230842ee124,external,0,0 Ether
1,0xb547027a4ccd46ec98199fa88aaedf5aa981db26,1537984972,6406428.0,0xaf9c025ce6322a23ac00301c714f4f42895c9818,IN,3,0.00034749,0x51305783f6ac460c8cb9f5ac0d62a13c5491994070afb2000795f279d4ad309c,external,0,0 Ether
1,0xb547027a4ccd46ec98199fa88aaedf5aa981db26,1537959817,6404628.0,0xaf9c025ce6322a23ac00301c714f4f42895c9818,IN,3,0.00034749,0x5849777f5b94f63fff220eeae7a626c2061ea6e3abd3894247f34bf9c0dd7a98,external,0,0 Ether
1,0xb547027a4ccd46ec98199fa88aaedf5aa981db26,1538001812,6407613.0,0xaf9c025ce6322a23ac00301c714f4f42895c9818,IN,3,0.00034749,0x5bcfb4e36a89607c2fecb30a1717034ee969c697411cb4e4f1d1de241210b120,external,0,0 Ether
1,0xb547027a4ccd46ec98199fa88aaedf5aa981db26,1537946205,6403690.0,0xaf9c025ce6322a23ac00301c714f4f42895c9818,IN,3,0.00034749,0x6671ee017f7c7ff374fbea9aac4f07295f3619d452f78702344b86e36f110691,external,0,0 Ether
1,0xb547027a4ccd46ec98199fa88aaedf5aa981db26,1538031507,6409663.0,0xaf9c025ce6322a23ac00301c714f4f42895c9818,IN,3,0.0001944,0x8fce249bafc2e8f4fe99bbc2635d27be75fb66743962e2d32645f5c63be3e8fe,external,0,0 Ether
1,0xb547027a4ccd46ec98199fa88aaedf5aa981db26,1537973046,6405568.0,0xaf9c025ce6322a23ac00301c714f4f42895c9818,IN,3,0.00030888,0x911312ff1555168b0afe2169f530648a8ca9a4175906ea571a9360c77800c72d,external,0,0 Ether
1,0xb547027a4ccd46ec98199fa88aaedf5aa981db26,1537799980,6393315.0,0xaf9c025ce6322a23ac00301c714f4f42895c9818,IN,3,0.00047651,0xa6d5aa19e9c435f06fc66b8450aaf144f64d3e10be798287f1fbe237e7bea7f6,external,0,0.1 Ether
