Class,address,age,block,creator,direction,inter_direction,txFee,txhash,txn_type,type,value
0,0x8d12a197cb00d4747a1fe03395095ce2a5cc6819,1539953823,6546302.0,0x1ed014aec47fae44c9e55bac7662c0b78ae61798,OUT,2,0.0,0xcc91d7686dc518b932c7c5f04d235405a9554d64fc0f8b46839fe5d6111d3387,internal,call,0.105284146510983 Ether
0,0x8d12a197cb00d4747a1fe03395095ce2a5cc6819,1541920912,6685336.0,0x1ed014aec47fae44c9e55bac7662c0b78ae61798,OUT,2,0.0,0xc300e53a10b63e206c3f14f32e8d26e46fb35fcab89cc0723b2cb34ee48cc707,internal,call,0.060997720167 Ether
