Class,address,age,block,creator,direction,inter_direction,txFee,txhash,txn_type,type,value
1,0xbeefd8fb3b5778f99e021afa2e41e0614af6af11,1541628269,6664649.0,0x300758881bf3756b6cb5b2e96f545d7b3566ce3a,OUT,2,0.0,0x06a58774581369cc9af717ff11c1089b1dd0f099f7935f35cbea2ba05b5aa0c6,internal,call,0.014484340187054 Ether
1,0xbeefd8fb3b5778f99e021afa2e41e0614af6af11,1539661558,6525565.0,0x300758881bf3756b6cb5b2e96f545d7b3566ce3a,OUT,2,0.0,0xba55eceb0f94f0eab93b534c326dd7281a07264ec36a3d654418fa15af1d0c97,internal,call,0.000004667800131 Ether
1,0xbeefd8fb3b5778f99e021afa2e41e0614af6af11,1539661140,0.0,0x300758881bf3756b6cb5b2e96f545d7b3566ce3a,OUT,2,0.0,0x770834ba945f45e8479b065bb9eab232cc4f8dc966539c0c87b8046718ec0513,internal,call,0.0006779424 Ether
1,0xbeefd8fb3b5778f99e021afa2e41e0614af6af11,1541143469,6630415.0,0x300758881bf3756b6cb5b2e96f545d7b3566ce3a,OUT,2,0.0,0xb1118b05ac8f3ad8f5dcc3c7020640ca2a66cc66fa9d8ef47822c9ec633332bd,internal,call,0.015342873917672 Ether
1,0xbeefd8fb3b5778f99e021afa2e41e0614af6af11,1540667551,6596838.0,0x300758881bf3756b6cb5b2e96f545d7b3566ce3a,OUT,2,0.0,0xb097b83a37ce53cb3aae7eb3bb0322e3a61f5bfbdd4098ec58cc52b730eb5ad0,internal,call,0.018061042243643 Ether
1,0xbeefd8fb3b5778f99e021afa2e41e0614af6af11,1541903541,6684066.0,0x300758881bf3756b6cb5b2e96f545d7b3566ce3a,OUT,2,0.0,0x6f68d707f2b258b62cf6a54ec4ea85bf8c304bf981d3180cd5676dc96204f0f8,internal,call,0.008215295712216 Ether
1,0xbeefd8fb3b5778f99e021afa2e41e0614af6af11,1540165208,6561265.0,0x300758881bf3756b6cb5b2e96f545d7b3566ce3a,OUT,2,0.0,0x0be0d9a2f756049573df0b8e31dbd3edb302541a9e599d5f278cc237eae01031,internal,call,0.01797269936139 Ether
1,0xbeefd8fb3b5778f99e021afa2e41e0614af6af11,1539708815,0.0,0x300758881bf3756b6cb5b2e96f545d7b3566ce3a,OUT,2,0.0,0x7fc46fa18a78491dec9bf9d887976c362d2dea30bcf9d93663328eb3a4154fbf,internal,call,0.001386776304002 Ether
1,0xbeefd8fb3b5778f99e021afa2e41e0614af6af11,1539708815,0.0,0x300758881bf3756b6cb5b2e96f545d7b3566ce3a,OUT,2,0.0,0x7fc46fa18a78491dec9bf9d887976c362d2dea30bcf9d93663328eb3a4154fbf,internal,call,0.000050178851409 Ether
