Class,address,age,block,creator,direction,inter_direction,txFee,txhash,txn_type,type,value
0,0xb7cb1c96db6b22b0d3d9536e0108d062bd488f74,1517615953,5022071.0,0x309a272885bdea62d99c4e32e40bee93a3ccef6a,IN,3,0.00043074,0x61a7aebc7690117a54a5eda349e943f511025ba61d2cd87e6504f23b29e79c8c,external,0,0 Ether
0,0xb7cb1c96db6b22b0d3d9536e0108d062bd488f74,1517590757,5017369.0,0x309a272885bdea62d99c4e32e40bee93a3ccef6a,IN,3,0.00064419,0x899b5984ea27b6892e3a32ff598b2259e0a9f6b8daa86a196aaa854f084ff2c6,external,0,0 Ether
