Class,address,age,block,creator,direction,inter_direction,txFee,txhash,txn_type,type,value
0,0xb7cb1c96db6b22b0d3d9536e0108d062bd488f74,1526715706,5641229.0,0x309a272885bdea62d99c4e32e40bee93a3ccef6a,IN,3,0.00076727,0x4017dd849de1661af5fd6cc08c4b80a17bd3eca0db3b483ba0a96546c486be8f,external,0,0 Ether
0,0xb7cb1c96db6b22b0d3d9536e0108d062bd488f74,1520505696,5220002.0,0x309a272885bdea62d99c4e32e40bee93a3ccef6a,IN,3,0.00108093,0x92bef50020406d6e78835fd23f4bf199bbec8a52a9442157d810d2acd1aa9c59,external,0,0 Ether
