Class,address,age,block,creator,direction,inter_direction,txFee,txhash,txn_type,type,value
0,0xb9e7f8568e08d5659f5d29c4997173d84cdf2607,1497588827,3879507.0,0x1dba1131000664b884a1ba238464159892252d3a,IN,3,0.00104682,0x1c549ff502c60ed2ccd7327c50d2ac6b9611ff6d2efe14a7569f082a5f3aa3c5,external,0,0 Ether
0,0xb9e7f8568e08d5659f5d29c4997173d84cdf2607,1497548519,3879694.0,0x1dba1131000664b884a1ba238464159892252d3a,IN,3,0.00104548,0x9d6a466958db1bf750ce09f8f11d689d7a02da1d083deba73b6a1fb37393cfdc,external,0,0 Ether
