Class,address,age,block,creator,direction,inter_direction,txFee,txhash,txn_type,type,value
0,0xb97048628db6b661d4c2aa833e95dbe1a905b280,1544023078,6833275.0,0xd43d09ec1bc5e57c8f3d0c64020d403b04c7f783,IN,3,0.00022001,0x2de765044a1b3434abb6fa8e6e94302a40719e6e4c3e777b4b5b64be0975c712,external,0,0 Ether
0,0xb97048628db6b661d4c2aa833e95dbe1a905b280,1545103239,6908742.0,0xd43d09ec1bc5e57c8f3d0c64020d403b04c7f783,IN,3,0.00017652,0x69db51c3776f913865f80c881d7a60069cbe768ed3c19f42543e7996d8d76442,external,0,0 Ether
