Class,address,age,block,creator,direction,inter_direction,txFee,txhash,txn_type,type,value
0,0xb97048628db6b661d4c2aa833e95dbe1a905b280,1525445818,5557267.0,0xd43d09ec1bc5e57c8f3d0c64020d403b04c7f783,IN,3,0.00152228,0x08e39942d34024471f091c96526cdd1c91d572799e2c15a54973ee0339f58c45,external,0,0 Ether
0,0xb97048628db6b661d4c2aa833e95dbe1a905b280,1519301735,5137996.0,0xd43d09ec1bc5e57c8f3d0c64020d403b04c7f783,IN,3,0.00152228,0x50ed8822209309de3d378b924c2bee7ec15b031d946930ddb46c1e86df67f77d,external,0,0 Ether
