Class,address,age,block,creator,direction,inter_direction,txFee,txhash,txn_type,type,value
0,0xb97048628db6b661d4c2aa833e95dbe1a905b280,1520491611,5219075.0,0xd43d09ec1bc5e57c8f3d0c64020d403b04c7f783,IN,3,0.00014877,0x6c4579a9f51bd8bc2049311c266542fad50bc93190abe9d7d4fbc60ffe166606,external,0,0 Ether
0,0xb97048628db6b661d4c2aa833e95dbe1a905b280,1520314680,5206932.0,0xd43d09ec1bc5e57c8f3d0c64020d403b04c7f783,IN,3,0.00018416,0x9a8c7d458da378d9159c3718267fc9cdbf7e3ed78226ef342d1c97b67686d639,external,0,0 Ether
