Class,address,age,block,creator,direction,inter_direction,txFee,txhash,txn_type,type,value
0,0xb97048628db6b661d4c2aa833e95dbe1a905b280,1536705221,6316563.0,0xd43d09ec1bc5e57c8f3d0c64020d403b04c7f783,IN,3,0.00016596,0x54d8adaff6033ceb0169f3f1a3e6cbd6a7295bb1c4e03e0e3133b10f87daf59d,external,0,0 Ether
0,0xb97048628db6b661d4c2aa833e95dbe1a905b280,1531961813,5991263.0,0xd43d09ec1bc5e57c8f3d0c64020d403b04c7f783,IN,3,0.00028767,0x89f3c2d33ceb5234ca9977ef37d97904e6aba115e84a6639501cd1a8cb0fc4c0,external,0,0 Ether
0,0xb97048628db6b661d4c2aa833e95dbe1a905b280,1531784211,5979377.0,0xd43d09ec1bc5e57c8f3d0c64020d403b04c7f783,IN,3,0.00028849999999999997,0xa497427c54f54d941b92e15c951937ee537592ba13e4583118f2667c0b8f5440,external,0,0 Ether
