Class,address,age,block,creator,direction,inter_direction,txFee,txhash,txn_type,type,value
0,0xb97048628db6b661d4c2aa833e95dbe1a905b280,1520946050,5249980.0,0xd43d09ec1bc5e57c8f3d0c64020d403b04c7f783,IN,3,0.0007413,0x1049ecd96df3e8741c64bfaed470d39e957db71279d91bcb584207adca91d19b,external,0,0 Ether
0,0xb97048628db6b661d4c2aa833e95dbe1a905b280,1517255151,4997638.0,0xd43d09ec1bc5e57c8f3d0c64020d403b04c7f783,IN,3,0.00104002,0x202aaf1902f5476ca30bb2d21c328f038696d65e9c70f61e7470dc4672a568ff,external,0,0 Ether
0,0xb97048628db6b661d4c2aa833e95dbe1a905b280,1518599958,5089922.0,0xd43d09ec1bc5e57c8f3d0c64020d403b04c7f783,IN,3,0.0010413,0x2514a2290caf4aa8e2fb46d495239f06eb9c15b297dd11868ef0f96d265f657b,external,0,0 Ether
0,0xb97048628db6b661d4c2aa833e95dbe1a905b280,1518479262,5081664.0,0xd43d09ec1bc5e57c8f3d0c64020d403b04c7f783,IN,3,0.0010413,0x41f5c1c0738ef1602f9bd2fa86007eed2076c59ed3451fe7b6ed659505a92890,external,0,0 Ether
0,0xb97048628db6b661d4c2aa833e95dbe1a905b280,1518602129,5090075.0,0xd43d09ec1bc5e57c8f3d0c64020d403b04c7f783,IN,3,0.0010413,0x4535e47bcc0fb046ee2c295f1c2d3ad48f0d1388370683d31cd7115007a93ee1,external,0,0 Ether
