Class,address,age,block,creator,direction,inter_direction,txFee,txhash,txn_type,type,value
0,0xbb9bc244d798123fde783fcc1c72d3bb8c189413,1464670872,1618279.0,0x793ea9692ada1900fbd0b80fffec6e431fe8b391,IN,3,0.00095812,0x83908b7f5d22b6d9c45724f5810cdefa9969eaaf62ba6f05ad3dade1a1cd5708,external,0,0 Ether
0,0xbb9bc244d798123fde783fcc1c72d3bb8c189413,1464712613,1618172.0,0x793ea9692ada1900fbd0b80fffec6e431fe8b391,IN,3,0.00125428,0x9b7f2a20a4b223aa7e0a62bafb068773ee1ceef2a709bd2d5c4939429142c723,external,0,0 Ether
