Class,address,age,block,creator,direction,inter_direction,txFee,txhash,txn_type,type,value
0,0xbb13e608888e5d30c09b13f89d27631056161b9f,1504648907,4243587.0,0x00bb97921b83dc5408105269558de38c911307fb,IN,3,0.00483859,0x0aec217e1c2f5be7a6db2b50168f3526ac997d34a6164e50f2ce12e14076a9cf,external,0,0 Ether
0,0xbb13e608888e5d30c09b13f89d27631056161b9f,1504643072,4243352.0,0x00bb97921b83dc5408105269558de38c911307fb,IN,3,0.00220461,0x67aea7d560cfec7e10055f10d4f87f502f7b9effa2ae94f6338439935e51e6ff,external,0,0 Ether
0,0xbb13e608888e5d30c09b13f89d27631056161b9f,1504649114,4243593.0,0x00bb97921b83dc5408105269558de38c911307fb,IN,3,0.00249945,0x797ae584e9c9ac03dd1c796c0c092d1441af680579e3c758f7bb87139620900f,external,0,0 Ether
0,0xbb13e608888e5d30c09b13f89d27631056161b9f,1504648388,4243565.0,0x00bb97921b83dc5408105269558de38c911307fb,IN,3,0.00334029,0x93adf91a637c13a50ddba3df001868a4b80b713aecc949e6094b9f365a684d01,external,0,0 Ether
