Class,address,age,block,creator,direction,inter_direction,txFee,txhash,txn_type,type,value
0,0xbb9bc244d798123fde783fcc1c72d3bb8c189413,1465477910,1674637.0,0x793ea9692ada1900fbd0b80fffec6e431fe8b391,IN,3,0.00315,0x006359d93915981fefc6877eea322e203bb7c0ff90a3361ed818491cfea61256,external,0,0 Ether
0,0xbb9bc244d798123fde783fcc1c72d3bb8c189413,1465477898,1674635.0,0x793ea9692ada1900fbd0b80fffec6e431fe8b391,IN,3,0.00148942,0x387b832d352ee6e747febb7bf9edb48b6fb2e56eac3deec89d97fd481595b3f5,external,0,0 Ether
0,0xbb9bc244d798123fde783fcc1c72d3bb8c189413,1491130144,3465087.0,0x793ea9692ada1900fbd0b80fffec6e431fe8b391,IN,3,0.00186796,0x9846595b150e2980c96854c05a372d50cb0075e363fdf4fe591ce073b20c18d1,external,0,0 Ether
