Class,address,age,block,creator,direction,inter_direction,txFee,txhash,txn_type,type,value
0,0xbb9bc244d798123fde783fcc1c72d3bb8c189413,1469200481,1934453.0,0x793ea9692ada1900fbd0b80fffec6e431fe8b391,IN,3,0.00061088,0x29b3b5cdf422328cd277a7fa2651d0b914826ca428d2a6423ff2360e40ddf9aa,external,0,0 Ether
0,0xbb9bc244d798123fde783fcc1c72d3bb8c189413,1469340775,1944258.0,0x793ea9692ada1900fbd0b80fffec6e431fe8b391,IN,3,0.00061088,0x4e404f625d82175bdf6358119ab7b038ef3c09a2c5fbeecd2657bfd4cff79772,external,0,0 Ether
0,0xbb9bc244d798123fde783fcc1c72d3bb8c189413,1469044504,1923568.0,0x793ea9692ada1900fbd0b80fffec6e431fe8b391,IN,3,0.00091088,0x9000080b615c5f6b0d4e324e74dd8e4acf2666bf9d915bdfafdc137904ce348a,external,0,0 Ether
