Class,address,age,block,creator,direction,inter_direction,txFee,txhash,txn_type,type,value
1,0xbeefd8fb3b5778f99e021afa2e41e0614af6af11,1540017071,6550758.0,0x300758881bf3756b6cb5b2e96f545d7b3566ce3a,IN,3,0.00166751,0x20cffe6aaf157e5976852be39b17b551f6e57f416f260e764d2a10aa726a7815,external,0,0 Ether
1,0xbeefd8fb3b5778f99e021afa2e41e0614af6af11,1540801030,6606275.0,0x300758881bf3756b6cb5b2e96f545d7b3566ce3a,IN,3,0.00166751,0x30b49826034bd77f87eb4f1a67b88461f1995a5853669e0ee59a490b9858a086,external,0,0 Ether
1,0xbeefd8fb3b5778f99e021afa2e41e0614af6af11,1539236318,6495313.0,0x300758881bf3756b6cb5b2e96f545d7b3566ce3a,IN,3,0.00166751,0x56f979895d3f122fea2e1fcbb03fea89609af2e3922f4c95a0bee8d4139865b5,external,0,0 Ether
1,0xbeefd8fb3b5778f99e021afa2e41e0614af6af11,1539840668,6538309.0,0x300758881bf3756b6cb5b2e96f545d7b3566ce3a,IN,3,0.00166751,0x5d3b0aaa5c3542d8e8a2c767709fc2eceec445c7e8ef403bb1b1ff32fc4a59e4,external,0,0 Ether
1,0xbeefd8fb3b5778f99e021afa2e41e0614af6af11,1539507301,6514646.0,0x300758881bf3756b6cb5b2e96f545d7b3566ce3a,IN,3,0.00166751,0x6988708097fb724cc18ca1bbe843054920774223311552af8814c8880e8cfbad,external,0,0 Ether
1,0xbeefd8fb3b5778f99e021afa2e41e0614af6af11,1541097141,6627163.0,0x300758881bf3756b6cb5b2e96f545d7b3566ce3a,IN,3,0.00166751,0x70569033ad116345e711273ec401a46db3e87e58c6c29d9f6501aaf776c901c9,external,0,0 Ether
1,0xbeefd8fb3b5778f99e021afa2e41e0614af6af11,1540280779,6569430.0,0x300758881bf3756b6cb5b2e96f545d7b3566ce3a,IN,3,0.00166751,0x719e4c24d358ac3cdd4003f8bc1312569bf5c90129a9cc774dde2af9bb6d792e,external,0,0 Ether
1,0xbeefd8fb3b5778f99e021afa2e41e0614af6af11,1541895048,6683478.0,0x300758881bf3756b6cb5b2e96f545d7b3566ce3a,IN,3,0.00166829,0x8f772ef339d9c362dfcd8809eccc54741350ae64acd92df93c37a5e929defbb6,external,0,0 Ether
1,0xbeefd8fb3b5778f99e021afa2e41e0614af6af11,1539052685,6482257.0,0x300758881bf3756b6cb5b2e96f545d7b3566ce3a,IN,3,0.00389733,0xa02ee154d65dda37d91f3dae5ca80a1d0823d6d8fcdaca578be42f7e2bb7c17a,external,0,0.1 Ether
