Class,address,age,block,creator,direction,inter_direction,txFee,txhash,txn_type,type,value
1,0xbeefd8fb3b5778f99e021afa2e41e0614af6af11,1541913421,6684802.0,0x300758881bf3756b6cb5b2e96f545d7b3566ce3a,IN,3,8.138e-05,0x12fb7566e06b3acb8c14ff24a2eb732a9ed9adc96aa3baebcef3bc62c9e7cc47,external,0,0 Ether
1,0xbeefd8fb3b5778f99e021afa2e41e0614af6af11,1540464066,6582468.0,0x300758881bf3756b6cb5b2e96f545d7b3566ce3a,IN,3,0.00020335,0x5128e83fd18383e2a57acef92a693f17847a46c60ee95abc5bc8d7571e89a88a,external,0,0 Ether
1,0xbeefd8fb3b5778f99e021afa2e41e0614af6af11,1541512279,6656444.0,0x300758881bf3756b6cb5b2e96f545d7b3566ce3a,IN,3,0.0001221,0x5ba10b48e646aaec1944448de85b9857d4b8d8c0d79958d988d1b5726d66f6db,external,0,0 Ether
1,0xbeefd8fb3b5778f99e021afa2e41e0614af6af11,1540889529,6612556.0,0x300758881bf3756b6cb5b2e96f545d7b3566ce3a,IN,3,0.00012201,0x5e77d909d8bf20c0553541e3ad22c44150de43b8a42f6d10cb5aa6b1d85ca2b4,external,0,0 Ether
1,0xbeefd8fb3b5778f99e021afa2e41e0614af6af11,1541230177,6636575.0,0x300758881bf3756b6cb5b2e96f545d7b3566ce3a,IN,3,0.0001628,0x61db25574559e03eed39258c6f04938a885307e1013046d106df584719269620,external,0,0 Ether
1,0xbeefd8fb3b5778f99e021afa2e41e0614af6af11,1541742214,6672683.0,0x300758881bf3756b6cb5b2e96f545d7b3566ce3a,IN,3,0.00012207,0x7176f72b262bcfe6b0d72f5f5c6e62b9df2a828781448dcfc404b0b60bc1ef76,external,0,0 Ether
1,0xbeefd8fb3b5778f99e021afa2e41e0614af6af11,1540629489,6594177.0,0x300758881bf3756b6cb5b2e96f545d7b3566ce3a,IN,3,0.00016268,0xafe3fad914d2a26fe4f90eea9fb7122e243484c63fb2a1ef2ecfe3747a2f9ea8,external,0,0 Ether
