Class,address,age,block,creator,direction,inter_direction,txFee,txhash,txn_type,type,value
1,0xbeefd8fb3b5778f99e021afa2e41e0614af6af11,1541012135,6621160.0,0x300758881bf3756b6cb5b2e96f545d7b3566ce3a,IN,3,0.00023295,0x08dd3371298503285dd3de7fbd6ac3082e69d411678a213c511b3343590f86ba,external,0,0.000001 Ether
1,0xbeefd8fb3b5778f99e021afa2e41e0614af6af11,1541271051,6639464.0,0x300758881bf3756b6cb5b2e96f545d7b3566ce3a,IN,3,0.00020069,0x2d1ce219548a19f1ec0e8864ec7c295eb49fed124b99867da29d8fc082e0390d,external,0,0.000001 Ether
1,0xbeefd8fb3b5778f99e021afa2e41e0614af6af11,1539995025,6549175.0,0x300758881bf3756b6cb5b2e96f545d7b3566ce3a,IN,3,0.00022001,0x2fc6f61a3dd1e57a3588e836f68242d3e831ba816778ded52c4d56112b880d04,external,0,0.000001 Ether
1,0xbeefd8fb3b5778f99e021afa2e41e0614af6af11,1539905033,6542860.0,0x300758881bf3756b6cb5b2e96f545d7b3566ce3a,IN,3,0.00029766,0x71b8f125d7961eecd7f66450c8c03711046d6e96c3168da4840acb29c237befd,external,0,0.000001 Ether
1,0xbeefd8fb3b5778f99e021afa2e41e0614af6af11,1540579875,6590668.0,0x300758881bf3756b6cb5b2e96f545d7b3566ce3a,IN,3,0.00022001,0x730eaaff4f4e7e59622c33e89c82d345ea790a422beab089425fc33c6bfabbaa,external,0,0.000001 Ether
1,0xbeefd8fb3b5778f99e021afa2e41e0614af6af11,1540190304,6563018.0,0x300758881bf3756b6cb5b2e96f545d7b3566ce3a,IN,3,0.00040767,0x8c885f125ea3d9e5f1f14c4b8f2fd7b9e403177fa384d7424a643193e43f5568,external,0,0.000001 Ether
1,0xbeefd8fb3b5778f99e021afa2e41e0614af6af11,1539743571,6531361.0,0x300758881bf3756b6cb5b2e96f545d7b3566ce3a,IN,3,0.00047528,0x9938b6131461b1b7d5fb8120dc984021f3f43855588a208f55faf37ae98e1067,external,0,0.2394688 Ether
