Class,address,age,block,creator,direction,inter_direction,txFee,txhash,txn_type,type,value
1,0xbeefd8fb3b5778f99e021afa2e41e0614af6af11,1539592557,6520693.0,0x300758881bf3756b6cb5b2e96f545d7b3566ce3a,IN,3,0.00111618,0x0296860a026e82264a12916611f023bc5c372826f3dd81d22524f94f578a3eaa,external,0,0.3 Ether
1,0xbeefd8fb3b5778f99e021afa2e41e0614af6af11,1539813358,6536356.0,0x300758881bf3756b6cb5b2e96f545d7b3566ce3a,IN,3,0.00012201,0x23387920953484094a07b9ae0e5b107dfa57b00fa98fbd46040279614b48a548,external,0,0 Ether
1,0xbeefd8fb3b5778f99e021afa2e41e0614af6af11,1541156353,6631307.0,0x300758881bf3756b6cb5b2e96f545d7b3566ce3a,IN,3,0.0001221,0x2f859765c64eeb0d7f5f2efe84b3de5819d81db73d7d3823ae0f513d1915d5e7,external,0,0 Ether
1,0xbeefd8fb3b5778f99e021afa2e41e0614af6af11,1540550714,6588581.0,0x300758881bf3756b6cb5b2e96f545d7b3566ce3a,IN,3,0.00012201,0x3c5338959745faa97e5300f1b6661e5d3a08f5f42010cd90fd561f8e48487246,external,0,0 Ether
1,0xbeefd8fb3b5778f99e021afa2e41e0614af6af11,1539981503,6548250.0,0x300758881bf3756b6cb5b2e96f545d7b3566ce3a,IN,3,0.00012201,0x684fc012507c533692190a148df3cdd3fdff58622231dca5318a84100027cd1c,external,0,0 Ether
1,0xbeefd8fb3b5778f99e021afa2e41e0614af6af11,1541585389,6661603.0,0x300758881bf3756b6cb5b2e96f545d7b3566ce3a,IN,3,0.00012207,0x963f12ef0e5a3110426b59e250c514086b9163a444a36517f7ec2e8ef14832e6,external,0,0 Ether
1,0xbeefd8fb3b5778f99e021afa2e41e0614af6af11,1540867679,6611012.0,0x300758881bf3756b6cb5b2e96f545d7b3566ce3a,IN,3,0.00012201,0xa176ab59a614e6d4ce69afba005be4f6a5c532012a30688c09a8764c993a83a9,external,0,0 Ether
