Class,address,age,block,creator,direction,inter_direction,txFee,txhash,txn_type,type,value
1,0xbeefd8fb3b5778f99e021afa2e41e0614af6af11,1541633146,6664959.0,0x300758881bf3756b6cb5b2e96f545d7b3566ce3a,IN,3,0.00069173,0x0883a9a5fe218beb0bca221efc2c0e2ddbab8e02001b7cfda8b6129f29051c79,external,0,0 Ether
1,0xbeefd8fb3b5778f99e021afa2e41e0614af6af11,1542011194,6691708.0,0x300758881bf3756b6cb5b2e96f545d7b3566ce3a,IN,3,0.00018148,0x61c18efba618245c8ab1d6039d3014f7a0b2a5891661d0f44e5b5d3759620cb2,external,0,0 Ether
1,0xbeefd8fb3b5778f99e021afa2e41e0614af6af11,1540844538,6609354.0,0x300758881bf3756b6cb5b2e96f545d7b3566ce3a,IN,3,0.00012201,0x66db2db16d3aeb6301a55b4d14e18ca74f2eb97923f76696a77365ed9961e6f5,external,0,0 Ether
1,0xbeefd8fb3b5778f99e021afa2e41e0614af6af11,1540920958,6614755.0,0x300758881bf3756b6cb5b2e96f545d7b3566ce3a,IN,3,0.00016268,0x6cc09eb512bc26439093a5679aab83a1dd934f9abda80051c3493a31ed85d7db,external,0,0 Ether
1,0xbeefd8fb3b5778f99e021afa2e41e0614af6af11,1540729231,6601207.0,0x300758881bf3756b6cb5b2e96f545d7b3566ce3a,IN,3,0.00010167,0x6d2e7b8569d7698c98c83fad5a3bdbea1e2d6fdfb254847a8a31764c0457b7d0,external,0,0 Ether
