Class,address,age,block,creator,direction,inter_direction,txFee,txhash,txn_type,type,value
1,0xbeefd8fb3b5778f99e021afa2e41e0614af6af11,1540321715,6572347.0,0x300758881bf3756b6cb5b2e96f545d7b3566ce3a,IN,3,0.00020335,0x15e1c420ebaf9161631ffafeb82be3f787a178d9cf065bb0c436be90133c257e,external,0,0 Ether
1,0xbeefd8fb3b5778f99e021afa2e41e0614af6af11,1540206744,6564161.0,0x300758881bf3756b6cb5b2e96f545d7b3566ce3a,IN,3,0.00020335,0x3d49c212470cb88c9f917a646d24ebf198c81e42cde235f7041d940f2010393c,external,0,0 Ether
1,0xbeefd8fb3b5778f99e021afa2e41e0614af6af11,1538735909,6459522.0,0x300758881bf3756b6cb5b2e96f545d7b3566ce3a,IN,3,0.00020335,0x4795dd1ad25b322dae28c32591aa5e23d9fb1d6ffac48c2575a4f1a6efa14f1e,external,0,0 Ether
1,0xbeefd8fb3b5778f99e021afa2e41e0614af6af11,1538984665,6477379.0,0x300758881bf3756b6cb5b2e96f545d7b3566ce3a,IN,3,0.00020335,0x634d9d26b5d718d8144993eff7b0a366ac403443fce9a442ee377416dc0c33a0,external,0,0 Ether
1,0xbeefd8fb3b5778f99e021afa2e41e0614af6af11,1538647190,6453203.0,0x300758881bf3756b6cb5b2e96f545d7b3566ce3a,IN,3,0.00389733,0x69989454f782eaf18e64e922254cf16a086ffc966f01872ad368c9d2c392b126,external,0,0.25 Ether
1,0xbeefd8fb3b5778f99e021afa2e41e0614af6af11,1539663499,6522671.0,0x300758881bf3756b6cb5b2e96f545d7b3566ce3a,IN,3,0.00028469,0x826bdba130d8401057de5f0bb575a36b7d8b78117ee77aaf3aaf92c51a40d855,external,0,0 Ether
1,0xbeefd8fb3b5778f99e021afa2e41e0614af6af11,1541353943,6645292.0,0x300758881bf3756b6cb5b2e96f545d7b3566ce3a,IN,3,0.0003256,0x9b9c0704d87bf211aefb8b9e23a31f83a47c43bbbd6e7f58e79f162a8d8460fb,external,0,0 Ether
1,0xbeefd8fb3b5778f99e021afa2e41e0614af6af11,1541616752,6663834.0,0x300758881bf3756b6cb5b2e96f545d7b3566ce3a,IN,3,0.00024414,0xab3d0adab735fd2fe6a4a5b013ff345780b23932c0e93e80a9ceb5496cf12f04,external,0,0 Ether
1,0xbeefd8fb3b5778f99e021afa2e41e0614af6af11,1541528078,6657534.0,0x300758881bf3756b6cb5b2e96f545d7b3566ce3a,IN,3,0.0002035,0xaeb15ea47aeca24dbebf8cb43b573cbb3edc036fa7f141fb9fcf5d931db22eb2,external,0,0 Ether
