Class,address,age,block,creator,direction,inter_direction,txFee,txhash,txn_type,type,value
1,0xbeefd8fb3b5778f99e021afa2e41e0614af6af11,1541031565,6622578.0,0x300758881bf3756b6cb5b2e96f545d7b3566ce3a,IN,3,0.00012201,0x0f81003ecf41d821834626bce7914353f0dfd607cf99270537c02f9132282baf,external,0,0 Ether
1,0xbeefd8fb3b5778f99e021afa2e41e0614af6af11,1539948496,6545923.0,0x300758881bf3756b6cb5b2e96f545d7b3566ce3a,IN,3,0.00034344,0x73de25c5b6c9937e7efbae20582639e9bb683616e6ceab7c881985a073e8cb38,external,0,0.02 Ether
1,0xbeefd8fb3b5778f99e021afa2e41e0614af6af11,1540120491,6558070.0,0x300758881bf3756b6cb5b2e96f545d7b3566ce3a,IN,3,0.00012201,0x7f03ce91f1d4139a83301edb349bfece91e76f0efcdb38c009023786272b3c2b,external,0,0 Ether
1,0xbeefd8fb3b5778f99e021afa2e41e0614af6af11,1541502831,6655757.0,0x300758881bf3756b6cb5b2e96f545d7b3566ce3a,IN,3,0.0002035,0x8067e91b6c81b9a80a8d3ab8055328f3b29bbe851796845ce451e16e2b5e0c3f,external,0,0 Ether
1,0xbeefd8fb3b5778f99e021afa2e41e0614af6af11,1541312152,6642412.0,0x300758881bf3756b6cb5b2e96f545d7b3566ce3a,IN,3,0.0002035,0x88765b769e653df1e9782c763e288fa7266b256800d1c41362e406b43642c8b9,external,0,0 Ether
1,0xbeefd8fb3b5778f99e021afa2e41e0614af6af11,1540621565,6593627.0,0x300758881bf3756b6cb5b2e96f545d7b3566ce3a,IN,3,0.000105,0x8d79fe83f04616ed1ea2db10ea2af59a2d3b69f6f1104cb97a682bf61fa49ff7,external,0,0 Ether
1,0xbeefd8fb3b5778f99e021afa2e41e0614af6af11,1541854571,6680620.0,0x300758881bf3756b6cb5b2e96f545d7b3566ce3a,IN,3,0.00012207,0xaaed57acfc07cdc2d2142c2e04cb48581024b97e23434f55b2c602576dfc6ce2,external,0,0 Ether
1,0xbeefd8fb3b5778f99e021afa2e41e0614af6af11,1540621816,6593643.0,0x300758881bf3756b6cb5b2e96f545d7b3566ce3a,IN,3,0.00020335,0xabcef2817ecd6cc95936b4eab69c290cf1e5e37785468e549d3605e574655d84,external,0,0 Ether
