Class,address,age,block,creator,direction,inter_direction,txFee,txhash,txn_type,type,value
0,0x964f35fae36d75b1e72770e244f6595b68508cf5,1529172444,5802358.0,0x8007ce15acda724689760b4ba493d4766f973649,OUT,2,0.0,0x35e9df49723d319cecb22b74202693a53398428ea1a5472e4c9974d95f77c1f5,internal,call,0.190593022007435 Ether
0,0x964f35fae36d75b1e72770e244f6595b68508cf5,1528346224,5744901.0,0x8007ce15acda724689760b4ba493d4766f973649,OUT,2,0.0,0x79ca13f2015f7970434f719654c04c730cacd20a9496552a8bf55b942026ce7f,internal,call,0.191904073071009 Ether
