Class,address,age,block,creator,direction,inter_direction,txFee,txhash,txn_type,type,value
1,0x8036165ccabee251c886d6121b047c16b5e798b5,1523013511,5392807.0,0x4be640dcce08e68ede454202fbc59cf5f9e8ea1f,OUT,2,0.0,0x9a9bb8cba839cdb6b3e6e66ca8bf153305345bca98672630c5f5d1db1689c813,internal,call,0.166651133445066 Ether
1,0x8036165ccabee251c886d6121b047c16b5e798b5,1523013506,5392806.0,0x4be640dcce08e68ede454202fbc59cf5f9e8ea1f,OUT,2,0.0,0xa0007b35026d07d17abc4868822720fdb6c0775464d4c78178d69e4ac5f1490b,internal,call,0.00539030218557 Ether
