Class,address,age,block,creator,direction,inter_direction,txFee,txhash,txn_type,type,value
0,0xc02aaa39b223fe8d0a0e5c4f27ead9083c756cc2,1537632695,6378501.0,0x4f26ffbe5f04ed43630fdc30a87638d53d0b0876,IN,3,0.00038821,0x13d80357088236bc144b85d6fc211d840ad817c6e81f5fc32bf12aaadcd5765f,external,0,0 Ether
0,0xc02aaa39b223fe8d0a0e5c4f27ead9083c756cc2,1536536945,6304822.0,0x4f26ffbe5f04ed43630fdc30a87638d53d0b0876,IN,3,0.00034792,0x1c49562de05d08644676c36db7294d5c891b74ae468a62c09c75442a9f5e8603,external,0,0 Ether
0,0xc02aaa39b223fe8d0a0e5c4f27ead9083c756cc2,1547100789,7042808.0,0x4f26ffbe5f04ed43630fdc30a87638d53d0b0876,IN,3,0.00036605,0x2175dc333822cd994b8486c4cfd0312bc8fd46f2676882a592c938aebb75dcae,external,0,0 Ether
0,0xc02aaa39b223fe8d0a0e5c4f27ead9083c756cc2,1547101052,7042822.0,0x4f26ffbe5f04ed43630fdc30a87638d53d0b0876,IN,3,0.0002296,0x6473405af1ef8cf1ddf379027f1600495a50ec442db5c424591c1ebe1bcc9e9a,external,0,0.1366 Ether
0,0xc02aaa39b223fe8d0a0e5c4f27ead9083c756cc2,1547114051,7043645.0,0x4f26ffbe5f04ed43630fdc30a87638d53d0b0876,IN,3,0.00022676,0x74dadf29179ee3a476d17a7923a3ee7fcda28790bc625ccdedfdebcd14836cbb,external,0,0.1552 Ether
0,0xc02aaa39b223fe8d0a0e5c4f27ead9083c756cc2,1547100728,7042804.0,0x4f26ffbe5f04ed43630fdc30a87638d53d0b0876,IN,3,0.0002296,0x8bd659a177692bbed7bcd277040fcfb004b9a4b2220e8c9d94f6a86556e3e705,external,0,4.6443 Ether
