Class,address,age,block,creator,direction,inter_direction,txFee,txhash,txn_type,type,value
0,0xc02aaa39b223fe8d0a0e5c4f27ead9083c756cc2,1544389668,6858953.0,0x4f26ffbe5f04ed43630fdc30a87638d53d0b0876,IN,3,0.00022676,0x0262fd5a23514c72a00c32286a168234c20cbdf95d5cfa4a6d6cfec3a2cfd36c,external,0,0.14 Ether
0,0xc02aaa39b223fe8d0a0e5c4f27ead9083c756cc2,1544473261,6864866.0,0x4f26ffbe5f04ed43630fdc30a87638d53d0b0876,IN,3,0.00036688,0x13a9bbfb47b0c9695b7351161abe1bc7387658b3329e570ec2a2bf05530c2a09,external,0,0 Ether
0,0xc02aaa39b223fe8d0a0e5c4f27ead9083c756cc2,1544347458,6855932.0,0x4f26ffbe5f04ed43630fdc30a87638d53d0b0876,IN,3,0.00033019,0x6180b99e5a113790c1bfe0159903fe5ca19eed986557571d33be672f05a76dbf,external,0,0 Ether
0,0xc02aaa39b223fe8d0a0e5c4f27ead9083c756cc2,1544401635,6859808.0,0x4f26ffbe5f04ed43630fdc30a87638d53d0b0876,IN,3,0.00018312,0x7034861b4ae9dcae00255fefc2b40c7aa132c56c528917e7b756d5210dcd1037,external,0,0 Ether
0,0xc02aaa39b223fe8d0a0e5c4f27ead9083c756cc2,1544358280,6856698.0,0x4f26ffbe5f04ed43630fdc30a87638d53d0b0876,IN,3,0.00022012,0x74f91753dbf8ade9cca37d2e503caa4469d9de4e5633910d1573c05f9aaedaba,external,0,0 Ether
0,0xc02aaa39b223fe8d0a0e5c4f27ead9083c756cc2,1544261461,6849885.0,0x4f26ffbe5f04ed43630fdc30a87638d53d0b0876,IN,3,0.00039156,0x7bcedae71db4ed09d5727b550da97b8dbc214b192b411957f3d7cad2e14e983e,external,0,0 Ether
0,0xc02aaa39b223fe8d0a0e5c4f27ead9083c756cc2,1544281662,6851312.0,0x4f26ffbe5f04ed43630fdc30a87638d53d0b0876,IN,3,0.00022676,0x8f1a8a15db04cec628389f98ba7bf012615bdd1d0be54005cc64ae311eafb001,external,0,0.0044 Ether
0,0xc02aaa39b223fe8d0a0e5c4f27ead9083c756cc2,1544472260,6864800.0,0x4f26ffbe5f04ed43630fdc30a87638d53d0b0876,IN,3,0.00022264,0x9afe5c278815a49bfcd7cd431eb68525e11677bd31272d011107cf7d646c1216,external,0,0.19418437 Ether
