Class,address,age,block,creator,direction,inter_direction,txFee,txhash,txn_type,type,value
0,0xc02aaa39b223fe8d0a0e5c4f27ead9083c756cc2,1537919953,6401825.0,0x4f26ffbe5f04ed43630fdc30a87638d53d0b0876,IN,3,0.00039878,0x4c9cb7877d1255a9f7825c3582a3b69c661f508cc3ae95e533a6710bf19361d8,external,0,0.00875 Ether
0,0xc02aaa39b223fe8d0a0e5c4f27ead9083c756cc2,1537920288,6401847.0,0x4f26ffbe5f04ed43630fdc30a87638d53d0b0876,IN,3,0.00056534,0x803df34088377df638005d7dc1c6c2ef7a7ba3b44ac28d39bf2d6420ab1353fa,external,0,0 Ether
