Class,address,age,block,creator,direction,inter_direction,txFee,txhash,txn_type,type,value
0,0xc02aaa39b223fe8d0a0e5c4f27ead9083c756cc2,1536710209,6316916.0,0x4f26ffbe5f04ed43630fdc30a87638d53d0b0876,IN,3,0.00019842,0x526b75c056fa336c10185543d93957f0f3b3f40217440cb13a649f30787656a9,external,0,0.9 Ether
0,0xc02aaa39b223fe8d0a0e5c4f27ead9083c756cc2,1536649114,6312595.0,0x4f26ffbe5f04ed43630fdc30a87638d53d0b0876,IN,3,0.000394,0x54acdae3dd177da38d1e0d82ae8478a3c08e445b32f3714240ceee18ac1d86ab,external,0,2 Ether
0,0xc02aaa39b223fe8d0a0e5c4f27ead9083c756cc2,1536711254,6316992.0,0x4f26ffbe5f04ed43630fdc30a87638d53d0b0876,IN,3,0.00032961,0xb1fc8b32d52952de8070b3752ae32dda79b26b3c3ca1aa07f5a5dca53216b1ba,external,0,0 Ether
