Class,address,age,block,creator,direction,inter_direction,txFee,txhash,txn_type,type,value
0,0xc02aaa39b223fe8d0a0e5c4f27ead9083c756cc2,1536802978,6323384.0,0x4f26ffbe5f04ed43630fdc30a87638d53d0b0876,IN,3,0.00047279,0x21b8ef46a828baa8834a9cd4c77db2ec24b629bc19ae6468c3ff9b65b401f9c3,external,0,0 Ether
0,0xc02aaa39b223fe8d0a0e5c4f27ead9083c756cc2,1541575024,6660848.0,0x4f26ffbe5f04ed43630fdc30a87638d53d0b0876,IN,3,0.0007312,0x44c15ae95d39269b6226752e75947504981c9fa3fef435f295933586d7b3f61b,external,0,0 Ether
