Class,address,age,block,creator,direction,inter_direction,txFee,txhash,txn_type,type,value
0,0xc02aaa39b223fe8d0a0e5c4f27ead9083c756cc2,1545543877,6938682.0,0x4f26ffbe5f04ed43630fdc30a87638d53d0b0876,IN,3,0.00023172,0x47fd6bdf6389ab4c55542832017cfbd1bc6a322b35647b1c46a6e7479834e307,external,0,0 Ether
0,0xc02aaa39b223fe8d0a0e5c4f27ead9083c756cc2,1540943427,6616382.0,0x4f26ffbe5f04ed43630fdc30a87638d53d0b0876,IN,3,0.0001887,0x497e1c630a97a5704afa87d9f8b6c48188b9e61ffeb9e8773b452819d2c5f831,external,0,0 Ether
0,0xc02aaa39b223fe8d0a0e5c4f27ead9083c756cc2,1537655505,6383101.0,0x4f26ffbe5f04ed43630fdc30a87638d53d0b0876,IN,3,0.00014152,0x657c78bb2ea4ccbe44317d7c12db65f147a32ac5bced51a4624b03fc37d0b204,external,0,0 Ether
0,0xc02aaa39b223fe8d0a0e5c4f27ead9083c756cc2,1545541889,6938524.0,0x4f26ffbe5f04ed43630fdc30a87638d53d0b0876,IN,3,0.0003774,0x67466283c5bd06bbc215c0e7ceb7a5ff5a30d2b5760b18633ae1637d07b21a7e,external,0,0 Ether
0,0xc02aaa39b223fe8d0a0e5c4f27ead9083c756cc2,1545542080,6938546.0,0x4f26ffbe5f04ed43630fdc30a87638d53d0b0876,IN,3,0.00034676,0x93f33f7141ba3ccdd4fe7861efe72fd30d620206fe230b432196ab8e63ce0a31,external,0,0.01 Ether
0,0xc02aaa39b223fe8d0a0e5c4f27ead9083c756cc2,1540944369,6616447.0,0x4f26ffbe5f04ed43630fdc30a87638d53d0b0876,IN,3,0.0001887,0x98ac8da1eda5bc748762eb22565a59cdbebbcafa103e9bea931d3a86fbb428cc,external,0,0 Ether
