Class,address,age,block,creator,direction,inter_direction,txFee,txhash,txn_type,type,value
0,0xc02aaa39b223fe8d0a0e5c4f27ead9083c756cc2,1537027962,6336149.0,0x4f26ffbe5f04ed43630fdc30a87638d53d0b0876,IN,3,0.00030342,0x669970f8ba84d8bba148b96d6f6de030e54e7df9018938c4e023794f4ad0a2d7,external,0,0.004935 Ether
0,0xc02aaa39b223fe8d0a0e5c4f27ead9083c756cc2,1537028301,6336170.0,0x4f26ffbe5f04ed43630fdc30a87638d53d0b0876,IN,3,0.00033023,0x6ce826dd17244b03bac5e788e38834713d96d32d8190e9b691fb41a36d920d48,external,0,0 Ether
