Class,address,age,block,creator,direction,inter_direction,txFee,txhash,txn_type,type,value
0,0xc02aaa39b223fe8d0a0e5c4f27ead9083c756cc2,1545921179,6964589.0,0x4f26ffbe5f04ed43630fdc30a87638d53d0b0876,IN,3,0.00014274,0x6c911f07108f65c973726877f6d5e386c536a5de90d2a9ebcf2b1a31a60fc277,external,0,0 Ether
0,0xc02aaa39b223fe8d0a0e5c4f27ead9083c756cc2,1545921269,6964593.0,0x4f26ffbe5f04ed43630fdc30a87638d53d0b0876,IN,3,0.00011116,0x9e88cc486f8646d755425b126162761b4f560f6aaedd2e464913dd3094df2a7b,external,0,0 Ether
