Class,address,age,block,creator,direction,inter_direction,txFee,txhash,txn_type,type,value
0,0xc02aaa39b223fe8d0a0e5c4f27ead9083c756cc2,1544787065,6886859.0,0x4f26ffbe5f04ed43630fdc30a87638d53d0b0876,IN,3,0.0003511,0x02554be119690d57255a0db688db2ea8bc5ac64ef9660611d1b6fffadfbc58f0,external,0,0.1545 Ether
0,0xc02aaa39b223fe8d0a0e5c4f27ead9083c756cc2,1545035342,6904149.0,0x4f26ffbe5f04ed43630fdc30a87638d53d0b0876,IN,3,0.00017007,0x2921f76422e6edc5f6d375af30e366cf9fbacb3832aafaa43b6cf3f0f7eb6dc7,external,0,0.115 Ether
