Class,address,age,block,creator,direction,inter_direction,txFee,txhash,txn_type,type,value
0,0xc3951d77737733174152532e8b0f27e2c4e9f0dc,1507204018,4339918.0,0x5ad66adde5562e46d3333f67da5181ea9efafa11,IN,3,0.00110247,0x012217b8c31df8de18ad16f5fae64a79273837039e9f70906de792511f14a119,external,0,0 Ether
0,0xc3951d77737733174152532e8b0f27e2c4e9f0dc,1508141994,4371940.0,0x5ad66adde5562e46d3333f67da5181ea9efafa11,IN,3,0.00063176,0x234f9d023aa1f11d0b2ae42d458b22cf1936644f2361857c99c112674be60fe1,external,0,0 Ether
0,0xc3951d77737733174152532e8b0f27e2c4e9f0dc,1507751757,4358177.0,0x5ad66adde5562e46d3333f67da5181ea9efafa11,IN,3,0.00031499,0x3fb34c86c074ec198371d7040d6efd975dc334bd8cb3243b7c03f8404c243cad,external,0,0 Ether
0,0xc3951d77737733174152532e8b0f27e2c4e9f0dc,1507137802,4337690.0,0x5ad66adde5562e46d3333f67da5181ea9efafa11,IN,3,0.00041999,0x7790f36f7bd2e4c50e1a25f55ff9a30b0a713542299f334fde6bc48d62801b0b,external,0,0 Ether
0,0xc3951d77737733174152532e8b0f27e2c4e9f0dc,1507439540,4347737.0,0x5ad66adde5562e46d3333f67da5181ea9efafa11,IN,3,0.00031499,0xa21100ca626262263739f3c8b2839c382dcf1d2d214fdffad112bebbb0fd8766,external,0,0 Ether
