Class,address,age,block,creator,direction,inter_direction,txFee,txhash,txn_type,type,value
0,0xc7af99fe5513eb6710e6d5f44f9989da40f27f26,1519871658,5176714.0,0xba52c75764d6f594735dc735be7f1830cdf58ddf,IN,3,0.0001091,0x56b32129480f79a3b7c255ce417f8ea32eb15c471151772b4a8ab7bea38d1326,external,0,0 Ether
0,0xc7af99fe5513eb6710e6d5f44f9989da40f27f26,1519871644,5176713.0,0xba52c75764d6f594735dc735be7f1830cdf58ddf,IN,3,0.000109,0x685e098c9b72e8dd298543ec81dd6d4237b4ab453c516e84f503f5e8ef01c763,external,0,0 Ether
