Class,address,age,block,creator,direction,inter_direction,txFee,txhash,txn_type,type,value
0,0xc7af99fe5513eb6710e6d5f44f9989da40f27f26,1516472687,4943942.0,0xba52c75764d6f594735dc735be7f1830cdf58ddf,IN,3,0.00090917,0x76eb0ff4c3813ee04ae0b2c337295ecd79b91b5d83f7514424d5e02ecc7eb2fb,external,0,0 Ether
0,0xc7af99fe5513eb6710e6d5f44f9989da40f27f26,1513174619,4727795.0,0xba52c75764d6f594735dc735be7f1830cdf58ddf,IN,3,0.00090917,0x820011c56e3a6eba199b2446dfc454bdb250204c7fe40c5074c1db37a8d65a96,external,0,0 Ether
