Class,address,age,block,creator,direction,inter_direction,txFee,txhash,txn_type,type,value
0,0xc7af99fe5513eb6710e6d5f44f9989da40f27f26,1513163297,4727060.0,0xba52c75764d6f594735dc735be7f1830cdf58ddf,IN,3,0.00090917,0x5ff3c949ec761d908ec0ecdcacd3eb797771bbcbc07454bc5f48fbfc82b00e61,external,0,0 Ether
0,0xc7af99fe5513eb6710e6d5f44f9989da40f27f26,1513163386,4727065.0,0xba52c75764d6f594735dc735be7f1830cdf58ddf,IN,3,0.00090917,0x639b223f7f167625d4ac3cb9fe80306130dfee61873bd76e5687e2f6e8ef6e65,external,0,0 Ether
