Class,address,age,block,creator,direction,inter_direction,txFee,txhash,txn_type,type,value
0,0xc7af99fe5513eb6710e6d5f44f9989da40f27f26,1512710243,4696891.0,0xba52c75764d6f594735dc735be7f1830cdf58ddf,IN,3,0.00175468,0x20541f6b7eb7ef0e41dad0f864f95fb0f6b7fbb2ab5b7f16555eca611f014381,external,0,0 Ether
0,0xc7af99fe5513eb6710e6d5f44f9989da40f27f26,1512850192,4706279.0,0xba52c75764d6f594735dc735be7f1830cdf58ddf,IN,3,0.00163651,0x500d8431110a9f8e360932bae68f3242d9b647855c17d7eb676fd1d634a0594e,external,0,0 Ether
