Class,address,age,block,creator,direction,inter_direction,txFee,txhash,txn_type,type,value
0,0xc8c6a31a4a806d3710a7b38b7b296d2fabccdba8,1518681802,5095519.0,0x85196da9269b24bdf5ffd2624abb387fca05382b,IN,3,0.00109578,0x272bd87c2862fa2f6b167a58f5dbbcffbf2c598b9d385b94e2636349f5756bb0,external,0,0 Ether
0,0xc8c6a31a4a806d3710a7b38b7b296d2fabccdba8,1518682076,5095539.0,0x85196da9269b24bdf5ffd2624abb387fca05382b,IN,3,0.00046578,0x57c8806c4934547d2cea783b66aa1253f63ea3b24a4c938d5ed0d813db4ef33d,external,0,0 Ether
