Class,address,age,block,creator,direction,inter_direction,txFee,txhash,txn_type,type,value
0,0xcaef67f72114b4d2b4f43e7407455285b7de8de5,1515918450,4907947.0,0x2c1c95a3d9443e5eef3d716fcc6372c26f3e68e0,IN,3,0.00114246,0x115fa1a96e61211d42ab0507e7a2a51d1f66a6cdde8cc088faf9a8b709db6a2a,external,0,0.001 Ether
0,0xcaef67f72114b4d2b4f43e7407455285b7de8de5,1516509043,4943467.0,0x2c1c95a3d9443e5eef3d716fcc6372c26f3e68e0,IN,3,0.00038734,0x6195a15c7963b7d199c05a067706b3cb6c289759e99e98dfdf43601888c998f6,external,0,0.001 Ether
0,0xcaef67f72114b4d2b4f43e7407455285b7de8de5,1516508271,4943425.0,0x2c1c95a3d9443e5eef3d716fcc6372c26f3e68e0,IN,3,0.00040121,0x701eaa6e82dab2ef92339aef05e9624b8d742e187631958814a6ddaa345734e5,external,0,0.001 Ether
0,0xcaef67f72114b4d2b4f43e7407455285b7de8de5,1516508699,4943448.0,0x2c1c95a3d9443e5eef3d716fcc6372c26f3e68e0,IN,3,0.00039699,0x9dbcfe98addcaf392392d858826394b4a0989844e77d3fd41f8648e0cac67087,external,0,0.001 Ether
