Class,address,age,block,creator,direction,inter_direction,txFee,txhash,txn_type,type,value
0,0xcaef67f72114b4d2b4f43e7407455285b7de8de5,1516515175,4946813.0,0x2c1c95a3d9443e5eef3d716fcc6372c26f3e68e0,IN,3,0.00018177,0x0682559cd15c2d2312d19edd1a70c905f233e16c53cbfeb2faa3dcd497b018b0,external,0,0.001 Ether
0,0xcaef67f72114b4d2b4f43e7407455285b7de8de5,1516591962,4952002.0,0x2c1c95a3d9443e5eef3d716fcc6372c26f3e68e0,IN,3,0.0007034,0x3a42163fa92d0c56bc0081b243835534cb65354ac34eb5a5fb44a89f704a0b88,external,0,0.001 Ether
0,0xcaef67f72114b4d2b4f43e7407455285b7de8de5,1516516746,4946924.0,0x2c1c95a3d9443e5eef3d716fcc6372c26f3e68e0,IN,3,0.00017391,0x3fb409759ca7263ed9b8534d5e08ad2055f6c5d9b7e2ab3b83cdbf423159cd31,external,0,0.001 Ether
0,0xcaef67f72114b4d2b4f43e7407455285b7de8de5,1516515630,4946845.0,0x2c1c95a3d9443e5eef3d716fcc6372c26f3e68e0,IN,3,0.00017683,0x5820d2efbcc2915c8aa585415019c19100a64005b96eee78ed25dda73012fce6,external,0,0.001 Ether
0,0xcaef67f72114b4d2b4f43e7407455285b7de8de5,1518451772,5076819.0,0x2c1c95a3d9443e5eef3d716fcc6372c26f3e68e0,IN,3,0.00034543,0x656f43cbf6979e30da0a77f2613478a65c66eda31c71052d41e0dcd187ceb225,external,0,0.001 Ether
0,0xcaef67f72114b4d2b4f43e7407455285b7de8de5,1518540593,5082901.0,0x2c1c95a3d9443e5eef3d716fcc6372c26f3e68e0,IN,3,0.00035052,0xa63ecf8546727d01f65f8ec7a0ecd185e218ff451e06dba33a717d06b49a6307,external,0,0.001 Ether
