Class,address,age,block,creator,direction,inter_direction,txFee,txhash,txn_type,type,value
0,0xcbcc0f036ed4788f63fc0fee32873d6a7487b908,1519922755,5177247.0,0xc890b1f532e674977dfdb791cafaee898dfa9671,IN,3,0.00213417,0x09c0f910a26c770c6cdc35859561a2d72eb936e5b42c662c8dfe379b7c05a50f,external,0,0 Ether
0,0xcbcc0f036ed4788f63fc0fee32873d6a7487b908,1532344298,6017454.0,0xc890b1f532e674977dfdb791cafaee898dfa9671,IN,3,0.00207855,0xaca99fde3d40cb32a15f2dcad43bd35b7d6cf8850aa85cc700fda5d646e3719e,external,0,0 Ether
