Class,address,age,block,creator,direction,inter_direction,txFee,txhash,txn_type,type,value
0,0xcbeaec699431857fdb4d37addbbdc20e132d4903,1513817918,4770293.0,0xf6fd3570e80a67e26400043efe077c0b9aac7d42,IN,3,0.00336186,0x79860c4bc8566da06a3605abb9a8220d6252e16fce989f7653439508e9ea03c0,external,0,0 Ether
0,0xcbeaec699431857fdb4d37addbbdc20e132d4903,1512407293,4677085.0,0xf6fd3570e80a67e26400043efe077c0b9aac7d42,IN,3,0.00169625,0x97229a9ec1b1ef2bfb5de732f5cee0cbe6a9bcba4eb046197110ca5e5e7f242b,external,0,0 Ether
