Class,address,age,block,creator,direction,inter_direction,txFee,txhash,txn_type,type,value
0,0xcbcc0f036ed4788f63fc0fee32873d6a7487b908,1512985233,4715343.0,0xc890b1f532e674977dfdb791cafaee898dfa9671,IN,3,0.00218891,0x264bfab1e72ba1648bfa71dfaef8b9cb914db4612a0474fd04d1aae6b395283c,external,0,0 Ether
0,0xcbcc0f036ed4788f63fc0fee32873d6a7487b908,1515751269,4897296.0,0xc890b1f532e674977dfdb791cafaee898dfa9671,IN,3,0.00119721,0x41ad364ca8ad4da3b8bb940f5c2e0c61fa0bf891fc467ae0c6da3b63e7807fdd,external,0,0 Ether
0,0xcbcc0f036ed4788f63fc0fee32873d6a7487b908,1515064175,4854275.0,0xc890b1f532e674977dfdb791cafaee898dfa9671,IN,3,0.00161364,0xa0744d44f001233d030133441130a1a5126edf133c06b9456d936f293914a804,external,0,0 Ether
