Class,address,age,block,creator,direction,inter_direction,txFee,txhash,txn_type,type,value
0,0xcbcc0f036ed4788f63fc0fee32873d6a7487b908,1498553790,3938667.0,0xc890b1f532e674977dfdb791cafaee898dfa9671,IN,3,0.00080799,0x3289aa98d9995bf0c95be78556f66971a0a11b84979f1c35ea5d875a33087bd2,external,0,0 Ether
0,0xcbcc0f036ed4788f63fc0fee32873d6a7487b908,1495717036,3767137.0,0xc890b1f532e674977dfdb791cafaee898dfa9671,IN,3,0.00104106,0x4a77213dd12c96a4a17d8fed84ccb1b3d3ffc3253f51467d24930bff1611b13f,external,0,0 Ether
0,0xcbcc0f036ed4788f63fc0fee32873d6a7487b908,1496636976,3821615.0,0xc890b1f532e674977dfdb791cafaee898dfa9671,IN,3,0.00109311,0x60faa3d5dae701388b64b18a8cd96a28b50127d054ac2eddfba8dc15fb15c508,external,0,0 Ether
0,0xcbcc0f036ed4788f63fc0fee32873d6a7487b908,1495452204,3750484.0,0xc890b1f532e674977dfdb791cafaee898dfa9671,IN,3,0.00104106,0x6bd22d57a09d83ab0f2b9d0109a505f1843bb34981d9e23925dd58480f9b6950,external,0,0 Ether
0,0xcbcc0f036ed4788f63fc0fee32873d6a7487b908,1495185188,3733622.0,0xc890b1f532e674977dfdb791cafaee898dfa9671,IN,3,0.00104533,0x6f587f40a4acb97e750f0dae8ce06e10f627a1fe41d741d6734e9d8ab3828be9,external,0,0 Ether
0,0xcbcc0f036ed4788f63fc0fee32873d6a7487b908,1495608213,3760270.0,0xc890b1f532e674977dfdb791cafaee898dfa9671,IN,3,0.00109311,0x7614acea6de19d913ab2c379ef3a2aed21096cb6cc90cd8a0201eb980c0e42f3,external,0,0 Ether
