Class,address,age,block,creator,direction,inter_direction,txFee,txhash,txn_type,type,value
0,0xcbcc0f036ed4788f63fc0fee32873d6a7487b908,1506748489,4324758.0,0xc890b1f532e674977dfdb791cafaee898dfa9671,IN,3,0.00109311,0x0323b953764230ed1bc92872d691b4844e20bf64a6746dddcbcef5454a763e52,external,0,0 Ether
0,0xcbcc0f036ed4788f63fc0fee32873d6a7487b908,1506748412,4324755.0,0xc890b1f532e674977dfdb791cafaee898dfa9671,IN,3,0.00109311,0x55c9a7351d253baeb7ea59d64f27750e6ef62cb75559fd28573d31145cd49b3c,external,0,0 Ether
