Class,address,age,block,creator,direction,inter_direction,txFee,txhash,txn_type,type,value
0,0xcbcc0f036ed4788f63fc0fee32873d6a7487b908,1495084306,3727235.0,0xc890b1f532e674977dfdb791cafaee898dfa9671,IN,3,0.00051143,0x5763a2bb0ef2b6547ceddd7619e2a26d52e08078fd7d4d5227c2990c6f20f7cd,external,0,0 Ether
0,0xcbcc0f036ed4788f63fc0fee32873d6a7487b908,1495084991,3727280.0,0xc890b1f532e674977dfdb791cafaee898dfa9671,IN,3,0.00051009,0x8c044b7b4b9d6977544e8ab9b9f6aa87fbb8224c5b004e8bb1fcc45f41689be1,external,0,0 Ether
0,0xcbcc0f036ed4788f63fc0fee32873d6a7487b908,1495086595,3727358.0,0xc890b1f532e674977dfdb791cafaee898dfa9671,IN,3,0.0007808,0x9f49c679cd26ed5c45c9f0e34e88ef8ac6aa31fccd423a532d05d4dcbbff96fa,external,0,0 Ether
