Class,address,age,block,creator,direction,inter_direction,txFee,txhash,txn_type,type,value
1,0x7b307c1f0039f5d38770e15f8043b3dd26da5e8f,1539760611,6532603.0,0xe1f3294e25bb72a2fb53addb82aa1a033797e6e3,OUT,2,0.0,0x30e559cda8b24d6f57f7a93b870064e583b11e629bcebcbb9fde8f24115dfb75,internal,call,0.073640677966101 Ether
1,0x7b307c1f0039f5d38770e15f8043b3dd26da5e8f,1540163357,6561136.0,0xe1f3294e25bb72a2fb53addb82aa1a033797e6e3,OUT,2,0.0,0x42a8af754025b31c497ac9b173b13d43e73e99665965fcd222cd0bdcf1f83181,internal,call,0.19344406779661 Ether
1,0x7b307c1f0039f5d38770e15f8043b3dd26da5e8f,1538830936,6466346.0,0xe1f3294e25bb72a2fb53addb82aa1a033797e6e3,OUT,2,0.0,0x1a44249a5d661563600312d679c9b1cf4bf019bec79e50b2972bffa097a8c574,internal,call,0.246996610169491 Ether
1,0x7b307c1f0039f5d38770e15f8043b3dd26da5e8f,1539607448,6521741.0,0xe1f3294e25bb72a2fb53addb82aa1a033797e6e3,OUT,2,0.0,0x56b9b9a30cab6f87f745a4fe4ca3fd9ce72196232085a891928fee0469c18791,internal,call,0.375559322033898 Ether
