Class,address,age,block,creator,direction,inter_direction,txFee,txhash,txn_type,type,value
0,0xcc4ef9eeaf656ac1a2ab886743e98e97e090ed38,1501160256,4082537.0,0x31efd75bc0b5fbafc6015bd50590f4fdab6a3f22,IN,3,0.00793812,0x3f447b80de4262468e79945b9b7ef384b2290c08315fb4fb07bd733211a40770,external,0,2 Ether
0,0xcc4ef9eeaf656ac1a2ab886743e98e97e090ed38,1514292006,4802560.0,0x31efd75bc0b5fbafc6015bd50590f4fdab6a3f22,IN,3,0.00238429,0x7e633a33bf4eb1b7c7b23872c2013c52452d5670d52bb83e203357aaa258a767,external,0,0 Ether
