Class,address,age,block,creator,direction,inter_direction,txFee,txhash,txn_type,type,value
1,0x7b307c1f0039f5d38770e15f8043b3dd26da5e8f,1539162883,6490074.0,0xe1f3294e25bb72a2fb53addb82aa1a033797e6e3,OUT,1,0.0,0x4b1c3ed7d98ab9e7e144b083f3c5999c35822691e43f2b8fb376410fa8ea79e5,internal,call,0.020051796610169 Ether
1,0x7b307c1f0039f5d38770e15f8043b3dd26da5e8f,1539787087,6534491.0,0xe1f3294e25bb72a2fb53addb82aa1a033797e6e3,OUT,1,0.0,0x8fd3a381ddbc0b10d80c91679be76b34ac0ab64881a24d98e5384293d301b102,internal,call,0.015858711864406 Ether
1,0x7b307c1f0039f5d38770e15f8043b3dd26da5e8f,1539945976,6545718.0,0xe1f3294e25bb72a2fb53addb82aa1a033797e6e3,OUT,1,0.0,0xaa0ae082b08ac5fe1ce6a5a419de1d43bbed1e280d44b4302837846fee3e235c,internal,call,0.009133830508474 Ether
1,0x7b307c1f0039f5d38770e15f8043b3dd26da5e8f,1538818418,6465427.0,0xe1f3294e25bb72a2fb53addb82aa1a033797e6e3,OUT,1,0.0,0x371a490265fee2c70d73fe2cd7c0bf0cef808fe60427dfe9d60ecd71e008d9fa,internal,call,0.015163932203389 Ether
1,0x7b307c1f0039f5d38770e15f8043b3dd26da5e8f,1539512193,6514998.0,0xe1f3294e25bb72a2fb53addb82aa1a033797e6e3,OUT,2,0.0,0xcea16277ba7f89be2eb503dfab796c3f05732b093f713f600a52c378522ad3c1,internal,call,0.020277152542372 Ether
1,0x7b307c1f0039f5d38770e15f8043b3dd26da5e8f,1538557074,6446788.0,0xe1f3294e25bb72a2fb53addb82aa1a033797e6e3,OUT,2,0.0,0xcdcae41c2630ee0cd549f7f629f49b56fcf85b180d07e0fcff519199396f4f1b,internal,call,0.029542779661016 Ether
