Class,address,age,block,creator,direction,inter_direction,txFee,txhash,txn_type,type,value
0,0xd0a6e6c54dbc68db5db3a091b171a77407ff7ccf,1527836629,5714435.0,0x0008ec9f540ceb20cda44ec8503981ff58a3361b,IN,3,0.00057183,0x26670bbff597f1875a14d9f03df2822e1b174aa59aa391dccd48b07bd13b8e28,external,0,1.03 Ether
0,0xd0a6e6c54dbc68db5db3a091b171a77407ff7ccf,1527973182,5723382.0,0x0008ec9f540ceb20cda44ec8503981ff58a3361b,IN,3,0.00010859,0x5e77cecc9342577a4bc83067fbcc901fe1c05dbb6f85ce9ea2d4c7125469e2d3,external,0,0 Ether
0,0xd0a6e6c54dbc68db5db3a091b171a77407ff7ccf,1528725970,5772525.0,0x0008ec9f540ceb20cda44ec8503981ff58a3361b,IN,3,2.714e-05,0x67902d08adcadceb6fb27dfd17b2f42f7f607973c39c796b9f845a095d4a7a6c,external,0,0 Ether
0,0xd0a6e6c54dbc68db5db3a091b171a77407ff7ccf,1527899997,5718606.0,0x0008ec9f540ceb20cda44ec8503981ff58a3361b,IN,3,0.00081317,0xa39a56f40571307d9707f40e4fac77b6b7e02e73c95e586dedd6fb02866ed053,external,0,0 Ether
