Class,address,age,block,creator,direction,inter_direction,txFee,txhash,txn_type,type,value
0,0xd0a6e6c54dbc68db5db3a091b171a77407ff7ccf,1527315462,5680437.0,0x0008ec9f540ceb20cda44ec8503981ff58a3361b,IN,3,0.00064885,0x00f24a9b0c7d9760b089f0b79a996a9768eacb05ebbfff6734123d82a163cb31,external,0,0 Ether
0,0xd0a6e6c54dbc68db5db3a091b171a77407ff7ccf,1527394188,5682754.0,0x0008ec9f540ceb20cda44ec8503981ff58a3361b,IN,3,0.00371287,0x4daf3653d9abfdc337b9c8169ac1936aab88b09d3c4e9eea3b1bed5287d73b70,external,0,0 Ether
