Class,address,age,block,creator,direction,inter_direction,txFee,txhash,txn_type,type,value
0,0xd0a6e6c54dbc68db5db3a091b171a77407ff7ccf,1526810754,5647491.0,0x0008ec9f540ceb20cda44ec8503981ff58a3361b,IN,3,0.00210805,0x0814d075407a1c620a6520afd9c047bee08b096434852f3b27d0eff020306d45,external,0,0.06 Ether
0,0xd0a6e6c54dbc68db5db3a091b171a77407ff7ccf,1526812235,5647589.0,0x0008ec9f540ceb20cda44ec8503981ff58a3361b,IN,3,0.00371287,0x2b9a2f50721487ffd49b56bbc4adf80d0c90eff5c9835144afcb5215bc290712,external,0,0 Ether
0,0xd0a6e6c54dbc68db5db3a091b171a77407ff7ccf,1526911552,5654106.0,0x0008ec9f540ceb20cda44ec8503981ff58a3361b,IN,3,0.00271899,0xa5ef1f009036cf6088cbb94964ff486304f6f139d1433138df6d973487f54a58,external,0,0 Ether
