Class,address,age,block,creator,direction,inter_direction,txFee,txhash,txn_type,type,value
0,0xd0a6e6c54dbc68db5db3a091b171a77407ff7ccf,1526997897,5659693.0,0x0008ec9f540ceb20cda44ec8503981ff58a3361b,IN,3,0.0008732999999999999,0x0df2ab084f54c0ba7d987eae7cfd3c985c98ff179007c176570b52f15682fbce,external,0,0 Ether
0,0xd0a6e6c54dbc68db5db3a091b171a77407ff7ccf,1526996115,5659571.0,0x0008ec9f540ceb20cda44ec8503981ff58a3361b,IN,3,0.00186787,0x52620325ef654e448caacaacbb19597a07d9f46e93aedc95a2e46a46b1f06417,external,0,0 Ether
