Class,address,age,block,creator,direction,inter_direction,txFee,txhash,txn_type,type,value
0,0xd0a6e6c54dbc68db5db3a091b171a77407ff7ccf,1527861578,5716090.0,0x0008ec9f540ceb20cda44ec8503981ff58a3361b,IN,3,0.00123,0x1979816676568134df14370d651ffc162f2589566f0fde769062eb40a5ca71b9,external,0,0 Ether
0,0xd0a6e6c54dbc68db5db3a091b171a77407ff7ccf,1527863693,5716253.0,0x0008ec9f540ceb20cda44ec8503981ff58a3361b,IN,3,0.00371287,0xacca267bc997e35d4f93c020092a8eaefb41b0e0864020b2016eb29b594c02f8,external,0,0 Ether
