Class,address,age,block,creator,direction,inter_direction,txFee,txhash,txn_type,type,value
0,0xd0a6e6c54dbc68db5db3a091b171a77407ff7ccf,1543766144,6815354.0,0x0008ec9f540ceb20cda44ec8503981ff58a3361b,IN,3,0.00111306,0x44fc8084e20df3930f08a7ce7168ceaefdb2342e38911f92824ac8c6ca83e994,external,0,0 Ether
0,0xd0a6e6c54dbc68db5db3a091b171a77407ff7ccf,1543766335,6815368.0,0x0008ec9f540ceb20cda44ec8503981ff58a3361b,IN,3,0.00111306,0x7dd7b5322a022a63a2c900bc7847a76333247f4140a6988803658b4e81fc56cd,external,0,0 Ether
