Class,address,age,block,creator,direction,inter_direction,txFee,txhash,txn_type,type,value
0,0xd0a6e6c54dbc68db5db3a091b171a77407ff7ccf,1527787683,5711305.0,0x0008ec9f540ceb20cda44ec8503981ff58a3361b,IN,3,0.0007957999999999999,0x39a95af13a19d6ba2ec9aed43cb272d2471f88c2d3c559573efab0689b921547,external,0,0 Ether
0,0xd0a6e6c54dbc68db5db3a091b171a77407ff7ccf,1527733825,5707778.0,0x0008ec9f540ceb20cda44ec8503981ff58a3361b,IN,3,0.00072779,0x5674e439b826564270f6eeae92117e5c9f1f1c99986fdb4223e615bbb7b3c43a,external,0,0.2 Ether
