Class,address,age,block,creator,direction,inter_direction,txFee,txhash,txn_type,type,value
1,0x4e8ecf79ade5e2c49b9e30d795517a81e0bf00b8,1533003236,6062524.0,0xf39e044e1ab204460e06e87c6dca2c6319fc69e3,OUT,2,0.0,0xc5cb7648833f16e46241639fc0f4bb213528d1c07ecb17f56dad4e180ebaadbe,internal,call,0.161742894384239 Ether
1,0x4e8ecf79ade5e2c49b9e30d795517a81e0bf00b8,1532723538,0.0,0xf39e044e1ab204460e06e87c6dca2c6319fc69e3,OUT,2,0.0,0x6e773745a19f31f9a993d713fc15e05f74df1dc69754b8d044ba18d30cedfff5,internal,call,0.671377855665484 Ether
