Class,address,age,block,creator,direction,inter_direction,txFee,txhash,txn_type,type,value
0,0xd26114cd6ee289accf82350c8d8487fedb8a0c07,1542593424,6732919.0,0x140427a7d27144a4cda83bd6b9052a63b0c5b589,IN,3,0.00022218,0x06e7676c1f389c0accc36a0f6184e15e9f9191bae980a79c3765a9b8be46dc69,external,0,0 Ether
0,0xd26114cd6ee289accf82350c8d8487fedb8a0c07,1541794410,6676345.0,0x140427a7d27144a4cda83bd6b9052a63b0c5b589,IN,3,0.00017805,0x0b44a9da618e1d563ae518fe2710b7f91765e8146945f8463388ce1c5763e528,external,0,0 Ether
0,0xd26114cd6ee289accf82350c8d8487fedb8a0c07,1542593513,6732926.0,0x140427a7d27144a4cda83bd6b9052a63b0c5b589,IN,3,0.00014649,0x368aeb6485bad05122f875bfce3a7107fe649c4653eccb3c7285e54fc29b31d9,external,0,0 Ether
0,0xd26114cd6ee289accf82350c8d8487fedb8a0c07,1542236068,6707576.0,0x140427a7d27144a4cda83bd6b9052a63b0c5b589,IN,3,0.00032258,0x738e3d7c6688825e44027c8ee32a42a83bf035d48f9b5130b55fe4d6295195a9,external,0,0 Ether
0,0xd26114cd6ee289accf82350c8d8487fedb8a0c07,1544655781,6877633.0,0x140427a7d27144a4cda83bd6b9052a63b0c5b589,IN,3,0.00041473,0xac03aaef703778e6b4538a84bf66f134b745f5b76a3e3b1a89da3538b8e16fa0,external,0,0 Ether
