Class,address,age,block,creator,direction,inter_direction,txFee,txhash,txn_type,type,value
0,0xd6a81d7a8b4d1cc947138d9e4aca5d3cde33a170,1503468087,4194521.0,0xcc2de4acf7af057f51fc8b4f9fd7a6a09d5a2b0d,IN,3,0.00146777,0x1d129c7a55e6969c4b2a9f331d01a25503400a5ec6058dfce3e9e50c32d64552,external,0,0.99 Ether
0,0xd6a81d7a8b4d1cc947138d9e4aca5d3cde33a170,1502999939,4171813.0,0xcc2de4acf7af057f51fc8b4f9fd7a6a09d5a2b0d,IN,3,0.00209777,0x25d8aa008f764263037f51bbfb9f11836fb41363673dd85de0262506ca576c52,external,0,1 Ether
0,0xd6a81d7a8b4d1cc947138d9e4aca5d3cde33a170,1503560284,4199030.0,0xcc2de4acf7af057f51fc8b4f9fd7a6a09d5a2b0d,IN,3,0.00146777,0x832ab805af08c1f9bb7bb326722a8d9a3232030b194db768bd585411b29b07c1,external,0,1.56 Ether
0,0xd6a81d7a8b4d1cc947138d9e4aca5d3cde33a170,1503217071,4182355.0,0xcc2de4acf7af057f51fc8b4f9fd7a6a09d5a2b0d,IN,3,0.00146777,0xb8862f04238529e5043c356337adb926f9090ffc2e680d22c6e01a512e9269bc,external,0,0.07 Ether
