Class,address,age,block,creator,direction,inter_direction,txFee,txhash,txn_type,type,value
0,0xd6a81d7a8b4d1cc947138d9e4aca5d3cde33a170,1501100390,4079299.0,0xcc2de4acf7af057f51fc8b4f9fd7a6a09d5a2b0d,IN,3,0.00044671,0x02cd6e07166f1cf45e4303f4ac4963a963428d5eb65c625a36e53a3ed7fa7f9a,external,0,1.22 Ether
0,0xd6a81d7a8b4d1cc947138d9e4aca5d3cde33a170,1501100808,4079319.0,0xcc2de4acf7af057f51fc8b4f9fd7a6a09d5a2b0d,IN,3,0.00104888,0x8e84e3989478b13edc7432465e7f95526a2a0510986c211ac3d4ea364298aad1,external,0,1.21 Ether
