Class,address,age,block,creator,direction,inter_direction,txFee,txhash,txn_type,type,value
1,0x7b307c1f0039f5d38770e15f8043b3dd26da5e8f,1539055273,6482431.0,0xe1f3294e25bb72a2fb53addb82aa1a033797e6e3,OUT,2,0.0,0xc0f18b3be9a8885717e2b52e1d4fe14dd32e58d84aef35e7254558c0edb37e16,internal,call,0.063427118644067 Ether
1,0x7b307c1f0039f5d38770e15f8043b3dd26da5e8f,1540053040,6550236.0,0xe1f3294e25bb72a2fb53addb82aa1a033797e6e3,OUT,2,0.0,0x465c5b4a0fb49a62ca3358965e990c1d868d10ccb0c5c752709333b0a04241d2,internal,call,0.063047457627118 Ether
1,0x7b307c1f0039f5d38770e15f8043b3dd26da5e8f,1539228386,6494746.0,0xe1f3294e25bb72a2fb53addb82aa1a033797e6e3,OUT,2,0.0,0x4e88835dddedd952d8e7e14e55d97f16ba0fe745b2ded743fff88a3bacbc7f19,internal,call,0.041745762711864 Ether
1,0x7b307c1f0039f5d38770e15f8043b3dd26da5e8f,1539487677,6513240.0,0xe1f3294e25bb72a2fb53addb82aa1a033797e6e3,OUT,2,0.0,0x8ad693fba5c65fe42088b2c92bfce48d05ba07dbb436baab644a7ba051ac9f9f,internal,call,0.062691525423728 Ether
1,0x7b307c1f0039f5d38770e15f8043b3dd26da5e8f,1538794406,6463720.0,0xe1f3294e25bb72a2fb53addb82aa1a033797e6e3,OUT,2,0.0,0x32f2e8ae765ad24290c913831bb5ab1fbbad245e8de33bad0ac83bda4efa26fd,internal,call,0.123210169491525 Ether
1,0x7b307c1f0039f5d38770e15f8043b3dd26da5e8f,1539747403,6531637.0,0xe1f3294e25bb72a2fb53addb82aa1a033797e6e3,OUT,2,0.0,0x98d849af8f95bb95afd2f2f09afa6394dabbb8cd883a27ff4c89557851271a90,internal,call,0.062362711864406 Ether
1,0x7b307c1f0039f5d38770e15f8043b3dd26da5e8f,1538325737,6427373.0,0xe1f3294e25bb72a2fb53addb82aa1a033797e6e3,OUT,2,0.0,0xf989ae6daba2dfece0003b372cd60b116d0f09d7c5c9526b287855f8b8e0656c,internal,call,0.124372881355932 Ether
