Class,address,age,block,creator,direction,inter_direction,txFee,txhash,txn_type,type,value
0,0xd850942ef8811f2a866692a623011bde52a462c1,1538914658,6472350.0,0x5cd9f1c602ca78444142568958151027b1334d36,IN,3,0.00221412,0x108b966f71753e1d2781af51c1ca86f23b0d177f41af51c70b770aa3d955bdd2,external,0,0 Ether
0,0xd850942ef8811f2a866692a623011bde52a462c1,1538917525,6472567.0,0x5cd9f1c602ca78444142568958151027b1334d36,IN,3,0.00098937,0x9d91feadd4d6d657699933ce7b60307312576886817a08dd6f873205ecfe306f,external,0,0 Ether
