Class,address,age,block,creator,direction,inter_direction,txFee,txhash,txn_type,type,value
0,0xd850942ef8811f2a866692a623011bde52a462c1,1533872939,6122124.0,0x5cd9f1c602ca78444142568958151027b1334d36,IN,3,0.00172458,0x16b4334464075f926f5925cfef83d306314ab478b065ae6e66baf687b4f0d9fa,external,0,0 Ether
0,0xd850942ef8811f2a866692a623011bde52a462c1,1533879396,6122568.0,0x5cd9f1c602ca78444142568958151027b1334d36,IN,3,0.00106458,0x2f6b9b021c74fac57593e3a19f1cb8c405f5b00c7065250fa15b04148f8b0bc6,external,0,0 Ether
