Class,address,age,block,creator,direction,inter_direction,txFee,txhash,txn_type,type,value
0,0xd850942ef8811f2a866692a623011bde52a462c1,1534845947,6188728.0,0x5cd9f1c602ca78444142568958151027b1334d36,IN,3,0.00098937,0x14993a944662242f1d0e5c34716c413c7e1b5f9bb34a2a3e383f9f0cca8b5105,external,0,0 Ether
0,0xd850942ef8811f2a866692a623011bde52a462c1,1534779286,6184157.0,0x5cd9f1c602ca78444142568958151027b1334d36,IN,3,0.00221412,0x19cccfcd5c1afd9103b3785d7e3516415329365f6647e409912bf85daee9a2d2,external,0,0 Ether
