Class,address,age,block,creator,direction,inter_direction,txFee,txhash,txn_type,type,value
0,0xd850942ef8811f2a866692a623011bde52a462c1,1538138785,6417201.0,0x5cd9f1c602ca78444142568958151027b1334d36,IN,3,0.00534629,0x852a960534af0f97adaa0b2fb129d2b6920a88c9f103c3c1316540158e4b0f76,external,0,0 Ether
0,0xd850942ef8811f2a866692a623011bde52a462c1,1538238613,6421261.0,0x5cd9f1c602ca78444142568958151027b1334d36,IN,3,0.0023953000000000004,0x8d65c5660e13b37077a3bdb5dc0617aef859506cec593ad2d970520963bee0de,external,0,0 Ether
