Class,address,age,block,creator,direction,inter_direction,txFee,txhash,txn_type,type,value
0,0xd850942ef8811f2a866692a623011bde52a462c1,1539040881,6481396.0,0x5cd9f1c602ca78444142568958151027b1334d36,IN,3,0.00050675,0x29286702c232d7c2cda066dc1eb3fed9ada39ec50fc1b2217208fd7310f76db6,external,0,0 Ether
0,0xd850942ef8811f2a866692a623011bde52a462c1,1538892487,6470741.0,0x5cd9f1c602ca78444142568958151027b1334d36,IN,3,0.00113406,0x750174380a55b2ed2f9bc6d0247d5985f043e5d8dff5ac165be7d69827addd67,external,0,0 Ether
