Class,address,age,block,creator,direction,inter_direction,txFee,txhash,txn_type,type,value
0,0xd850942ef8811f2a866692a623011bde52a462c1,1533448505,6093025.0,0x5cd9f1c602ca78444142568958151027b1334d36,IN,3,0.00224561,0x5ae8de0019cfcf30fe9671e6ee53505fea16968449edb463720af3cd9e7d549b,external,0,0 Ether
0,0xd850942ef8811f2a866692a623011bde52a462c1,1533569754,6101373.0,0x5cd9f1c602ca78444142568958151027b1334d36,IN,3,0.00163323,0x63f82a97fff3f35aa249fe918b82dadb5cab8330b2d8e59a177a4da6b833bdb0,external,0,0 Ether
