Class,address,age,block,creator,direction,inter_direction,txFee,txhash,txn_type,type,value
0,0xd850942ef8811f2a866692a623011bde52a462c1,1534682779,6177551.0,0x5cd9f1c602ca78444142568958151027b1334d36,IN,3,0.00098937,0x12c2a79e0a0abb1499367a1b07f87e8dead08e0813fb9ab6d35db12c6832b31e,external,0,0 Ether
0,0xd850942ef8811f2a866692a623011bde52a462c1,1534496036,6164771.0,0x5cd9f1c602ca78444142568958151027b1334d36,IN,3,0.00221412,0x6394c33016bbd7b65cd7c86a60d3b9a65a86796d294c9f4ae5fe497edd7e77c1,external,0,0 Ether
0,0xd850942ef8811f2a866692a623011bde52a462c1,1534682583,6177530.0,0x5cd9f1c602ca78444142568958151027b1334d36,IN,3,0.001025,0xa156dd9a37b2c63233b2dc1d6367ac6389fbc0a8afb1692a290e1521fca7bc83,external,0,0 Ether
