Class,address,age,block,creator,direction,inter_direction,txFee,txhash,txn_type,type,value
0,0xdd974d5c2e2928dea5f71b9825b8b646686bd200,1530121653,5866483.0,0xd6cd31f283d24cfb442cba1bcf42290c07c15792,IN,3,0.0027656,0x01ca1e7144383c35ded27d62e5c2bfb9fd4bf0faa8e833bbc1e7e94cb1cd1521,external,0,0 Ether
0,0xdd974d5c2e2928dea5f71b9825b8b646686bd200,1530082071,5863811.0,0xd6cd31f283d24cfb442cba1bcf42290c07c15792,IN,3,0.00387086,0x469009912eebd9d275a7b3d840167285b607da0699e08d33d10bddf13a24a451,external,0,0 Ether
