Class,address,age,block,creator,direction,inter_direction,txFee,txhash,txn_type,type,value
0,0xdd974d5c2e2928dea5f71b9825b8b646686bd200,1531952336,5990635.0,0xd6cd31f283d24cfb442cba1bcf42290c07c15792,IN,3,0.00424221,0x11819d5c274285739c9723577120310039628e2ed7e090b78ab94808b375eaf2,external,0,0 Ether
0,0xdd974d5c2e2928dea5f71b9825b8b646686bd200,1540497542,6584841.0,0xd6cd31f283d24cfb442cba1bcf42290c07c15792,IN,3,0.00181221,0x334f0d4590a28d54e4775b3e0b581843d82303efe178707153e517b555f37108,external,0,0 Ether
0,0xdd974d5c2e2928dea5f71b9825b8b646686bd200,1534322390,6152885.0,0xd6cd31f283d24cfb442cba1bcf42290c07c15792,IN,3,0.00424221,0x3ef15fd83cf137c2b84be9388491cd410c823780125aa687810adc7a9aaffc48,external,0,0 Ether
0,0xdd974d5c2e2928dea5f71b9825b8b646686bd200,1540497401,6584829.0,0xd6cd31f283d24cfb442cba1bcf42290c07c15792,IN,3,0.00424221,0x56917236cfba7f5fe0413926a4f8457b63de953fa210b61c011285163bc7d533,external,0,0 Ether
0,0xdd974d5c2e2928dea5f71b9825b8b646686bd200,1531951578,5990594.0,0xd6cd31f283d24cfb442cba1bcf42290c07c15792,IN,3,0.00424221,0x71c3f020b3e64a81ca1ff5c9be34ea93ac77d5eebc3e054e326542bab6141483,external,0,0 Ether
0,0xdd974d5c2e2928dea5f71b9825b8b646686bd200,1534298690,6151252.0,0xd6cd31f283d24cfb442cba1bcf42290c07c15792,IN,3,0.00424221,0x7c2207a1df579cd9d1c03814db6fa59be45eabc3c5968d7e5ad3038efc9d5299,external,0,0 Ether
0,0xdd974d5c2e2928dea5f71b9825b8b646686bd200,1533898346,6123896.0,0xd6cd31f283d24cfb442cba1bcf42290c07c15792,IN,3,0.00423702,0x92b5c3ac8ad02e90580ae21d32fd28d294c2561e0370b51b02186d1456c837f8,external,0,0 Ether
