Class,address,age,block,creator,direction,inter_direction,txFee,txhash,txn_type,type,value
0,0xdd974d5c2e2928dea5f71b9825b8b646686bd200,1540498035,6584879.0,0xd6cd31f283d24cfb442cba1bcf42290c07c15792,IN,3,0.00314238,0x3376e2767920a15b1340d14e136c37bdcbc65f3aab9eaa04d42b91e50ca71070,external,0,0 Ether
0,0xdd974d5c2e2928dea5f71b9825b8b646686bd200,1540861764,6610569.0,0xd6cd31f283d24cfb442cba1bcf42290c07c15792,IN,3,0.00115361,0x469f916a90bad4fddd572be0b554118ffadff1e7719116f99553b7adacf899e9,external,0,0 Ether
0,0xdd974d5c2e2928dea5f71b9825b8b646686bd200,1524694304,5507545.0,0xd6cd31f283d24cfb442cba1bcf42290c07c15792,IN,3,0.00153229,0x9917af8dc7c71dddac0a5c5c6641aea041334345bb770bc53161723402b4d951,external,0,0 Ether
