Class,address,age,block,creator,direction,inter_direction,txFee,txhash,txn_type,type,value
0,0x5f742383b6d1298980030d6af943b76cdd902143,1484030165,0.0,0x0718197b9ac69127381ed0c4b5d0f724f857c4d1,OUT,2,0.0,0x01eabf58908f4ce8ccad1cbbdff3f9943ac3496b82328b163fb9f1fe4f0b823e,internal,call,0.016640812542866 Ether
0,0x5f742383b6d1298980030d6af943b76cdd902143,1484635064,0.0,0x0718197b9ac69127381ed0c4b5d0f724f857c4d1,OUT,2,0.0,0xad8bb9a79d73bca8456510f817235a999aef84ff7637975a2b0a95d07bc54498,internal,call,0.032223749356995 Ether
0,0x5f742383b6d1298980030d6af943b76cdd902143,1483920517,2963114.0,0x0718197b9ac69127381ed0c4b5d0f724f857c4d1,OUT,2,0.0,0x830b294cdbf443c07aff719409590205790ec56bb911bfc08ae72a0acc4ef9c7,internal,call,0.013333333333333 Ether
