Class,address,age,block,creator,direction,inter_direction,txFee,txhash,txn_type,type,value
0,0xe3818504c1b32bf1557b16c238b2e01fd3149c17,1509558497,4473607.0,0xb54e04007682780abc1c6ad607088d9346d11a46,IN,3,8.874e-05,0x082d0fe9bc8c7323ce4bbb5946cb78b08af2200a9eea4cb358791a19aebc7fa9,external,0,0 Ether
0,0xe3818504c1b32bf1557b16c238b2e01fd3149c17,1509336199,4454670.0,0xb54e04007682780abc1c6ad607088d9346d11a46,IN,3,0.00020874,0x3b7b06ec511502ce609f889cf628971ebe1e753f36f90ff5c7a6792e6bf3df9f,external,0,0 Ether
0,0xe3818504c1b32bf1557b16c238b2e01fd3149c17,1509309470,4455809.0,0xb54e04007682780abc1c6ad607088d9346d11a46,IN,3,0.00014874,0x5ff49cf7a71f3a532a8f95ac491a328b6005e032c6004b8a40c1e62d2183f07b,external,0,0 Ether
0,0xe3818504c1b32bf1557b16c238b2e01fd3149c17,1509336199,4454670.0,0xb54e04007682780abc1c6ad607088d9346d11a46,IN,3,9.82e-05,0x86a83628d0c36551ebdd8cd42d3b856da54217fd23516ad50a08ee1e9d1b0000,external,0,0 Ether
