Class,address,age,block,creator,direction,inter_direction,txFee,txhash,txn_type,type,value
0,0xe3818504c1b32bf1557b16c238b2e01fd3149c17,1515206414,4863092.0,0xb54e04007682780abc1c6ad607088d9346d11a46,IN,3,0.003135,0x2e6726d04a50c63224233015c44cd4a29613b99daa21ef7443a92508a1a6f202,external,0,0 Ether
0,0xe3818504c1b32bf1557b16c238b2e01fd3149c17,1516931904,4975300.0,0xb54e04007682780abc1c6ad607088d9346d11a46,IN,3,0.0047025,0xa28fe1bf11a5c93ca78cd57cce700bc0cd051817b8f00b83bd32978fe07772cc,external,0,0 Ether
