Class,address,age,block,creator,direction,inter_direction,txFee,txhash,txn_type,type,value
0,0xe3818504c1b32bf1557b16c238b2e01fd3149c17,1533832979,6116406.0,0xb54e04007682780abc1c6ad607088d9346d11a46,IN,3,0.00089553,0x6eb68c09b0043b560139b21a47ba7dab04abbbbf730bebb2b49b6493d6a8705a,external,0,0 Ether
0,0xe3818504c1b32bf1557b16c238b2e01fd3149c17,1533918027,6122252.0,0xb54e04007682780abc1c6ad607088d9346d11a46,IN,3,0.00029851,0xb34892bbabf5fe2872637eaf42812e53b29066e8565173ac90bedebdee8c93bd,external,0,0 Ether
