Class,address,age,block,creator,direction,inter_direction,txFee,txhash,txn_type,type,value
0,0xe3818504c1b32bf1557b16c238b2e01fd3149c17,1505554585,4281026.0,0xb54e04007682780abc1c6ad607088d9346d11a46,IN,3,0.00018407,0x04d9e235a72f302504dd5f9b22d48e33b7e088d30519ed05e2a0a22ef079d6c9,external,0,0 Ether
0,0xe3818504c1b32bf1557b16c238b2e01fd3149c17,1513109922,4723557.0,0xb54e04007682780abc1c6ad607088d9346d11a46,IN,3,0.00138246,0x4781a9d3cf145beb2cf0090819012f2f5170af000a8ec29979ddcb2eb6466203,external,0,0 Ether
