Class,address,age,block,creator,direction,inter_direction,txFee,txhash,txn_type,type,value
0,0x8b34fbc553db3462ad4909f2e5577cc22f63c216,1520881194,5245608.0,0xdfca9bf60785a5651b4262755ca60d48efe6e3cf,OUT,2,0.0,0x9ffa1f633675ae703dcf8ac495ae3504aa31b53142ed87d2f530b050b51ce1a8,internal,call,0.016666666666666 Ether
0,0x8b34fbc553db3462ad4909f2e5577cc22f63c216,1505116297,4262847.0,0xdfca9bf60785a5651b4262755ca60d48efe6e3cf,OUT,2,0.0,0x2466dc6087b36c6c6795fda7c303cffd59ddf86b51842590aa08733fb0a41078,internal,call,0.133333333333333 Ether
