Class,address,age,block,creator,direction,inter_direction,txFee,txhash,txn_type,type,value
0,0xe41d2489571d322189246dafa5ebde1f4699f498,1545140126,6911268.0,0xa3b2d1087bcebe59d188a23f75620612d967df72,IN,3,0.00041736,0x06e2048ca333f5329652754133ca78bdaf566a8f2989854f0bab539ae45c3ef6,external,0,0 Ether
0,0xe41d2489571d322189246dafa5ebde1f4699f498,1545136590,6911027.0,0xa3b2d1087bcebe59d188a23f75620612d967df72,IN,3,0.00026085,0xb27a21529612c6bd5c62eebdca5a6c85f101b2edb68685ed2cadee4efc4894a7,external,0,0 Ether
0,0xe41d2489571d322189246dafa5ebde1f4699f498,1545136590,6911027.0,0xa3b2d1087bcebe59d188a23f75620612d967df72,IN,3,0.00026085,0xb27a21529612c6bd5c62eebdca5a6c85f101b2edb68685ed2cadee4efc4894a7,external,0,0 Ether
