Class,address,age,block,creator,direction,inter_direction,txFee,txhash,txn_type,type,value
0,0xe41d2489571d322189246dafa5ebde1f4699f498,1545603154,6942749.0,0xa3b2d1087bcebe59d188a23f75620612d967df72,IN,3,0.00099123,0x20d2d88e76b7673bc18aaee2ab9228e7d98a467c84827c647f7a0870575212dd,external,0,0 Ether
0,0xe41d2489571d322189246dafa5ebde1f4699f498,1545628502,6944457.0,0xa3b2d1087bcebe59d188a23f75620612d967df72,IN,3,0.00052042,0x217077c956b9e9873f268e5f3b612a1ab72b5e8621078ae7f3a022dd8ca580e3,external,0,0 Ether
0,0xe41d2489571d322189246dafa5ebde1f4699f498,1545609851,6943170.0,0xa3b2d1087bcebe59d188a23f75620612d967df72,IN,3,0.00046953,0x6da5e544313d15ba47ff714a1d2a919c2defa084712aaea6ed7d4516dbab393a,external,0,0 Ether
