Class,address,age,block,creator,direction,inter_direction,txFee,txhash,txn_type,type,value
0,0xe41d2489571d322189246dafa5ebde1f4699f498,1541403764,6648798.0,0xa3b2d1087bcebe59d188a23f75620612d967df72,IN,3,0.00170982,0x2b3bfb0c64211da0ba2ea3aaa4dd8c129487861fbd22577b76b762a7532fa1fc,external,0,0 Ether
0,0xe41d2489571d322189246dafa5ebde1f4699f498,1541403374,6648767.0,0xa3b2d1087bcebe59d188a23f75620612d967df72,IN,3,0.00213634,0x5f41b7790956a6af0e78b0bc2dfddfc2c6463624df1436486aefb329bd7cd62b,external,0,0 Ether
