Class,address,age,block,creator,direction,inter_direction,txFee,txhash,txn_type,type,value
0,0xe8ff5c9c75deb346acac493c463c8950be03dfba,1508494516,4397106.0,0xfc1ccdca6b4670516504409341a31e444ff6f43f,IN,3,0.00030024,0x12aa0d3d6c022c4f1626b25aff177a09975d04b6c6909437f613c02f673d07de,external,0,0 Ether
0,0xe8ff5c9c75deb346acac493c463c8950be03dfba,1508494364,4397099.0,0xfc1ccdca6b4670516504409341a31e444ff6f43f,IN,3,0.00021012,0x4f1fe73a3e3f4a0ee179ea8f48e4fa56ed40835d72366404ff526ba265457a8d,external,0,0 Ether
