Class,address,age,block,creator,direction,inter_direction,txFee,txhash,txn_type,type,value
0,0xe94327d07fc17907b4db788e5adf2ed424addff6,1530668366,5903431.0,0x7e614ec62cfd5761f20a9c5a2fe2bc0ac7431918,IN,3,0.00517898,0x9370f341d4f306c7928cfb18052097dd26a6eed5aa02fec30c11e875fc32f4c1,external,0,0 Ether
0,0xe94327d07fc17907b4db788e5adf2ed424addff6,1531103098,5932601.0,0x7e614ec62cfd5761f20a9c5a2fe2bc0ac7431918,IN,3,0.00214483,0xb585caa356049a62a8c83236f744a76abb167579c55db9fd78a82bb50b19dfd6,external,0,0 Ether
