Class,address,age,block,creator,direction,inter_direction,txFee,txhash,txn_type,type,value
0,0xe94327d07fc17907b4db788e5adf2ed424addff6,1518403586,5076499.0,0x7e614ec62cfd5761f20a9c5a2fe2bc0ac7431918,IN,3,0.00010437,0x07a657c4764a9c8bf9d9f942b7b41a4381361603eefe57d7f6621d3daac1dc92,external,0,0 Ether
0,0xe94327d07fc17907b4db788e5adf2ed424addff6,1517098088,4986754.0,0x7e614ec62cfd5761f20a9c5a2fe2bc0ac7431918,IN,3,5.218e-05,0x3ff7f5c73b1feb732504138c186e1de43db86f8ba62638cb3e48e2c2ddade525,external,0,0 Ether
0,0xe94327d07fc17907b4db788e5adf2ed424addff6,1516876540,4971456.0,0x7e614ec62cfd5761f20a9c5a2fe2bc0ac7431918,IN,3,0.0020874,0x5af82263d23114e65dbb0988faacee767bd4a084884a133987a517778084fbfb,external,0,0 Ether
0,0xe94327d07fc17907b4db788e5adf2ed424addff6,1516879266,4971627.0,0x7e614ec62cfd5761f20a9c5a2fe2bc0ac7431918,IN,3,0.0020874,0xaab2e62bbed2f6aff9c0794bf59d0263488a422ec62a63ea2177c57410beef4d,external,0,0 Ether
