Class,address,age,block,creator,direction,inter_direction,txFee,txhash,txn_type,type,value
0,0xe94327d07fc17907b4db788e5adf2ed424addff6,1514805979,4837505.0,0x7e614ec62cfd5761f20a9c5a2fe2bc0ac7431918,IN,3,0.00104242,0x49df5cd824bfc94f10e5adb4256f21de44719419839c897a64a32fe73348a651,external,0,0 Ether
0,0xe94327d07fc17907b4db788e5adf2ed424addff6,1515729665,4893275.0,0x7e614ec62cfd5761f20a9c5a2fe2bc0ac7431918,IN,3,0.00148996,0x6a44c7aa7dfc4bb93f9ceff7116d0dca3b87fce3dfb94a0d7d1e011cb979de5b,external,0,0 Ether
