Class,address,age,block,creator,direction,inter_direction,txFee,txhash,txn_type,type,value
1,0xb547027a4ccd46ec98199fa88aaedf5aa981db26,1537987386,6406587.0,0xaf9c025ce6322a23ac00301c714f4f42895c9818,OUT,2,0.0,0x40ad5f3ed7fafd992dfd0c56301c8699d35fe097d5161d60b069872ea7bc250c,internal,call,0.046979166666666 Ether
1,0xb547027a4ccd46ec98199fa88aaedf5aa981db26,1537903159,6400645.0,0xaf9c025ce6322a23ac00301c714f4f42895c9818,OUT,2,0.0,0xb90e643f9cf4249ece9c12888032f4f94d23b87b85c1066053419f524eb91907,internal,call,0.1560625 Ether
1,0xb547027a4ccd46ec98199fa88aaedf5aa981db26,1537998207,6407338.0,0xaf9c025ce6322a23ac00301c714f4f42895c9818,OUT,2,0.0,0xbf1a670f7b3bfdfdadb614c6ac030e95d208f6bb19b1ed77eb22a2d618056df1,internal,call,0.04125 Ether
1,0xb547027a4ccd46ec98199fa88aaedf5aa981db26,1537939859,6403237.0,0xaf9c025ce6322a23ac00301c714f4f42895c9818,OUT,2,0.0,0xbe68a6310ace59703565b2555b9b0d66bc80c36d6f325764ca274de301674127,internal,call,0.14025 Ether
1,0xb547027a4ccd46ec98199fa88aaedf5aa981db26,1537975136,6405722.0,0xaf9c025ce6322a23ac00301c714f4f42895c9818,OUT,2,0.0,0x308b8b5b3add4bd40df5368d8cdf7405d845baa2b93d481d8d934daeaff76e9b,internal,call,0.134520833333333 Ether
