Class,address,age,block,creator,direction,inter_direction,txFee,txhash,txn_type,type,value
0,0xe94327d07fc17907b4db788e5adf2ed424addff6,1525101967,5534746.0,0x7e614ec62cfd5761f20a9c5a2fe2bc0ac7431918,IN,3,0.00018624,0x7ce740f834c218c60d55f4788b3d00681451f3ee3138774eafb5b0fa1b836825,external,0,0 Ether
0,0xe94327d07fc17907b4db788e5adf2ed424addff6,1524139378,5470202.0,0x7e614ec62cfd5761f20a9c5a2fe2bc0ac7431918,IN,3,0.00011174,0x86e36faefc8a46b8a7be247dd2af8c06d01bd2c4151c5abe5fd9f693a94d5382,external,0,0 Ether
