Class,address,age,block,creator,direction,inter_direction,txFee,txhash,txn_type,type,value
1,0x4e8ecf79ade5e2c49b9e30d795517a81e0bf00b8,1533170262,6073983.0,0xf39e044e1ab204460e06e87c6dca2c6319fc69e3,OUT,2,0.0,0xf444a250d96c3b9e0bec645b055609946be0472c25e5eddfe7c0c99d737817d6,internal,call,0.089453113766467 Ether
1,0x4e8ecf79ade5e2c49b9e30d795517a81e0bf00b8,1533113975,0.0,0xf39e044e1ab204460e06e87c6dca2c6319fc69e3,OUT,2,0.0,0x6ac33b00e7eebab7f3d93b33070d9105e77b758c7fc7f524974c17933bc5895b,internal,call,0.077704632865719 Ether
1,0x4e8ecf79ade5e2c49b9e30d795517a81e0bf00b8,1533083899,6068047.0,0xf39e044e1ab204460e06e87c6dca2c6319fc69e3,OUT,2,0.0,0xc734904cb31da6aa62957eb4a2b6182972401c0d55afdff46cddbc0fa8fe4300,internal,call,0.40789415404301 Ether
1,0x4e8ecf79ade5e2c49b9e30d795517a81e0bf00b8,1533065182,0.0,0xf39e044e1ab204460e06e87c6dca2c6319fc69e3,OUT,2,0.0,0x7e4581b4fbee6a1191de339686fa04f293eabe00c92b753be2450df80974d79c,internal,call,0.223662982255576 Ether
1,0x4e8ecf79ade5e2c49b9e30d795517a81e0bf00b8,1533589159,6102697.0,0xf39e044e1ab204460e06e87c6dca2c6319fc69e3,OUT,2,0.0,0xb8e6d3b6910ef967999d079f0918632b90e668f99899f752c9a0ebf41a37356f,internal,call,2.82935031494672 Ether
1,0x4e8ecf79ade5e2c49b9e30d795517a81e0bf00b8,1533206114,6076373.0,0xf39e044e1ab204460e06e87c6dca2c6319fc69e3,OUT,2,0.0,0xd85d1f09ec39cd87ed2a0304d6034e6ed8b377228ed8ec09de7c95538bf9bb30,internal,call,2.669790905721052 Ether
