Class,address,age,block,creator,direction,inter_direction,txFee,txhash,txn_type,type,value
0,0xf0160428a8552ac9bb7e050d90eeade4ddd52843,1481548889,2796809.0,0x4366ddc115d8cf213c564da36e64c8ebaa30cdbd,IN,3,0.00044699999999999997,0x7ff08a762b96d3a1335b846ba9f54d96bd0b896572e555d7366fe9a433dd6ae9,external,0,0 Ether
0,0xf0160428a8552ac9bb7e050d90eeade4ddd52843,1459300774,1244040.0,0x4366ddc115d8cf213c564da36e64c8ebaa30cdbd,IN,3,0.00160744,0xb417f5ca1c22c044ff1f256bbe7b9e5ef7ee445b0bfe28f6e68c3960c4a64a03,external,0,5 Ether
