Class,address,age,block,creator,direction,inter_direction,txFee,txhash,txn_type,type,value
0,0xf0ee6b27b759c9893ce4f094b49ad28fd15a23e4,1546237062,6986190.0,0xdee730d53ebc2447894885b84e12d66e661afcf9,IN,3,0.00044952,0x15f329ad585e6998c7f9cd6ed5af68230f25602e3943a8a4cba38729f1eb27de,external,0,0 Ether
0,0xf0ee6b27b759c9893ce4f094b49ad28fd15a23e4,1546706840,7014516.0,0xdee730d53ebc2447894885b84e12d66e661afcf9,IN,3,0.00044952,0x2567233649a3e276963c09cda1592cfdbbe906591b0cacf29560cbb93909bec6,external,0,0 Ether
0,0xf0ee6b27b759c9893ce4f094b49ad28fd15a23e4,1546453043,7000951.0,0xdee730d53ebc2447894885b84e12d66e661afcf9,IN,3,0.00044952,0x368af80d66041afd32fb26777d491aa0d0ce8a61068a4054f5cefff36be716b0,external,0,0 Ether
0,0xf0ee6b27b759c9893ce4f094b49ad28fd15a23e4,1546318028,6988793.0,0xdee730d53ebc2447894885b84e12d66e661afcf9,IN,3,0.00044952,0x9bafb37e2d9dc3b275170260b9e01255cdbf4e469584a893f75423d38cdf0cc8,external,0,0 Ether
