Class,address,age,block,creator,direction,inter_direction,txFee,txhash,txn_type,type,value
1,0x4e8ecf79ade5e2c49b9e30d795517a81e0bf00b8,1532784142,0.0,0xf39e044e1ab204460e06e87c6dca2c6319fc69e3,OUT,2,0.0,0x1af021c6426d59d67f5a6aa97b837d16b2cef03b37b87a25491efdd83c546ca8,internal,call,0.349808005598493 Ether
1,0x4e8ecf79ade5e2c49b9e30d795517a81e0bf00b8,1532764811,6046056.0,0xf39e044e1ab204460e06e87c6dca2c6319fc69e3,OUT,2,0.0,0x4f11a0e089366e9949ca1cf366ebd1fb60f88a5eae18c42ce31e938284a29392,internal,call,0.545756858700825 Ether
1,0x4e8ecf79ade5e2c49b9e30d795517a81e0bf00b8,1532830108,6050623.0,0xf39e044e1ab204460e06e87c6dca2c6319fc69e3,OUT,2,0.0,0x30bca4d4dbbc2a59bc31d8f1832d92cb8d7ba0252397a1075c2aa4d998d3fc85,internal,call,0.317755991452158 Ether
1,0x4e8ecf79ade5e2c49b9e30d795517a81e0bf00b8,1532759426,0.0,0xf39e044e1ab204460e06e87c6dca2c6319fc69e3,OUT,2,0.0,0x801b45c3bafd725768feeb521613345404b3b942dc05f9b1160b84bb15b5dd40,internal,call,2.09015757699538 Ether
1,0x4e8ecf79ade5e2c49b9e30d795517a81e0bf00b8,1532779847,0.0,0xf39e044e1ab204460e06e87c6dca2c6319fc69e3,OUT,2,0.0,0xd23f57476fffb8dd8bda925fb38073d7bdf27d2a7181a765d68a7276c82a2a94,internal,call,0.681662557644368 Ether
