Class,address,age,block,creator,direction,inter_direction,txFee,txhash,txn_type,type,value
1,0x4e8ecf79ade5e2c49b9e30d795517a81e0bf00b8,1532723094,0.0,0xf39e044e1ab204460e06e87c6dca2c6319fc69e3,OUT,2,0.0,0x650ef637fd7992f9cffb128fb539bdde0840f48c9f84c228d1df694d18aa295b,internal,call,0.47730972643468 Ether
1,0x4e8ecf79ade5e2c49b9e30d795517a81e0bf00b8,1532766363,6046159.0,0xf39e044e1ab204460e06e87c6dca2c6319fc69e3,OUT,2,0.0,0x898ce2bd4cbad387860296c6f70c6eb9cdd2bb526b969f738933a0971648b1ab,internal,call,0.05519171499509 Ether
