Class,address,age,block,creator,direction,inter_direction,txFee,txhash,txn_type,type,value
0,0xf230b790e05390fc8295f4d3f60332c93bed42e2,1530886372,5918114.0,0x92a23b787b9119adadb1f474682232f48d6eb3fd,IN,3,0.00110775,0x06e424786b8325f0140709a24469ba4e53486ddaa2ee206808833f9cdb2f07f8,external,0,0 Ether
0,0xf230b790e05390fc8295f4d3f60332c93bed42e2,1530886178,5918105.0,0x92a23b787b9119adadb1f474682232f48d6eb3fd,IN,3,0.00260135,0x64d69285da714876f9a18449964389aabaf4d7c7ca000329bda4627375bc5e6c,external,0,0 Ether
