Class,address,age,block,creator,direction,inter_direction,txFee,txhash,txn_type,type,value
0,0xf230b790e05390fc8295f4d3f60332c93bed42e2,1535339882,6222583.0,0x92a23b787b9119adadb1f474682232f48d6eb3fd,IN,3,0.00088364,0x8f58fc421ec56dfba8178162f4e708d99bac5c22c31b2cfbd20f0332502b95d3,external,0,0 Ether
0,0xf230b790e05390fc8295f4d3f60332c93bed42e2,1535339424,6222556.0,0x92a23b787b9119adadb1f474682232f48d6eb3fd,IN,3,0.00208364,0xa31e6089f8a461608cb516d3caf74955c704d41dcf6c92a43512d366608c959f,external,0,0 Ether
