Class,address,age,block,creator,direction,inter_direction,txFee,txhash,txn_type,type,value
0,0xf230b790e05390fc8295f4d3f60332c93bed42e2,1537532811,6374502.0,0x92a23b787b9119adadb1f474682232f48d6eb3fd,IN,3,0.00099441,0x2c73206f5e8b64214cf0fdbf8d3add5128bb0b0e29f8e231fe0c596e54fb34a8,external,0,0 Ether
0,0xf230b790e05390fc8295f4d3f60332c93bed42e2,1537532478,6374472.0,0x92a23b787b9119adadb1f474682232f48d6eb3fd,IN,3,0.0021330999999999998,0x71c6a540c8907d77c0ad44c08c494b93883235266f1b325b1a18a1a96e25fbff,external,0,0 Ether
