Class,address,age,block,creator,direction,inter_direction,txFee,txhash,txn_type,type,value
0,0xf333b2ace992ac2bbd8798bf57bc65a06184afba,1501909842,4120022.0,0x01949a773de41cb4ee6f632588ca18203e9d4dcd,IN,3,0.00051587,0x15882e3ce6cf5d58a408905c893ba0633776ca8758a9a41846f222012fda2553,external,0,0 Ether
0,0xf333b2ace992ac2bbd8798bf57bc65a06184afba,1501910313,4120038.0,0x01949a773de41cb4ee6f632588ca18203e9d4dcd,IN,3,0.00021651,0x5c94a5b2e2e97794fe6c2fef5a5616a889b5be2a9e11eb3e3088c5037fa121f2,external,0,0 Ether
