Class,address,age,block,creator,direction,inter_direction,txFee,txhash,txn_type,type,value
0,0xf3a8f103574bc64358e372ed68e95db0b2bb0936,1517551938,5017663.0,0xe0a66218c40230967d4240d25f6220a28e52c7ff,IN,3,0.00167195,0x72e32c2fcd84b7a27f33ed4698689eb40c3904378ad17849b09aaf5c4431dfa6,external,0,0 Ether
0,0xf3a8f103574bc64358e372ed68e95db0b2bb0936,1517551988,5017669.0,0xe0a66218c40230967d4240d25f6220a28e52c7ff,IN,3,0.00167195,0x9473a7acfa6d3dcb69d45ac40b017be3a3a6767aad743eab78e067b4de3738b0,external,0,0 Ether
