Class,address,age,block,creator,direction,inter_direction,txFee,txhash,txn_type,type,value
0,0xf7b098298f7c69fc14610bf71d5e02c60792894c,1509797243,4490675.0,0xe05cedd2838e4e1d99b539d8c768d6ef2a10f729,IN,3,0.00036219999999999997,0x87c005bc9f01a456bf8d693fc45b86d2790b00345e1ce3dc9dbd2445ae4233e0,external,0,0 Ether
0,0xf7b098298f7c69fc14610bf71d5e02c60792894c,1500335348,4038371.0,0xe05cedd2838e4e1d99b539d8c768d6ef2a10f729,IN,3,0.00078201,0x963c4a78991ce1d533b20f2b0dcf7f231a6f06d0ac4354f53ab80cfcce2fc79d,external,0,0 Ether
