Class,address,age,block,creator,direction,inter_direction,txFee,txhash,txn_type,type,value
1,0x4e8ecf79ade5e2c49b9e30d795517a81e0bf00b8,1533991681,6130273.0,0xf39e044e1ab204460e06e87c6dca2c6319fc69e3,OUT,2,0.0,0x5e661782b1857def6af0fffe7a64b8e3816fd3cbfdfd8940bd0af3565450e88a,internal,call,0.290598141582306 Ether
1,0x4e8ecf79ade5e2c49b9e30d795517a81e0bf00b8,1535264416,6217402.0,0xf39e044e1ab204460e06e87c6dca2c6319fc69e3,OUT,2,0.0,0x37bd4b0083ba098fea63a0349306e56deafbca032958ee512094f016e277653d,internal,call,0.241167450570893 Ether
1,0x4e8ecf79ade5e2c49b9e30d795517a81e0bf00b8,1534060507,6134911.0,0xf39e044e1ab204460e06e87c6dca2c6319fc69e3,OUT,2,0.0,0xa1c8441472287bf4c72970377f09709b02ed343bb2ecd728f5f9eafc0515d25c,internal,call,0.122688033535544 Ether
1,0x4e8ecf79ade5e2c49b9e30d795517a81e0bf00b8,1533607001,6103896.0,0xf39e044e1ab204460e06e87c6dca2c6319fc69e3,OUT,2,0.0,0xd1a23aacd273d9707870c2b974351821ecf48a60778e2172d0076b7353066b1c,internal,call,0.23201211402418 Ether
1,0x4e8ecf79ade5e2c49b9e30d795517a81e0bf00b8,1533877467,6122434.0,0xf39e044e1ab204460e06e87c6dca2c6319fc69e3,OUT,2,0.0,0xe99e1985433e0e88513523abd552bdeb24b010fa6299d04e46ee3df5930e0b77,internal,call,0.046755773750133 Ether
