Class,address,age,block,creator,direction,inter_direction,txFee,txhash,txn_type,type,value
0,0xfa05a73ffe78ef8f1a739473e462c54bae6567d9,1516194344,4925564.0,0x00af63755982b0107f6a7489af91a5db3b55add4,IN,3,0.00128045,0x138fd4f2b7618abb3d7542b6f52865317399dd4495526151c1e454aae08d9900,external,0,0 Ether
0,0xfa05a73ffe78ef8f1a739473e462c54bae6567d9,1516183036,4924844.0,0x00af63755982b0107f6a7489af91a5db3b55add4,IN,3,0.00095516,0x990f52a207409b3266edad42295d110241cfc95e43cfe6b42d430a16ecd0774f,external,0,0 Ether
