Class,address,age,block,creator,direction,inter_direction,txFee,txhash,txn_type,type,value
0,0xfa05a73ffe78ef8f1a739473e462c54bae6567d9,1537139954,6347022.0,0x00af63755982b0107f6a7489af91a5db3b55add4,IN,3,0.00045356,0x286d5a62ae0f8c28a6eb34d2c37a2586af2a2db8c3115cb3c03604f2cf30a760,external,0,0 Ether
0,0xfa05a73ffe78ef8f1a739473e462c54bae6567d9,1537519768,6373550.0,0x00af63755982b0107f6a7489af91a5db3b55add4,IN,3,0.00045356,0x5d766e37cd05b146377280206bbaa7e7277cd8f8720b0fc3678894f67b2d0b1c,external,0,0 Ether
