Class,address,age,block,creator,direction,inter_direction,txFee,txhash,txn_type,type,value
0,0xfa05a73ffe78ef8f1a739473e462c54bae6567d9,1514755148,4834035.0,0x00af63755982b0107f6a7489af91a5db3b55add4,IN,3,0.00047623,0x0a923ac6a4f67848cbf402ba305fa33c8cce5285dd4e9073d116883b558c009b,external,0,0 Ether
0,0xfa05a73ffe78ef8f1a739473e462c54bae6567d9,1514619543,4824749.0,0x00af63755982b0107f6a7489af91a5db3b55add4,IN,3,0.00045356,0x0b41d83f685032a61573894aa73f0de124e97082e5f2add464581d603f3240a2,external,0,0 Ether
0,0xfa05a73ffe78ef8f1a739473e462c54bae6567d9,1516164197,4920824.0,0x00af63755982b0107f6a7489af91a5db3b55add4,IN,3,0.00115492,0x0bae992badd48b6325319a5411d706aedb7393f899a16d837560a16ebeb097fd,external,0,0 Ether
0,0xfa05a73ffe78ef8f1a739473e462c54bae6567d9,1516091885,4918963.0,0x00af63755982b0107f6a7489af91a5db3b55add4,IN,3,0.00115984,0x17baba5e59494c74b22e21a1e6ad455a23e82de52b61845e2968f885bdccd1fe,external,0,0 Ether
0,0xfa05a73ffe78ef8f1a739473e462c54bae6567d9,1516092782,4919006.0,0x00af63755982b0107f6a7489af91a5db3b55add4,IN,3,0.00128045,0x246a05e8e216c70efb1c4c4ccfe959a72ffb7bed529d8eb37d786015f9be992b,external,0,0 Ether
0,0xfa05a73ffe78ef8f1a739473e462c54bae6567d9,1515090677,4855894.0,0x00af63755982b0107f6a7489af91a5db3b55add4,IN,3,0.00072116,0x4cced4c64ac6f60dc2d961f63dd5936b2c42d6deca721384f952ace39027a0df,external,0,0 Ether
