Class,address,age,block,creator,direction,inter_direction,txFee,txhash,txn_type,type,value
0,0xfec0cf7fe078a500abf15f1284958f22049c2c7e,1546057332,6970936.0,0x2236705fc1bf16bd2e3eb065f4233b5ccdbfbcfd,IN,3,0.00217819,0x1a7b95d2329d597e3db7b1eab6499691e636bcc4fd17b36bc9d54fc512f81656,external,0,0 Ether
0,0xfec0cf7fe078a500abf15f1284958f22049c2c7e,1545831529,6958473.0,0x2236705fc1bf16bd2e3eb065f4233b5ccdbfbcfd,IN,3,0.00365686,0x4f1d1e6bdaf4e1361f4cf5f770ca025ce5c93ce90e5db9de04994ffe7542f375,external,0,0 Ether
0,0xfec0cf7fe078a500abf15f1284958f22049c2c7e,1545830959,6958439.0,0x2236705fc1bf16bd2e3eb065f4233b5ccdbfbcfd,IN,3,0.00514186,0x92df728595058ebbec5971350ba846cf67814273112d6cd8509a3f1e54cd3cf2,external,0,0 Ether
